,feature_421,feature_478,feature_125,feature_34,feature_442
0,1.8087,6.0266,15.82,8.6915,0.9639
1,1.4549,4.8218,15.73,8.3006,0.8427
2,1.988,6.158899999999999,15.689999999999998,8.7418,0.9192999999999999
3,2.8063,5.0612,15.770000000000001,8.6829,0.7158
4,1.0932,7.4828,15.95,8.5891,1.1255
5,0.7021,4.181300000000001,15.75,9.0744,0.4782
6,2.6353999999999997,5.9339,15.7,8.9132,0.656
7,1.9699,3.5466000000000006,15.61,8.3383,0.9319999999999999
8,2.2942999999999993,9.1221,15.95,8.659,1.2771
9,1.3589,3.3971,15.870000000000001,8.7512,0.5317
10,1.4902,4.7353,16.01,9.534,0.565
11,2.2458,5.268599999999999,15.99,8.5288,0.9361
12,2.5141999999999998,6.8676,15.71,8.1605,0.9174999999999999
13,0.9559000000000001,7.0359,15.95,8.8043,0.7316
14,0.8172999999999999,6.8146,15.79,8.7556,0.8531999999999998
15,1.653,2.7876000000000003,15.71,8.5571,0.7032
16,0.9921,6.16694,15.84,9.131,0.7139
17,2.7501,9.1675,15.73,8.5687,0.8222
18,0.5649,3.4324,16.07,8.7187,0.6144
19,3.0235,9.9444,15.54,8.441,0.9383
20,2.7521,5.9269,15.92,9.5642,0.5593
21,2.126,10.1458,15.66,8.6706,0.5836
22,1.0582,7.557099999999999,15.79,8.7867,0.78
23,1.6263999999999998,3.369,15.71,8.8581,0.6373
24,0.9130999999999999,4.8707,15.73,8.8624,0.7655
25,2.3232,5.817,15.84,8.6397,0.9964999999999999
26,2.6912,3.4949,15.99,9.5713,0.7928
27,1.1494,3.9522,15.870000000000001,8.2345,0.7233
28,2.5678,8.8016,15.84,9.1502,0.6667
29,0.8233000000000001,3.706,15.75,8.6544,0.6641
30,1.9599,7.1799,15.73,8.79266,0.7584
31,0.5995,6.11,15.95,8.5891,1.1255
32,1.6993,6.0246,15.75,8.287,1.0541
33,1.4106,2.9235,15.73,8.5851,0.442
34,2.4229,4.0558,15.92,8.572,0.9237999999999998
35,1.9827,6.82888,15.97,9.7836,0.6987
36,1.9321,7.1443,15.7,8.9132,0.656
37,1.5853,2.3646,15.74,9.0447,0.7534
38,1.3856,10.0705,15.76,8.9191,0.8858999999999999
39,2.1897999999999995,6.1617,15.680000000000001,9.2405,0.6901
40,0.758,4.358200000000001,15.770000000000001,8.7512,0.5317
41,2.0262,5.7628,16.05,8.9336,1.0644
42,0.8953999999999999,4.319,15.73,8.8909,0.6815
43,1.686,3.2036,15.8,8.7635,0.7053
44,1.9768999999999999,6.747999999999999,15.85,9.1855,0.5632
45,0.8224999999999999,6.0536,15.98,9.0121,0.8716
46,3.0263,5.1949,15.64,9.094,0.7613
47,0.9488999999999999,6.4204,15.85,8.536,1.1525
48,0.6982,2.582,15.75,8.8097,0.9136
49,1.8650000000000002,4.579500000000001,15.75,8.58,0.684
50,2.9276,5.1848,15.770000000000001,8.8287,0.9251
51,1.6524000000000003,4.6249,16.04,8.7219,0.7663
52,2.2843,3.9097,15.88,8.4092,0.9251
53,0.7504,6.014999999999999,15.779999999999998,9.6515,0.5669
54,0.6393,6.0748,15.74,9.1784,0.7898
55,1.0597,6.026,15.75,8.5987,0.8807
56,0.7677,3.4708,15.96,9.754,0.577
57,0.5105,6.1979,15.63,8.5855,0.9588
58,1.9332,4.885700000000001,15.88,8.7994,0.8435
59,0.587,4.454400000000001,15.88,8.5177,0.8384
60,0.7364,3.9991,15.73,8.2395,1.0216
61,1.3661999999999999,3.4878,15.778,8.1728,0.7584
62,1.5628,3.4793000000000003,15.8,8.6544,0.6641
63,2.2048,3.9691,15.84,8.6397,0.9964999999999999
64,3.4596,3.2357,15.73,8.322,0.7506
65,2.1093999999999995,4.273200000000001,16.03,9.2007,0.7015
66,1.8251,4.392200000000001,15.67,8.3331,0.9396
67,1.8930999999999998,7.684,15.88,8.7994,0.8435
68,3.6139000000000006,6.9474,15.75,9.5713,0.7928
69,0.7325,2.8027,15.75,9.088,0.481
70,1.4955,5.2293,15.814,8.8249,0.6302
71,1.7461,5.8268,15.71,8.6544,0.6641
72,2.0227,3.2661999999999995,15.75,8.6472,0.7611
73,2.6144,7.154799999999999,15.870000000000001,9.04198,0.7477
74,2.0111,5.6613999999999995,15.51,8.7538,0.8470999999999999
75,0.6356,6.4234,15.96,9.0425,0.6335
76,2.1069999999999998,4.8172,15.84,9.1526,0.4254
77,0.9782,4.8741,15.82,8.8546,0.7337
78,2.6641999999999997,7.3252,15.57,8.2963,0.8136
79,0.6798,4.3696,15.7,8.8519,0.6927
80,1.7616,8.4684,15.97,8.5779,1.0189
81,0.8233000000000001,4.533,15.88,8.8132,0.8146
82,0.9967,5.2201,15.74,8.9979,0.7258
83,2.1239,6.867399999999999,15.870000000000001,9.754,0.577
84,2.2423999999999995,6.7229,15.7,8.6667,1.0959
85,1.0328,3.952,15.65,8.1161,0.8594999999999999
86,3.0711,9.4756,15.75,8.6013,1.1815
87,2.7535,4.368200000000001,15.770000000000001,9.7324,0.8751999999999999
88,1.558,6.6127,15.98,9.0121,0.8716
89,1.8251,5.5044,16.01,8.8356,0.5194
90,2.2185,6.5896,15.870000000000001,8.9607,0.7392
91,1.1295,5.515,15.71,8.8078,1.0143
92,2.2274,2.7352,16.07,8.7782,0.745
93,2.3212999999999995,10.7271,15.91,8.7994,0.8435
94,0.728,2.5503,15.89,8.5571,0.7032
95,0.985,5.7983,15.95,8.9635,0.7643
96,1.45012,3.3645000000000005,15.94,8.6427,0.9078999999999999
97,1.2342,4.3431,15.72,9.03112,0.8229
98,2.1252,4.2125,15.51,8.6472,0.7611
99,1.9196,5.801,15.66,8.2638,0.9726000000000001
100,1.8766,6.0602,15.85,9.5713,0.7928
101,2.2727,5.0466,15.92,8.5251,0.8689999999999999
102,0.6018,6.2631,15.75,8.7779,0.46599999999999997
103,0.8932,6.8782,15.76,8.8513,1.062
104,2.1523999999999996,8.3516,15.84,8.6556,0.6163
105,0.5819,8.4149,15.770000000000001,9.0998,1.0551
106,1.8864,8.2175,15.63,8.5889,0.6222
107,0.8375999999999999,8.9509,15.62,8.8973,0.6796
108,0.9826,2.6252,15.85,8.6915,0.9639
109,2.3235999999999994,8.9647,15.83,8.7879,0.8556
110,1.4712,7.076,15.72,8.2823,0.8133
111,0.9955,4.252,15.71,8.6799,0.593
112,0.6129,3.626,15.74,9.1638,0.6641
113,1.2073,5.1132,15.84,8.9605,0.9273999999999999
114,1.6664,4.736,15.61,9.7137,0.3973
115,1.7749999999999997,8.7071,15.71,9.7571,0.7852
116,0.4866,4.641700000000001,15.99,8.5459,1.0918
117,1.4757,6.1962,15.7,8.3663,0.5779
118,1.836,6.5265,15.76,8.7947,0.8446
119,1.6404000000000003,6.6675,15.82,9.0145,0.5478
120,2.7056999999999998,6.012,15.74,8.6439,1.0135
121,1.7405,3.64106,15.82,8.2981,0.7093
122,1.7306000000000001,4.7846,15.779999999999998,9.043,0.7574
123,2.1812999999999994,2.1779,15.73,8.6799,0.593
124,1.1449,5.0601,15.85,9.0622,0.8342999999999999
125,0.6254,5.5115,15.7,9.0811,1.1213
126,0.8176,4.6997,15.770000000000001,8.3663,0.5779
127,0.4724,7.921400000000001,15.770000000000001,8.7932,0.8159
128,2.9509,4.8058,15.73,8.3675,0.6268
129,1.2537,8.0418,15.61,8.7932,0.8159
130,2.1511999999999993,6.5778,15.82,8.287,1.0541
131,2.7453999999999996,4.3419,15.8,8.60146,0.7477
132,1.4538,3.4781,15.862,8.8388,0.9835999999999999
133,0.7672,5.7289,15.9,8.6772,0.9048
134,1.4371,5.6591,15.870000000000001,8.1605,0.9174999999999999
135,3.5447,3.3141000000000003,15.79,8.6406,0.8235
136,0.8435,3.3826,15.73,9.2291,0.811
137,1.8808000000000002,6.0188,15.75,9.043,0.7574
138,1.411,3.3903,15.97,8.9635,0.7643
139,1.7813,4.028500000000001,15.98,8.6556,0.6163
140,1.9253,5.8022,15.73,9.131,0.7139
141,2.6715,5.115600000000001,15.73,8.1605,0.9174999999999999
142,2.1351,5.243,15.870000000000001,8.99224,0.7477
143,2.3414,8.4634,15.85,8.8215,0.573
144,1.7749999999999997,4.0841,15.61,8.6384,0.7532
145,1.02,5.2041,15.85,8.8215,0.573
146,2.4077999999999995,6.634,15.870000000000001,9.4832,0.7507
147,1.9112999999999998,5.8656,15.74,8.3845,0.6787
148,1.3434,5.7486,15.96,8.5855,0.9588
149,1.1369,5.460600000000001,15.97,8.7696,0.3963
150,0.7179,5.4421,15.73,8.7383,1.0186
151,2.7813,6.1628,15.85,8.5788,0.9683
152,2.0708,4.2114,15.8,8.7487,1.0459
153,2.6077999999999997,2.8513,15.82,8.80636,0.7584
154,3.1338999999999997,8.171,15.85,9.1757,0.7059
155,1.0383,3.0125,15.92,9.5713,0.7928
156,2.4535999999999993,6.2537,15.72,8.872,0.7524
157,3.4671,8.3929,15.860000000000001,9.6234,0.5955
158,2.3014,7.2471,15.61,9.754,0.577
159,1.3672,3.9769999999999994,15.64,8.8356,0.5194
160,0.8620000000000001,2.9266000000000005,15.7,9.4336,1.1623
161,2.2266999999999997,6.9715,15.7,8.6695,0.8615999999999999
162,1.8963,4.9807,15.91,8.7897,0.5377
163,1.0244,2.8666000000000005,15.7,9.0942,0.7677
164,1.7514,2.7091,15.8,8.6772,0.9048
165,0.8049,6.8317,15.85,8.9546,0.8882999999999999
166,2.1632999999999996,3.6851999999999996,15.57,8.6384,0.7532
167,3.3969000000000005,4.603200000000001,15.8,8.6211,0.7408
168,0.6876,4.0177000000000005,15.71,8.5862,0.9332
169,2.3478,3.9273,15.84,9.396,0.6576
170,1.3299,2.5684,15.72,8.9191,0.8858999999999999
171,0.8251999999999999,5.0709,15.85,8.8384,0.768
172,2.4317,4.8214,15.8,9.1502,0.7162
173,2.1292,5.766800000000001,15.8,8.6667,1.0959
174,1.5148,4.6526,15.74,8.287,1.0541
175,0.5628,3.3925,15.56,8.7552,0.9066
176,2.2772,4.3312,15.770000000000001,8.872,0.7524
177,1.8718,6.560379999999999,15.74,8.7947,0.8446
178,2.5222,5.7275,15.71,8.9191,0.8858999999999999
179,2.1378999999999997,4.8219,15.73,9.2036,0.7277
180,2.3022,5.3451,15.89,8.8132,0.8146
181,1.1073,7.6393,15.84,8.5405,0.9059
182,2.1375,7.8141,15.689999999999998,8.5298,0.9276000000000001
183,1.955,6.275,15.75,8.2914,0.6385
184,2.0028,2.8462,15.74,9.7571,0.7852
185,1.6881000000000002,5.4338,15.93,8.5779,1.0189
186,2.7002,5.3468,15.9,8.7879,0.8556
187,1.6525,5.096099999999999,15.770000000000001,8.6309,1.148
188,2.9692,4.7428,15.76,8.7646,0.685
189,1.9954999999999998,5.0348,15.689999999999998,8.8973,0.6796
190,1.8234,3.3746,16.01,8.2914,0.6385
191,1.4548,8.5107,15.870000000000001,9.1784,0.7898
192,1.9924,8.6072,15.72,9.2362,0.9087
193,1.0834,3.6629,15.93,8.4896,0.9735
194,2.0297,7.5994,15.95,9.308,1.0078
195,1.278,6.4316,15.93,8.9191,0.8858999999999999
196,1.2354,6.585700000000001,15.779999999999998,8.3179,0.6257
197,1.4825,4.416800000000001,15.770000000000001,9.0776,0.5888
198,1.5611,6.5365,15.71,8.7548,0.7954
199,1.0077,5.5785,15.83,8.6406,0.8235
200,1.8409,7.499299999999999,15.8,8.9541,0.47490000000000004
201,2.0961,6.8146,15.82,8.6695,0.8615999999999999
202,1.9215,7.901699999999999,15.71,9.4749,0.9525000000000001
203,0.8874,2.8024,15.71,8.0787,0.6644
204,1.5426,6.7038,15.67,8.5407,0.4382
205,2.1252,3.1843,15.62,9.3868,0.8197999999999999
206,2.6824,6.6161,15.9,8.6829,0.7158
207,1.8492000000000002,5.5553,15.8,8.572,0.9237999999999998
208,0.7962,4.281300000000001,15.9,9.5713,0.7928
209,1.1332,3.2839,15.8,8.3588,0.713
210,1.9733,5.7825,15.99,8.7851,0.4389
211,2.1247999999999996,5.4237,15.71,8.8105,0.4817
212,2.4001,3.6741,15.88,8.5266,0.9725
213,1.1627,5.2008,15.94,8.5615,0.832
214,0.7652,6.4924,15.83,8.78632,0.7681
215,0.9079000000000002,5.4535,15.73,8.3675,0.6268
216,1.297,4.0832,15.93,8.5494,0.7865
217,0.6016,6.8752,15.82,8.5405,0.9059
218,3.2785000000000006,6.2047,15.92,9.2291,0.811
219,1.0596,3.8697,15.56,8.941,1.026
220,0.9323000000000001,8.285,15.79,9.2007,0.7015
221,0.9712000000000001,9.0309,15.85,8.5135,1.0393
222,1.4585,4.2645,15.56,9.4749,0.9525000000000001
223,1.7501,6.679,15.75,8.7867,0.78
224,1.5833,2.7794,15.770000000000001,8.8581,0.6373
225,2.7268999999999997,8.8334,15.83,9.3998,0.596
226,1.3701,4.1438,15.599999999999998,8.6472,0.7611
227,0.5965,2.7758,15.689999999999998,9.0639,0.9091
228,2.2180999999999997,4.594399999999999,15.83,8.718319999999999,0.7584
229,1.3857,4.257300000000001,15.74,8.6556,0.6163
230,1.5165,2.2725,15.770000000000001,8.4278,0.7558
231,0.8135000000000001,4.4714,15.72,9.065,0.8451999999999998
232,1.1642,4.133500000000001,15.93,8.5735,0.9074999999999999
233,2.7878,6.991799999999999,15.92,8.5177,0.8384
234,0.7131,4.6953,15.770000000000001,8.8505,0.687
235,2.543,4.7511,15.9,8.8249,0.6302
236,1.3642,6.0735,15.860000000000001,8.9562,0.9444
237,1.0315,6.6138,15.76,8.7164,0.8569
238,1.2181,4.3849,15.82,9.0061,0.5374
239,1.2591,5.8227,15.73,9.0744,0.4782
240,1.8574,6.381,15.71,8.6611,0.7719
241,0.7752,5.7213,15.8,9.094,0.7613
242,2.3521999999999994,3.7079,15.65,8.6544,0.6641
243,3.1517999999999997,3.7167,15.79,8.58,0.684
244,0.8157,3.0271,15.65,8.8581,0.6373
245,1.2656,4.8457,15.72,8.2638,0.9726000000000001
246,1.7824,5.4141,15.91,8.6005,1.1248
247,0.4774,2.8331000000000004,15.71,8.5862,0.9332
248,1.9589,4.9627,15.66,8.2061,0.47439999999999993
249,0.9041,7.0696,15.84,9.088,0.481
250,2.896,7.2043,15.73,8.6024,0.5329
251,2.6733,3.1529,15.79,9.5642,0.5593
252,2.2056,3.0517,15.61,8.4537,0.9186
253,3.1110999999999995,5.9742,15.74,8.95738,0.8735
254,1.5064,4.8678,15.99,8.3324,1.1638
255,1.5364,7.7983,15.7,8.8546,0.7337
256,1.4232,6.9887,15.680000000000001,8.79384,0.7584
257,2.4854,5.4916,15.689999999999998,8.7597,0.8658999999999999
258,1.0244,4.8265,15.73,8.4092,0.9251
259,1.4587,10.5293,15.71,8.5596,0.6805
260,1.7749999999999997,5.9053,15.54,8.886,0.9707000000000001
261,3.4979,2.8783999999999996,15.79,9.2171,0.9254999999999999
262,0.7925,2.4776,16.09,8.8909,0.6815
263,1.2446,6.2851,16.0,8.7662,0.57
264,1.5641,4.0368,15.770000000000001,8.5571,0.7032
265,1.9608,5.9176,15.65,8.9221,0.6332
266,1.6343,6.2186,15.71,8.8868,0.3512
267,1.0407,4.426300000000001,15.96,9.4749,0.9525000000000001
268,1.4277,6.4326,15.9,8.7418,0.9192999999999999
269,1.0676,5.23246,15.93,8.5788,0.9715000000000001
270,0.9587,4.5494,15.97,9.4257,0.8336
271,3.455,4.018600000000001,15.85,8.9416,0.7121
272,0.995,4.1182,15.870000000000001,9.3181,0.6611
273,1.9302,2.8961,15.75,9.0121,0.8716
274,1.5435,4.1739,15.71,8.0787,0.6644
275,2.1488999999999994,5.941,15.66,8.1409,0.7663
276,1.35,3.4182,16.02,8.8384,0.768
277,0.7577,3.2156,15.7,8.6799,0.593
278,2.6027,3.4776,15.67,8.7552,0.9066
279,1.472,4.2753,15.7,8.8548,0.6903
280,1.6735,3.95,15.79,8.9036,0.8089
281,2.1118999999999994,7.3841,15.95,9.2016,0.9072
282,1.2718,4.142500000000001,15.81,8.3273,0.8704999999999999
283,1.3634,4.5331,15.79,8.4896,0.9735
284,0.8958999999999999,5.6678,15.66,8.3845,0.6787
285,1.9193999999999998,4.001,15.71,8.9833,0.8149999999999998
286,0.9013,6.1557,15.75,8.9857,1.0765
287,1.6419,10.2688,15.779999999999998,9.2658,0.8007
288,2.9613,5.8984,15.88,8.6527,1.1869
289,0.887,3.8611,15.779999999999998,8.7199,0.714
290,1.3566,7.1475,15.66,8.7597,0.8658999999999999
291,2.1945999999999994,6.4164,15.84,8.5952,1.0047
292,1.7398000000000002,5.5662,15.82,8.2832,0.7664
293,0.697,3.2527,15.66,8.8355,0.8571
294,1.5606,4.6677,15.75,8.94096,1.0918
295,2.7213999999999996,7.5564,15.97,9.2047,0.7153
296,1.612,3.6107,15.71,8.2776,0.6857
297,1.5762,2.9642,15.8,8.4891,0.7674
298,0.9173999999999999,3.8138,15.8,8.8945,0.8384
299,1.5739,5.415419999999999,15.99,8.8043,0.7316
300,3.1758999999999995,5.0984,15.88,9.1757,0.7059
301,0.9381,7.5974,15.779999999999998,9.4336,1.1623
302,0.8528,2.9657,15.770000000000001,8.7402,0.7724
303,3.3517,8.7115,15.73,9.5689,0.8962
304,1.8691999999999998,5.8522,15.92,8.5251,0.8689999999999999
305,1.9806000000000001,10.5022,15.89,9.6938,0.9729
306,1.739,5.603699999999999,15.67,8.3006,0.8160999999999999
307,1.603,3.1248999999999993,15.74,9.2064,0.5066
308,2.1100999999999996,6.41,15.63,8.5889,0.6222
309,2.0531,3.5925,15.72,8.6324,1.0803
310,1.9620000000000002,8.5333,15.89,9.4043,0.5677
311,0.6811,5.0427,15.73,9.1637,0.5858
312,2.4636,4.525800000000001,15.84,8.6789,1.1054
313,0.9467,9.2809,16.04,8.5334,0.9826
314,0.5997,6.16,15.72,8.3267,0.9329000000000001
315,1.757,5.0841,15.770000000000001,8.886,0.9707000000000001
316,1.2101,4.4311,15.91,8.7283,0.604
317,1.6621999999999997,5.08288,15.74,8.8505,0.687
318,2.1459,7.3778,15.73,8.3267,0.9329000000000001
319,0.6991,3.4412,15.73,9.0998,1.0551
320,0.9218,5.579899999999999,15.75,9.3335,0.7642
321,1.1523,3.8619,15.770000000000001,8.6384,0.7532
322,1.6313,3.1241,15.75,8.7015,0.8336
323,1.8787,7.3364,15.79,8.6309,1.148
324,0.7543,6.04266,15.75,8.5232,1.0338
325,0.8444,4.3145,15.7,8.6149,1.0359
326,0.9225,6.7011,15.73,8.531,1.0323
327,0.5484,5.8666,15.580000000000002,8.8889,1.0478
328,0.5202,4.571,15.770000000000001,8.7994,0.8435
329,2.06,3.4914000000000005,15.91,8.5987,0.8807
330,2.1482999999999994,5.4374,15.96,8.9635,0.7643
331,3.2684000000000006,3.0761,15.82,8.7487,1.0459
332,0.8538,5.31514,15.75,8.5232,1.0338
333,1.1948,6.818,15.870000000000001,8.5735,0.9074999999999999
334,2.6818999999999997,4.502500000000001,15.74,8.8741,0.8681
335,1.2137,5.7431,15.96,9.754,0.577
336,2.1677,7.111699999999999,16.07,8.5298,0.9276000000000001
337,1.585,6.8431,15.81,8.3823,0.8154999999999999
338,1.6569999999999998,2.6227,15.779999999999998,9.0942,0.7677
339,3.4495000000000005,3.4881,15.93,9.2655,0.7747
340,1.2794,9.2986,16.04,8.7812,0.8230999999999999
341,2.9175,4.7381,15.92,9.4832,0.7507
342,2.5844,5.6564000000000005,15.73,8.5862,0.9332
343,1.7994,4.4719,15.73,8.1605,0.9174999999999999
344,2.7769,8.6732,15.85,8.5405,0.9059
345,1.9091,3.3887,15.92,8.5251,0.8689999999999999
346,0.8401,6.4163,15.62,9.7137,0.3973
347,2.7411,2.5138,15.73,9.2328,0.8041
348,0.7289,8.0986,16.04,8.5779,1.0189
349,2.0969999999999995,5.000099999999999,15.73,8.2061,0.47439999999999993
350,2.7709999999999995,7.3977,15.73,8.5987,0.8807
351,1.6154,4.42106,15.75,8.0787,0.6644
352,2.0192,6.027480000000001,15.74,8.7994,0.8435
353,2.5299999999999994,3.5482,15.74,8.6942,1.0891
354,0.7463,3.8467,15.689999999999998,8.7646,0.685
355,1.2939,4.6662,15.7,8.6611,0.7719
356,1.932,5.1698,15.870000000000001,8.8384,0.768
357,0.9046,5.678,15.97,8.7932,0.8159
358,1.7227,6.4728,15.7,8.7932,1.0631
359,1.1061,6.0985,15.74,8.2395,1.0216
360,1.1436,6.4151,15.93,8.828,0.8344999999999999
361,0.6872,4.071300000000001,15.73,8.1166,0.8047
362,2.8023,9.9885,15.82,8.531,1.0323
363,2.4189,4.8167,15.79,8.2395,1.0216
364,1.1171,8.4171,15.85,9.7484,0.9413000000000001
365,1.7634,5.2587,15.64,8.99686,0.9393
366,1.317,3.8097000000000003,15.83,8.5135,1.0393
367,0.5958,8.226,15.66,8.7782,0.745
368,2.5187999999999997,6.8912,15.8,8.8249,0.6302
369,2.7418999999999993,4.6662,15.88,8.8513,1.062
370,0.6868,8.1722,15.85,8.5232,1.0338
371,2.091,4.6148,15.770000000000001,8.8356,0.5194
372,1.4633,2.1151,15.680000000000001,8.6799,0.593
373,1.8734999999999997,8.6037,15.779999999999998,8.5889,0.6222
374,1.4747,3.5046,15.76,8.7373,0.587
375,2.5589,4.8816,15.85,8.8505,0.687
376,1.9701000000000002,6.733599999999999,15.83,8.322,0.7506
377,0.9044,6.411,15.73,8.6324,1.0803
378,1.7826999999999997,3.253,15.76,8.2061,0.47439999999999993
379,2.8894,5.6832,15.85,8.5288,0.9361
380,1.553,4.0468,15.65,8.3588,0.713
381,1.0624,4.0905000000000005,15.82,8.7401,0.7159
382,1.1577,5.533,15.95,8.6706,0.5836
383,0.9758,7.1405,15.82,8.8505,0.687
384,1.0766,5.7586,15.97,8.5334,0.9826
385,0.7881,4.3502,15.67,9.4043,0.5677
386,1.2624,5.1544,15.74,8.7779,0.46599999999999997
387,1.5908,5.6555,15.72,8.7073,0.6066
388,2.7855999999999996,9.4912,15.83,8.5788,0.9683
389,1.6534,3.9964999999999997,16.01,8.7037,0.6242
390,1.3198,3.2659,15.770000000000001,8.7373,0.587
391,1.8891,9.1891,15.75,8.531,1.0323
392,2.4727999999999994,3.8906,15.91,8.5218,1.0323
393,2.6303999999999994,3.5871000000000004,15.82,8.7401,0.7159
394,2.155,4.7695,15.71,8.287,1.0541
395,1.8990000000000002,5.3052,15.770000000000001,8.3808,0.8076
396,1.3708,3.6369,15.72,8.4509,0.9232
397,0.8669,3.4436000000000004,15.689999999999998,8.4092,0.9251
398,1.2213,4.0141,15.9,8.8548,0.6903
399,2.2359,5.096,15.8,9.2007,0.7015
400,1.9062,8.9143,15.54,8.5615,0.8296999999999999
401,0.9006,4.7835,15.9,8.5135,1.0393
402,1.456,5.2717,15.89,8.4896,0.9735
403,2.2752999999999997,8.3032,15.779999999999998,8.6439,1.0135
404,0.9237999999999998,6.723499999999999,15.814,9.0622,0.8342999999999999
405,2.3814,6.5836,15.85,9.4832,0.7507
406,2.2570999999999994,8.1065,15.84,9.1757,0.7059
407,1.9623999999999997,3.965,15.47,8.8054,0.5967
408,2.718,5.26518,15.71,8.8973,0.6796
409,1.7729,1.9674,15.75,8.287,1.0541
410,1.8911,6.4423,16.01,9.0447,0.7534
411,1.229,6.364,15.779999999999998,8.7495,1.1086
412,1.0635,3.7264,15.67,8.5266,0.9725
413,2.8607,3.5796,15.74,9.3851,0.4221
414,1.0277,9.7565,15.85,9.7324,0.8751999999999999
415,0.7342,5.3740000000000006,15.57,8.80972,0.8229
416,1.8462,4.2716,15.73,8.2963,0.8136
417,3.3147000000000006,4.358900000000001,15.85,8.7879,0.8556
418,1.8069999999999997,4.7003,15.73,8.3588,0.713
419,2.3879,4.8902,15.860000000000001,8.627,0.5742
420,1.189,4.0074,15.81,8.5251,0.8689999999999999
421,0.7803,3.9461999999999997,15.75,8.8097,0.9136
422,0.832,6.3906,15.689999999999998,9.0639,0.9091
423,0.6956,3.6829000000000005,15.779999999999998,8.9979,0.7258
424,2.1811,5.1688,15.98,8.897,0.4685
425,1.8713,5.3999,15.61,8.4896,0.9735
426,1.6621999999999997,5.8937,15.98,8.57098,0.7681
427,2.3409,5.0456,15.57,8.7441,0.6056
428,3.0977999999999994,5.6009,15.74,8.7073,0.6066
429,1.948,6.0666,15.83,8.7599,1.0407
430,1.9708,4.392600000000001,15.89,8.9833,0.8149999999999998
431,0.6983,4.8846,15.770000000000001,8.8105,0.4817
432,2.4153999999999995,5.605,16.07,8.8105,0.4817
433,2.2507999999999995,4.665,15.83,9.1585,0.9368
434,0.8838,3.5785,15.76,8.598,0.6161
435,0.8834,2.7083,15.83,8.8424,0.5284
436,2.3408,4.8003,15.89,8.7932,1.0631
437,1.1907,4.1362,15.75,8.5571,0.7032
438,2.9397,7.744200000000001,15.79,8.8249,0.6302
439,1.4669,7.9285,15.84,8.8215,0.573
440,2.5438,3.406,15.73,9.043,0.7574
441,2.678,5.2385,15.85,9.2171,0.9254999999999999
442,2.1508,4.134400000000001,15.97,8.5855,0.9588
443,1.2443,7.0549,15.7,8.9833,0.8149999999999998
444,2.6000999999999994,8.3401,15.51,9.1526,0.4254
445,1.3881,4.9841,15.76,8.9605,0.9273999999999999
446,2.6257999999999995,6.71802,15.99,8.7199,0.714
447,2.4894999999999996,3.9721,15.870000000000001,8.6074,1.2223
448,2.8986999999999994,5.3992,15.870000000000001,9.094,0.7613
449,1.9756,2.5653,15.71,8.2395,1.0216
450,2.367,3.3684,15.870000000000001,9.1502,0.7162
451,1.0595,4.191000000000001,15.57,9.004,0.6254
452,0.6399,4.885599999999999,16.01,9.754,0.577
453,1.6908,2.3933,16.07,8.2914,0.6385
454,2.8605999999999994,2.9801,15.76,9.1287,0.8163
455,1.6004,4.363400000000001,15.9,8.7696,0.3963
456,1.0962,3.7271,15.8,8.8945,0.8384
457,1.4419,4.8264,15.66,9.3181,0.6611
458,1.2413,6.4533,15.73,8.6149,1.0359
459,2.4279,6.06792,15.9,8.8132,0.8146
460,0.5766,6.427199999999999,15.99,8.659,0.9873
461,1.157,5.5958,15.73,8.2395,1.0216
462,1.5466,5.1075,15.73,8.1605,0.9174999999999999
463,2.4707,8.3146,15.8,9.219,0.9109
464,2.1924,3.1414,15.98,9.1141,0.7193
465,3.0676999999999994,4.7022,15.84,8.7326,0.6259
466,1.1075,6.3795399999999995,15.99,8.7283,0.604
467,2.5488999999999997,7.259999999999999,15.9,8.6527,1.1869
468,1.0099,4.0694,15.75,8.2061,0.47439999999999993
469,2.8592,8.6404,15.89,9.2047,0.7153
470,2.1598,2.5272,15.74,8.2061,0.47439999999999993
471,1.9915,8.9449,15.73,8.9607,0.7392
472,1.1194,6.2891,15.63,8.8519,0.6927
473,1.8116,5.1033,15.74,8.9607,0.7392
474,2.3202999999999996,4.6676,15.75,8.7037,0.6242
475,1.2173,9.4501,16.04,8.5891,1.1255
476,2.6482999999999994,6.4508,15.73,9.2328,0.8041
477,2.5456,7.4113,15.770000000000001,8.322,0.7506
478,2.7681,4.8968,15.76,9.1638,0.6641
479,1.4224,7.4351,15.62,8.3273,0.8704999999999999
480,0.9264,6.0307200000000005,15.95,8.7812,0.8230999999999999
481,0.672,4.9118,15.9,9.1287,0.8163
482,1.8612000000000002,6.0235,15.93,8.7588,0.4996
483,0.6466,4.6156,15.93,8.9132,0.656
484,2.2141,8.0432,15.84,8.8097,0.9136
485,1.1571,4.646000000000001,15.99,8.5855,0.9588
486,2.348,7.9407,15.73,8.8505,0.687
487,2.3357999999999994,2.6882,15.96,8.702240000000002,0.5279
488,1.0153,5.3109,15.860000000000001,8.324,0.7849
489,2.4937999999999994,4.943500000000001,15.76,9.2405,0.6901
490,2.4646,7.7685,15.66,9.1637,0.5858
491,1.3717,4.0299,15.680000000000001,8.8546,0.7337
492,0.7392,3.6904,15.98,8.8384,0.768
493,2.1268,5.2902,15.81,8.7599,1.0407
494,2.0934,5.3257,15.85,9.396,0.6576
495,0.8622000000000001,8.0824,16.02,9.0121,0.8716
496,1.6597999999999997,2.9339,15.73,8.6611,0.7719
497,0.6586,7.4055,15.74,8.7219,0.7663
498,2.3634,4.416800000000001,15.81,8.7932,1.0631
499,1.8565,2.5282,15.689999999999998,8.4537,0.9186
500,2.3237,6.2376,15.870000000000001,9.094,0.7613
501,3.0101999999999998,4.4213000000000005,15.74,8.627,0.5742
502,1.6141,3.8851,15.54,9.0355,0.9048999999999999
503,1.8176999999999999,5.873,15.75,8.7897,0.5377
504,2.4234,6.8027,15.680000000000001,9.094,0.7613
505,0.538,6.643200000000001,15.770000000000001,8.9635,0.7643
506,1.5418,6.04352,15.82,8.8889,1.0478
507,0.6022,3.251,15.75,8.8355,0.8571
508,1.3063,3.3019,15.73,8.7286,0.4443
509,0.6648,4.4321,15.83,8.6472,0.7611
510,1.0496,6.4864,15.7,8.8078,1.0143
511,1.8594,3.6306,15.81,8.8424,0.5284
512,1.3665,4.7589,15.91,9.0425,0.6335
513,1.8174,10.920300000000001,15.67,8.3542,0.8230999999999999
514,1.0406,7.173,15.84,8.7932,1.0631
515,3.0613999999999995,6.002439999999999,15.73,8.6013,1.1815
516,2.0403,5.824000000000001,15.689999999999998,8.4537,0.9186
517,0.5466,4.0638,15.96,8.5779,1.0189
518,1.8423,5.5131,15.79,8.3436,0.9725
519,1.0205,3.7573,15.870000000000001,8.7187,0.6144
520,0.6502,3.9315999999999995,15.770000000000001,9.7836,0.6987
521,2.6725999999999996,3.6188,15.74,9.2405,0.6901
522,2.8938,5.0858,15.870000000000001,8.5266,0.9725
523,1.4161,4.5513,15.99,8.5459,1.0918
524,1.483,9.6984,15.73,8.6695,0.8615999999999999
525,1.1472,3.7064,15.82,8.7219,0.7663
526,0.9051,7.030199999999999,15.770000000000001,8.7568,0.5799
527,1.0316,9.8527,15.91,8.9546,0.8882999999999999
528,2.7891,9.9046,15.83,8.8287,0.9251
529,1.6051,2.3936,15.73,8.3808,0.8076
530,1.6001,5.7786,15.66,8.8424,0.5284
531,1.9115,4.147700000000001,15.82,9.1283,0.6783
532,1.0169,4.425600000000001,16.09,8.6556,0.6163
533,1.2569,3.5974,15.93,8.6382,0.746
534,0.7179,4.7158,15.98,8.5615,0.832
535,2.1878,7.0742,15.79,8.3273,0.8704999999999999
536,1.6209,5.679999999999999,15.9,8.8043,0.7316
537,2.3703999999999996,6.2851,15.71,8.2832,0.7664
538,1.9710999999999999,4.8447,15.71,8.272,0.8833999999999999
539,1.4202,5.3264,15.81,9.152,0.8757999999999999
540,2.0739,6.6223,15.73,8.598,0.6161
541,2.5600999999999994,4.8468,15.680000000000001,8.3591,0.5765
542,1.0012,10.4973,15.99,8.6527,1.1869
543,2.0891,2.9431000000000003,15.73,8.2981,0.7093
544,1.1041,4.676,15.75,8.6211,0.7408
545,1.3339,5.1665,15.75,8.9857,1.0765
546,0.8483,7.7836,15.65,9.22,0.9916000000000001
547,2.3871,4.6964,16.01,8.8033,0.662
548,2.7939999999999996,5.9349,15.8,9.1502,0.7162
549,0.6691,6.1087,15.95,8.9546,0.8882999999999999
550,1.8749999999999998,5.4691600000000005,15.56,8.451,0.7516
551,0.8336,5.0804,15.65,8.7867,0.78
552,0.6746,3.0022,15.75,8.5298,0.9276000000000001
553,1.7491,8.2849,15.75,8.2345,0.7233
554,0.9649,2.8962,15.83,8.6309,1.148
555,2.9300999999999995,7.2905,15.9,8.6406,0.8235
556,1.6928,3.9954,15.92,8.2981,0.7093
557,0.9467,3.9117,15.689999999999998,9.1526,0.4254
558,0.7931,5.9710600000000005,15.76,9.7324,0.8751999999999999
559,1.7883999999999998,3.8315000000000006,15.75,8.4537,0.9186
560,1.2346,7.231,15.72,8.2638,0.9726000000000001
561,2.9137999999999997,6.9064,15.75,9.7484,0.9413000000000001
562,2.0522,3.5485999999999995,15.599999999999998,8.8356,0.5194
563,1.8977999999999997,3.5149,15.62,9.0402,0.647
564,2.1196,5.8042,15.88,9.7997,1.2364
565,1.0849,9.4293,15.8,9.0998,1.0551
566,2.2043999999999997,3.6807,15.63,8.6384,0.7532
567,1.3458,6.1134,15.770000000000001,9.2047,0.7153
568,1.1158,4.291800000000001,15.94,8.6895,0.5355
569,1.1474,4.3599,15.51,8.5407,0.4382
570,1.9996,5.3197,15.870000000000001,9.1283,0.6783
571,3.1065,5.7399,15.73,8.6211,0.7408
572,2.5827,5.7879,15.76,8.6013,1.1815
573,2.0985999999999994,7.128,16.1,8.96902,0.7584
574,2.9552,5.9411,15.83,8.8513,1.062
575,2.8844999999999996,4.320700000000001,15.67,9.1855,0.5632
576,1.1543,4.338,15.770000000000001,8.7646,0.8262999999999999
577,0.8182,3.4170000000000003,15.8,8.536,1.1525
578,3.4401,9.9305,15.85,8.6324,1.0803
579,1.03,6.953799999999999,15.95,8.7568,0.5799
580,0.7871,3.1226000000000003,15.8,9.0744,0.4782
581,1.204,4.0489,15.770000000000001,8.3754,0.7808
582,2.2852,6.9,15.99,8.7897,0.5377
583,0.7564,7.7186,15.71,8.7015,0.8336
584,1.197,5.2009,15.84,8.8889,1.0478
585,1.7257999999999998,4.0841,15.74,8.627,0.5742
586,0.6984,5.4231,15.96,8.5334,0.9826
587,0.5509,8.9725,15.770000000000001,8.9416,0.7121
588,1.4308,6.2963,15.62,8.5889,0.6222
589,0.9352,5.771599999999999,15.73,9.6938,0.9729
590,2.0366,5.1124,15.689999999999998,9.2064,0.5066
591,1.3143,9.3323,15.95,8.6706,0.5836
592,1.0451,5.3147,15.85,8.6527,1.1869
593,1.8497,5.4095,15.57,8.6691,0.7942
594,1.7069000000000003,4.1464,15.65,9.6272,0.4184
595,1.1911,3.3263,15.770000000000001,9.0942,0.7677
596,2.5850999999999997,5.8827,15.79,8.9416,0.7121
597,2.442,5.1101,15.7,8.919459999999999,0.8735
598,1.7682999999999998,6.7855,15.56,8.7164,0.8569
599,1.5238,6.421,15.779999999999998,8.5801,0.8304
600,1.7167999999999999,4.641500000000001,15.74,8.9036,0.8089
601,2.2453,6.9102,15.7,9.2658,0.8007
602,1.2187,5.654,15.89,9.0606,0.9163
603,1.6270000000000002,5.3217,15.8,8.5615,0.832
604,1.205,5.8077,15.75,8.7401,0.7159
605,1.9994000000000003,5.9787,15.75,8.4768,0.8122
606,1.8438,10.4836,15.9,8.5987,0.8807
607,1.6612999999999998,9.4815,15.8,8.4891,0.7674
608,1.8336,4.7656,15.8,8.5135,1.0393
609,0.8831999999999999,9.2499,15.65,8.7932,0.8159
610,3.2341,9.493900000000002,15.9,9.2007,0.7015
611,1.0259,2.3398999999999996,15.8,9.0744,0.4782
612,1.511,5.1423,15.8,9.1638,0.6641
613,0.9729000000000001,3.8687,15.79,8.6544,0.6641
614,3.0916999999999994,4.313,15.85,9.2655,0.7747
615,3.6308999999999996,4.9673,15.870000000000001,9.2064,0.5066
616,1.7691,6.0516,15.62,8.7556,0.8531999999999998
617,1.50138,4.550000000000001,16.08,8.9833,0.8149999999999998
618,1.1934,5.938699999999999,15.72,8.7786,0.8184
619,0.9455,4.7606,15.97,8.5232,1.0338
620,1.6386,4.876400000000001,15.74,9.2658,0.8007
621,1.889,8.0698,15.82,9.2007,0.7015
622,0.8871000000000001,2.8753,15.9,8.6611,0.7719
623,2.0896,4.2708,15.71,8.3663,0.5779
624,1.6903999999999997,4.2849,15.99,8.7994,0.8435
625,3.6955,8.8454,15.71,8.659,1.2771
626,2.0934,4.7778,15.71,9.1287,0.8163
627,1.1153,4.5369,15.83,8.6324,1.0803
628,2.3247999999999998,2.7354,15.680000000000001,8.7599,1.0407
629,1.6281,2.9179,16.01,8.8355,0.8571
630,1.3143,7.2128,15.62,8.1161,0.8594999999999999
631,1.7921,7.1468,15.73,8.5987,0.8807
632,1.6581,6.528,16.0,9.0425,0.6335
633,2.5263,7.4952,15.82,8.897,0.4685
634,2.15,5.0272,15.81,8.7512,0.5317
635,2.6892999999999994,4.866600000000001,15.74,8.7947,0.8446
636,2.0475,5.2194,16.02,8.77,0.7593
637,1.0202,4.1174,15.770000000000001,8.7373,0.587
638,1.7324,3.454,15.74,9.1526,0.4254
639,0.715,2.0773,15.65,8.7548,0.7954
640,1.8189999999999997,4.7785,15.689999999999998,8.7383,1.0186
641,0.8372000000000002,7.595600000000001,15.770000000000001,8.3675,0.6268
642,1.4936,4.277000000000001,15.689999999999998,9.02158,0.4129
643,2.5071,9.8466,15.9,8.5952,1.0047
644,1.0073,4.1354,15.770000000000001,8.5687,0.8222
645,2.9949,7.2038,15.88,9.3335,0.7642
646,1.5309,6.8827,15.98,8.3324,1.1638
647,0.6376,5.5607999999999995,15.82,8.9562,0.9444
648,1.6625,7.7911,15.73,8.62346,0.7681
649,0.9567,4.330400000000001,15.92,8.828,0.8344999999999999
650,1.2778,7.9506,15.84,8.5218,1.0323
651,1.2559,6.1374,15.54,8.7073,0.6066
652,2.2326,8.1214,15.7,8.1161,0.8594999999999999
653,1.3435,6.6146,15.73,8.2395,1.0216
654,1.4456,8.1035,15.870000000000001,9.534,0.565
655,1.9317999999999997,6.1176,15.63,9.193,0.4722
656,2.9165,3.7282,15.74,8.7947,0.8446
657,0.9322,7.7601,15.91,9.7324,0.8751999999999999
658,1.6347,5.0321,15.76,8.9541,0.47490000000000004
659,0.6099,4.5853,15.689999999999998,8.942,0.9142999999999999
660,2.6983,3.4192999999999993,15.74,8.7495,1.1086
661,1.587,6.5737,15.93,8.8546,0.7337
662,0.882,4.2433000000000005,15.870000000000001,8.5855,0.9588
663,0.8442999999999999,3.3351,15.71,8.8945,0.8384
664,1.2886,4.8659,15.64,8.7782,0.745
665,1.5437,5.7072,15.74,9.2658,0.8007
666,1.5268,2.4393,15.75,8.8519,0.6927
667,1.9872,5.0396,15.88,8.8384,0.768
668,1.88,6.0788,15.88,9.0121,0.8716
669,3.1063999999999994,5.0597,15.67,8.4092,0.9251
670,3.306,6.82544,15.8,8.7289,0.9753
671,0.7854,6.4358,15.82,8.6068,0.9812
672,1.6774,3.5094,15.99,8.7897,0.5377
673,1.9934999999999998,4.7047,15.97,9.7836,0.6987
674,0.9185,4.2076,15.7,8.8519,0.6927
675,3.4342,10.2601,15.83,9.219,0.9109
676,0.8819,8.686,15.73,9.2016,0.9072
677,1.6325,4.6034,15.92,9.0121,0.8716
678,0.5518,7.7185,15.96,8.5135,1.0393
679,0.7061,4.197,15.82,8.6611,0.7719
680,1.0601,8.5892,15.74,8.3006,0.8427
681,1.4887,10.0272,15.74,9.0425,0.6335
682,1.8949,6.8464,15.89,8.3436,0.9725
683,0.8852,4.383200000000001,15.83,8.6406,0.8235
684,1.9199000000000002,4.3478,15.74,9.2016,0.9072
685,1.232,1.8685,15.770000000000001,8.5571,0.7032
686,0.6053,3.4933,15.83,8.8513,1.062
687,1.7303,6.044600000000001,15.98,8.8355,0.8571
688,2.2370999999999994,2.4673,16.07,8.8215,0.573
689,0.8569,5.1621,15.73,8.749780000000001,0.8229
690,1.69978,4.1375,15.770000000000001,9.131,0.7139
691,1.3356,2.5744999999999996,15.71,8.942,0.9142999999999999
692,0.8939999999999999,7.0841,15.83,9.219,0.9109
693,1.7575000000000003,9.0303,15.83,8.91968,0.7584
694,2.1254,8.0368,15.75,8.9607,0.7392
695,1.539,4.012,15.770000000000001,8.941,1.026
696,1.7453,6.6101,15.73,9.7571,0.7852
697,1.7577,5.524,15.85,8.6439,1.0135
698,2.116,5.9175,15.72,8.947,0.757
699,2.0669,4.5812,15.73,8.6024,0.5329
700,1.7126,4.4519,15.71,8.4278,0.7558
701,1.4096,4.1924,15.8,8.7635,0.7053
702,1.0008,4.0633,15.65,8.7932,1.0631
703,0.732,2.9002,15.75,8.287,1.0541
704,0.7352,3.5892,15.71,8.7402,0.7724
705,2.1733999999999996,8.7564,15.89,8.5405,0.9059
706,1.2086,9.2907,15.870000000000001,9.0425,0.6335
707,1.7003999999999997,5.9273,15.770000000000001,8.4891,0.7674
708,2.4780999999999995,4.1397,15.79,8.7487,1.0459
709,2.2147,4.670299999999999,15.84,9.2328,0.8041
710,0.9875000000000002,8.9009,15.97,8.5779,1.0189
711,1.3999,4.936,15.72,8.3271,0.8469
712,1.5744,6.4813,15.89,8.3324,1.1638
713,0.6881,2.8254,15.73,8.2832,0.7664
714,2.7782,6.8555,15.84,8.5788,0.9683
715,2.3915999999999995,3.7746,15.57,9.193,0.4722
716,1.575,5.484600000000001,15.65,8.3273,0.8704999999999999
717,1.6291999999999998,3.2291,15.7,8.5735,0.9074999999999999
718,1.9158,5.4725,15.662,8.6556,0.6163
719,2.6543999999999994,6.5942,15.79,8.5155,0.9794
720,3.4641,5.8142000000000005,15.93,9.5126,0.8692999999999999
721,1.233,2.8136,15.93,8.6382,0.746
722,0.8662,6.5727,15.76,8.5232,1.0338
723,2.5296,4.540400000000001,15.71,8.5615,0.8296999999999999
724,0.5662,4.58,15.7,8.662,0.6605
725,2.0337,5.5285,15.91,8.6772,0.9048
726,0.9581,5.5816,15.580000000000002,8.8105,0.4817
727,1.2317,3.3196,15.79,8.8581,0.6373
728,2.2145,5.014599999999999,15.9,8.5288,0.9361
729,1.2707,3.4336,15.83,8.7495,1.1086
730,1.7307,4.1499,15.8,9.6272,0.4184
731,2.7848,10.099,15.83,8.6013,1.1815
732,1.6686000000000003,5.6653,15.8,9.0998,1.0551
733,1.3113,5.2597,16.02,8.5891,1.1255
734,1.6247,4.275,15.71,8.3436,0.9725
735,2.1130999999999998,5.0493,15.83,8.7588,0.4996
736,2.8483,6.2091,15.9,8.8513,1.062
737,0.5608,4.363200000000001,15.689999999999998,8.7597,0.8658999999999999
738,0.8348,4.7047,15.870000000000001,8.7696,0.3963
739,1.7086000000000001,5.120099999999999,15.84,9.6515,0.5669
740,0.9273,6.0599,15.870000000000001,8.7568,0.5799
741,0.7452,2.0751,15.89,8.9475,1.0697
742,1.8601,5.6813,15.779999999999998,9.043,0.7574
743,2.8715,3.0996,15.83,9.2281,1.0147
744,3.325,6.2869,15.92,8.8513,1.062
745,1.6111,2.0008,15.73,8.3588,0.713
746,1.3919,4.9375,15.870000000000001,9.2064,0.5066
747,1.7238999999999998,4.655700000000001,16.07,8.7326,0.6259
748,2.2587,8.1944,15.98,8.8215,0.573
749,0.6708,4.632500000000001,15.75,8.6149,1.0359
750,2.2008,9.1663,16.07,9.0447,0.7534
751,1.4463,4.282000000000001,15.73,8.3179,0.6257
752,2.0481,9.243,15.75,8.5003,0.8638
753,1.1262,4.3881,15.75,8.942,0.9142999999999999
754,0.7081,4.6832,15.73,8.3271,0.8469
755,0.743,7.3182,15.88,9.2281,1.0147
756,0.995,4.7687,15.770000000000001,8.7037,0.6242
757,1.706,6.0401,15.81,8.3845,0.6787
758,0.8507,3.5169,15.47,8.7326,0.6259
759,0.701,6.2289,15.75,9.2189,0.7447
760,1.1604,5.7143,15.71,8.6544,0.6641
761,1.5163,5.62374,15.89,9.2047,0.7153
762,1.476,9.2718,15.76,8.6667,1.0959
763,2.4881999999999995,8.9202,15.85,8.5405,0.9059
764,1.5231,6.0378,15.71,8.7199,0.714
765,1.4566,5.2422,15.75,8.7635,0.7053
766,0.9350999999999999,2.6068,15.870000000000001,8.3267,0.9329000000000001
767,1.5274,2.2386,15.7,9.6136,0.8387
768,1.352,4.9073,15.580000000000002,9.0606,0.9163
769,2.0254800000000004,5.6449,15.75,8.536,1.1525
770,0.8953999999999999,10.2046,15.95,8.5334,0.9826
771,1.0062,8.0391,15.76,9.032840000000002,0.8735
772,1.2274,6.132,15.73,8.6068,0.9812
773,2.6773999999999996,4.672,15.67,8.897,0.4685
774,2.9692999999999996,4.4621,15.88,8.6397,0.9964999999999999
775,0.6396,2.2849,15.73,8.7599,1.0407
776,1.8783,5.579699999999999,15.9,8.4896,0.9735
777,2.2025,7.8622,15.89,9.5713,0.7928
778,1.9453000000000003,4.2518,15.66,8.6024,0.5329
779,0.9243,3.3268,15.83,9.8481,0.764
780,1.3286,3.6118,15.7,8.7073,0.6066
781,1.4149,6.2216,15.8,9.6938,0.9729
782,1.3297,6.83906,15.65,8.7073,0.6066
783,0.4834,4.6772,15.61,9.22,0.9916000000000001
784,0.9393,4.2324,15.75,8.8973,0.6796
785,1.6989,5.402199999999999,15.62,8.6556,0.6163
786,1.988,6.2009,15.770000000000001,8.9635,0.7643
787,0.9692,6.6471,15.97,8.7283,0.604
788,2.2397,6.0001,15.79,8.6211,0.7408
789,2.4863,5.8357,16.01,8.8388,0.9835999999999999
790,2.2325,5.2072,15.84,8.7879,0.8556
791,2.3659999999999997,6.4118,15.779999999999998,8.2823,0.8133
792,1.0956,4.549300000000001,15.770000000000001,9.004,0.6254
793,1.5479,5.7503,15.65,8.3591,0.5765
794,2.8743999999999996,6.2662,15.870000000000001,8.8513,1.062
795,1.3428,7.839900000000001,15.72,9.0639,0.9091
796,1.7615,6.4959,15.770000000000001,8.9607,0.7392
797,1.3763,3.0357,15.91,8.8836,0.7511
798,1.2677,7.0153,15.71,8.58,0.684
799,2.0185,4.3655,15.779999999999998,8.6074,0.8786999999999999
800,3.4227,9.6042,15.83,8.6013,1.1815
801,1.6513000000000002,3.6022,16.09,8.8105,0.4817
802,2.1074,3.7156,15.680000000000001,8.58,0.684
803,2.4924999999999997,3.8241000000000005,15.8,9.0145,0.5478
804,0.8445,3.3124,16.01,8.3808,0.8076
805,1.1587,8.4926,15.62,8.5615,0.832
806,0.6414,3.8774,15.76,8.9132,0.656
807,1.9149,4.502200000000001,15.8,8.9036,0.8089
808,2.7636,6.3688,15.66,9.3851,0.4221
809,1.9269,5.7415,15.67,8.1728,0.7584
810,2.0837,5.704600000000001,15.7,8.7779,0.46599999999999997
811,1.7883999999999998,3.8383999999999996,15.88,8.6439,1.0135
812,0.5385,3.6395,15.89,8.7867,0.78
813,1.9641,8.846,15.8,8.5788,0.9715000000000001
814,0.8215,7.2454,15.689999999999998,8.7556,0.8531999999999998
815,2.047,3.614,15.71,9.1784,0.7898
816,2.3814,7.8561,15.870000000000001,9.5642,0.5593
817,0.6788,5.1336,15.7,8.8355,0.8571
818,0.6308,4.7727,15.770000000000001,9.6938,0.9729
819,1.6873,6.3446,15.689999999999998,8.7418,0.9192999999999999
820,1.2182,5.8586,15.770000000000001,9.0942,0.7677
821,0.9596,5.0108,15.73,8.3159,0.74
822,2.2266999999999997,4.94538,15.96,8.77292,0.5279
823,1.6441999999999999,7.5303,15.7,8.1161,0.8594999999999999
824,0.9892999999999998,5.0284,15.85,9.4043,0.5677
825,1.7207,7.0096,15.83,9.2658,0.8007
826,2.3943,6.518300000000001,15.84,8.6572,1.1404
827,0.8859000000000001,2.8381,15.779999999999998,8.2776,0.6857
828,3.1679999999999997,5.9787,15.85,8.9416,0.7121
829,2.2863,5.575100000000001,15.76,9.1287,0.8163
830,1.008,3.7989,15.96,8.322,0.7506
831,0.5575,4.1514,15.779999999999998,8.7609,1.0404
832,1.8981,5.44,15.860000000000001,9.0447,0.7534
833,1.8483000000000003,5.574799999999999,15.779999999999998,8.7782,0.745
834,2.2150999999999996,2.7865,16.07,8.3808,0.8076
835,1.8511000000000002,4.3328,15.75,9.2328,0.8041
836,0.6791,5.072399999999999,15.770000000000001,8.7326,0.6259
837,1.8744,7.1654,15.76,8.7947,0.8446
838,1.7421000000000002,5.254600000000001,15.52,8.3591,0.5765
839,2.2691999999999997,6.0507,15.73,8.659,0.9873
840,3.3167,5.4321,15.870000000000001,9.1757,0.7059
841,2.9543,2.7193,15.88,8.4092,0.9251
842,1.0063,6.071040000000001,15.99,8.60004,0.7681
843,2.4219,3.9746,15.85,9.043,0.7574
844,1.2726,3.4658,15.7,8.8909,0.6815
845,2.4446,4.8133,15.73,8.3754,0.7808
846,2.6101999999999994,3.6188,15.9,9.2433,0.7162
847,1.7424999999999997,4.6056,15.96,8.8215,0.573
848,1.4577,8.5143,15.88,9.6484,0.7384
849,1.1976,3.8989,15.7,8.5862,0.9332
850,1.937,2.9198,15.73,8.5003,0.8638
851,2.4327,5.8052399999999995,15.95,8.5232,1.0338
852,1.3955,6.317200000000001,15.770000000000001,8.9416,0.7121
853,1.0931,5.1901,15.98,8.5788,0.9715000000000001
854,0.6889,3.5047,15.75,8.7609,1.0404
855,1.0785,3.255,15.89,8.7373,0.587
856,0.5373,6.2357000000000005,16.09,8.1409,0.7663
857,1.003,4.0987,15.779999999999998,8.9979,0.7258
858,3.3827999999999996,6.221700000000001,15.74,8.9036,0.8089
859,1.3856,4.471,15.9,9.3851,0.4221
860,0.8375999999999999,6.9142,15.88,8.441,0.9383
861,2.2504,5.4108,15.97,8.5891,1.1255
862,1.5576,6.5694,15.61,8.4855,0.8144999999999999
863,0.8125000000000001,7.4639,15.82,8.8889,1.0478
864,2.0681,3.686,15.8,9.2436,0.8926
865,1.2405,4.0085,15.9,8.5855,0.9588
866,2.4360999999999997,9.1554,15.66,8.3006,0.8160999999999999
867,0.7218,7.1516,15.72,8.7609,1.0404
868,0.7659,3.1537,15.75,8.942,0.9142999999999999
869,0.7117,4.7966,15.89,8.2832,0.7664
870,0.9161,5.120099999999999,15.71,8.8562,0.6179
871,0.9116,4.7955,15.97,8.7812,0.8230999999999999
872,2.2375,4.105400000000001,15.61,8.2914,0.6385
873,2.5263,4.2557,15.88,8.7812,0.8230999999999999
874,1.2142,5.0766,15.67,8.1728,0.7584
875,1.9656,4.1834,15.99,8.7994,0.8435
876,0.6788,4.879,15.73,8.5003,0.8638
877,3.0222,6.1088,15.85,8.5218,1.0323
878,2.5347,5.1379,15.73,8.2395,1.0216
879,2.4707,7.5804,15.97,8.5779,1.0189
880,0.9575,3.9686,15.779999999999998,9.7137,0.3973
881,2.4949999999999997,5.1598,15.75,8.7015,0.8336
882,1.424,4.0743,15.79,8.6556,0.6163
883,0.8891,3.9364999999999997,16.08,9.0402,0.647
884,3.1476,8.6597,15.82,8.5788,0.9683
885,1.5273,6.857899999999999,15.779999999999998,8.3179,0.6257
886,2.5602999999999994,3.7579,15.779999999999998,8.2832,0.7664
887,0.6586,4.4298,15.93,8.9336,1.0644
888,0.5325,5.1087,15.93,9.1585,0.9368
889,2.5,3.5958,15.84,9.4043,0.5677
890,2.0931,5.7818,15.689999999999998,8.76402,0.8229
891,1.8393,7.5726,15.8,8.779340000000001,0.8735
892,2.1009999999999995,3.4336,15.79,8.627,0.5742
893,2.7909999999999995,4.4746,15.860000000000001,9.088,0.481
894,1.7573,6.9238,15.93,8.659,1.2771
895,2.483,5.6521,15.73,8.4092,0.9251
896,1.9366999999999999,6.958699999999999,15.63,8.7073,0.6066
897,0.9436,4.5757,15.96,8.6406,0.8235
898,2.6656999999999997,9.743700000000002,15.63,8.7144,1.2672
899,1.2336,6.2188,15.770000000000001,8.7646,0.8262999999999999
900,2.486,2.4138,15.72,8.436,1.0765
901,0.9374,7.092599999999999,15.92,8.5218,1.0323
902,2.0215,3.2322,15.96,8.7556,0.8531999999999998
903,3.3551,6.1033,15.870000000000001,8.828,0.8344999999999999
904,2.9436999999999998,5.9828,15.97,8.6527,1.1869
905,2.3549999999999995,11.0059,15.8,8.7283,0.604
906,1.0289,3.7718,15.7,8.8331,0.9358999999999998
907,1.6671000000000002,5.1741,15.770000000000001,8.7401,0.7159
908,1.2128,4.9417,15.73,8.7588,0.4996
909,1.8983,2.8374,15.93,8.7283,0.604
910,0.7065,8.6184,15.779999999999998,9.7571,0.7852
911,1.8340000000000003,5.1833,15.82,8.3663,0.5779
912,2.1588999999999996,4.3641,15.83,8.58084,0.5279
913,1.4853,5.0366,15.72,8.4597,0.7832
914,0.6053,2.5159,15.73,8.8519,0.6927
915,1.0695,4.6539,15.779999999999998,8.8562,0.6179
916,1.6919000000000002,4.4464,15.97,8.5615,0.832
917,0.9823,6.2816,15.63,8.2823,0.8133
918,3.0420999999999996,6.901400000000001,15.82,9.2655,0.7747
919,2.2327999999999997,8.6352,15.7,8.6667,1.0959
920,0.8949,5.9309,15.73,9.2291,0.811
921,1.49,6.0422,15.76,8.5571,0.7032
922,1.3574,6.2911,15.56,8.9605,0.9273999999999999
923,3.075,7.451599999999999,15.9,8.828,0.8344999999999999
924,2.7607,5.632499999999999,15.91,9.3998,0.596
925,1.4611,4.3662,15.64,8.9336,1.0644
926,2.7486999999999995,5.2191,15.9,8.7487,1.0459
927,0.8082,5.8746,15.75,9.1526,0.4254
928,2.4361999999999995,6.8368,15.95,8.8132,0.8146
929,0.6901,3.7146,15.92,8.8624,0.7655
930,0.6429,5.2289,16.01,9.0776,0.5888
931,0.6182,3.9750000000000005,15.56,9.193,0.4722
932,2.3047,6.8985,15.72,8.2823,0.8133
933,2.0192,2.5985000000000005,16.07,8.9541,0.47490000000000004
934,1.662,6.3005,15.95,8.3331,0.9396
935,0.8265999999999999,3.11,15.73,8.9818,1.0199
936,2.7946999999999997,6.7658,15.89,8.7418,0.9192999999999999
937,2.5422999999999996,9.609100000000002,15.779999999999998,8.5459,1.0918
938,1.3597,10.9187,15.84,9.6515,0.5669
939,1.3728,6.2608,15.74,9.2064,0.5066
940,0.7328,5.2947,15.92,8.5407,0.4382
941,0.7829,4.8154,15.73,8.8909,0.6815
942,2.9313,7.7394,15.8,9.2433,0.7162
943,1.1041,3.596,15.72,9.3335,0.7642
944,1.5816,6.4178999999999995,15.91,8.6439,1.0135
945,3.1409,5.8803,15.8,8.7879,0.8556
946,0.9610999999999998,6.1127,15.74,9.0606,0.9163
947,0.6942,4.091100000000001,15.57,8.9979,0.7258
948,3.102,7.4533,15.870000000000001,8.7646,0.8262999999999999
949,1.6897,5.1569,16.01,9.534,0.565
950,1.3926,4.4853,15.779999999999998,8.3006,0.8427
951,0.5373,3.5226000000000006,15.93,9.6136,0.8387
952,2.7155,5.9706,15.54,8.5801,0.8304
953,1.8941999999999999,3.3876,15.83,9.1502,0.7162
954,0.9619000000000001,6.0071,15.95,8.7932,0.8159
955,1.7139000000000002,6.2351,15.91,9.6515,0.5669
956,1.2307,2.7452,15.7,8.8597,0.8933999999999999
957,1.7975,6.863400000000001,15.7,8.9833,0.8149999999999998
958,2.2259999999999995,8.4806,15.91,8.8287,0.9251
959,2.7403,5.309,15.870000000000001,9.1784,0.7898
960,0.8916000000000001,4.4095,15.67,9.2291,0.811
961,1.5748,8.7428,15.84,8.7851,0.4389
962,1.7550999999999999,5.062900000000001,15.67,8.3006,0.8160999999999999
963,1.4288,3.5747,15.74,9.0606,0.9163
964,1.3322,3.9458,15.860000000000001,8.7568,0.5799
965,0.6912,4.2411,15.84,8.5177,0.8384
966,0.984,5.9963999999999995,15.860000000000001,9.1141,0.7193
967,0.8355000000000001,5.1659,16.02,8.662,0.6605
968,3.4668,8.3351,15.88,9.7484,0.9413000000000001
969,1.8824,3.6709000000000005,15.746,8.1728,0.7584
970,1.6372,3.0303,15.92,8.5251,0.8689999999999999
971,1.0078,4.6431,15.98,8.7646,0.8262999999999999
972,2.1116999999999995,5.5992,15.770000000000001,8.7552,0.9066
973,0.6259,5.8149,15.7,8.897,0.4685
974,0.7922,3.9105,15.71,8.3436,0.9725
975,2.4383,9.723500000000001,15.85,8.7851,0.4389
976,1.9689,6.474599999999999,15.590000000000002,8.6789,1.1054
977,0.7995,7.5153,15.75,9.2064,0.5066
978,1.9549000000000003,3.61,15.74,9.2658,0.8007
979,3.0165999999999995,8.1842,15.72,8.5155,0.9794
980,2.0135,4.2575,15.82,8.5762,0.8226999999999999
981,1.2951,4.1328000000000005,15.770000000000001,9.0402,0.647
982,2.2551,6.2134,15.85,9.2328,0.8041
983,0.8033,4.3131,15.64,8.897,0.4685
984,2.1404999999999994,5.436299999999999,15.65,8.7073,0.6066
985,1.4465,6.2544,15.56,8.4288,1.0918
986,1.7027,2.406,15.56,9.004,0.6254
987,2.7460999999999998,4.9295,15.83,8.7495,1.1086
988,0.9103,6.0601,15.689999999999998,8.7219,0.7663
989,2.975,7.7496,15.84,9.2655,0.7747
990,1.3093,6.140200000000001,15.81,9.0811,1.1213
991,0.7557,2.5177,15.770000000000001,8.9818,1.0199
992,2.2584999999999997,10.8564,15.83,8.5177,0.8384
993,2.2474999999999996,4.0269,15.680000000000001,8.6942,1.0891
994,3.0453,5.7121,15.73,8.3324,1.1638
995,0.5999,5.4204,15.73,8.7383,1.0186
996,2.5906999999999996,5.39842,15.79,8.6706,0.5836
997,0.7016,9.3679,16.01,9.0776,0.5888
998,2.4515,3.9525,15.680000000000001,8.4278,0.7558
999,1.0594,3.6575,15.85,9.0776,0.5888
1000,1.0304,7.7429,15.870000000000001,8.7219,0.7663
1001,1.8608,7.9419,15.76,8.6024,0.5329
1002,2.7761,4.4594000000000005,15.88,9.3998,0.596
1003,1.1861,7.593,15.63,9.1156,0.8216999999999999
1004,2.0421,3.742,15.76,8.75912,0.3512
1005,0.8475,5.5738,15.9,9.2016,0.9072
1006,0.5768,5.4246,15.72,9.4336,1.1623
1007,1.2625,5.76234,15.96,8.7283,0.604
1008,2.0924,3.9414,15.91,8.8043,0.7316
1009,1.76,5.5495,15.770000000000001,9.3868,0.8197999999999999
1010,2.008,9.366,15.95,8.7662,0.57
1011,1.7859,2.6974,15.89,8.7635,0.7053
1012,0.5602,4.6098,15.870000000000001,8.8249,0.6302
1013,2.9892,3.6862,15.83,8.9336,1.0644
1014,2.0389,6.7438,15.83,8.324,0.7849
1015,0.9802,7.8401,15.95,8.7283,0.604
1016,2.2536,4.7979,15.66,8.86926,0.8735
1017,0.9469999999999998,4.9308,15.8,8.9546,0.8882999999999999
1018,1.3254,3.4077000000000006,15.89,8.4896,0.9735
1019,1.0705,4.7955,15.71,8.322,0.7506
1020,2.6333,4.4058,15.92,9.3998,0.596
1021,1.1209,5.7353,15.74,9.1637,0.5858
1022,1.7127,2.3731,15.7,8.4537,0.9186
1023,0.8965,2.9962,15.689999999999998,8.7383,1.0186
1024,0.9678,3.8038,15.7,8.9818,1.0199
1025,1.1936,1.6872,15.81,8.3542,0.8230999999999999
1026,1.978,8.1897,15.9,9.7836,0.6987
1027,2.0521,8.2318,15.75,8.5596,0.6805
1028,2.132,9.8085,15.89,9.2655,0.7747
1029,1.5532,9.2151,15.7,9.4336,1.1623
1030,1.3467,3.0794,15.73,8.4278,0.7558
1031,1.5221,4.368100000000001,15.72,8.897,0.4685
1032,0.7521,3.7114999999999996,15.92,8.3179,0.6257
1033,2.1482999999999994,4.1991,15.8,9.043,0.7574
1034,1.2085,3.6831,15.73,8.3591,0.5765
1035,1.802,8.6821,15.99,8.659,0.9873
1036,0.6371,6.8737,15.75,8.6915,0.9639
1037,1.3187,3.6244,15.83,8.6005,1.1248
1038,1.2701,6.666499999999999,15.83,8.8033,0.662
1039,1.1293,4.818700000000001,15.97,8.77,0.7593
1040,0.9441999999999999,9.6886,15.8,8.5405,0.9059
1041,1.619,6.7805,15.66,8.2638,0.9726000000000001
1042,0.8594000000000002,4.7485,15.91,8.62162,0.7681
1043,1.4773,5.4073,15.91,8.8043,0.7316
1044,0.989,3.1765,15.860000000000001,8.9818,1.0199
1045,1.9521,5.4201,15.96,8.8581,0.6373
1046,0.7693,4.2038,15.95,8.7696,0.3963
1047,1.194,3.1175,15.82,8.8505,0.687
1048,2.8690999999999995,4.7399,15.54,8.572,0.9237999999999998
1049,2.3768999999999996,2.9356,15.67,8.3845,0.6787
1050,1.7963,3.3667000000000002,15.61,9.1637,0.5858
1051,0.7671,4.42,15.73,8.6024,0.5329
1052,0.6072,6.38002,15.88,9.0622,0.8342999999999999
1053,1.1789,4.7977,15.72,8.5615,0.8296999999999999
1054,0.7514,6.149500000000001,15.61,9.534,0.565
1055,1.7229,5.3996,15.95,8.77,0.7593
1056,1.0917,6.949600000000001,15.770000000000001,9.152,0.8757999999999999
1057,1.969,3.9852,15.770000000000001,9.18062,0.76112
1058,1.7245,9.1321,15.98,8.6706,0.5836
1059,1.827,6.542300000000001,15.74,8.9336,1.0644
1060,2.016,5.1912,15.73,8.7932,1.0631
1061,0.8682000000000001,6.4886,15.84,8.2061,0.47439999999999993
1062,2.1363999999999996,2.6817,15.83,8.6667,1.0959
1063,1.2488,6.454,15.85,8.4896,0.9735
1064,0.7825,8.4018,15.71,9.131,0.7139
1065,3.1606999999999994,8.0814,15.85,8.872,0.7524
1066,2.7193999999999994,8.1183,15.83,8.6667,1.0959
1067,0.6284,7.206379999999999,15.66,9.2016,0.9072
1068,1.3597,6.4537,15.7,8.6611,0.7719
1069,0.7296,5.3634,15.84,8.6149,1.0359
1070,2.4133,7.8219,15.66,8.8424,0.5284
1071,2.8445,4.2267,15.76,9.1638,0.6641
1072,1.6039,9.934400000000002,15.96,9.7836,0.6987
1073,2.4780999999999995,5.0971,15.680000000000001,9.1638,0.6641
1074,1.9753999999999998,2.0193,15.71,8.4278,0.7558
1075,1.5322,2.8002,15.870000000000001,8.6149,1.0359
1076,0.6345,6.284,16.01,8.5298,0.9276000000000001
1077,2.3159,5.9222,15.73,8.662,0.6605
1078,1.5726,3.8491400000000002,15.71,8.5735,0.9074999999999999
1079,2.6404999999999994,3.7055,15.66,8.6942,1.0891
1080,1.8986,5.2405,15.73,8.5003,0.8638
1081,1.492,7.7416,15.99,8.659,0.9873
1082,2.364,2.2394,16.02,8.7662,0.57
1083,1.7603000000000002,7.4078,15.74,8.8388,0.9835999999999999
1084,1.5173,5.41764,15.74,8.7599,1.0407
1085,1.0491,6.1799,15.779999999999998,8.6074,0.8786999999999999
1086,1.6946599999999998,9.3285,15.73,8.7219,0.7663
1087,2.1255999999999995,7.4219,15.83,8.5266,0.9725
1088,0.6191,6.288199999999999,15.99,9.0776,0.5888
1089,0.9149,3.1152999999999995,16.07,8.7037,0.6242
1090,1.0475,3.7688999999999995,15.689999999999998,8.8097,0.9136
1091,0.8783,4.6652000000000005,15.54,8.5862,0.9332
1092,2.619,7.0695,15.98,8.5459,1.0918
1093,3.241,3.5555,15.66,9.1141,0.7193
1094,1.9840000000000002,6.9725,15.93,8.7588,0.4996
1095,1.6743,8.3284,15.8,9.4832,0.7507
1096,2.9171999999999993,2.5672,15.85,9.3335,0.7642
1097,1.4505,4.3095,15.580000000000002,8.7548,0.7954
1098,1.4941,2.5881,15.61,8.6384,0.7532
1099,3.6025000000000005,3.0731,15.83,9.1784,0.7898
1100,0.9231,4.2996,16.09,8.7556,0.8531999999999998
1101,1.037,8.8177,15.99,8.556000000000001,0.7681
1102,2.1852999999999994,4.028800000000001,15.83,8.7487,1.0459
1103,1.891,4.5813,15.84,8.536,1.1525
1104,0.9969999999999999,4.048300000000001,15.680000000000001,8.9857,1.0765
1105,1.927,5.700000000000001,15.71,8.3159,0.74
1106,1.8703000000000003,6.5354,15.779999999999998,8.3179,0.6257
1107,2.2365,5.28,15.98,8.7326,0.6259
1108,1.7338999999999998,2.9432000000000005,15.74,8.8078,1.0143
1109,0.9347,6.3655,15.870000000000001,8.7646,0.8262999999999999
1110,1.9248000000000003,3.2434,15.71,8.1166,0.8047
1111,1.7727000000000002,2.6536000000000004,15.71,8.7401,0.7159
1112,1.7208799999999997,6.4263,15.91,8.5297,0.8721
1113,1.3972,5.7416,15.9,8.3591,0.5765
1114,1.2724,4.1392,15.72,9.004,0.6254
1115,2.6750999999999996,6.8193399999999995,15.91,8.5218,1.0323
1116,1.4734,5.6919,15.79,8.7932,0.8159
1117,0.6732,6.609600000000001,15.7,8.7015,0.8336
1118,1.4506,4.2653,15.73,9.0744,0.4782
1119,1.217,5.589600000000001,15.75,8.598,0.6161
1120,2.0605,6.5193,15.75,8.3324,1.1638
1121,1.225,5.5267,15.71,8.8597,0.8933999999999999
1122,1.7835,5.5049,15.770000000000001,8.2776,0.6857
1123,1.1547,5.8034,15.65,8.1161,0.8594999999999999
1124,1.9589,4.353600000000001,15.88,8.5288,0.9361
1125,0.4913,7.4066,15.76,8.9833,0.8149999999999998
1126,1.9774000000000003,6.2586,15.79,9.6136,0.8387
1127,1.8428,4.6356,15.61,8.3383,0.9319999999999999
1128,0.8117,5.942,15.7,8.8331,0.9358999999999998
1129,2.1730999999999994,5.8228,15.74,8.6005,1.1248
1130,2.8588,3.996,15.96,8.6324,1.0803
1131,3.2941,9.876600000000002,15.83,8.5177,0.8384
1132,0.8986,4.5129,15.770000000000001,8.828,0.8344999999999999
1133,0.7799,3.1119,15.91,8.3324,1.1638
1134,1.8653,4.823600000000001,15.76,9.3851,0.4221
1135,1.5612,3.6744,15.8,8.7635,0.7053
1136,1.7778,7.322800000000001,15.75,8.3271,0.8469
1137,2.6275,5.967900000000001,15.85,8.7662,0.57
1138,2.1282,7.0181,15.85,8.659,0.9873
1139,2.7511,4.7052,15.96,8.8287,0.9251
1140,1.7298,5.1526,15.770000000000001,8.7512,0.5317
1141,1.9952,8.3238,15.770000000000001,9.2405,0.6901
1142,1.2299,2.6206,15.8,8.7812,0.8230999999999999
1143,1.5487,5.7591,15.61,8.3383,0.9319999999999999
1144,2.6183,10.2301,15.680000000000001,9.094,0.7613
1145,3.6515,4.363900000000001,15.8,8.7977,0.8987
1146,2.002,5.4073,15.93,8.82682,0.8229
1147,2.196,7.1487799999999995,15.83,8.7588,0.4996
1148,1.1361,3.9068,15.75,8.3271,0.8469
1149,1.1701,4.0088,15.93,8.6772,0.9048
1150,2.7615999999999996,6.0911,15.79,9.131,0.7139
1151,1.358,7.8704,15.98,8.6706,0.5836
1152,1.3706,5.196699999999999,15.57,8.7779,0.46599999999999997
1153,0.9974,5.8362,15.93,8.6427,0.9078999999999999
1154,1.1368,5.9842,15.54,8.2981,0.7093
1155,0.7404,4.9854,15.79,8.451,0.7516
1156,2.6753,4.3614,15.870000000000001,9.01844,0.9393
1157,2.4532,3.5277,15.779999999999998,9.043,0.7574
1158,2.2332,3.9171,15.71,8.9818,1.0199
1159,2.0732,6.1039,15.75,8.3267,0.9329000000000001
1160,0.6918,3.1492,15.74,9.2007,0.7015
1161,0.8416,3.0522,15.870000000000001,9.7484,0.9413000000000001
1162,0.8735000000000002,7.1718,15.82,9.2171,0.9254999999999999
1163,1.7232,4.1454,15.93,8.1161,0.8594999999999999
1164,0.7908,5.3635,15.99,8.77,0.7593
1165,1.9541,7.499900000000001,15.96,9.5642,0.5593
1166,0.8209,3.6401,15.73,8.9857,1.0765
1167,2.4155999999999995,7.7667,15.73,8.4421,1.2471
1168,1.6506,3.2363,15.79,8.8909,0.6815
1169,2.3713999999999995,4.624,15.770000000000001,8.9818,1.0199
1170,1.7839,4.344100000000001,15.52,8.662,0.6605
1171,0.8908999999999999,5.2435,15.779999999999998,8.0787,0.6644
1172,1.3099,7.160300000000001,15.73,8.3006,0.8160999999999999
1173,0.7417,3.1584999999999996,16.04,8.88326,0.7681
1174,1.8328999999999998,2.6374,15.79,8.3383,0.9319999999999999
1175,2.9122,4.967200000000001,15.74,8.1409,0.7663
1176,2.4801999999999995,7.7214,15.82,8.7897,0.5377
1177,2.8041999999999994,5.1801,15.71,8.272,0.8833999999999999
1178,1.1021,5.6384,15.82,8.8889,1.0478
1179,1.5517,4.0088,15.73,8.8097,0.9136
1180,2.7079,2.9844,15.680000000000001,9.094,0.7613
1181,0.7478,7.3859,15.770000000000001,8.9191,0.8858999999999999
1182,0.8709,4.0648,15.82,8.6068,0.9812
1183,2.7014999999999993,9.8065,15.61,9.7137,0.3973
1184,1.858,5.7327,15.99,8.659,0.9873
1185,1.2847,9.1637,15.89,8.5788,0.9715000000000001
1186,0.8479000000000001,4.351,15.66,8.135,0.9489
1187,1.9043000000000003,4.5105,15.7,8.7997,1.0959
1188,1.8825999999999998,5.2891,15.84,8.7851,0.4389
1189,0.6238,10.8289,15.89,9.5713,0.7928
1190,2.8741,10.9632,15.73,8.6324,1.0803
1191,2.3904,4.6133,15.860000000000001,8.9605,0.9273999999999999
1192,0.798,4.2983,15.85,8.7786,0.8184
1193,0.736,5.5709,15.689999999999998,8.0787,0.6644
1194,2.5046,6.1979,15.71,8.7677,0.6672
1195,2.5123,1.942,15.7,8.9191,0.8858999999999999
1196,2.0508,4.3753,15.770000000000001,8.1409,0.7663
1197,1.3663,5.9703,15.779999999999998,8.8356,0.5194
1198,1.5642,2.2464,15.61,8.3383,0.9319999999999999
1199,1.2192,5.7777,15.72,9.152,0.8757999999999999
1200,2.5991,8.6041,15.8,8.872,0.7524
1201,2.0961,5.726,15.84,9.4043,0.5677
1202,0.8885000000000001,5.0804599999999995,15.8,9.1502,0.7162
1203,1.6783999999999997,4.880999999999999,15.73,8.4891,0.7674
1204,0.8292,4.123900000000001,15.689999999999998,8.7556,0.8531999999999998
1205,2.6108999999999996,5.1866,15.82,9.2655,0.7747
1206,1.4333,3.3232,15.860000000000001,9.6515,0.5669
1207,0.5489,2.5702,15.91,8.7015,0.8336
1208,0.854,6.0573,15.870000000000001,9.0859,0.7445
1209,3.1426999999999996,4.9673,15.8,9.6234,0.5955
1210,0.8532999999999998,4.6582,16.09,8.2345,0.7233
1211,0.682,4.483600000000001,15.89,8.3591,0.5765
1212,2.0982,6.5557,15.680000000000001,9.2405,0.6901
1213,2.7066,6.6984,15.74,8.7495,1.1086
1214,0.5889,4.0729,15.7,8.7487,1.0459
1215,2.8424,3.6306,15.73,9.5689,0.8962
1216,2.0996,5.8414,15.73,8.3006,0.8427
1217,1.186,8.0345,15.680000000000001,9.22,0.9916000000000001
1218,1.0338,10.4267,15.85,9.2291,0.811
1219,1.2098,7.3721,15.680000000000001,8.7779,0.46599999999999997
1220,0.654,4.631200000000001,15.7,9.4336,1.1623
1221,2.2759,4.3093,15.82,8.7487,1.0459
1222,2.5986999999999996,6.5713,15.72,9.7997,1.2364
1223,2.691,5.31254,15.8,8.5459,1.0918
1224,0.9652000000000001,3.4184,16.08,9.0402,0.647
1225,1.0134,5.828299999999999,15.85,8.6915,0.9639
1226,2.543,4.139000000000001,15.92,8.6829,0.7158
1227,1.5766,4.0485,15.85,9.396,0.6576
1228,3.7141,6.570799999999999,15.66,8.627,0.5742
1229,2.7625,5.6767,15.73,8.6013,1.1815
1230,1.6451000000000002,5.1701,15.95,8.4092,0.9251
1231,2.3702,3.6475,15.96,8.2914,0.6385
1232,0.8209,4.7116,15.92,8.5266,0.9725
1233,1.2612,6.4754,15.66,8.3006,0.8160999999999999
1234,1.038,5.5544,15.8,9.0998,1.0551
1235,0.8793,6.3497,15.85,8.872,0.7524
1236,1.8657,4.486,15.770000000000001,9.3868,0.8197999999999999
1237,0.9529,7.5307,15.73,8.8546,0.7337
1238,3.3334000000000006,4.1323,15.9,9.2171,0.9254999999999999
1239,1.7752,4.9982,15.73,8.6439,1.0135
1240,2.6411999999999995,4.0262,15.71,8.1605,0.9174999999999999
1241,2.3088,4.8576,15.51,8.2638,0.9726000000000001
1242,3.6422,7.528920000000001,15.8,8.7289,0.9753
1243,1.2371,3.8017,15.689999999999998,8.8331,0.9358999999999998
1244,2.0107,8.4692,15.98,8.441,0.9383
1245,0.812,8.2545,15.84,8.1409,0.7663
1246,1.483,3.8322,15.7,8.1166,0.8047
1247,1.0568,5.7891,15.870000000000001,9.2189,0.7447
1248,1.2235,4.639,15.95,9.1156,0.8216999999999999
1249,1.175,6.674,15.8,8.4278,0.7558
1250,3.1136,6.3958,15.96,8.5155,0.9794
1251,2.3419,4.3482,15.67,9.065,0.8451999999999998
1252,0.852,2.9581,15.8,8.6309,1.148
