,feature_60,feature_478,feature_421,feature_1,feature_125,feature_349,feature_34,feature_442
0,0.6991000000000002,6.0266,1.8087,3079.77,15.82,0.0237,8.6915,0.9639
1,-1.4173000000000004,4.8218,1.4549,3001.36,15.73,0.0272,8.3006,0.8427
2,10.235499999999998,6.1589,1.988,3042.78,15.689999999999998,0.0163,8.7418,0.9192999999999999
3,9.851799999999999,5.0612,2.8063,3018.64,15.770000000000001,0.03,8.6829,0.7158
4,1.0335999999999992,7.4828,1.0932,3020.29,15.95,0.0243,8.5891,1.1255
5,3.680900000000002,4.1813,0.7021,2964.69,15.75,0.0205,9.0744,0.4782
6,2.810900000000002,5.9339,2.6353999999999997,2940.74,15.7,0.024499999999999997,8.9132,0.656
7,1.5035999999999992,3.5466,1.9699,3043.08,15.61,0.0174,8.3383,0.9319999999999999
8,1.6894599999999997,9.1221,2.2942999999999993,2932.61,15.95,0.0105,8.659,1.2771
9,1.5744999999999991,3.3971,1.3589,3031.78,15.870000000000001,0.01982,8.7512,0.5317
10,2.9282000000000004,4.7353,1.4902,3028.08,16.01,0.0339,9.534,0.565
11,5.499099999999998,5.268599999999999,2.2458,3003.82,15.99,0.0172,8.5288,0.9361
12,-2.5026999999999995,6.8675999999999995,2.5141999999999998,2990.57,15.71,0.0198,8.1605,0.9174999999999999
13,0.34,7.0359,0.9559000000000001,2986.5,15.95,0.0116,8.8043,0.7316
14,4.169099999999998,6.8146,0.8172999999999999,3026.66,15.79,0.0225,8.7556,0.8531999999999998
15,-3.74,2.7876,1.653,2913.4,15.71,0.023600000000000003,8.5571,0.7032
16,5.048719999999999,5.344180000000001,0.9921,3018.8,15.84,0.0148,9.131,0.7139
17,1.9482000000000004,9.1675,2.7501,2942.41,15.73,0.0381,8.5687,0.8222
18,8.145499999999998,3.4324,0.5649,2848.46,16.07,0.0253,8.7187,0.6144
19,4.955499999999999,9.9444,3.0235,3010.26,15.54,0.0184,8.441,0.9383
20,9.1882,5.9269,2.7521,3033.29,15.92,0.014,9.5642,0.5593
21,2.2854999999999985,10.1458,2.126,2941.23,15.66,0.0162,8.6706,0.5836
22,0.6191000000000002,7.5571,1.0582,3043.22,15.79,0.0229,8.7867,0.78
23,-3.7508999999999997,3.369,1.6263999999999998,3021.61,15.71,0.0209,8.8581,0.6373
24,4.9117999999999995,4.8707,0.9130999999999999,3048.76,15.73,0.015399999999999999,8.8624,0.7655
25,0.12,5.817,2.3232,3001.796,15.84,0.0241,8.6397,0.9964999999999999
26,1.8173000000000006,3.4949,2.6912,2943.9,15.99,0.0445,9.5713,0.7928
27,2.7927000000000017,3.9522,1.1494,2965.41,15.870000000000001,0.024499999999999997,8.2345,0.7233
28,2.1109,8.8016,2.5678,3030.27,15.84,0.0177,9.1502,0.6667
29,-4.4109,3.706,0.8233000000000001,3035.89,15.75,0.0199,8.6544,0.6641
30,8.913599999999999,7.1799,1.9599,2943.58,15.73,0.0373,8.788559999999999,0.7584
31,-2.076400000000001,6.11,0.5995,3006.39,15.95,0.0278,8.5891,1.1255
32,0.5517999999999996,6.0246,1.6993,3007.75,15.75,0.0273,8.287,1.0541
33,-0.9364000000000007,2.9235,1.4106,2936.51,15.73,0.017,8.5851,0.442
34,5.2064,4.0558,2.4229,3021.83,15.92,0.0207,8.572,0.9237999999999998
35,1.2835999999999992,6.96598,1.9827,3033.29,15.97,0.0319,9.7836,0.6987
36,1.0026999999999995,7.1443,1.9321,3003.474,15.7,0.0221,8.9132,0.656
37,-2.6564000000000005,2.3646,1.5853,2951.06,15.74,0.0256,9.0447,0.7534
38,-0.06359999999999927,10.0705,1.3856,2994.06,15.76,0.0253,8.9191,0.8858999999999999
39,3.9054999999999986,6.1617,2.1897999999999995,2955.3,15.680000000000001,0.0164,9.2405,0.6901
40,2.0317999999999996,4.3582,0.758,2996.65,15.770000000000001,0.022699999999999998,8.7512,0.5317
41,17.387300000000003,5.7628,2.0262,2988.99,16.05,0.03174,8.9336,1.0644
42,-0.15449999999999908,4.319,0.8953999999999999,3054.52,15.73,0.0241,8.8909,0.6815
43,-0.3308999999999998,3.2036,1.686,3021.238,15.8,0.0169,8.7635,0.7053
44,-5.7182,6.747999999999999,1.9768999999999999,2977.43,15.85,0.0144,9.1855,0.5632
45,3.65,6.0536,0.8224999999999999,3017.87,15.98,0.0247,9.0121,0.8716
46,6.098179999999999,5.1949,3.0263,2945.682,15.64,0.0151,9.094,0.7613
47,-5.6473,6.4204,0.9488999999999999,3002.406,15.85,0.0252,8.536,1.1525
48,1.8608999999999998,2.582,0.6982,3182.87,15.75,0.0197,8.8097,0.9136
49,-4.492699999999999,4.5795,1.8650000000000002,3037.2,15.75,0.0141,8.58,0.684
50,17.4,5.1848,2.9276,3024.15,15.770000000000001,0.0256,8.8287,0.9251
51,1.6073000000000006,4.6249,1.6524000000000003,3004.71,16.04,0.0232,8.7219,0.7663
52,0.8873000000000005,3.9097,2.2843,2894.04,15.88,0.02222,8.4092,0.9251
53,-2.713599999999999,6.015,0.7504,2997.45,15.779999999999998,0.0211,9.6515,0.5669
54,5.3382000000000005,6.0748,0.6393,2950.0,15.74,0.0162,9.1784,0.7898
55,1.6373000000000006,6.026,1.0597,2997.15,15.75,0.023600000000000003,8.5987,0.8807
56,2.969099999999998,3.4707999999999997,0.7677,3058.6,15.96,0.0141,9.754,0.577
57,-1.0991000000000002,6.1979,0.5105,2940.26,15.63,0.015399999999999999,8.5855,0.9588
58,2.9517999999999995,4.8857,1.9332,3053.49,15.88,0.0194,8.7994,0.8435
59,-10.37,4.4544,0.587,3035.75,15.88,0.023299999999999998,8.5177,0.8384
60,1.3444999999999991,3.9991,0.7364,3017.39,15.73,0.0208,8.2395,1.0216
61,1.1664000000000008,3.4878,1.5153999999999999,2978.81,15.762,0.021159999999999998,8.1728,0.7584
62,0.18730000000000055,3.4793,1.5628,2994.22,15.8,0.0248,8.6544,0.6641
63,0.48359999999999925,3.9691,2.2048,3040.34,15.84,0.0185,8.6397,0.9964999999999999
64,4.080900000000002,3.2357,3.4596,3171.54,15.73,0.0208,8.322,0.7506
65,18.3936,4.2732,2.1093999999999995,2884.74,16.03,0.0386,9.2007,0.7015
66,1.2809,4.3922,1.8251,3045.07,15.67,0.0208,8.3331,0.9396
67,0.5682000000000004,7.684,1.8930999999999998,3085.57,15.88,0.0183,8.7994,0.8435
68,8.0955,6.9474,3.6139000000000006,2954.36,15.75,0.02404,9.5713,0.7928
69,-1.97,2.8027,0.7325,2908.47,15.75,0.0337,9.088,0.481
70,-8.2255,5.2293,1.4955,3031.9,15.814,0.0138,8.8249,0.6302
71,-0.75,5.8268,1.7461,3084.23,15.71,0.025,8.6544,0.6641
72,0.16269999999999946,3.2661999999999995,2.0227,2914.04,15.75,0.0215,8.6472,0.7611
73,-1.955500000000001,7.1548,2.6144,2993.48,15.870000000000001,0.0201,9.0407,0.7477
74,-1.3017999999999996,5.6614,2.0111,2990.46,15.51,0.028100000000000003,8.7538,0.8470999999999999
75,-0.019100000000000183,6.4234,0.6356,3064.81,15.96,0.0149,9.0425,0.6335
76,-2.0326999999999993,4.8172,2.1069999999999998,3019.44,15.84,0.0229,9.1526,0.4254
77,3.0982000000000003,4.8741,0.9782,3058.91,15.82,0.0192,8.8546,0.7337
78,-2.9608999999999996,7.3252,2.6641999999999997,2963.26,15.57,0.0134,8.2963,0.8136
79,3.543599999999999,4.369599999999999,0.6798,3010.75,15.7,0.0199,8.8519,0.6927
80,1.5126999999999995,8.4684,1.7616,2939.6,15.97,0.0239,8.5779,1.0189
81,1.17,4.533,0.8233000000000001,2965.52,15.88,0.0234,8.8132,0.8146
82,-0.8044999999999991,5.2201,0.9967,3188.9,15.74,0.0152,8.9979,0.7258
83,2.99,6.8674,2.1239,3025.81,15.870000000000001,0.020419999999999997,9.754,0.577
84,10.13308,6.7229,2.2423999999999995,3049.19,15.7,0.0135,8.6667,1.0959
85,0.7,3.952,1.0328,3033.11,15.65,0.0175,8.1161,0.8594999999999999
86,10.995499999999998,9.4756,3.0711,2917.09,15.75,0.0306,8.6013,1.1815
87,1.7373000000000005,4.368199999999999,2.7535,3072.41,15.770000000000001,0.0269,9.7324,0.8751999999999999
88,1.3918200000000005,6.6127,1.558,3041.23,15.98,0.0323,9.0121,0.8716
89,0.9573000000000006,5.5044,1.8251,3069.2219999999998,16.01,0.0219,8.8356,0.5194
90,-3.355500000000001,6.5896,2.2185,3052.31,15.870000000000001,0.0248,8.9607,0.7392
91,-0.6326999999999995,5.515,1.1295,2978.96,15.71,0.0169,8.8078,1.0143
92,5.069099999999998,2.7352,2.2274,3075.05,16.07,0.0193,8.7782,0.745
93,11.290900000000002,10.7271,2.3212999999999995,2949.82,15.91,0.021,8.7994,0.8435
94,-2.6109,2.5503,0.728,3007.47,15.89,0.0151,8.5571,0.7032
95,-0.37359999999999927,5.7983,0.985,3158.88,15.95,0.012700000000000001,8.9635,0.7643
96,-1.1391000000000002,3.3645000000000005,1.32952,2985.38,15.94,0.0204,8.6427,0.9078999999999999
97,-4.99,4.343099999999999,1.2342,3183.6300000000006,15.72,0.023999999999999997,8.8671,0.8229
98,-0.9091000000000001,4.2125,2.1252,3025.04,15.51,0.0176,8.6472,0.7611
99,1.8164000000000007,5.801,1.9196,3055.66,15.66,0.0226,8.2638,0.9726000000000001
100,0.12269999999999945,6.060199999999999,1.8766,3037.81,15.85,0.0262,9.5713,0.7928
101,0.8744999999999991,5.046600000000001,2.2727,3007.38,15.92,0.0125,8.5251,0.8689999999999999
102,-1.0182000000000004,6.2631,0.6018,2945.9,15.75,0.0142,8.7779,0.46599999999999997
103,0.30359999999999926,6.8782,0.8932,2940.72,15.76,0.0189,8.8513,1.062
104,2.0509,8.3516,2.1523999999999996,2873.83,15.84,0.026,8.6556,0.6163
105,22.7927,8.4149,0.5819,2949.65,15.770000000000001,0.0352,9.0998,1.0551
106,4.146400000000001,8.2175,1.8864,3080.89,15.63,0.0202,8.5889,0.6222
107,0.32449999999999907,8.9509,0.8375999999999999,3202.9,15.62,0.02028,8.8973,0.6796
108,6.152700000000002,2.6252,0.9826,2933.88,15.85,0.0183,8.6915,0.9639
109,-1.8473000000000006,8.9647,2.3235999999999994,2954.1,15.83,0.0249,8.7879,0.8556
110,-1.6435999999999993,7.076,1.4712,2953.41,15.72,0.0202,8.2823,0.8133
111,2.2982000000000005,4.252,0.9955,3059.68,15.71,0.0171,8.6799,0.593
112,11.76456,3.626,0.6129,3044.46,15.74,0.0395,9.1638,0.6641
113,3.810900000000002,5.1132,1.2073,2997.84,15.84,0.0146,8.9605,0.9273999999999999
114,-6.74,4.736,1.6664,2990.66,15.61,0.0195,9.7137,0.3973
115,2.2617999999999996,8.7071,1.7749999999999997,3026.86,15.71,0.0253,9.7571,0.7852
116,1.9245000000000014,4.6417,0.4866,2990.72,15.99,0.0136,8.5459,1.0918
117,-0.4408999999999998,6.1962,1.4757,3012.68,15.7,0.0175,8.3663,0.5779
118,9.255439999999997,6.5265,1.836,3049.31,15.76,0.0432,8.7947,0.8446
119,2.4208999999999996,6.667500000000001,1.72204,3085.1,15.82,0.021800000000000003,9.0145,0.5478
120,-0.81,6.105079999999999,2.7056999999999998,3053.95,15.74,0.0294,8.6439,1.0135
121,2.4016400000000018,3.47546,1.7405,2982.4,15.82,0.0153,8.2981,0.7093
122,-17.9336,4.7846,1.7306000000000001,3072.73,15.779999999999998,0.0237,9.043,0.7574
123,-0.7155000000000009,2.1779,2.1812999999999994,3026.07,15.73,0.024499999999999997,8.6799,0.593
124,4.150900000000002,5.0601,1.1449,3105.49,15.85,0.0285,9.0622,0.8342999999999999
125,3.967299999999998,5.5115,0.6254,3045.11,15.7,0.0171,9.0811,1.1213
126,-3.65,4.6997,0.8176,2978.57,15.770000000000001,0.0261,8.3663,0.5779
127,-1.985500000000001,7.9214,0.4724,2898.08,15.770000000000001,0.0197,8.7932,0.8159
128,-3.88,4.8058,2.9509,3031.93,15.73,0.0122,8.3675,0.6268
129,5.804500000000002,8.0418,1.2537,3057.65,15.61,0.0248,8.7932,0.8159
130,-0.994499999999999,6.5778,2.1511999999999993,3087.24,15.82,0.0284,8.287,1.0541
131,-4.663599999999999,4.3419,2.7453999999999996,3103.85,15.8,0.0224,8.589,0.7477
132,1.9309000000000043,3.4781,1.4538,3023.86,15.862,0.0283,8.8388,0.9835999999999999
133,3.250900000000002,5.7289,0.7672,2914.86,15.9,0.0222,8.6772,0.9048
134,2.3317999999999994,5.6591,1.4371,2939.35,15.870000000000001,0.021659999999999995,8.1605,0.9174999999999999
135,5.4018,3.3141,3.5447,2972.78,15.79,0.0146,8.6406,0.8235
136,-0.5691000000000002,3.3826000000000005,0.8435,2908.11,15.73,0.0156,9.2291,0.811
137,-0.5823600000000031,6.0188,1.8808000000000002,3048.73,15.75,0.0362,9.043,0.7574
138,-1.0573000000000006,3.3903,1.3312,2984.68,15.97,0.024,8.9635,0.7643
139,-6.8764,4.0285,1.7813,3016.93,15.98,0.0195,8.6556,0.6163
140,2.813599999999999,5.8022,1.9253,3084.81,15.73,0.0164,9.131,0.7139
141,-3.724499999999999,5.1156,2.6715,2976.92,15.73,0.0307,8.1605,0.9174999999999999
142,-1.2182000000000004,5.243,2.1351,3127.0700000000006,15.870000000000001,0.0342,9.1364,0.7477
143,-5.68,8.4634,2.3414,2981.72,15.85,0.024499999999999997,8.8215,0.573
144,1.2517999999999996,4.0841,1.7749999999999997,2968.78,15.61,0.0372,8.6384,0.7532
145,-0.11449999999999909,5.2041,1.02,3084.17,15.85,0.0229,8.8215,0.573
146,19.560900000000004,6.634,2.4077999999999995,2850.33,15.870000000000001,0.0243,9.4832,0.7507
147,-3.7673000000000005,5.8656,1.9112999999999998,3093.31,15.74,0.0293,8.3845,0.6787
148,-3.685500000000001,5.748600000000001,1.3434,3050.22,15.96,0.0291,8.5855,0.9588
149,3.3917999999999995,5.4606,1.1369,3108.5600000000004,15.97,0.022,8.7696,0.3963
150,-2.503599999999999,5.4421,0.7179,3016.34,15.73,0.0128,8.7383,1.0186
151,16.241800000000005,6.1628,2.7813,3010.71,15.85,0.0293,8.5788,0.9683
152,4.6609000000000025,4.2114,2.0708,2954.44,15.8,0.0386,8.7487,1.0459
153,1.5882000000000003,2.8513,2.6077999999999997,2938.41,15.82,0.0169,8.809099999999999,0.7584
154,13.100719999999999,8.171,3.1338999999999997,3008.84,15.85,0.0187,9.1757,0.7059
155,0.15179999999999963,3.0125,1.0383,2968.02,15.92,0.0239,9.5713,0.7928
156,8.0636,6.253700000000001,2.4535999999999993,3109.0099999999998,15.72,0.0244,8.872,0.7524
157,5.7228999999999965,8.3929,3.4671,2928.84,15.860000000000001,0.037,9.6234,0.5955
158,3.2654999999999985,7.247099999999999,2.3014,2961.73,15.61,0.014499999999999999,9.754,0.577
159,2.2009,3.977,1.3672,3021.25,15.64,0.0191,8.8356,0.5194
160,-6.6409,2.9266,0.8620000000000001,3182.35,15.7,0.0186,9.4336,1.1623
161,-3.704499999999999,6.971500000000001,2.2266999999999997,2971.54,15.7,0.0264,8.6695,0.8615999999999999
162,-2.63,4.980699999999999,1.8963,2974.93,15.91,0.0221,8.7897,0.5377
163,-2.7282,2.8666,1.0244,2950.97,15.7,0.0143,9.0942,0.7677
164,2.6717999999999997,2.7090999999999994,1.7514,3000.38,15.8,0.0213,8.6772,0.9048
165,1.004499999999999,6.8317,0.8049,2973.55,15.85,0.0264,8.9546,0.8882999999999999
166,1.6017999999999997,3.6852,2.1632999999999996,3051.1,15.57,0.0151,8.6384,0.7532
167,20.720900000000004,4.6032,3.3969000000000005,2889.93,15.8,0.02674,8.6211,0.7408
168,-3.125500000000001,4.0177,0.6876,3009.94,15.71,0.0203,8.5862,0.9332
169,4.099099999999998,3.9272999999999993,2.3478,2988.92,15.84,0.0289,9.396,0.6576
170,-6.3391,2.5684,1.3299,3053.34,15.72,0.0158,8.9191,0.8858999999999999
171,6.245499999999999,5.0709,0.8251999999999999,3047.65,15.85,0.0277,8.8384,0.768
172,10.210900000000002,4.8214,2.4317,2924.23,15.8,0.0405,9.1502,0.7162
173,7.802360000000001,5.7668,2.1292,2973.86,15.8,0.0371,8.6667,1.0959
174,-0.724499999999999,4.6526,1.5148,3006.33,15.74,0.014,8.287,1.0541
175,-0.2708999999999998,3.3925,0.5628,3070.74,15.56,0.0247,8.7552,0.9066
176,10.895499999999998,4.3312,2.2772,3001.5,15.770000000000001,0.0328,8.872,0.7524
177,3.7949,6.0328599999999994,1.8718,3032.81,15.74,0.0162,8.7947,0.8446
178,-1.0908999999999998,5.7275,2.5222,2933.15,15.71,0.0177,8.9191,0.8858999999999999
179,-0.5655000000000009,4.8219,2.1378999999999997,2998.88,15.73,0.0209,9.2036,0.7277
180,-2.8817999999999997,5.3451,2.3022,2971.43,15.89,0.015,8.8132,0.8146
181,3.1135999999999995,7.6393,1.1073,2999.81,15.84,0.0296,8.5405,0.9059
182,-7.0082,7.8141,2.1375,3045.88,15.689999999999998,0.0296,8.5298,0.9276000000000001
183,3.0717999999999996,6.275,1.955,3028.5,15.75,0.0207,8.2914,0.6385
184,-1.5035999999999992,2.8462,2.0028,3028.38,15.74,0.0269,9.7571,0.7852
185,3.184500000000001,5.433800000000001,1.6881000000000002,3098.04,15.93,0.018199999999999997,8.5779,1.0189
186,22.7173,5.3468,2.7002,3002.46,15.9,0.0219,8.7879,0.8556
187,-12.1527,5.0961,1.6525,2964.77,15.770000000000001,0.0132,8.6309,1.148
188,2.32,4.742800000000001,2.9692,3060.97,15.76,0.0264,8.7646,0.685
189,0.7864000000000008,5.0348,1.9954999999999998,2987.39,15.689999999999998,0.0217,8.8973,0.6796
190,-2.4818,3.3746,1.8234,3133.75,16.01,0.0202,8.2914,0.6385
191,9.333599999999999,8.5107,1.4548,2855.8,15.870000000000001,0.0153,9.1784,0.7898
192,2.0426999999999995,8.6072,1.9924,2956.64,15.72,0.0316,9.2362,0.9087
193,2.43,3.6629,1.0834,3205.0800000000004,15.93,0.0163,8.4896,0.9735
194,0.30359999999999926,7.599400000000001,2.0297,3005.8,15.95,0.0216,9.308,1.0078
195,0.24640000000000073,6.4315999999999995,1.278,3014.07,15.93,0.0241,8.9191,0.8858999999999999
196,1.2691000000000001,6.5857,1.2354,2978.45,15.779999999999998,0.0301,8.3179,0.6257
197,0.28179999999999966,4.416799999999999,1.4825,3012.41,15.770000000000001,0.0261,9.0776,0.5888
198,-0.9235999999999993,6.5365,1.5611,2964.71,15.71,0.0225,8.7548,0.7954
199,5.3782000000000005,5.578500000000001,1.0077,2992.52,15.83,0.0326,8.6406,0.8235
200,0.8044999999999991,7.4993,1.8409,2939.94,15.8,0.033,8.9541,0.47490000000000004
201,0.42,6.8146,2.0961,3071.15,15.82,0.0212,8.6695,0.8615999999999999
202,2.8235999999999994,7.901699999999999,1.9215,3077.47,15.71,0.0216,9.4749,0.9525000000000001
203,1.3282000000000003,2.8024,0.8874,3036.32,15.696000000000002,0.0277,8.0787,0.6644
204,1.9935999999999994,6.703800000000001,1.5426,2991.25,15.67,0.0247,8.5407,0.4382
205,2.585500000000001,3.1843,2.1252,2999.19,15.62,0.0366,9.3868,0.8197999999999999
206,16.4073,6.6161,2.6824,3016.16,15.9,0.0411,8.6829,0.7158
207,6.682699999999997,5.5553,1.8492000000000002,3073.73,15.8,0.0247,8.572,0.9237999999999998
208,2.8245000000000013,4.2813,0.7962,3111.93,15.9,0.0205,9.5713,0.7928
209,7.316400000000001,3.2839,1.1332,2927.54,15.8,0.0169,8.3588,0.713
210,7.070900000000002,5.7825,1.9733,2994.56,15.99,0.0205,8.7851,0.4389
211,-2.543599999999999,5.4237,2.1247999999999996,2938.9,15.71,0.0192,8.8105,0.4817
212,4.632700000000002,3.6741,2.4001,2967.04,15.88,0.019799999999999998,8.5266,0.9725
213,-0.6935999999999992,5.200800000000001,1.1627,3065.45,15.94,0.0196,8.5615,0.832
214,-0.9408999999999998,6.4924,0.7652,3022.02,15.83,0.0122,8.97848,0.7681
215,-5.3264000000000005,5.4535,0.9079000000000002,3034.74,15.73,0.0163,8.3675,0.6268
216,2.800900000000002,4.083199999999999,1.297,3020.79,15.93,0.02508,8.5494,0.7865
217,-10.6036,6.8752,0.6016,3045.73,15.82,0.0176,8.5405,0.9059
218,-5.904499999999999,6.2047,3.2785000000000006,2990.95,15.92,0.0272,9.2291,0.811
219,-4.7682,3.8697,1.0596,2984.93,15.56,0.0238,8.941,1.026
220,12.898199999999996,8.285,0.9323000000000001,2936.64,15.79,0.0341,9.2007,0.7015
221,5.65,9.0309,0.9712000000000001,2984.05,15.85,0.0165,8.5135,1.0393
222,0.6055000000000009,4.264499999999999,1.4585,2977.92,15.56,0.0264,9.4749,0.9525000000000001
223,1.0291000000000001,6.679,1.7501,3044.88,15.75,0.0208,8.7867,0.78
224,-2.534499999999999,2.7794,1.5833,2825.67,15.770000000000001,0.0228,8.8581,0.6373
225,16.447799999999997,8.8334,2.7268999999999997,2971.15,15.83,0.0116,9.3998,0.596
226,1.7017999999999995,4.1438,1.3701,3018.57,15.599999999999998,0.0211,8.6472,0.7611
227,-3.01,2.7758,0.5965,3083.51,15.689999999999998,0.0243,9.0639,0.9091
228,5.03,4.594399999999999,2.2180999999999997,2912.87,15.83,0.013,8.784699999999999,0.7584
229,0.23359999999999928,4.2573,1.3857,2918.56,15.74,0.0172,8.6556,0.6163
230,-1.79,2.2725,1.5165,3086.05,15.770000000000001,0.0151,8.4278,0.7558
231,-0.18820000000000037,4.4714,0.8135000000000001,3072.29,15.72,0.0273,9.065,0.8451999999999998
232,-3.9509,4.133499999999999,1.1642,3150.4699999999993,15.93,0.023600000000000003,8.5735,0.9074999999999999
233,-8.4836,6.9918,2.7878,2942.16,15.92,0.0175,8.5177,0.8384
234,3.88,4.6953,0.7131,3067.14,15.770000000000001,0.0381,8.8505,0.687
235,0.6782000000000004,4.7511,2.543,3058.98,15.9,0.0184,8.8249,0.6302
236,5.794500000000001,6.0735,1.3642,3058.08,15.860000000000001,0.0242,8.9562,0.9444
237,1.5644999999999991,6.6138,1.0315,3008.77,15.76,0.024239999999999998,8.7164,0.8569
238,6.849099999999998,4.3849,1.2181,2979.77,15.82,0.0272,9.0061,0.5374
239,4.933599999999999,5.8227,1.2591,2975.87,15.73,0.0284,9.0744,0.4782
240,-3.8654999999999986,6.381,1.8574,3097.63,15.71,0.0203,8.6611,0.7719
241,21.757300000000004,5.7213,0.7752,2938.03,15.8,0.011,9.094,0.7613
242,1.7317999999999996,3.7079,2.3521999999999994,3056.49,15.65,0.028,8.6544,0.6641
243,-5.52,3.7167,3.1517999999999997,3026.09,15.79,0.033,8.58,0.684
244,-0.6326999999999995,3.0271,0.8157,2917.47,15.65,0.0197,8.8581,0.6373
245,5.177299999999998,4.8457,1.2656,3102.49,15.72,0.0247,8.2638,0.9726000000000001
246,1.1526999999999994,5.4141,1.7824,2964.74,15.91,0.0162,8.6005,1.1248
247,-2.534499999999999,2.8331,0.4774,3052.22,15.71,0.0163,8.5862,0.9332
248,-3.9617999999999998,4.9627,1.9589,2864.77,15.66,0.0132,8.2061,0.47439999999999993
249,0.7,7.0696,0.9041,2915.54,15.84,0.0257,9.088,0.481
250,-1.804499999999999,7.2043,2.896,2930.66,15.73,0.0205,8.6024,0.5329
251,6.059280000000001,3.1529000000000003,2.6733,3054.45,15.79,0.026299999999999997,9.5642,0.5593
252,-3.1926999999999994,3.0517,2.2056,2907.65,15.61,0.0156,8.4537,0.9186
253,17.55128,5.9742,3.1110999999999995,2946.86,15.74,0.0175,9.00092,0.8735
254,-0.7035999999999992,4.8678,1.5064,2967.53,15.99,0.0251,8.3324,1.1638
255,-4.232700000000002,7.7983,1.5364,3041.48,15.7,0.0184,8.8546,0.7337
256,6.739099999999998,6.9887,1.4232,3042.08,15.680000000000001,0.0392,8.79384,0.7584
257,3.217299999999998,5.4916,2.4854,2952.57,15.689999999999998,0.0192,8.7597,0.8658999999999999
258,3.9382,4.8265,1.0244,3012.18,15.73,0.030799999999999998,8.4092,0.9251
259,1.1617999999999997,10.529300000000001,1.4587,2904.21,15.71,0.0276,8.5596,0.6805
260,-3.45,5.9053,1.7749999999999997,2989.59,15.54,0.018,8.886,0.9707000000000001
261,1.1273000000000006,2.8784,3.4979,3079.9,15.79,0.0315,9.2171,0.9254999999999999
262,0.7955000000000009,2.4776,0.7925,2831.18,16.09,0.0224,8.8909,0.6815
263,3.5264000000000006,6.2851,1.2446,3080.57,16.0,0.022,8.7662,0.57
264,-3.2718,4.0368,1.5641,3001.6,15.770000000000001,0.0151,8.5571,0.7032
265,-2.3891,5.9176,1.9608,3083.8,15.65,0.0255,8.9221,0.6332
266,-5.7373,6.2186,1.6343,2902.88,15.71,0.0116,8.8868,0.3512
267,-0.15449999999999908,4.4262999999999995,1.0407,3000.22,15.96,0.0183,9.4749,0.9525000000000001
268,1.1782000000000004,6.4326,1.4277,3048.78,15.9,0.0228,8.7418,0.9192999999999999
269,-0.22820000000000037,6.06302,1.0676,2961.59,15.93,0.028,8.5788,0.9715000000000001
270,0.34179999999999966,4.5494,0.9587,2954.46,15.97,0.0143,9.4257,0.8336
271,9.592700000000002,4.0186,3.455,3033.33,15.85,0.034,8.9416,0.7121
272,-1.1455000000000009,4.1182,0.995,3034.5,15.870000000000001,0.0216,9.3181,0.6611
273,0.5608999999999998,2.8961,1.9302,2889.67,15.75,0.020000000000000004,9.0121,0.8716
274,4.535499999999999,4.1739,1.5435,3093.16,15.71,0.014499999999999999,8.0787,0.6644
275,-1.99,5.941,2.1488999999999994,2871.59,15.66,0.0157,8.1409,0.7663
276,-0.9917999999999997,3.4182,1.35,2980.53,16.02,0.0269,8.8384,0.768
277,-2.5682000000000005,3.2156,0.7577,3073.48,15.7,0.0171,8.6799,0.593
278,2.969099999999998,3.4776,2.6027,2958.43,15.67,0.03188,8.7552,0.9066
279,-0.01640000000000073,4.275299999999999,1.472,3083.31,15.7,0.0192,8.8548,0.6903
280,2.9864000000000006,3.9499999999999997,1.6735,3043.18,15.79,0.0327,8.9036,0.8089
281,0.08550000000000091,7.3841,2.1118999999999994,3072.21,15.95,0.0222,9.2016,0.9072
282,0.5764000000000007,4.1425,1.2718,2949.75,15.81,0.024499999999999997,8.3273,0.8704999999999999
283,3.3364000000000007,4.5331,1.3634,2992.33,15.79,0.0187,8.4896,0.9735
284,-4.9191,5.6678,0.8958999999999999,3001.81,15.66,0.0204,8.3845,0.6787
285,1.7082000000000004,4.001,1.9193999999999998,3076.81,15.71,0.018199999999999997,8.9833,0.8149999999999998
286,-9.1,6.1557,0.9013,3151.8000000000006,15.75,0.0176,8.9857,1.0765
287,12.430900000000003,10.2688,1.6419,2971.99,15.779999999999998,0.0147,9.2658,0.8007
288,15.81,5.8984,2.9613,3068.98,15.88,0.0368,8.6527,1.1869
289,-4.15,3.8611000000000004,0.887,2972.0,15.779999999999998,0.0188,8.7199,0.714
290,1.4055000000000009,7.1475,1.3566,2935.84,15.66,0.0168,8.7597,0.8658999999999999
291,4.8018,6.4164,2.1945999999999994,3024.19,15.84,0.0262,8.5952,1.0047
292,5.915499999999999,5.5662,1.7398000000000002,3019.38,15.82,0.0317,8.2832,0.7664
293,-2.3364000000000007,3.2527,0.697,2958.48,15.66,0.0284,8.8355,0.8571
294,-2.115500000000001,4.6677,1.5606,2977.74,15.75,0.024,8.71696,1.0918
295,2.28,7.5564,2.7213999999999996,3045.38,15.97,0.0161,9.2047,0.7153
296,1.9335999999999993,3.6107,1.612,3200.7400000000002,15.71,0.0217,8.2776,0.6857
297,5.615499999999999,2.9642,1.5762,2913.84,15.8,0.0208,8.4891,0.7674
298,-10.8745,3.8138,0.9173999999999999,3075.87,15.8,0.0155,8.8945,0.8384
299,13.370900000000002,5.415420000000001,1.5739,3061.22,15.99,0.0116,8.8043,0.7316
300,13.374500000000001,5.0984,3.1758999999999995,2941.71,15.88,0.032459999999999996,9.1757,0.7059
301,0.15359999999999926,7.5974,0.9381,2942.64,15.779999999999998,0.0259,9.4336,1.1623
302,4.159099999999998,2.9657,0.8528,3071.13,15.770000000000001,0.017,8.7402,0.7724
303,-5.024499999999999,8.7115,3.3517,3014.35,15.73,0.0309,9.5689,0.8962
304,7.059099999999998,5.8522,1.8691999999999998,3133.4299999999994,15.92,0.0141,8.5251,0.8689999999999999
305,2.104499999999999,10.502200000000002,1.9806000000000001,2971.23,15.89,0.030799999999999998,9.6938,0.9729
306,2.5491,5.603700000000001,1.739,2958.04,15.67,0.0269,8.3006,0.8160999999999999
307,0.5982000000000004,3.1249,1.603,3038.53,15.74,0.0242,9.2064,0.5066
308,-0.17730000000000054,6.41,2.1100999999999996,3028.21,15.63,0.0131,8.5889,0.6222
309,3.28,3.5925,2.0531,2997.41,15.72,0.0224,8.6324,1.0803
310,16.0155,8.5333,1.9620000000000002,3075.78,15.89,0.026299999999999997,9.4043,0.5677
311,3.3690999999999978,5.0427,0.6811,2862.69,15.73,0.0278,9.1637,0.5858
312,22.6227,4.5258,2.4636,2920.07,15.84,0.0156,8.6789,1.1054
313,1.3791000000000002,9.2809,0.9467,2993.11,16.04,0.024339999999999997,8.5334,0.9826
314,-3.1817999999999995,6.16,0.5997,3008.196,15.72,0.0239,8.3267,0.9329000000000001
315,-4.6173,5.0841,1.757,2905.07,15.770000000000001,0.0208,8.886,0.9707000000000001
316,-0.8964000000000008,4.431099999999999,1.2101,3078.79,15.91,0.020000000000000004,8.7283,0.604
317,3.631459999999999,5.08288,1.6621999999999997,3043.34,15.74,0.016,8.8505,0.687
318,-1.4608999999999999,7.3778,2.1459,3025.46,15.73,0.0156,8.3267,0.9329000000000001
319,4.974500000000002,3.4412,0.6991,3058.89,15.73,0.0344,9.0998,1.0551
320,5.907300000000003,5.5799,0.9218,2996.53,15.75,0.0316,9.3335,0.7642
321,0.9026999999999995,3.8619000000000003,1.1523,2966.2,15.770000000000001,0.0208,8.6384,0.7532
322,0.9591000000000002,3.1241,1.6313,2931.05,15.75,0.0247,8.7015,0.8336
323,-3.2508999999999997,7.3364,1.8787,3052.82,15.79,0.0272,8.6309,1.148
324,3.259099999999998,6.042660000000001,0.7543,2986.34,15.75,0.0264,8.5232,1.0338
325,-0.8726999999999995,4.314499999999999,0.8444,3040.48,15.7,0.0195,8.6149,1.0359
326,4.409099999999998,6.7011,0.9225,3038.41,15.73,0.0149,8.531,1.0323
327,-4.6591000000000005,5.866600000000001,0.5484,2995.73,15.580000000000002,0.0205,8.8889,1.0478
328,2.0126999999999993,4.570999999999999,0.5202,3085.99,15.770000000000001,0.022699999999999998,8.7994,0.8435
329,1.0217999999999996,3.4914,2.06,3091.64,15.91,0.0168,8.5987,0.8807
330,4.042700000000002,5.4374,2.1482999999999994,3009.65,15.96,0.0179,8.9635,0.7643
331,21.39,3.0761,3.2684000000000006,2993.14,15.82,0.0259,8.7487,1.0459
332,4.4564,5.89256,0.8538,3090.09,15.75,0.0289,8.5232,1.0338
333,1.8582000000000003,6.818,1.1948,3014.85,15.870000000000001,0.0221,8.5735,0.9074999999999999
334,4.310900000000002,4.5025,2.6818999999999997,3095.06,15.74,0.0266,8.8741,0.8681
335,0.25359999999999927,5.7431,1.2137,2923.26,15.96,0.0257,9.754,0.577
336,0.6573000000000006,7.1117,2.1677,2965.67,16.07,0.0242,8.5298,0.9276000000000001
337,-1.5091,6.8431,1.585,3107.4200000000005,15.81,0.0277,8.3823,0.8154999999999999
338,-5.747300000000001,2.6227,1.6569999999999998,3098.02,15.779999999999998,0.0242,9.0942,0.7677
339,7.7745000000000015,3.4880999999999998,3.4495000000000005,2998.59,15.93,0.0231,9.2655,0.7747
340,1.4373000000000005,9.2986,1.2794,3020.4,16.04,0.0232,8.7812,0.8230999999999999
341,20.7118,4.738099999999999,2.9175,3045.21,15.92,0.0315,9.4832,0.7507
342,2.4217999999999997,5.6564,2.5844,2977.39,15.73,0.0232,8.5862,0.9332
343,-3.2373000000000007,4.471899999999999,1.7994,2983.24,15.73,0.0305,8.1605,0.9174999999999999
344,10.770900000000003,8.6732,2.7769,3057.33,15.85,0.027639999999999998,8.5405,0.9059
345,2.2117999999999998,3.3887,1.9091,3080.01,15.92,0.0131,8.5251,0.8689999999999999
346,-9.7682,6.4163,0.8401,3154.54,15.62,0.015399999999999999,9.7137,0.3973
347,2.1473000000000004,2.5138,2.7411,3040.45,15.73,0.0287,9.2328,0.8041
348,-3.145500000000001,8.0986,0.7289,2924.96,16.04,0.0246,8.5779,1.0189
349,-4.25,5.0001,2.0969999999999995,2987.8,15.73,0.021,8.2061,0.47439999999999993
350,1.0635999999999992,7.3977,2.7709999999999995,3062.54,15.73,0.0144,8.5987,0.8807
351,-0.31836000000000264,4.5841,1.6154,3024.75,15.75,0.0213,8.0787,0.6644
352,4.539280000000001,6.027480000000001,2.0192,2940.56,15.74,0.013,8.7994,0.8435
353,8.6673,3.5482,2.5299999999999994,3040.63,15.74,0.0195,8.6942,1.0891
354,-1.4326999999999994,3.8467,0.7463,2952.88,15.689999999999998,0.0125,8.7646,0.685
355,-5.856400000000001,4.6662,1.2939,2938.84,15.7,0.0153,8.6611,0.7719
356,-1.1173000000000006,5.1698,1.932,2943.83,15.870000000000001,0.0259,8.8384,0.768
357,-4.814499999999999,5.678,0.9046,2998.18,15.97,0.0238,8.7932,0.8159
358,-1.194499999999999,6.4728,1.7227,3075.67,15.7,0.021,8.7932,1.0631
359,5.4718,6.0985,1.1061,3068.42,15.74,0.031,8.2395,1.0216
360,6.519099999999998,6.4151,1.1436,2977.98,15.93,0.021,8.828,0.8344999999999999
361,3.1764000000000006,4.0713,0.6872,2972.06,15.73,0.0183,8.1166,0.8047
362,14.75,9.9885,2.8023,2973.53,15.82,0.0298,8.531,1.0323
363,2.1917999999999997,4.8167,2.4189,3050.36,15.79,0.021,8.2395,1.0216
364,5.080900000000002,8.4171,1.1171,2950.18,15.85,0.019399999999999997,9.7484,0.9413000000000001
365,6.9918,5.2587,1.7634,2962.27,15.64,0.04409999999999999,8.98698,0.9393
366,-3.9317999999999995,3.8097,1.317,2973.88,15.83,0.0134,8.5135,1.0393
367,1.28,8.226,0.5958,3093.05,15.66,0.0188,8.7782,0.745
368,-17.3591,6.8911999999999995,2.5187999999999997,2967.4,15.8,0.0325,8.8249,0.6302
369,6.336400000000001,4.6662,2.7418999999999993,3190.45,15.88,0.02506,8.8513,1.062
370,4.564500000000002,8.1722,0.6868,2981.47,15.85,0.02214,8.5232,1.0338
371,0.13640000000000074,4.6148,2.091,3060.0,15.770000000000001,0.0208,8.8356,0.5194
372,-0.5955000000000009,2.1151,1.4633,3059.62,15.680000000000001,0.0137,8.6799,0.593
373,0.3391000000000002,8.6037,1.8734999999999997,3015.41,15.779999999999998,0.0231,8.5889,0.6222
374,-2.2635999999999994,3.5046000000000004,1.4747,2945.22,15.76,0.0198,8.7373,0.587
375,3.8935999999999993,4.8816,2.5589,3066.07,15.85,0.024739999999999998,8.8505,0.687
376,-0.007300000000000547,6.7336,1.9701000000000002,2939.59,15.83,0.0208,8.322,0.7506
377,0.48359999999999925,6.411,0.9044,3035.2,15.73,0.04130000000000001,8.6324,1.0803
378,-2.326400000000001,3.253,1.7826999999999997,2915.71,15.76,0.0238,8.2061,0.47439999999999993
379,1.474499999999999,5.6832,2.8894,3070.54,15.85,0.0401,8.5288,0.9361
380,1.2326999999999995,4.046799999999999,1.553,2929.93,15.65,0.0256,8.3588,0.713
381,-4.9018,4.0905,1.0624,3071.05,15.82,0.019,8.7401,0.7159
382,-2.665500000000001,5.533,1.1577,2979.95,15.95,0.0144,8.6706,0.5836
383,2.0664000000000007,7.1405,0.9758,2991.98,15.82,0.033,8.8505,0.687
384,0.765500000000001,5.7586,1.0766,2922.65,15.97,0.0162,8.5334,0.9826
385,-7.415499999999999,4.3502,0.7881,3002.85,15.67,0.0177,9.4043,0.5677
386,-0.45,5.1544,1.2624,2931.17,15.74,0.0223,8.7779,0.46599999999999997
387,-0.24820000000000036,5.6555,1.5908,2957.41,15.72,0.0164,8.7073,0.6066
388,17.174500000000002,9.4912,2.7855999999999996,3107.79,15.83,0.0394,8.5788,0.9683
389,3.8882000000000003,3.9965,1.6534,2988.41,16.01,0.0446,8.7037,0.6242
390,4.3982,3.2659,1.3198,2993.79,15.770000000000001,0.0203,8.7373,0.587
391,22.6936,9.1891,1.8891,3081.75,15.75,0.02204,8.531,1.0323
392,10.711100000000002,3.8906,2.4727999999999994,3104.4,15.91,0.015,8.5218,1.0323
393,-4.236400000000001,3.5871,2.6303999999999994,3082.05,15.82,0.0249,8.7401,0.7159
394,-3.4445000000000014,4.7695,2.155,2990.58,15.71,0.0255,8.287,1.0541
395,3.1372999999999984,5.3052,1.8990000000000002,2957.77,15.770000000000001,0.0266,8.3808,0.8076
396,5.934500000000002,3.6368999999999994,1.3708,3012.3,15.72,0.023020000000000002,8.4509,0.9232
397,0.9091000000000001,3.4436,0.8669,2934.01,15.689999999999998,0.025,8.4092,0.9251
398,2.4845000000000015,4.0141,1.2213,3093.57,15.9,0.013,8.8548,0.6903
399,17.6382,5.096,2.2359,2963.97,15.8,0.0428,9.2007,0.7015
400,-1.3326999999999996,8.9143,1.9062,3036.564,15.54,0.021800000000000003,8.5615,0.8296999999999999
401,1.1682000000000003,4.7835,0.9006,2930.42,15.9,0.0234,8.5135,1.0393
402,-1.3726999999999994,5.271699999999999,1.456,3043.49,15.89,0.0186,8.4896,0.9735
403,8.1445,8.3032,2.2752999999999997,2933.89,15.779999999999998,0.0179,8.6439,1.0135
404,4.999099999999998,6.7235,0.9237999999999998,2885.72,15.776,0.0257,9.0622,0.8342999999999999
405,22.1027,6.5836,2.3814,3031.79,15.85,0.0379,9.4832,0.7507
406,6.988019999999997,8.1065,2.2570999999999994,3018.81,15.84,0.03,9.1757,0.7059
407,-2.5418,3.9650000000000003,1.9623999999999997,3126.61,15.47,0.0262,8.8054,0.5967
408,3.625499999999999,5.265180000000001,2.718,3169.0,15.71,0.0265,8.8973,0.6796
409,-2.9208999999999996,1.9674,1.7729,3054.81,15.75,0.0207,8.287,1.0541
410,-3.5726999999999993,6.4423,1.8911,2970.86,16.01,0.0206,9.0447,0.7534
411,9.05,6.363999999999999,1.229,2980.84,15.779999999999998,0.0193,8.7495,1.1086
412,6.3435999999999995,3.7264,1.0635,3089.31,15.67,0.0222,8.5266,0.9725
413,10.843999999999998,3.5796,2.8607,3029.16,15.74,0.030900000000000004,9.3851,0.4221
414,2.874500000000001,9.7565,1.0277,3003.08,15.85,0.0257,9.7324,0.8751999999999999
415,0.9735999999999992,5.3740000000000006,0.7342,3063.64,15.57,0.013,8.80972,0.8229
416,-3.1826999999999996,4.2716,1.8462,3100.96,15.73,0.0121,8.2963,0.8136
417,5.809099999999998,4.358899999999999,3.3147000000000006,2887.33,15.85,0.0378,8.7879,0.8556
418,5.615499999999999,4.7002999999999995,1.8069999999999997,3008.28,15.73,0.0204,8.3588,0.713
419,-3.54,4.8902,2.3879,3024.48,15.860000000000001,0.027,8.627,0.5742
420,3.99,4.0074,1.189,3012.56,15.81,0.0111,8.5251,0.8689999999999999
421,0.77,3.9462,0.7803,2911.84,15.75,0.018199999999999997,8.8097,0.9136
422,2.0673000000000004,6.390600000000001,0.832,2979.97,15.689999999999998,0.0156,9.0639,0.9091
423,-2.4373000000000005,3.6829,0.6956,2991.47,15.779999999999998,0.015399999999999999,8.9979,0.7258
424,3.1527000000000016,5.1688,2.1811,2958.46,15.98,0.0139,8.897,0.4685
425,-1.9891,5.3999,1.8713,2996.9,15.61,0.0248,8.4896,0.9735
426,0.9517999999999996,5.8937,1.6621999999999997,2907.52,15.98,0.0203,8.611839999999999,0.7681
427,-4.933599999999999,5.0456,2.3409,2971.9220000000005,15.57,0.0242,8.7441,0.6056
428,1.7073000000000005,5.6009,3.0977999999999994,2896.84,15.74,0.0258,8.7073,0.6066
429,22.4345,6.0666,1.948,2873.35,15.83,0.0431,8.7599,1.0407
430,-3.4991000000000003,4.3926,1.9708,2948.57,15.89,0.017,8.9833,0.8149999999999998
431,-0.46820000000000034,4.884599999999999,0.6983,3078.17,15.770000000000001,0.0184,8.8105,0.4817
432,-5.7091,5.605,2.4153999999999995,3181.5900000000006,16.07,0.020919999999999998,8.8105,0.4817
433,8.3045,4.665,2.2507999999999995,3047.78,15.83,0.0189,9.1585,0.9368
434,-6.045499999999999,3.5785,0.8838,3052.93,15.76,0.0167,8.598,0.6161
435,-0.26269999999999943,2.7082999999999995,0.8834,3063.69,15.83,0.0162,8.8424,0.5284
436,-3.753599999999999,4.8003,2.3408,2998.89,15.89,0.0208,8.7932,1.0631
437,-1.1835999999999993,4.1362,1.1907,2948.09,15.75,0.0184,8.5571,0.7032
438,-10.1291,7.744199999999999,2.9397,3028.65,15.79,0.0324,8.8249,0.6302
439,-1.295500000000001,7.928499999999999,1.4669,3014.42,15.84,0.0322,8.8215,0.573
440,-12.1373,3.406,2.5438,2999.01,15.73,0.0229,9.043,0.7574
441,-8.6082,5.238500000000001,2.678,2988.66,15.85,0.0269,9.2171,0.9254999999999999
442,-0.8044999999999991,4.1344,2.1508,2925.34,15.97,0.0297,8.5855,0.9588
443,-1.5944999999999991,7.054900000000001,1.2443,2940.53,15.7,0.0205,8.9833,0.8149999999999998
444,-1.7382000000000004,8.3401,2.6000999999999994,2983.64,15.51,0.0215,9.1526,0.4254
445,3.0682000000000005,4.9841,1.3881,3072.2,15.76,0.0272,8.9605,0.9273999999999999
446,2.168720000000002,6.468,2.6257999999999995,3008.5,15.99,0.0172,8.7199,0.714
447,-2.6635999999999993,3.9721,2.4894999999999996,3017.1,15.870000000000001,0.0128,8.6074,1.2223
448,10.72616,5.3992,2.8986999999999994,2918.9,15.870000000000001,0.021,9.094,0.7613
449,22.4673,2.5653,1.9756,2982.1,15.71,0.0338,8.2395,1.0216
450,-2.463599999999999,3.3684,2.367,3021.26,15.870000000000001,0.0161,9.1502,0.7162
451,-3.1426999999999996,4.191,1.0595,2959.51,15.57,0.0147,9.004,0.6254
452,0.9408999999999998,4.8856,0.6399,2891.17,16.01,0.0234,9.754,0.577
453,-0.18910000000000018,2.3933,1.6908,3062.36,16.07,0.0229,8.2914,0.6385
454,-1.1764000000000008,2.9801,2.8605999999999994,3004.57,15.76,0.0214,9.1287,0.8163
455,4.0554999999999986,4.3633999999999995,1.6004,2965.28,15.9,0.0416,8.7696,0.3963
456,-7.9627,3.7271,1.0962,3074.63,15.8,0.0135,8.8945,0.8384
457,-1.9382000000000004,4.826399999999999,1.4419,3020.29,15.66,0.0252,9.3181,0.6611
458,-2.1309,6.4533,1.2413,3062.47,15.73,0.0177,8.6149,1.0359
459,16.649099999999997,7.0600000000000005,2.4279,3026.32,15.9,0.0185,8.8132,0.8146
460,1.3664000000000007,6.4272,0.5766,3120.8099999999995,15.99,0.0231,8.659,0.9873
461,1.1135999999999993,5.5958,1.157,3042.85,15.73,0.026299999999999997,8.2395,1.0216
462,2.3091000000000004,5.1075,1.5466,2955.33,15.73,0.0276,8.1605,0.9174999999999999
463,9.656400000000001,8.3146,2.4707,3031.39,15.8,0.0311,9.219,0.9109
464,0.5535999999999993,3.1414,2.1924,2937.77,15.98,0.0223,9.1141,0.7193
465,-4.658200000000001,4.7022,3.0676999999999994,3033.51,15.84,0.0205,8.7326,0.6259
466,-0.3455000000000009,7.183439999999999,1.1075,2978.67,15.99,0.0317,8.7283,0.604
467,11.6964,7.26,2.5488999999999997,3043.17,15.9,0.0321,8.6527,1.1869
468,-1.7817999999999996,4.0694,1.0099,2910.77,15.75,0.0302,8.2061,0.47439999999999993
469,0.16640000000000074,8.6404,2.8592,2962.79,15.89,0.0352,9.2047,0.7153
470,-3.9926999999999992,2.5272000000000006,2.1598,2881.1,15.74,0.0257,8.2061,0.47439999999999993
471,-0.28,8.9449,1.9915,2981.04,15.73,0.0231,8.9607,0.7392
472,-2.1173000000000006,6.2891,1.1194,3046.97,15.63,0.021,8.8519,0.6927
473,-3.8691,5.103299999999999,1.8116,3060.16,15.74,0.0313,8.9607,0.7392
474,4.9382,4.6676,2.3202999999999996,3011.82,15.75,0.0216,8.7037,0.6242
475,-0.9617999999999997,9.4501,1.2173,2987.75,16.04,0.0199,8.5891,1.1255
476,-6.855499999999998,6.4508,2.6482999999999994,3100.44,15.73,0.0159,9.2328,0.8041
477,0.7735999999999993,7.4113,2.5456,3151.9799999999996,15.770000000000001,0.0213,8.322,0.7506
478,8.832179999999997,4.8968,2.7681,3086.88,15.76,0.0447,9.1638,0.6641
479,-2.0291,7.4351,1.4224,2992.37,15.62,0.0248,8.3273,0.8704999999999999
480,-2.6673000000000004,6.030720000000001,0.9264,3068.56,15.95,0.0237,8.7812,0.8230999999999999
481,0.79,4.9118,0.672,2980.66,15.9,0.0168,9.1287,0.8163
482,13.978200000000001,6.0235,1.8612000000000002,2989.47,15.93,0.035800000000000005,8.7588,0.4996
483,-5.4691,4.6156,0.6466,3093.12,15.93,0.02132,8.9132,0.656
484,-5.242700000000002,8.0432,2.2141,2990.85,15.84,0.0167,8.8097,0.9136
485,-1.2335999999999994,4.646,1.1571,3011.84,15.99,0.0256,8.5855,0.9588
486,-7.1564000000000005,7.9407,2.348,2948.76,15.73,0.018,8.8505,0.687
487,6.18362,2.6882,2.3357999999999994,3017.21,15.96,0.0309,8.56776,0.5279
488,0.6326999999999995,5.310900000000001,1.0153,3001.74,15.860000000000001,0.0207,8.324,0.7849
489,16.4582,4.9435,2.4937999999999994,3016.64,15.76,0.0439,9.2405,0.6901
490,-7.814500000000001,7.7685,2.4646,3014.77,15.66,0.0255,9.1637,0.5858
491,-0.09449999999999908,4.029899999999999,1.3717,2982.89,15.680000000000001,0.0179,8.8546,0.7337
492,-5.165499999999999,3.6903999999999995,0.7392,3024.54,15.98,0.0252,8.8384,0.768
493,22.8809,5.2902,2.1268,2983.09,15.81,0.0418,8.7599,1.0407
494,2.0064000000000006,5.3257,2.0934,2981.36,15.85,0.012700000000000001,9.396,0.6576
495,1.5754999999999986,8.0824,0.8622000000000001,2996.89,16.02,0.0258,9.0121,0.8716
496,-3.1817999999999995,2.9339,1.6597999999999997,2888.58,15.73,0.0228,8.6611,0.7719
497,1.544499999999999,7.4055,0.6586,2956.18,15.74,0.0322,8.7219,0.7663
498,-0.22269999999999945,4.416799999999999,2.3634,3043.78,15.81,0.0262,8.7932,1.0631
499,-2.0208999999999997,2.5282,1.8565,3160.57,15.689999999999998,0.018199999999999997,8.4537,0.9186
500,16.151639999999997,6.2376,2.3237,2958.05,15.870000000000001,0.022699999999999998,9.094,0.7613
501,-3.1964000000000006,4.4213,3.0101999999999998,3062.34,15.74,0.0291,8.627,0.5742
502,-1.1235999999999993,3.8851,1.6141,3016.68,15.54,0.018199999999999997,9.0355,0.9048999999999999
503,-1.2208999999999999,5.873,1.8176999999999999,2929.84,15.75,0.0232,8.7897,0.5377
504,9.003460000000002,6.8027,2.4234,3000.46,15.680000000000001,0.0385,9.094,0.7613
505,-0.66,6.6432,0.538,2994.64,15.770000000000001,0.019,8.9635,0.7643
506,3.439099999999998,6.043520000000001,1.5418,2957.59,15.82,0.0234,8.8889,1.0478
507,1.04,3.251,0.6022,2995.33,15.75,0.0179,8.8355,0.8571
508,-6.502699999999999,3.3019,1.3063,3043.32,15.73,0.0176,8.7286,0.4443
509,3.9982,4.4321,0.6648,3093.148,15.83,0.021800000000000003,8.6472,0.7611
510,-0.24359999999999926,6.4864,1.0496,3034.13,15.7,0.0247,8.8078,1.0143
511,6.349099999999998,3.6305999999999994,1.8594,3059.142,15.81,0.0206,8.8424,0.5284
512,0.7635999999999993,4.7589,1.3665,3074.96,15.91,0.0217,9.0425,0.6335
513,6.172699999999997,10.9203,1.8174,3021.77,15.67,0.0197,8.3542,0.8230999999999999
514,0.45269999999999944,7.172999999999999,1.0406,3060.41,15.84,0.0209,8.7932,1.0631
515,18.6045,7.04694,3.0613999999999995,2908.04,15.73,0.017300000000000003,8.6013,1.1815
516,-1.6108999999999998,5.824,2.0403,3054.95,15.689999999999998,0.0178,8.4537,0.9186
517,1.49,4.0638,0.5466,3071.43,15.96,0.0208,8.5779,1.0189
518,1.7617999999999996,5.5131,1.8423,3056.4,15.79,0.0137,8.3436,0.9725
519,0.4264000000000007,3.7572999999999994,1.0205,2942.21,15.870000000000001,0.0196,8.7187,0.6144
520,2.9409000000000023,3.9316,0.6502,3038.93,15.770000000000001,0.0278,9.7836,0.6987
521,16.525499999999997,3.6187999999999994,2.6725999999999996,3024.46,15.74,0.0397,9.2405,0.6901
522,1.8182000000000003,5.0858,2.8938,2926.4,15.870000000000001,0.0216,8.5266,0.9725
523,-1.1926999999999994,4.5513,1.4161,2965.67,15.99,0.0224,8.5459,1.0918
524,2.8690999999999978,9.6984,1.483,2903.34,15.73,0.0239,8.6695,0.8615999999999999
525,1.77,3.7064,1.1472,3042.9,15.82,0.0316,8.7219,0.7663
526,3.36,7.0302,0.9051,2976.75,15.770000000000001,0.0225,8.7568,0.5799
527,2.649099999999998,9.8527,1.0316,3025.1,15.91,0.0228,8.9546,0.8882999999999999
528,3.1014600000000034,9.9046,2.7891,3006.22,15.83,0.0129,8.8287,0.9251
529,-3.4617999999999998,2.3936,1.6051,3006.5,15.73,0.024,8.3808,0.8076
530,-2.3591,5.778599999999999,1.6001,3095.02,15.66,0.0191,8.8424,0.5284
531,-8.1182,4.1476999999999995,1.9115,3028.02,15.82,0.0113,9.1283,0.6783
532,0.6855000000000009,4.4256,1.0169,3057.69,16.09,0.0309,8.6556,0.6163
533,3.680900000000002,3.5974,1.2569,2965.57,15.93,0.02022,8.6382,0.746
534,0.5082000000000003,4.7158,0.7179,3113.13,15.98,0.0168,8.5615,0.832
535,6.1882,7.0742,2.1878,3064.71,15.79,0.0194,8.3273,0.8704999999999999
536,-0.1744999999999991,5.68,1.6209,2953.55,15.9,0.0184,8.8043,0.7316
537,1.9273000000000005,6.2851,2.3703999999999996,3004.39,15.71,0.0185,8.2832,0.7664
538,5.596400000000001,4.8447,1.9710999999999999,2938.02,15.71,0.0196,8.272,0.8833999999999999
539,4.920900000000002,5.3264,1.4202,2921.78,15.81,0.0347,9.152,0.8757999999999999
540,-0.8435999999999992,6.6223,2.0739,3043.77,15.73,0.0192,8.598,0.6161
541,5.319099999999998,4.846799999999999,2.5600999999999994,3004.08,15.680000000000001,0.0221,8.3591,0.5765
542,7.8264000000000005,10.4973,1.0012,3071.29,15.99,0.0295,8.6527,1.1869
543,4.4445000000000014,2.9431,2.0891,2947.87,15.73,0.0202,8.2981,0.7093
544,13.680900000000003,4.676,1.1041,2975.92,15.75,0.0234,8.6211,0.7408
545,-3.8791,5.1665,1.3339,2910.99,15.75,0.0206,8.9857,1.0765
546,1.184499999999999,7.783600000000001,0.8483,3063.44,15.65,0.0167,9.22,0.9916000000000001
547,13.148199999999996,4.6964,2.3871,3058.61,16.01,0.0288,8.8033,0.662
548,0.23089999999999983,5.9349,2.7939999999999996,2914.47,15.8,0.0288,9.1502,0.7162
549,3.249099999999998,6.1087,0.6691,3026.87,15.95,0.025400000000000002,8.9546,0.8882999999999999
550,1.5176600000000022,5.4691600000000005,1.8749999999999998,3190.97,15.56,0.0266,8.451,0.7516
551,1.5926999999999996,5.0804,0.8336,3048.25,15.65,0.022,8.7867,0.78
552,-3.6145000000000014,3.0022,0.6746,2981.49,15.75,0.0165,8.5298,0.9276000000000001
553,-1.7908999999999997,8.2849,1.7491,2900.29,15.75,0.0177,8.2345,0.7233
554,-13.3573,2.8962,0.9649,2846.07,15.83,0.0129,8.6309,1.148
555,5.78,7.2905,2.9300999999999995,2984.32,15.9,0.034,8.6406,0.8235
556,2.233599999999999,3.9954,1.6928,3072.03,15.92,0.0216,8.2981,0.7093
557,1.4791,3.9117,0.9467,2936.59,15.689999999999998,0.0355,9.1526,0.4254
558,1.2264000000000008,6.13084,0.7931,3034.08,15.76,0.0273,9.7324,0.8751999999999999
559,-1.2491,3.8315,1.7883999999999998,2996.61,15.75,0.017300000000000003,8.4537,0.9186
560,1.1626999999999994,7.231,1.2346,3090.55,15.72,0.0155,8.2638,0.9726000000000001
561,19.1027,6.9064,2.9137999999999997,2936.59,15.75,0.026699999999999998,9.7484,0.9413000000000001
562,-1.02,3.5486,2.0522,2983.51,15.599999999999998,0.0193,8.8356,0.5194
563,3.4845000000000015,3.5148999999999995,1.8977999999999997,3036.15,15.62,0.0286,9.0402,0.647
564,0.8073000000000006,5.8042,2.1196,3095.78,15.88,0.0142,9.7997,1.2364
565,10.08,9.4293,1.0849,3020.12,15.8,0.041,9.0998,1.0551
566,3.6664000000000008,3.6807,2.2043999999999997,2926.38,15.63,0.0153,8.6384,0.7532
567,-0.2844999999999991,6.1134,1.3458,3021.45,15.770000000000001,0.0255,9.2047,0.7153
568,-2.4608999999999996,4.2918,1.1158,2937.63,15.94,0.0206,8.6895,0.5355
569,-1.7135999999999993,4.3599,1.1474,3097.14,15.51,0.0228,8.5407,0.4382
570,-3.3864000000000005,5.3197,1.9996,3047.19,15.870000000000001,0.0311,9.1283,0.6783
571,21.1082,5.7399,3.1065,2915.83,15.73,0.026679999999999995,8.6211,0.7408
572,4.502700000000002,5.7879,2.5827,2951.56,15.76,0.028,8.6013,1.1815
573,19.3136,7.128,2.0985999999999994,3000.36,16.1,0.027379999999999998,8.90404,0.7584
574,2.6172999999999984,5.9411,2.9552,2907.96,15.83,0.0214,8.8513,1.062
575,5.047299999999998,4.3206999999999995,2.8844999999999996,3013.98,15.67,0.02958,9.1855,0.5632
576,-1.1726999999999994,4.337999999999999,1.1543,2966.24,15.770000000000001,0.0217,8.7646,0.8262999999999999
577,0.5373000000000006,3.417,0.8182,2973.52,15.8,0.0206,8.536,1.1525
578,17.7327,9.9305,3.4401,3073.81,15.85,0.0385,8.6324,1.0803
579,4.381799999999999,6.9538,1.03,2979.86,15.95,0.0291,8.7568,0.5799
580,-0.24910000000000018,3.1226,0.7871,3051.8,15.8,0.0256,9.0744,0.4782
581,2.9535999999999993,4.048899999999999,1.204,3059.46,15.770000000000001,0.0237,8.3754,0.7808
582,-3.943599999999999,6.9,2.2852,3057.06,15.99,0.0235,8.7897,0.5377
583,5.113599999999999,7.7186,0.7564,3059.09,15.71,0.0183,8.7015,0.8336
584,5.470900000000002,5.200900000000001,1.197,3056.28,15.84,0.0133,8.8889,1.0478
585,-2.3617999999999997,4.0841,1.7257999999999998,2945.78,15.74,0.0183,8.627,0.5742
586,4.907299999999998,5.4231,0.6984,2945.19,15.96,0.0162,8.5334,0.9826
587,3.5335999999999994,8.9725,0.5509,3040.17,15.770000000000001,0.0429,8.9416,0.7121
588,0.8235999999999992,6.2963000000000005,1.4308,3069.73,15.62,0.0159,8.5889,0.6222
589,0.8535999999999992,5.7716,0.9352,2981.92,15.73,0.0301,9.6938,0.9729
590,3.306400000000001,5.1124,2.0366,3110.0800000000004,15.689999999999998,0.0217,9.2064,0.5066
591,4.836400000000001,9.3323,1.3143,3009.4,15.95,0.0148,8.6706,0.5836
592,2.0373000000000006,5.3147,1.0451,3029.19,15.85,0.0373,8.6527,1.1869
593,-0.04449999999999909,5.4095,1.8497,3000.24,15.57,0.0204,8.6691,0.7942
594,8.941799999999999,4.146399999999999,1.7069000000000003,2992.89,15.65,0.0121,9.6272,0.4184
595,4.395499999999998,3.3263,1.1911,3018.33,15.770000000000001,0.0222,9.0942,0.7677
596,-1.1608999999999998,5.8827,2.5850999999999997,2927.46,15.79,0.0291,8.9416,0.7121
597,23.0364,5.1101,2.442,2959.65,15.7,0.0369,8.919459999999999,0.8735
598,-0.7417999999999997,6.7855,1.7682999999999998,2962.43,15.56,0.0415,8.7164,0.8569
599,-2.1182000000000003,6.421,1.5238,2899.68,15.779999999999998,0.0267,8.5801,0.8304
600,-1.044499999999999,4.6415,1.7167999999999999,2976.19,15.74,0.0151,8.9036,0.8089
601,12.801100000000002,6.910199999999999,2.2453,3035.71,15.7,0.0188,9.2658,0.8007
602,1.4726999999999995,5.654,1.2187,2986.28,15.89,0.016,9.0606,0.9163
603,-1.1526999999999994,5.3217,1.6270000000000002,2951.67,15.8,0.0228,8.5615,0.832
604,-5.232700000000002,5.8077,1.205,2966.39,15.75,0.0283,8.7401,0.7159
605,0.5773000000000006,5.9787,1.9994000000000003,3068.78,15.75,0.034600000000000006,8.4768,0.8122
606,-0.12089999999999981,10.483600000000001,1.8438,3072.67,15.9,0.0231,8.5987,0.8807
607,5.519099999999998,9.4815,1.6612999999999998,3022.41,15.8,0.0257,8.4891,0.7674
608,3.930900000000002,4.7656,1.8336,2979.45,15.8,0.0262,8.5135,1.0393
609,1.9491000000000003,9.2499,0.8831999999999999,3028.0260000000003,15.65,0.0146,8.7932,0.8159
610,23.137299999999993,9.4939,3.2341,3055.97,15.9,0.0253,9.2007,0.7015
611,-1.8808999999999998,2.3399,1.0259,3040.48,15.8,0.0233,9.0744,0.4782
612,22.7418,5.1423,1.511,2936.3,15.8,0.03509999999999999,9.1638,0.6641
613,-2.2191,3.8687,0.9729000000000001,3044.47,15.79,0.0331,8.6544,0.6641
614,1.3717999999999997,4.312999999999999,3.0916999999999994,2983.31,15.85,0.0152,9.2655,0.7747
615,3.64,4.9673,3.6308999999999996,3023.56,15.870000000000001,0.028100000000000003,9.2064,0.5066
616,-7.87,6.0516,1.7691,3006.75,15.62,0.0169,8.7556,0.8531999999999998
617,1.0691000000000002,4.55,1.82208,2980.01,16.08,0.0165,8.9833,0.8149999999999998
618,-3.1908999999999996,5.9387,1.1934,3076.33,15.72,0.0222,8.7786,0.8184
619,8.986400000000001,4.7606,0.9455,3032.98,15.97,0.0169,8.5232,1.0338
620,15.0182,4.8764,1.6386,3056.5,15.74,0.0147,9.2658,0.8007
621,20.420900000000003,8.0698,1.889,2988.31,15.82,0.031219999999999998,9.2007,0.7015
622,0.2744999999999991,2.8753,0.8871000000000001,2919.84,15.9,0.026,8.6611,0.7719
623,0.9908999999999998,4.2708,2.0896,3037.62,15.71,0.0201,8.3663,0.5779
624,7.9754999999999985,4.2849,1.6903999999999997,2974.2,15.99,0.015,8.7994,0.8435
625,10.08326,8.8454,3.6955,2994.05,15.71,0.0167,8.659,1.2771
626,-0.9,4.7778,2.0934,2957.7,15.71,0.0183,9.1287,0.8163
627,18.280900000000003,4.5369,1.1153,2972.598,15.83,0.0125,8.6324,1.0803
628,15.860900000000003,2.7354,2.3247999999999998,2939.56,15.680000000000001,0.019,8.7599,1.0407
629,-0.63,2.9179,1.6281,2929.54,16.01,0.0265,8.8355,0.8571
630,0.49820000000000036,7.2128,1.3143,3025.07,15.62,0.018,8.1161,0.8594999999999999
631,2.4173000000000004,7.1468,1.7921,3102.5900000000006,15.73,0.0142,8.5987,0.8807
632,1.4982000000000004,6.528,1.6581,3083.33,16.0,0.0247,9.0425,0.6335
633,-2.5954999999999986,7.4952,2.5263,3094.08,15.82,0.0256,8.897,0.4685
634,0.44449999999999906,5.0272,2.15,2924.54,15.81,0.028999999999999998,8.7512,0.5317
635,13.686539999999997,4.8666,2.6892999999999994,3088.82,15.74,0.0429,8.7947,0.8446
636,-0.17,5.2194,2.0475,3031.65,16.02,0.0158,8.77,0.7593
637,2.1135999999999995,4.1174,1.0202,2956.77,15.770000000000001,0.0214,8.7373,0.587
638,-1.7335999999999994,3.454,1.7324,2912.24,15.74,0.0194,9.1526,0.4254
639,2.23,2.0773,0.715,2992.4,15.65,0.0192,8.7548,0.7954
640,-0.4108999999999998,4.7785,1.8189999999999997,2935.99,15.689999999999998,0.0393,8.7383,1.0186
641,-6.247300000000001,7.5956,0.8372000000000002,3173.18,15.770000000000001,0.0251,8.3675,0.6268
642,-0.018200000000000365,4.276999999999999,1.4936,2958.99,15.689999999999998,0.0153,9.02158,0.4129
643,14.4382,9.8466,2.5071,2985.06,15.9,0.0222,8.5952,1.0047
644,9.486400000000001,4.135399999999999,1.0073,3046.93,15.770000000000001,0.0339,8.5687,0.8222
645,-6.862700000000002,7.2038,2.9949,3047.76,15.88,0.0264,9.3335,0.7642
646,0.5791000000000002,6.8827,1.5249,3048.42,15.98,0.0251,8.3324,1.1638
647,13.5518,5.5608,0.6376,3081.97,15.82,0.025400000000000002,8.9562,0.9444
648,-0.07,7.7911,1.6625,2951.85,15.73,0.029900000000000003,8.68028,0.7681
649,0.7591000000000002,4.330399999999999,0.9567,3061.24,15.92,0.025,8.828,0.8344999999999999
650,17.9782,7.950599999999999,1.2778,3021.41,15.84,0.0183,8.5218,1.0323
651,2.1982000000000004,6.1374,1.2559,3064.76,15.54,0.0219,8.7073,0.6066
652,-1.31,8.1214,2.2326,2994.15,15.7,0.0174,8.1161,0.8594999999999999
653,0.7482000000000004,6.6146,1.3435,2988.81,15.73,0.022,8.2395,1.0216
654,5.730900000000002,8.1035,1.4456,3033.52,15.870000000000001,0.0229,9.534,0.565
655,1.484499999999999,6.1176,1.9317999999999997,3033.46,15.63,0.0275,9.193,0.4722
656,7.907099999999999,3.7282,2.9165,3090.42,15.74,0.034080000000000006,8.7947,0.8446
657,4.92,7.7601,0.9322,3085.35,15.91,0.019,9.7324,0.8751999999999999
658,4.7382,4.45188,1.6347,2984.41,15.76,0.0188,8.9541,0.47490000000000004
659,-0.8173000000000006,4.585299999999999,0.6099,2939.8,15.689999999999998,0.0204,8.942,0.9142999999999999
660,15.7936,3.4193,2.6983,3017.5,15.74,0.0126,8.7495,1.1086
661,-2.1,6.5737,1.587,2988.76,15.93,0.0324,8.8546,0.7337
662,4.482700000000002,4.2433,0.882,2970.25,15.870000000000001,0.017,8.5855,0.9588
663,-15.5318,3.3351,0.8442999999999999,3054.13,15.71,0.0138,8.8945,0.8384
664,1.3555000000000008,4.8659,1.2886,3093.46,15.64,0.0209,8.7782,0.745
665,22.2164,5.7072,1.5437,3020.46,15.74,0.0167,9.2658,0.8007
666,-4.9891000000000005,2.4393,1.5268,3068.67,15.75,0.0205,8.8519,0.6927
667,-0.33269999999999944,5.0396,1.9872,2911.37,15.88,0.017300000000000003,8.8384,0.768
668,1.9255000000000009,6.0788,1.88,2972.22,15.88,0.023600000000000003,9.0121,0.8716
669,3.2182000000000004,5.0597,3.1063999999999994,3109.4599999999996,15.67,0.0403,8.4092,0.9251
670,12.743640000000001,6.8211200000000005,3.306,3058.88,15.8,0.0216,8.7289,0.9753
671,7.03,6.4358,0.7854,3066.18,15.82,0.0165,8.6068,0.9812
672,6.369099999999998,3.5093999999999994,1.6774,2991.74,15.99,0.0204,8.7897,0.5377
673,-0.3517999999999996,4.7047,1.9934999999999998,2992.39,15.97,0.021800000000000003,9.7836,0.6987
674,-1.715500000000001,4.207599999999999,0.9185,3040.06,15.7,0.0222,8.8519,0.6927
675,18.1782,10.2601,3.4342,2988.95,15.83,0.015,9.219,0.9109
676,0.10820000000000037,8.686,0.8819,2928.24,15.73,0.0225,9.2016,0.9072
677,-0.5717999999999996,4.6034,1.6325,3006.95,15.92,0.022699999999999998,9.0121,0.8716
678,-0.7844999999999991,7.7185,0.5518,3089.53,15.96,0.0325,8.5135,1.0393
679,-2.1708999999999996,4.197,0.7061,2996.69,15.82,0.016,8.6611,0.7719
680,-3.2082,8.5892,1.0601,3055.13,15.74,0.0231,8.3006,0.8427
681,-1.3773000000000006,10.027199999999999,1.4887,3071.8,15.74,0.033,9.0425,0.6335
682,-0.6726999999999994,6.8464,1.8949,3003.13,15.89,0.0169,8.3436,0.9725
683,5.419099999999998,4.3832,0.8852,3076.52,15.83,0.0304,8.6406,0.8235
684,-5.1391,4.347799999999999,1.9199000000000002,3101.48,15.74,0.0142,9.2016,0.9072
685,-4.9682,1.8685,1.232,3066.38,15.770000000000001,0.0232,8.5571,0.7032
686,5.994500000000001,3.4933,0.6053,2912.76,15.83,0.020000000000000004,8.8513,1.062
687,4.689099999999998,6.0446,1.7303,3045.98,15.98,0.0179,8.8355,0.8571
688,-5.55,2.4673,2.2370999999999994,3024.55,16.07,0.0226,8.8215,0.573
689,-0.7391000000000002,5.1621,0.8569,3180.09,15.73,0.0221,8.749780000000001,0.8229
690,3.929099999999998,4.1375,1.69978,3013.86,15.770000000000001,0.0287,9.131,0.7139
691,-1.4408999999999998,2.5744999999999996,1.3356,2998.44,15.71,0.016,8.942,0.9142999999999999
692,0.7582000000000003,7.0841,0.8939999999999999,2940.65,15.83,0.0273,9.219,0.9109
693,12.539099999999998,9.0303,1.7575000000000003,2930.22,15.83,0.0395,8.93408,0.7584
694,1.7791000000000001,8.0368,2.1254,3068.47,15.75,0.0298,8.9607,0.7392
695,-0.22550000000000092,4.012,1.539,2992.07,15.770000000000001,0.0205,8.941,1.026
696,-1.4626999999999994,6.6101,1.7453,3012.98,15.73,0.0252,9.7571,0.7852
697,1.14,5.524,1.7577,2946.7,15.85,0.0165,8.6439,1.0135
698,-4.3518,5.9175,2.116,3128.1100000000006,15.72,0.023600000000000003,8.947,0.757
699,-2.1264000000000007,4.5812,2.0669,3038.57,15.73,0.0128,8.6024,0.5329
700,-2.1517999999999997,4.4519,1.7126,3084.82,15.71,0.0187,8.4278,0.7558
701,-4.5935999999999995,4.1924,1.4096,2973.56,15.8,0.0181,8.7635,0.7053
702,2.6345000000000014,4.0633,1.0008,2976.58,15.65,0.0255,8.7932,1.0631
703,0.5217999999999996,2.9002,0.732,3014.174,15.75,0.0214,8.287,1.0541
704,-2.9491,3.5892,0.7352,2904.26,15.71,0.0179,8.7402,0.7724
705,22.1827,8.7564,2.1733999999999996,2988.52,15.89,0.0331,8.5405,0.9059
706,2.8627000000000016,9.2907,1.2086,3045.88,15.870000000000001,0.0276,9.0425,0.6335
707,-1.8508999999999998,5.9273,1.7003999999999997,2999.11,15.770000000000001,0.0148,8.4891,0.7674
708,-8.3127,4.1396999999999995,2.4780999999999995,3027.1,15.79,0.0178,8.7487,1.0459
709,-1.0773000000000006,4.670299999999999,2.2147,3052.97,15.84,0.0336,9.2328,0.8041
710,-0.09640000000000074,8.9009,0.9875000000000002,3032.45,15.97,0.0338,8.5779,1.0189
711,5.9282,4.936,1.3999,2908.94,15.72,0.0198,8.3271,0.8469
712,2.8617999999999997,6.4813,1.5744,3052.16,15.89,0.0283,8.3324,1.1638
713,-0.11910000000000018,2.8254,0.6881,3003.05,15.73,0.0158,8.2832,0.7664
714,18.7173,6.8555,2.7782,2957.88,15.84,0.0179,8.5788,0.9683
715,-5.035499999999999,3.7745999999999995,2.3915999999999995,3064.53,15.57,0.017,9.193,0.4722
716,-0.7891000000000001,5.4846,1.575,3000.68,15.65,0.0267,8.3273,0.8704999999999999
717,6.275499999999998,3.2291,1.6291999999999998,3105.06,15.7,0.0208,8.5735,0.9074999999999999
718,-10.4455,5.4725,1.9158,3054.1,15.662,0.0187,8.6556,0.6163
719,4.40766,6.5942,2.6543999999999994,3073.67,15.79,0.014,8.5155,0.9794
720,-1.7264000000000008,5.8142,3.4641,3030.93,15.93,0.0215,9.5126,0.8692999999999999
721,3.2882000000000002,2.8136,1.233,3108.9799999999996,15.93,0.0197,8.6382,0.746
722,0.09449999999999908,6.5727,0.8662,2989.82,15.76,0.0318,8.5232,1.0338
723,-1.045500000000001,4.5404,2.5296,2974.97,15.71,0.0138,8.5615,0.8296999999999999
724,-0.14640000000000072,4.58,0.5662,3023.95,15.7,0.023,8.662,0.6605
725,5.6617999999999995,5.5285,2.0337,2977.29,15.91,0.021800000000000003,8.6772,0.9048
726,4.073599999999999,5.5816,0.9581,3195.57,15.580000000000002,0.0237,8.8105,0.4817
727,-3.1226999999999996,3.3196,1.2317,2960.63,15.79,0.0163,8.8581,0.6373
728,5.630900000000002,5.0146,2.2145,2980.11,15.9,0.026,8.5288,0.9361
729,18.830900000000003,3.4336,1.2707,2847.81,15.83,0.0191,8.7495,1.1086
730,16.6036,4.1499,1.7307,3043.67,15.8,0.0297,9.6272,0.4184
731,8.423599999999999,10.099,2.7848,3035.98,15.83,0.0347,8.6013,1.1815
732,9.674500000000002,5.6653,1.6686000000000003,2969.52,15.8,0.0421,9.0998,1.0551
733,-1.8791000000000002,5.2597,1.3113,3007.85,16.02,0.0276,8.5891,1.1255
734,6.25,4.2749999999999995,1.6247,2955.87,15.71,0.04409999999999999,8.3436,0.9725
735,17.637300000000003,5.0493,2.1130999999999998,2999.72,15.83,0.0232,8.7588,0.4996
736,1.9145000000000014,6.2091,2.8483,3054.7,15.9,0.0395,8.8513,1.062
737,-3.005500000000001,4.363199999999999,0.5608,3037.63,15.689999999999998,0.0217,8.7597,0.8658999999999999
738,-0.5464000000000008,4.7047,0.8348,3122.4299999999994,15.870000000000001,0.0239,8.7696,0.3963
739,-2.8054999999999986,5.1201,1.7086000000000001,3029.98,15.84,0.0318,9.6515,0.5669
740,2.6372999999999984,6.0599,0.9273,3110.14,15.870000000000001,0.0197,8.7568,0.5799
741,6.564500000000002,2.0751,0.7452,3091.76,15.89,0.0228,8.9475,1.0697
742,-9.2836,5.6813,1.8601,3001.41,15.779999999999998,0.0174,9.043,0.7574
743,5.913599999999999,3.0996,2.8715,2999.86,15.83,0.0297,9.2281,1.0147
744,4.3054999999999986,6.286899999999999,3.325,3028.43,15.92,0.0408,8.8513,1.062
745,3.952700000000002,2.0008,1.6111,3034.5,15.73,0.0228,8.3588,0.713
746,0.09550000000000092,4.9375,1.3919,2941.26,15.870000000000001,0.0192,9.2064,0.5066
747,-1.4226999999999994,4.6557,1.7238999999999998,3011.77,16.07,0.0286,8.7326,0.6259
748,-5.414500000000001,8.1944,2.2587,2908.28,15.98,0.0242,8.8215,0.573
749,1.4417999999999995,4.632499999999999,0.6708,3083.14,15.75,0.025,8.6149,1.0359
750,-0.31359999999999927,9.1663,2.2008,3016.46,16.07,0.0439,9.0447,0.7534
751,0.1808999999999998,4.282,1.4463,2924.39,15.73,0.025400000000000002,8.3179,0.6257
752,1.91,9.243,2.0481,2999.24,15.75,0.0217,8.5003,0.8638
753,2.6035999999999992,4.3881,1.1262,3136.1499999999996,15.75,0.0161,8.942,0.9142999999999999
754,-2.9791000000000003,4.6832,0.7081,3027.72,15.73,0.0168,8.3271,0.8469
755,-1.42,7.3182,0.743,2900.69,15.88,0.0119,9.2281,1.0147
756,-0.5126999999999995,4.7687,0.995,2975.8,15.770000000000001,0.0179,8.7037,0.6242
757,2.44,6.0401,1.706,3033.22,15.81,0.0275,8.3845,0.6787
758,-2.855500000000001,3.5169,0.8507,3002.54,15.47,0.0279,8.7326,0.6259
759,-2.5382000000000002,6.2289,0.701,3051.2,15.75,0.025,9.2189,0.7447
760,1.47,5.7143,1.1604,3074.58,15.71,0.0168,8.6544,0.6641
761,0.1691000000000002,6.96806,1.5163,2997.28,15.89,0.0282,9.2047,0.7153
762,5.49126,9.2718,1.476,3039.57,15.76,0.016,8.6667,1.0959
763,18.4,8.9202,2.4881999999999995,3017.11,15.85,0.0257,8.5405,0.9059
764,-5.933599999999999,6.0378,1.5231,3055.29,15.71,0.0238,8.7199,0.714
765,-5.927299999999998,5.2422,1.4566,3154.13,15.75,0.0181,8.7635,0.7053
766,0.06269999999999945,2.6067999999999993,0.9350999999999999,3072.1,15.870000000000001,0.021500000000000002,8.3267,0.9329000000000001
767,-2.665500000000001,2.2386,1.5274,2978.9,15.7,0.015,9.6136,0.8387
768,-1.0408999999999997,4.9073,1.352,3053.48,15.580000000000002,0.019,9.0606,0.9163
769,-5.335499999999999,5.6449,2.0254800000000004,3067.89,15.75,0.0347,8.536,1.1525
770,-1.9682000000000004,10.2046,0.8953999999999999,3073.57,15.95,0.0163,8.5334,0.9826
771,5.053100000000001,8.0391,1.0062,2951.2,15.76,0.02958,9.139820000000002,0.8735
772,3.2272999999999983,6.132,1.2274,3045.05,15.73,0.0252,8.6068,0.9812
773,0.3491000000000002,4.671999999999999,2.6773999999999996,2939.93,15.67,0.0235,8.897,0.4685
774,-3.6564000000000005,4.4621,2.9692999999999996,3002.27,15.88,0.0315,8.6397,0.9964999999999999
775,18.3209,2.2849,0.6396,2990.22,15.73,0.02278,8.7599,1.0407
776,2.6217999999999995,5.5797,1.8783,2973.716,15.9,0.0199,8.4896,0.9735
777,2.5026999999999995,7.8622,2.2025,3038.25,15.89,0.0187,9.5713,0.7928
778,1.8317999999999997,4.251799999999999,1.9453000000000003,3042.43,15.66,0.026,8.6024,0.5329
779,-11.4709,3.3267999999999995,0.9243,2943.34,15.83,0.0242,9.8481,0.764
780,1.014499999999999,3.6118,1.3286,3044.39,15.7,0.0185,8.7073,0.6066
781,2.5717999999999996,6.2216,1.4149,3015.13,15.8,0.024,9.6938,0.9729
782,0.2526999999999994,5.48286,1.3297,2984.8,15.65,0.0157,8.7073,0.6066
783,-3.1517999999999997,4.6772,0.4834,3017.65,15.61,0.0171,9.22,0.9916000000000001
784,-1.8735999999999993,4.2324,0.9393,3193.5299999999997,15.75,0.0212,8.8973,0.6796
785,1.5882000000000003,5.4022,1.6989,2865.0,15.62,0.0266,8.6556,0.6163
786,-7.507299999999998,6.2009,1.988,2957.63,15.770000000000001,0.0267,8.9635,0.7643
787,2.4717999999999996,6.6471,0.9692,3042.36,15.97,0.0155,8.7283,0.604
788,12.51564,6.0001,2.2397,2872.01,15.79,0.0162,8.6211,0.7408
789,13.1136,5.8357,2.4863,2972.78,16.01,0.031180000000000003,8.8388,0.9835999999999999
790,22.7636,5.207199999999999,2.2325,2940.17,15.84,0.0426,8.7879,0.8556
791,5.949099999999998,6.4118,2.3659999999999997,3056.58,15.779999999999998,0.0242,8.2823,0.8133
792,-1.65,4.549299999999999,1.0956,3026.67,15.770000000000001,0.0209,9.004,0.6254
793,-6.6617999999999995,5.7503,1.5479,3022.6,15.65,0.0215,8.3591,0.5765
794,-0.33269999999999944,6.266200000000001,2.8743999999999996,2962.13,15.870000000000001,0.0265,8.8513,1.062
795,-2.67,7.8399,1.3428,2972.6,15.72,0.0257,9.0639,0.9091
796,-4.5718,6.4959,1.7615,2958.3,15.770000000000001,0.0172,8.9607,0.7392
797,4.908200000000001,3.0356999999999994,1.3763,3075.12,15.91,0.0132,8.8836,0.7511
798,5.420900000000002,7.0153,1.2677,3089.1,15.71,0.0222,8.58,0.684
799,1.5217999999999996,4.3655,2.0185,3069.31,15.779999999999998,0.028100000000000003,8.6074,0.8786999999999999
800,9.2082,9.6042,3.4227,2916.02,15.83,0.0375,8.6013,1.1815
801,1.1655000000000009,3.6022000000000003,1.6513000000000002,3054.34,16.09,0.0206,8.8105,0.4817
802,-2.8726999999999996,3.7155999999999993,2.1074,3069.3,15.680000000000001,0.0188,8.58,0.684
803,4.591799999999999,3.8241000000000005,2.4924999999999997,2951.83,15.8,0.0262,9.0145,0.5478
804,0.22359999999999927,3.3124,0.8445,3033.78,16.01,0.019,8.3808,0.8076
805,-0.27179999999999965,8.4926,1.1587,3048.54,15.62,0.018,8.5615,0.832
806,-5.9682,3.8774,0.6414,3099.37,15.76,0.0193,8.9132,0.656
807,-6.063599999999999,4.5022,1.9149,3050.96,15.8,0.020000000000000004,8.9036,0.8089
808,4.012379999999997,6.3688,2.7636,3070.5,15.66,0.03490000000000001,9.3851,0.4221
809,2.9545000000000012,5.7415,1.9269,3027.01,15.67,0.024200000000000003,8.1728,0.7584
810,-2.9182000000000006,5.7046,2.0837,3086.92,15.7,0.0247,8.7779,0.46599999999999997
811,2.75,3.8384,1.7883999999999998,2956.84,15.88,0.022,8.6439,1.0135
812,0.7226999999999995,3.6395,0.5385,3042.7,15.89,0.0141,8.7867,0.78
813,-8.64,8.846,1.9641,3165.51,15.8,0.0295,8.5788,0.9715000000000001
814,-3.0909,7.245399999999999,0.8215,3185.69,15.689999999999998,0.021,8.7556,0.8531999999999998
815,15.952699999999997,3.6140000000000003,2.047,3004.09,15.71,0.0397,9.1784,0.7898
816,14.9018,7.856099999999999,2.3814,3067.43,15.870000000000001,0.0175,9.5642,0.5593
817,2.872700000000002,5.1336,0.6788,3022.33,15.7,0.0209,8.8355,0.8571
818,3.1190999999999978,4.7726999999999995,0.6308,3200.3599999999997,15.770000000000001,0.0191,9.6938,0.9729
819,-1.1255000000000008,6.3446,1.6873,3100.1199999999994,15.689999999999998,0.0137,8.7418,0.9192999999999999
820,-2.9726999999999992,5.8586,1.2182,3162.14,15.770000000000001,0.0179,9.0942,0.7677
821,2.2726999999999995,5.0108,0.9596,3010.83,15.73,0.0203,8.3159,0.74
822,-1.0212999999999965,4.94376,2.2266999999999997,2993.59,15.96,0.0235,8.77292,0.5279
823,-0.004499999999999088,7.5303,1.6441999999999999,3053.64,15.7,0.0269,8.1161,0.8594999999999999
824,14.7345,5.0284,0.9892999999999998,3041.33,15.85,0.023,9.4043,0.5677
825,19.8,7.0096,1.7207,2975.64,15.83,0.0137,9.2658,0.8007
826,3.97,6.518299999999999,2.3943,2987.32,15.84,0.0268,8.6572,1.1404
827,-0.5044999999999991,2.8381000000000003,0.8859000000000001,2969.994,15.779999999999998,0.0242,8.2776,0.6857
828,3.3054999999999986,5.9797400000000005,3.1679999999999997,3093.48,15.85,0.044,8.9416,0.7121
829,0.43820000000000037,5.5751,2.2863,2990.68,15.76,0.0168,9.1287,0.8163
830,-2.0309,3.7988999999999997,1.008,3201.05,15.96,0.0149,8.322,0.7506
831,0.5364000000000008,4.1514,0.5575,3010.3,15.779999999999998,0.021,8.7609,1.0404
832,4.7282,5.4399999999999995,1.8981,2996.28,15.860000000000001,0.0242,9.0447,0.7534
833,0.2355000000000009,5.5748,1.8483000000000003,3025.09,15.779999999999998,0.0157,8.7782,0.745
834,-1.9726999999999995,2.7865,2.2150999999999996,2947.5,16.07,0.0175,8.3808,0.8076
835,2.996400000000001,4.3328,1.8511000000000002,3015.48,15.75,0.0164,9.2328,0.8041
836,-0.3773000000000005,5.0724,0.6791,2995.32,15.770000000000001,0.0251,8.7326,0.6259
837,4.0614399999999975,7.1654,1.8744,3080.26,15.76,0.0426,8.7947,0.8446
838,0.47820000000000035,5.2546,1.7421000000000002,3049.97,15.52,0.0437,8.3591,0.5765
839,2.596400000000001,6.050700000000001,2.2691999999999997,3114.4599999999996,15.73,0.0222,8.659,0.9873
840,1.4217999999999997,5.432100000000001,3.3167,3082.31,15.870000000000001,0.0275,9.1757,0.7059
841,1.4035999999999993,2.7192999999999996,2.9543,3033.82,15.88,0.0257,8.4092,0.9251
842,1.7078200000000023,6.07104,1.0063,2990.76,15.99,0.023,8.61116,0.7681
843,4.7864,3.9746,2.4219,3013.164,15.85,0.0253,9.043,0.7574
844,-1.8826999999999994,3.4658,1.2726,2829.84,15.7,0.03,8.8909,0.6815
845,9.8418,4.8133,2.4446,2892.37,15.73,0.0411,8.3754,0.7808
846,18.63,3.6187999999999994,2.6101999999999994,3055.21,15.9,0.0221,9.2433,0.7162
847,-6.646400000000001,4.605599999999999,1.7424999999999997,2924.32,15.96,0.0168,8.8215,0.573
848,-0.04820000000000037,8.5143,1.4577,2946.25,15.88,0.0166,9.6484,0.7384
849,-1.9826999999999995,3.8989000000000003,1.1976,2990.69,15.7,0.015,8.5862,0.9332
850,4.812700000000001,2.9198,1.937,2984.06,15.73,0.0122,8.5003,0.8638
851,-1.3226999999999995,6.028239999999999,2.4327,3037.82,15.95,0.0172,8.5232,1.0338
852,1.4355000000000009,6.3172,1.3955,3083.97,15.770000000000001,0.0374,8.9416,0.7121
853,0.11550000000000091,5.1901,1.0931,2960.65,15.98,0.0128,8.5788,0.9715000000000001
854,-0.05089999999999982,3.5047,0.6889,3051.68,15.75,0.0203,8.7609,1.0404
855,1.89,3.255,1.0785,2921.73,15.89,0.0171,8.7373,0.587
856,2.699099999999998,6.2357,0.5373,3020.7,16.09,0.0285,8.1409,0.7663
857,-2.935500000000001,4.0987,1.003,3031.01,15.779999999999998,0.03,8.9979,0.7258
858,1.5273000000000005,6.2217,3.3827999999999996,2994.7940000000003,15.74,0.014,8.9036,0.8089
859,1.5526999999999995,4.471,1.3856,3073.93,15.9,0.0224,9.3851,0.4221
860,-8.6982,6.9142,0.8375999999999999,3010.92,15.88,0.0233,8.441,0.9383
861,0.14910000000000018,5.4108,2.2504,2993.04,15.97,0.0201,8.5891,1.1255
862,-1.89,6.5694,1.5576,3061.59,15.61,0.0232,8.4855,0.8144999999999999
863,1.0517999999999996,7.4639,0.8125000000000001,2970.11,15.82,0.0144,8.8889,1.0478
864,-1.5664000000000007,3.686,2.0681,3045.7,15.8,0.03514,9.2436,0.8926
865,2.2518,4.0085,1.2405,2987.43,15.9,0.0239,8.5855,0.9588
866,3.9027000000000016,9.1554,2.4360999999999997,2925.62,15.66,0.0217,8.3006,0.8160999999999999
867,5.6382,7.1516,0.7218,2996.04,15.72,0.0277,8.7609,1.0404
868,4.8790999999999976,3.1537,0.7659,2945.66,15.75,0.0185,8.942,0.9142999999999999
869,4.440900000000002,4.7966,0.7117,3123.02,15.89,0.0162,8.2832,0.7664
870,-2.2409,5.1201,0.9161,2888.9,15.71,0.0138,8.8562,0.6179
871,1.4464000000000008,4.7955,0.9116,3017.28,15.97,0.0284,8.7812,0.8230999999999999
872,-3.4191000000000003,4.1053999999999995,2.2375,2992.34,15.61,0.028100000000000003,8.2914,0.6385
873,-2.3391,4.2557,2.5263,3040.91,15.88,0.023,8.7812,0.8230999999999999
874,-2.443599999999999,5.076599999999999,1.2142,3093.24,15.67,0.026359999999999998,8.1728,0.7584
875,9.282700000000002,4.1834,1.9656,3028.5,15.99,0.0244,8.7994,0.8435
876,1.0673000000000006,4.879,0.6788,3005.04,15.73,0.0169,8.5003,0.8638
877,22.438200000000002,6.1088,3.0222,2997.92,15.85,0.0176,8.5218,1.0323
878,1.3008999999999997,5.137899999999999,2.5347,3039.04,15.73,0.0226,8.2395,1.0216
879,0.23,7.5804,2.4707,2978.62,15.97,0.0257,8.5779,1.0189
880,3.3882000000000003,3.9686,0.9575,3169.93,15.779999999999998,0.022,9.7137,0.3973
881,-0.5335999999999993,5.1598,2.4949999999999997,2950.92,15.75,0.0213,8.7015,0.8336
882,-7.665499999999999,4.0743,1.424,2870.13,15.79,0.0209,8.6556,0.6163
883,0.67,3.9365,0.8891,3190.78,16.08,0.0188,9.0402,0.647
884,15.679099999999998,8.6597,3.1476,3054.84,15.82,0.014499999999999999,8.5788,0.9683
885,0.48550000000000093,6.8579,1.5273,2957.04,15.779999999999998,0.0243,8.3179,0.6257
886,0.3208999999999998,3.7579,2.5602999999999994,2932.1,15.779999999999998,0.0271,8.2832,0.7664
887,17.547300000000003,4.4298,0.6586,2963.83,15.93,0.0433,8.9336,1.0644
888,15.150900000000002,5.1087,0.5325,2962.14,15.93,0.0428,9.1585,0.9368
889,2.835499999999999,3.5958,2.5,2953.65,15.84,0.0431,9.4043,0.5677
890,-3.3454999999999986,5.781799999999999,2.0931,3034.01,15.689999999999998,0.0205,8.65762,0.8229
891,4.475819999999999,7.5725999999999996,1.8393,2999.18,15.8,0.0208,8.818140000000001,0.8735
892,-3.1382000000000003,3.4336,2.1009999999999995,2889.7,15.79,0.0175,8.627,0.5742
893,1.7035999999999993,4.4746,2.7909999999999995,3057.49,15.860000000000001,0.0267,9.088,0.481
894,18.366539999999997,6.9238,1.7573,2958.09,15.93,0.0433,8.659,1.2771
895,0.8017999999999996,5.6521,2.483,2927.75,15.73,0.02802,8.4092,0.9251
896,-0.24179999999999963,6.958700000000001,1.9366999999999999,2939.4,15.63,0.0193,8.7073,0.6066
897,5.578200000000001,4.575699999999999,0.9436,3065.36,15.96,0.0329,8.6406,0.8235
898,3.8164000000000007,9.7437,2.6656999999999997,2951.59,15.63,0.0162,8.7144,1.2672
899,-3.496400000000001,6.2188,1.2336,3104.27,15.770000000000001,0.017300000000000003,8.7646,0.8262999999999999
900,3.4827000000000017,2.4138,2.486,3002.824,15.72,0.019899999999999998,8.436,1.0765
901,-11.9682,7.092600000000001,0.9374,3000.39,15.92,0.0259,8.5218,1.0323
902,-7.1518,3.2322,2.0215,3031.85,15.96,0.0168,8.7556,0.8531999999999998
903,-2.9973000000000005,6.1033,3.3551,2821.63,15.870000000000001,0.0224,8.828,0.8344999999999999
904,15.307300000000003,5.9828,2.9436999999999998,3040.1,15.97,0.0232,8.6527,1.1869
905,-0.05550000000000091,11.0059,2.3549999999999995,3110.23,15.8,0.0307,8.7283,0.604
906,-2.6364000000000005,3.7718,1.0289,2949.99,15.7,0.0167,8.8331,0.9358999999999998
907,1.0309,5.174099999999999,1.6671000000000002,2972.52,15.770000000000001,0.018199999999999997,8.7401,0.7159
908,13.8118,4.9417,1.2128,3000.56,15.73,0.029799999999999997,8.7588,0.4996
909,2.4673000000000007,2.8374,1.8983,3043.67,15.93,0.0233,8.7283,0.604
910,6.263599999999999,8.6184,0.7065,2971.75,15.779999999999998,0.0186,9.7571,0.7852
911,-5.957300000000001,5.1833,1.8340000000000003,2999.04,15.82,0.024,8.3663,0.5779
912,6.080179999999999,4.3641,2.1588999999999996,2942.31,15.83,0.012,8.75218,0.5279
913,1.5117999999999996,5.0366,1.4853,3028.64,15.72,0.0226,8.4597,0.7832
914,0.03269999999999945,2.5159,0.6053,3088.41,15.73,0.0141,8.8519,0.6927
915,-2.5026999999999995,4.6539,1.0695,2916.93,15.779999999999998,0.028,8.8562,0.6179
916,2.0335999999999994,4.4464,1.6919000000000002,2989.44,15.97,0.032,8.5615,0.832
917,5.4964,6.2816,0.9823,2971.93,15.63,0.0248,8.2823,0.8133
918,10.374500000000001,6.9014,3.0420999999999996,2935.73,15.82,0.0135,9.2655,0.7747
919,14.0531,8.6352,2.2327999999999997,2917.86,15.7,0.0418,8.6667,1.0959
920,-2.793599999999999,5.9309,0.8949,2999.4,15.73,0.030699999999999998,9.2291,0.811
921,-1.5991000000000002,6.0422,1.49,2978.33,15.76,0.0257,8.5571,0.7032
922,4.754500000000001,6.2911,1.3574,3042.12,15.56,0.025400000000000002,8.9605,0.9273999999999999
923,-0.84,7.451599999999999,3.075,2821.23,15.9,0.0235,8.828,0.8344999999999999
924,8.010019999999995,5.6325,2.7607,3038.21,15.91,0.0232,9.3998,0.596
925,20.6,4.3662,1.4611,2913.42,15.64,0.0113,8.9336,1.0644
926,12.094500000000002,5.2191,2.7486999999999995,3076.38,15.9,0.0165,8.7487,1.0459
927,-4.9627,5.8746,0.8082,3020.62,15.75,0.0255,9.1526,0.4254
928,3.4827000000000017,6.8368,2.4361999999999995,3005.14,15.95,0.0368,8.8132,0.8146
929,7.027300000000003,3.7146,0.6901,3003.72,15.92,0.0224,8.8624,0.7655
930,-2.0554999999999986,5.2289,0.6429,2992.61,16.01,0.0176,9.0776,0.5888
931,-1.1626999999999994,3.975,0.6182,3073.57,15.56,0.0255,9.193,0.4722
932,2.164499999999999,6.8985,2.3047,2988.93,15.72,0.0247,8.2823,0.8133
933,-5.885500000000001,2.5985,2.0192,2982.27,16.07,0.0225,8.9541,0.47490000000000004
934,2.505500000000001,6.3005,1.662,3005.61,15.95,0.0196,8.3331,0.9396
935,3.164500000000001,3.11,0.8265999999999999,2895.09,15.73,0.0142,8.9818,1.0199
936,0.7064000000000007,6.7658,2.7946999999999997,2895.71,15.89,0.0179,8.7418,0.9192999999999999
937,0.16179999999999964,9.6091,2.5422999999999996,2987.72,15.779999999999998,0.0176,8.5459,1.0918
938,-1.2164000000000008,10.9187,1.3597,2988.39,15.84,0.0234,9.6515,0.5669
939,1.1891000000000003,6.2608,1.3728,2955.82,15.74,0.0446,9.2064,0.5066
940,3.4482000000000004,5.2947,0.7328,3001.26,15.92,0.0201,8.5407,0.4382
941,2.0909,4.8154,0.7829,3094.57,15.73,0.0243,8.8909,0.6815
942,6.918160000000003,7.7394,2.9313,3031.44,15.8,0.0146,9.2433,0.7162
943,-0.3235999999999993,3.596,1.1041,3014.54,15.72,0.028,9.3335,0.7642
944,-1.5117999999999996,6.4179,1.5816,2973.71,15.91,0.0259,8.6439,1.0135
945,5.145099999999999,5.8803,3.1409,2933.79,15.8,0.0319,8.7879,0.8556
946,-2.6354999999999986,6.1127,0.9610999999999998,3087.64,15.74,0.0162,9.0606,0.9163
947,-1.9291000000000003,4.091099999999999,0.6942,3040.28,15.57,0.0195,8.9979,0.7258
948,1.3254999999999986,7.4533,3.102,2974.65,15.870000000000001,0.0201,8.7646,0.8262999999999999
949,1.7908999999999997,5.1569,1.6897,2889.78,16.01,0.0226,9.534,0.565
950,3.0790999999999977,4.4853,1.3926,3086.08,15.779999999999998,0.0295,8.3006,0.8427
951,-5.76,3.5226,0.5373,3026.53,15.93,0.0237,9.6136,0.8387
952,4.6209000000000024,5.9706,2.7155,2961.04,15.54,0.0186,8.5801,0.8304
953,3.850900000000002,3.3876,1.8941999999999999,3039.93,15.83,0.0189,9.1502,0.7162
954,-6.605499999999998,6.0071,0.9619000000000001,3108.5,15.95,0.0139,8.7932,0.8159
955,-4.8609,6.2351,1.7139000000000002,3117.3,15.91,0.030799999999999998,9.6515,0.5669
956,-3.2154999999999987,2.7452000000000005,1.2307,3062.78,15.7,0.0132,8.8597,0.8933999999999999
957,-1.67,6.8634,1.7975,3074.24,15.7,0.0433,8.9833,0.8149999999999998
958,6.505079999999999,8.4806,2.2259999999999995,2855.96,15.91,0.0318,8.8287,0.9251
959,12.062699999999998,5.309,2.7403,2926.07,15.870000000000001,0.0286,9.1784,0.7898
960,3.1417999999999995,4.4095,0.8916000000000001,2893.56,15.67,0.02756,9.2291,0.811
961,8.817299999999998,8.7428,1.5748,3015.67,15.84,0.0195,8.7851,0.4389
962,5.5318,5.0629,1.7550999999999999,3085.93,15.67,0.0196,8.3006,0.8160999999999999
963,-1.4564000000000008,3.5746999999999995,1.4288,3055.54,15.74,0.0209,9.0606,0.9163
964,-0.7782000000000003,3.9458,1.3322,3096.81,15.860000000000001,0.0256,8.7568,0.5799
965,0.4591000000000002,4.2411,0.6912,2986.32,15.84,0.0342,8.5177,0.8384
966,1.8108999999999997,5.9964,0.984,3013.32,15.860000000000001,0.0273,9.1141,0.7193
967,-6.384500000000001,5.1659,0.8355000000000001,3001.83,16.02,0.027,8.662,0.6605
968,13.5955,8.3351,3.4668,3065.02,15.88,0.026,9.7484,0.9413000000000001
969,4.622700000000002,3.6709,1.8824,2951.14,15.766,0.02406,8.1728,0.7584
970,7.937299999999999,3.0303,1.6372,2967.57,15.92,0.011800000000000001,8.5251,0.8689999999999999
971,-0.6817999999999996,4.6431,1.0078,2979.32,15.98,0.015399999999999999,8.7646,0.8262999999999999
972,4.420900000000002,5.599199999999999,2.1116999999999995,3028.34,15.770000000000001,0.0188,8.7552,0.9066
973,1.4608999999999999,5.8149,0.6259,3006.75,15.7,0.0208,8.897,0.4685
974,6.077300000000003,3.9105,0.7922,3069.72,15.71,0.0212,8.3436,0.9725
975,7.772700000000002,9.723499999999998,2.4383,3120.68,15.85,0.0164,8.7851,0.4389
976,5.891259999999999,6.4746,1.9689,2988.72,15.590000000000002,0.0407,8.6789,1.1054
977,3.7554999999999987,7.5153,0.7995,3029.94,15.75,0.027,9.2064,0.5066
978,8.954719999999996,3.61,1.9549000000000003,2958.13,15.74,0.0397,9.2658,0.8007
979,10.0236,8.1842,3.0165999999999995,3024.74,15.72,0.0289,8.5155,0.9794
980,-5.532700000000002,4.2575,2.0135,3032.73,15.82,0.0225,8.5762,0.8226999999999999
981,3.142700000000002,4.1328,1.2951,3053.48,15.770000000000001,0.0235,9.0402,0.647
982,-8.3955,6.2134,2.2551,3071.58,15.85,0.0392,9.2328,0.8041
983,-1.3126999999999995,4.3130999999999995,0.8033,3050.71,15.64,0.0273,8.897,0.4685
984,-1.5764000000000007,5.4363,2.1404999999999994,3136.34,15.65,0.0158,8.7073,0.6066
985,-2.6591,6.2544,1.4465,2970.42,15.56,0.0264,8.41976,1.0918
986,-2.8845000000000014,2.4060000000000006,1.7027,2911.22,15.56,0.0222,9.004,0.6254
987,6.060720000000003,4.9295,2.7460999999999998,2946.86,15.83,0.0217,8.7495,1.1086
988,-6.054500000000002,6.060100000000001,0.9103,2993.53,15.689999999999998,0.0187,8.7219,0.7663
989,11.481259999999999,7.7496,2.975,2950.24,15.84,0.0285,9.2655,0.7747
990,-4.6109,6.1402,1.3093,3078.6,15.81,0.0188,9.0811,1.1213
991,0.19820000000000038,2.5177,0.7557,2880.58,15.770000000000001,0.0223,8.9818,1.0199
992,-12.0473,10.8564,2.2584999999999997,2948.42,15.83,0.0251,8.5177,0.8384
993,-6.483599999999999,4.0269,2.2474999999999996,3046.33,15.680000000000001,0.0106,8.6942,1.0891
994,-5.6018,5.7121,3.0453,3084.0,15.73,0.03,8.3324,1.1638
995,-0.02359999999999927,5.4204,0.5999,3038.74,15.73,0.0191,8.7383,1.0186
996,0.9776200000000006,5.32708,2.5906999999999996,3012.09,15.79,0.0234,8.6706,0.5836
997,-6.044500000000001,9.3679,0.7016,3059.01,16.01,0.0161,9.0776,0.5888
998,-2.155500000000001,3.9525,2.4515,2893.07,15.680000000000001,0.0365,8.4278,0.7558
999,-3.8982000000000006,3.6575,1.0594,2954.41,15.85,0.0222,9.0776,0.5888
1000,2.0008999999999997,7.7429,1.0304,2959.29,15.870000000000001,0.04130000000000001,8.7219,0.7663
1001,-2.3108999999999997,7.9419,1.8608,2994.64,15.76,0.0112,8.6024,0.5329
1002,9.072160000000002,4.459399999999999,2.7761,3019.05,15.88,0.02792,9.3998,0.596
1003,2.7582000000000004,7.593,1.1861,3108.23,15.63,0.0206,9.1156,0.8216999999999999
1004,3.1727000000000016,3.742,2.0421,3001.71,15.76,0.024,8.75912,0.3512
1005,-1.2426999999999995,5.573799999999999,0.8475,3111.6399999999994,15.9,0.0234,9.2016,0.9072
1006,-6.084500000000001,5.4246,0.5768,3099.58,15.72,0.0198,9.4336,1.1623
1007,-1.7609,11.0497,1.2625,2929.6,15.96,0.0191,8.7283,0.604
1008,3.3654999999999986,3.9414000000000002,2.0924,3037.38,15.91,0.0139,8.8043,0.7316
1009,0.8526999999999995,5.5495,1.76,2871.62,15.770000000000001,0.021,9.3868,0.8197999999999999
1010,1.54,9.366000000000001,2.008,2978.87,15.95,0.0256,8.7662,0.57
1011,-2.7845000000000013,2.6974,1.7859,3001.95,15.89,0.0256,8.7635,0.7053
1012,4.403599999999999,4.6098,0.5602,2981.31,15.870000000000001,0.027,8.8249,0.6302
1013,-5.3054999999999986,3.6862,2.9892,3047.67,15.83,0.017300000000000003,8.9336,1.0644
1014,1.63,6.7438,2.0389,3038.68,15.83,0.0274,8.324,0.7849
1015,3.19,7.8401,0.9802,3024.24,15.95,0.0286,8.7283,0.604
1016,20.5864,4.797899999999999,2.2536,2960.18,15.66,0.0428,8.98902,0.8735
1017,-1.1582000000000003,4.9308,0.9469999999999998,3067.95,15.8,0.0331,8.9546,0.8882999999999999
1018,-0.95,3.4077,1.3254,2972.12,15.89,0.021800000000000003,8.4896,0.9735
1019,-1.86,4.7955,1.0705,3075.32,15.71,0.0179,8.322,0.7506
1020,6.40436,4.405799999999999,2.6333,3012.98,15.92,0.0329,9.3998,0.596
1021,-3.2435999999999994,5.7353,1.1209,3025.4959999999996,15.74,0.03509999999999999,9.1637,0.5858
1022,0.59,2.3731,1.7127,2997.33,15.7,0.0232,8.4537,0.9186
1023,-3.6154999999999986,2.9962,0.8965,3072.44,15.689999999999998,0.0135,8.7383,1.0186
1024,-1.6044999999999991,3.8038,0.9678,3180.23,15.7,0.0155,8.9818,1.0199
1025,3.0945000000000014,1.6872,1.1936,2982.07,15.81,0.0285,8.3542,0.8230999999999999
1026,0.5755000000000009,8.1897,1.978,3034.9,15.9,0.0176,9.7836,0.6987
1027,1.2882000000000005,8.2318,2.0521,2975.57,15.75,0.0212,8.5596,0.6805
1028,16.8445,9.8085,2.132,2970.87,15.89,0.0151,9.2655,0.7747
1029,-1.054499999999999,9.2151,1.5532,2978.77,15.7,0.0207,9.4336,1.1623
1030,-0.19179999999999964,3.0794,1.3467,2980.29,15.73,0.0195,8.4278,0.7558
1031,2.622700000000002,4.368099999999999,1.5221,3061.73,15.72,0.0294,8.897,0.4685
1032,2.1973000000000007,3.7115,0.7521,3086.52,15.92,0.0222,8.3179,0.6257
1033,-9.4964,4.1991,2.1482999999999994,3067.34,15.8,0.017300000000000003,9.043,0.7574
1034,-5.125499999999999,3.6831,1.2085,3077.04,15.73,0.031,8.3591,0.5765
1035,0.25730000000000053,8.6821,1.802,2884.65,15.99,0.0196,8.659,0.9873
1036,3.395499999999999,6.873700000000001,0.6371,3047.0,15.75,0.0158,8.6915,0.9639
1037,2.6872999999999982,3.6244,1.3187,2960.54,15.83,0.0168,8.6005,1.1248
1038,11.681800000000004,6.6665,1.2701,3066.19,15.83,0.03554,8.8033,0.662
1039,2.5335999999999994,4.8187,1.1293,2990.85,15.97,0.0401,8.77,0.7593
1040,22.3736,9.6886,0.9441999999999999,3052.43,15.8,0.027,8.5405,0.9059
1041,2.385500000000001,6.7805,1.619,2958.83,15.66,0.0307,8.2638,0.9726000000000001
1042,0.9991000000000002,4.7485,0.8594000000000002,3100.96,15.91,0.022,8.71454,0.7681
1043,11.485499999999998,5.4073,1.4773,2996.95,15.91,0.0153,8.8043,0.7316
1044,1.2108999999999999,3.1765000000000003,0.989,2886.03,15.860000000000001,0.0273,8.9818,1.0199
1045,-0.5455000000000009,5.4201,1.9521,3051.02,15.96,0.0248,8.8581,0.6373
1046,2.74,4.2038,0.7693,2976.24,15.95,0.0262,8.7696,0.3963
1047,-0.21730000000000055,3.1175,1.194,3065.83,15.82,0.0273,8.8505,0.687
1048,0.7355000000000009,4.739899999999999,2.8690999999999995,3036.64,15.54,0.0231,8.572,0.9237999999999998
1049,-2.8245000000000013,2.9356,2.3768999999999996,2975.72,15.67,0.0124,8.3845,0.6787
1050,-3.7073000000000005,3.3667,1.7963,3089.26,15.61,0.0326,9.1637,0.5858
1051,-5.164500000000001,4.419999999999999,0.7671,2951.84,15.73,0.0156,8.6024,0.5329
1052,-0.26179999999999964,6.2017,0.6072,2973.57,15.88,0.023600000000000003,9.0622,0.8342999999999999
1053,-2.3126999999999995,4.7977,1.1789,3059.59,15.72,0.03869999999999999,8.5615,0.8296999999999999
1054,-1.99,6.1495,0.7514,3054.01,15.61,0.0215,9.534,0.565
1055,-0.21730000000000055,5.3996,1.7229,2931.26,15.95,0.0225,8.77,0.7593
1056,-3.9073000000000007,6.9496,1.0917,2998.06,15.770000000000001,0.0233,9.152,0.8757999999999999
1057,2.0608999999999997,3.9852,1.969,2996.66,15.770000000000001,0.0124,9.18062,0.76112
1058,-1.9573000000000005,9.1321,1.7245,2968.78,15.98,0.0238,8.6706,0.5836
1059,17.6864,6.5423,1.827,2976.48,15.74,0.0134,8.9336,1.0644
1060,2.114499999999999,5.1912,2.016,2953.59,15.73,0.0289,8.7932,1.0631
1061,5.17,6.4886,0.8682000000000001,2909.43,15.84,0.015,8.2061,0.47439999999999993
1062,11.566180000000001,2.6817,2.1363999999999996,2940.53,15.83,0.0188,8.6667,1.0959
1063,0.9826999999999995,6.454,1.2488,2949.77,15.85,0.0188,8.4896,0.9735
1064,2.3182000000000005,8.4018,0.7825,3081.34,15.71,0.0267,9.131,0.7139
1065,20.0236,8.0814,3.1606999999999994,2962.65,15.85,0.0223,8.872,0.7524
1066,8.319820000000002,8.1183,2.7193999999999994,3071.09,15.83,0.039,8.6667,1.0959
1067,0.5608999999999998,7.20638,0.6284,3017.86,15.66,0.0212,9.2016,0.9072
1068,-0.5326999999999995,6.4537,1.3597,2908.22,15.7,0.0238,8.6611,0.7719
1069,-3.9045000000000014,5.3634,0.7296,3073.25,15.84,0.021800000000000003,8.6149,1.0359
1070,3.1382000000000003,7.8219,2.4133,3049.58,15.66,0.0315,8.8424,0.5284
1071,9.55074,4.226699999999999,2.8445,3046.34,15.76,0.0389,9.1638,0.6641
1072,-0.41730000000000056,9.9344,1.6039,3072.99,15.96,0.025400000000000002,9.7836,0.6987
1073,10.59638,5.0971,2.4780999999999995,2831.91,15.680000000000001,0.04018,9.1638,0.6641
1074,1.7626999999999995,2.0193,1.9753999999999998,3024.7940000000003,15.71,0.0184,8.4278,0.7558
1075,1.555500000000001,2.8002,1.5322,3015.77,15.870000000000001,0.0165,8.6149,1.0359
1076,2.505500000000001,6.284,0.6345,2982.67,16.01,0.0157,8.5298,0.9276000000000001
1077,-3.4873000000000007,5.9222,2.3159,2953.63,15.73,0.0151,8.662,0.6605
1078,-2.7973000000000003,3.8491400000000002,1.5726,2928.89,15.71,0.028,8.5735,0.9074999999999999
1079,3.8964000000000008,3.7055,2.6404999999999994,3022.71,15.66,0.0311,8.6942,1.0891
1080,5.081799999999999,5.2405,1.8986,2993.19,15.73,0.016,8.5003,0.8638
1081,-0.030899999999999817,7.7416,1.492,2970.71,15.99,0.0304,8.659,0.9873
1082,-1.0082000000000004,2.2394,2.364,2989.37,16.02,0.0203,8.7662,0.57
1083,18.682699999999997,7.4078,1.7603000000000002,3006.23,15.74,0.020440000000000003,8.8388,0.9835999999999999
1084,17.54472,6.94684,1.5173,3090.18,15.74,0.0369,8.7599,1.0407
1085,4.0554999999999986,6.179899999999999,1.0491,3070.63,15.779999999999998,0.0319,8.6074,0.8786999999999999
1086,1.2208999999999999,9.3285,1.71118,2921.48,15.73,0.0224,8.7219,0.7663
1087,2.7764000000000006,7.4219,2.1255999999999995,3091.71,15.83,0.0192,8.5266,0.9725
1088,-4.0373,6.2882,0.6191,3069.02,15.99,0.0267,9.0776,0.5888
1089,-0.7108999999999999,3.1153,0.9149,3071.18,16.07,0.0267,8.7037,0.6242
1090,-4.7818,3.7689,1.0475,3002.82,15.689999999999998,0.0225,8.8097,0.9136
1091,-3.1226999999999996,4.6652,0.8783,2952.31,15.54,0.0249,8.5862,0.9332
1092,7.24,7.0695,2.619,2890.67,15.98,0.028,8.5459,1.0918
1093,-0.4635999999999993,3.5555,3.241,3015.36,15.66,0.022699999999999998,9.1141,0.7193
1094,13.489099999999999,6.9725,1.9840000000000002,2981.54,15.93,0.0438,8.7588,0.4996
1095,2.5826999999999996,8.3284,1.6743,2889.26,15.8,0.0404,9.4832,0.7507
1096,1.2673000000000005,2.5672,2.9171999999999993,3114.68,15.85,0.028100000000000003,9.3335,0.7642
1097,-4.4882,4.3095,1.4505,2935.34,15.580000000000002,0.018199999999999997,8.7548,0.7954
1098,-10.68,2.5881,1.4941,3088.81,15.61,0.016,8.6384,0.7532
1099,8.692700000000002,3.0731,3.6025000000000005,2916.41,15.83,0.04360000000000001,9.1784,0.7898
1100,3.133599999999999,4.2996,0.9231,3058.46,16.09,0.0233,8.7556,0.8531999999999998
1101,-1.0926999999999996,8.8177,1.037,2983.83,15.99,0.0131,8.53636,0.7681
1102,20.5509,4.0288,2.1852999999999994,2955.85,15.83,0.0178,8.7487,1.0459
1103,-3.09,4.5813,1.891,3083.49,15.84,0.0228,8.536,1.1525
1104,-2.2364000000000006,4.0483,0.9969999999999999,2923.36,15.680000000000001,0.021800000000000003,8.9857,1.0765
1105,-1.9482000000000004,5.7,1.927,2952.23,15.71,0.0165,8.3159,0.74
1106,2.1173000000000006,6.535400000000001,1.8703000000000003,2982.16,15.779999999999998,0.0231,8.3179,0.6257
1107,-0.3955000000000009,5.28,2.2365,3013.73,15.98,0.0196,8.7326,0.6259
1108,-4.89,2.9432,1.7338999999999998,2941.85,15.74,0.0228,8.8078,1.0143
1109,0.17730000000000054,6.365500000000001,0.9347,2955.308,15.870000000000001,0.0156,8.7646,0.8262999999999999
1110,2.647299999999998,3.2434000000000003,1.9248000000000003,3078.2,15.71,0.0144,8.1166,0.8047
1111,-0.06910000000000019,2.6536,1.7727000000000002,3150.13,15.71,0.0184,8.7401,0.7159
1112,2.8182000000000005,6.4263,1.61534,3028.53,15.91,0.0244,8.5297,0.8721
1113,-4.622699999999999,5.7416,1.3972,3013.66,15.9,0.022520000000000002,8.3591,0.5765
1114,-3.8991000000000002,4.1392,1.2724,2969.29,15.72,0.0153,9.004,0.6254
1115,20.778200000000002,6.81934,2.6750999999999996,3051.32,15.91,0.028100000000000003,8.5218,1.0323
1116,-0.39179999999999965,5.6918999999999995,1.4734,3101.2800000000007,15.79,0.0201,8.7932,0.8159
1117,-3.0882000000000005,6.6096,0.6732,2901.62,15.7,0.0222,8.7015,0.8336
1118,2.682700000000002,4.2653,1.4506,3171.4200000000005,15.73,0.0252,9.0744,0.4782
1119,-1.0826999999999996,5.589600000000001,1.217,3005.31,15.75,0.0269,8.598,0.6161
1120,-0.06359999999999927,6.5193,2.0605,3043.23,15.75,0.0302,8.3324,1.1638
1121,-9.4318,5.526699999999999,1.225,3013.15,15.71,0.0156,8.8597,0.8933999999999999
1122,1.1473000000000007,5.5049,1.7835,3065.48,15.770000000000001,0.0191,8.2776,0.6857
1123,0.7382000000000004,5.8034,1.1547,3072.86,15.65,0.0176,8.1161,0.8594999999999999
1124,4.145499999999998,4.3536,1.9589,2988.5,15.88,0.0162,8.5288,0.9361
1125,-2.5191000000000003,7.4066,0.4913,2965.5,15.76,0.0234,8.9833,0.8149999999999998
1126,-3.9217999999999997,6.2586,1.9774000000000003,2994.92,15.79,0.0179,9.6136,0.8387
1127,0.9426999999999994,4.635599999999999,1.8428,3092.74,15.61,0.0177,8.3383,0.9319999999999999
1128,1.4408999999999998,5.942,0.8117,2972.34,15.7,0.0158,8.8331,0.9358999999999998
1129,-0.31820000000000037,5.8228,2.1730999999999994,3106.55,15.74,0.027,8.6005,1.1248
1130,13.725499999999998,3.996,2.8588,3043.05,15.96,0.0285,8.6324,1.0803
1131,-10.2673,9.8766,3.2941,2958.39,15.83,0.0204,8.5177,0.8384
1132,4.415499999999999,4.512899999999999,0.8986,2904.17,15.770000000000001,0.0345,8.828,0.8344999999999999
1133,4.837299999999998,3.1119,0.7799,3052.962,15.91,0.0189,8.3324,1.1638
1134,5.3596599999999945,4.8236,1.8653,3011.49,15.76,0.0342,9.3851,0.4221
1135,-2.434499999999999,3.6744,1.5612,3184.83,15.8,0.0203,8.7635,0.7053
1136,-4.430899999999999,7.3228,1.7778,3142.21,15.75,0.0216,8.3271,0.8469
1137,5.095499999999999,6.5593,2.6275,3068.81,15.85,0.0129,8.7662,0.57
1138,1.985500000000001,7.0181,2.1282,2965.48,15.85,0.0169,8.659,0.9873
1139,1.669659999999999,4.705199999999999,2.7511,3075.76,15.96,0.0342,8.8287,0.9251
1140,-2.2382000000000004,5.1526,1.7298,2959.86,15.770000000000001,0.0237,8.7512,0.5317
1141,17.792699999999996,8.3238,1.9952,2908.06,15.770000000000001,0.0317,9.2405,0.6901
1142,-0.6608999999999998,2.6206,1.2299,2978.89,15.8,0.0138,8.7812,0.8230999999999999
1143,-4.72,5.7591,1.5487,2999.28,15.61,0.0205,8.3383,0.9319999999999999
1144,4.956739999999997,10.230100000000002,2.6183,3054.78,15.680000000000001,0.038,9.094,0.7613
1145,-1.1926999999999994,4.3639,3.6515,3051.44,15.8,0.023099999999999996,8.7977,0.8987
1146,-4.395500000000001,5.4073,2.002,2997.67,15.93,0.0199,8.722679999999999,0.8229
1147,11.559099999999997,6.644500000000001,2.196,2992.4,15.83,0.0259,8.7588,0.4996
1148,-3.6509,3.9068,1.1361,3042.45,15.75,0.017300000000000003,8.3271,0.8469
1149,-3.9554999999999985,4.0088,1.1701,3070.16,15.93,0.0305,8.6772,0.9048
1150,3.5945000000000014,6.0911,2.7615999999999996,3002.22,15.79,0.0252,9.131,0.7139
1151,-0.4482000000000004,7.8704,1.358,3093.75,15.98,0.0191,8.6706,0.5836
1152,-2.9573000000000005,5.1967,1.3706,3030.88,15.57,0.0206,8.7779,0.46599999999999997
1153,-1.71,5.8362,0.9974,3034.55,15.93,0.0259,8.6427,0.9078999999999999
1154,6.185499999999998,5.9842,1.1368,3047.06,15.54,0.021,8.2981,0.7093
1155,-2.1135999999999995,4.9854,0.7404,2949.12,15.79,0.0215,8.451,0.7516
1156,-10.1245,4.3614,2.6753,3040.72,15.870000000000001,0.0337,9.12836,0.9393
1157,-7.538200000000001,3.5277,2.4532,2983.27,15.779999999999998,0.023600000000000003,9.043,0.7574
1158,-5.331799999999999,3.9171,2.2332,2882.22,15.71,0.0158,8.9818,1.0199
1159,2.1926999999999994,6.1039,2.0732,3045.87,15.75,0.0262,8.3267,0.9329000000000001
1160,5.134500000000001,3.1492,0.6918,2913.15,15.74,0.0342,9.2007,0.7015
1161,2.0225199999999988,3.0522,0.8416,3032.29,15.870000000000001,0.0207,9.7484,0.9413000000000001
1162,1.1591000000000002,7.1718,0.8735000000000002,3025.01,15.82,0.024,9.2171,0.9254999999999999
1163,0.7135999999999992,4.1454,1.7232,3064.09,15.93,0.0199,8.1161,0.8594999999999999
1164,2.1917999999999997,5.3635,0.7908,3068.38,15.99,0.0244,8.77,0.7593
1165,18.867300000000004,7.4999,1.9541,2940.5,15.96,0.029900000000000003,9.5642,0.5593
1166,-6.025499999999998,3.6401,0.8209,3002.15,15.73,0.0225,8.9857,1.0765
1167,-0.4091000000000002,7.7667,2.4155999999999995,2882.17,15.73,0.0217,8.4421,1.2471
1168,-0.44910000000000017,3.2362999999999995,1.6506,2962.45,15.79,0.0219,8.8909,0.6815
1169,1.295500000000001,4.624,2.3713999999999995,3186.1599999999994,15.770000000000001,0.0239,8.9818,1.0199
1170,-0.95,4.3441,1.7839,2960.58,15.52,0.028100000000000003,8.662,0.6605
1171,3.4317999999999995,5.2435,0.8908999999999999,3030.56,15.779999999999998,0.0162,8.0787,0.6644
1172,0.8826999999999995,7.160299999999999,1.3099,3003.96,15.73,0.0378,8.3006,0.8160999999999999
1173,-2.5726999999999993,3.1585,0.7417,2931.4,16.04,0.0232,8.91572,0.7681
1174,-2.1464000000000008,2.6374000000000004,1.8328999999999998,3018.78,15.79,0.0206,8.3383,0.9319999999999999
1175,1.3354999999999986,4.9672,2.9122,3097.89,15.74,0.025400000000000002,8.1409,0.7663
1176,-0.7235999999999992,7.7214,2.4801999999999995,2901.07,15.82,0.0194,8.7897,0.5377
1177,4.313599999999999,5.1801,2.8041999999999994,2982.62,15.71,0.0264,8.272,0.8833999999999999
1178,3.449099999999998,5.638400000000001,1.1021,3028.97,15.82,0.0144,8.8889,1.0478
1179,-4.1018,4.0088,1.5517,3160.54,15.73,0.0211,8.8097,0.9136
1180,17.59,2.9844,2.7079,2872.4,15.680000000000001,0.0431,9.094,0.7613
1181,3.653599999999999,7.3859,0.7478,3023.37,15.770000000000001,0.029900000000000003,8.9191,0.8858999999999999
1182,-1.2335999999999994,4.0648,0.8709,3116.38,15.82,0.017300000000000003,8.6068,0.9812
1183,-0.3444999999999991,9.8065,2.7014999999999993,3021.37,15.61,0.0139,9.7137,0.3973
1184,0.18910000000000018,5.732700000000001,1.858,2966.94,15.99,0.0273,8.659,0.9873
1185,3.1382000000000003,9.1637,1.2847,2992.15,15.89,0.0256,8.5788,0.9715000000000001
1186,4.538200000000001,4.350999999999999,0.8479000000000001,3044.34,15.66,0.016,8.135,0.9489
1187,-3.2882000000000002,4.5105,1.9043000000000003,2966.26,15.7,0.0213,8.7997,1.0959
1188,6.6,5.2891,1.8825999999999998,3022.8,15.84,0.0151,8.7851,0.4389
1189,1.5017999999999996,10.8289,0.6238,3076.5,15.89,0.0247,9.5713,0.7928
1190,20.81,10.9632,2.8741,3047.54,15.73,0.0251,8.6324,1.0803
1191,-3.6345000000000014,4.6133,2.3904,2979.93,15.860000000000001,0.0237,8.9605,0.9273999999999999
1192,2.4208999999999996,4.2983,0.798,3001.9,15.85,0.019,8.7786,0.8184
1193,-1.6864000000000008,5.5709,0.736,3035.18,15.689999999999998,0.027,8.0787,0.6644
1194,-12.2945,6.1979,2.5046,3032.24,15.71,0.0246,8.7677,0.6672
1195,-1.66,1.9419999999999997,2.5123,3000.77,15.7,0.0231,8.9191,0.8858999999999999
1196,-2.6682000000000006,4.3753,2.0508,3014.16,15.770000000000001,0.0179,8.1409,0.7663
1197,0.19730000000000056,5.9703,1.3663,3051.88,15.779999999999998,0.0177,8.8356,0.5194
1198,-3.7773000000000008,2.2464,1.5642,3007.39,15.61,0.0229,8.3383,0.9319999999999999
1199,-0.45269999999999944,5.7777,1.2192,3011.32,15.72,0.0229,9.152,0.8757999999999999
1200,6.908200000000001,8.6041,2.5991,3020.71,15.8,0.0152,8.872,0.7524
1201,7.3918,5.726,2.0961,2912.24,15.84,0.0291,9.4043,0.5677
1202,12.307300000000003,5.420679999999999,0.8885000000000001,3074.69,15.8,0.0305,9.1502,0.7162
1203,-5.1617999999999995,4.881,1.6783999999999997,2939.57,15.73,0.0244,8.4891,0.7674
1204,-2.1008999999999998,4.1239,0.8292,3028.4,15.689999999999998,0.0274,8.7556,0.8531999999999998
1205,9.537999999999997,5.186600000000001,2.6108999999999996,3008.98,15.82,0.02568,9.2655,0.7747
1206,-2.5945000000000014,3.3232,1.4333,2916.12,15.860000000000001,0.0376,9.6515,0.5669
1207,-2.4709,2.5702,0.5489,3197.4300000000003,15.91,0.0287,8.7015,0.8336
1208,-0.8891000000000002,6.0573,0.854,3111.2800000000007,15.870000000000001,0.0321,9.0859,0.7445
1209,9.442719999999998,4.9673,3.1426999999999996,2967.68,15.8,0.0103,9.6234,0.5955
1210,1.1991000000000003,4.6582,0.8532999999999998,2927.71,16.09,0.0204,8.2345,0.7233
1211,-2.81,4.4836,0.682,3078.77,15.89,0.0197,8.3591,0.5765
1212,17.3018,6.5557,2.0982,3050.47,15.680000000000001,0.0129,9.2405,0.6901
1213,22.9245,6.6984,2.7066,2865.31,15.74,0.0403,8.7495,1.1086
1214,15.3536,4.0729,0.5889,3010.41,15.7,0.03648,8.7487,1.0459
1215,-0.32640000000000075,3.6305999999999994,2.8424,3038.81,15.73,0.02444,9.5689,0.8962
1216,0.5564000000000008,5.841399999999999,2.0996,2922.05,15.73,0.0259,8.3006,0.8427
1217,-1.4191000000000003,8.0345,1.186,2994.75,15.680000000000001,0.0237,9.22,0.9916000000000001
1218,2.78,10.4267,1.0338,2968.06,15.802,0.0231,9.2291,0.811
1219,-5.9418,7.3721,1.2098,2988.21,15.680000000000001,0.0228,8.7779,0.46599999999999997
1220,-1.0473000000000006,4.631199999999999,0.654,3208.56,15.7,0.0201,9.4336,1.1623
1221,2.5208999999999997,4.3093,2.2759,2935.94,15.82,0.0168,8.7487,1.0459
1222,-1.6544999999999992,6.5713,2.5986999999999996,3020.76,15.72,0.0388,9.7997,1.2364
1223,6.204500000000001,4.44808,2.691,3020.25,15.8,0.030799999999999998,8.5459,1.0918
1224,1.7273000000000005,3.4184,0.9652000000000001,2953.63,16.08,0.0176,9.0402,0.647
1225,8.3018,5.8283,1.0134,2951.41,15.85,0.0151,8.6915,0.9639
1226,1.23,4.139,2.543,2995.26,15.92,0.0418,8.6829,0.7158
1227,2.434499999999999,4.048499999999999,1.5766,3099.8700000000003,15.85,0.0169,9.396,0.6576
1228,-6.494500000000001,6.5708,3.7141,2852.18,15.66,0.027,8.627,0.5742
1229,12.160900000000002,5.6767,2.7625,2959.2,15.73,0.0325,8.6013,1.1815
1230,3.7127000000000017,5.1701,1.6451000000000002,2977.46,15.95,0.0204,8.4092,0.9251
1231,-1.0982000000000003,3.6475,2.3702,3070.43,15.96,0.0249,8.2914,0.6385
1232,5.872700000000002,4.7116,0.8209,3111.09,15.92,0.0251,8.5266,0.9725
1233,1.6308999999999998,6.4754,1.2612,2928.55,15.66,0.0221,8.3006,0.8160999999999999
1234,8.975800000000003,5.5544,1.038,3095.5,15.8,0.0219,9.0998,1.0551
1235,14.056179999999996,6.349700000000001,0.8793,2969.01,15.85,0.0214,8.872,0.7524
1236,-1.4973000000000005,4.485999999999999,1.8657,3005.05,15.770000000000001,0.0291,9.3868,0.8197999999999999
1237,5.7182,7.5307,0.9529,3001.53,15.73,0.0246,8.8546,0.7337
1238,0.7217999999999997,4.132299999999999,3.3334000000000006,3061.98,15.9,0.0238,9.2171,0.9254999999999999
1239,1.034499999999999,4.9982,1.7752,3059.2,15.73,0.0184,8.6439,1.0135
1240,-2.0991,4.0262,2.6411999999999995,2975.74,15.71,0.0155,8.1605,0.9174999999999999
1241,-1.3073000000000006,4.8576,2.3088,2976.91,15.51,0.025400000000000002,8.2638,0.9726000000000001
1242,7.300719999999999,7.6567,3.6422,3016.11,15.8,0.0317,8.7289,0.9753
1243,-5.6945000000000014,3.8017,1.2371,3046.14,15.689999999999998,0.0179,8.8331,0.9358999999999998
1244,-0.9126999999999994,8.4692,2.0107,2967.54,15.98,0.015399999999999999,8.441,0.9383
1245,-2.15,8.2545,0.812,3039.64,15.84,0.017300000000000003,8.1409,0.7663
1246,-6.5282,3.8322,1.483,2945.05,15.7,0.0258,8.1166,0.8047
1247,-2.7673000000000005,5.7891,1.0568,2902.96,15.870000000000001,0.03186,9.2189,0.7447
1248,3.2964000000000007,4.638999999999999,1.2235,3057.31,15.95,0.0264,9.1156,0.8216999999999999
1249,3.0345000000000013,6.6739999999999995,1.175,3009.71,15.8,0.0183,8.4278,0.7558
1250,11.485499999999998,6.3958,3.1136,3034.34,15.96,0.0268,8.5155,0.9794
1251,-2.3108999999999997,4.3482,2.3419,3025.21,15.67,0.02198,9.065,0.8451999999999998
1252,0.37640000000000073,2.9581,0.852,2997.07,15.8,0.0203,8.6309,1.148
