,feature_60,feature_478,feature_65,feature_349,feature_299,feature_442,feature_34,feature_332,feature_22,feature_118
0,0.6991,6.0266,19.3009,0.0237,0.0595,0.9639,8.6915,0.0791,-4750.75,59.2662
1,-1.4173,4.8218,21.4173,0.0272,0.0662,0.8427,8.3006,0.1071,-5410.75,58.7063
2,10.2355,6.1589,9.7645,0.0163,0.0519,0.9193,8.7418,0.0852,-6456.75,55.8504
3,9.8518,5.0612,30.1482,0.03,0.0635,0.7158,8.6829,0.0985,-5775.0,58.2831
4,1.0336,7.4828,18.9664,0.0243,0.0505,1.1255,8.5891,0.0817,-6900.5,58.0262
5,3.6809,4.1813,16.3191,0.0205,0.0242,0.4782,9.0744,0.0318,-5546.0,60.9507
6,2.8109,5.9339,17.1891,0.0245,0.0655,0.656,8.9132,0.0752,-5408.75,58.9076
7,1.5036,3.5466,18.4964,0.0174,0.0867,0.932,8.3383,0.0863,-5095.0,58.282
8,23.8245,9.1221,16.1755,0.0105,0.08,1.2771,8.659,0.0243,-5447.75,58.4808
9,1.5745,3.3971,18.4255,0.01985231256495276,0.0449,0.5317,8.7512,0.0975,-4958.0,59.9764
10,2.9282,4.7353,17.0718,0.0339,0.1099,0.565,9.534,0.0824,-5345.25,55.9011
11,5.4991,5.2686,14.5009,0.0172,0.1141,0.9361,8.5288,0.0807,-5192.5,56.4388
12,-2.5027,6.8676,22.5027,0.0198,0.0266,0.9175,8.1605,0.0368,-6623.75,56.3776
13,0.34,7.0359,19.66,0.0116,0.0486,0.7316,8.8043,0.0929,-5416.0,59.0911
14,4.1691,6.8146,15.8309,0.0225,0.0607,0.8532,8.7556,0.0311,-5187.25,59.6793
15,-3.74,2.7876,23.74,0.0236,0.0585,0.7032,8.5571,0.0892,-5153.75,56.7784
16,4.040437804001133,5.623994283858725,19.80593778348826,0.0148,0.0536,0.7139,9.131,0.0909,-5334.75,59.0958
17,1.9482,9.1675,34.62823879222262,0.0381,0.0868,0.8222,8.5687,0.094,-5410.5,57.4901
18,8.1455,3.4324,11.8545,0.0253,0.0359,0.6144,8.7187,0.1011,-5233.75,55.364556183216706
19,4.9555,9.9444,15.0445,0.0184,0.12570988867962482,0.9383,8.441,0.0622,-4173.969634289816,58.7458
20,9.1882,5.9269,30.8118,0.014,0.0565,0.5593,9.5642,0.0968,-6363.0,59.8003
21,2.2855,10.1458,17.7145,0.0162,0.0166,0.5836,8.6706,0.0954,-6257.5,59.5427
22,0.6191,7.5571,19.3809,0.0229,0.0488,0.78,8.7867,0.0929,-5607.25,58.4837
23,-3.7509,3.369,23.7509,0.0209,0.071,0.6373,8.8581,0.1043,-5720.25,59.3419
24,4.9118,4.8707,15.0882,0.0154,0.045,0.7655,8.8624,0.085,-5122.5,57.1869
25,0.12,5.817,19.88,0.0241,0.0601,0.9965,8.6397,0.0883,-5434.0,58.6908
26,1.8173,3.4949,18.1827,0.0445,0.053,0.7928,9.5713,0.0848,-6349.75,59.4203
27,2.7927,3.9522,17.2073,0.0245,0.0643,0.7233,8.2345,0.0911,-5419.75,58.3601
28,2.1109,8.8016,17.8891,0.0177,0.0339,0.6667,9.1502,0.0778,-6154.0,58.823
29,-4.4109,3.706,24.4109,0.0199,0.1043,0.6641,8.6544,0.0842,-5341.25,59.4322
30,8.9136,7.1799,31.0864,0.0373,0.0254,0.7584,10.053810884229684,0.0224,-5474.25,59.0911
31,-2.0764,6.11,22.0764,0.0278,0.0587,1.1255,8.5891,0.0652,-6305.25,59.0644
32,0.5518,6.0246,19.4482,0.0273,0.0286,1.0541,8.287,0.0875,-5639.75,55.44
33,-0.9364,2.9235,20.9364,0.017,0.0816,0.442,8.5851,0.0839,-5977.25,58.2257
34,5.2064,4.0558,14.7936,0.0207,0.0679,0.9238,8.572,0.0871,-5466.75,58.6223
35,1.2836,12.044054218287883,18.7164,0.0319,0.0472,0.6987,9.7836,0.0775,-6279.0,59.1488
36,1.0027,7.1443,18.9973,0.0221,0.0175,0.656,8.9132,0.0812,-5477.0,57.5441
37,-2.6564,2.3646,22.6564,0.0256,0.099,0.7534,9.0447,0.0824,-5371.5,58.8339
38,-0.0636,10.0705,20.0636,0.0253,0.0257,0.8859,8.9191,0.0699,-5176.25,57.6451
39,3.9055,6.1617,34.62823879222262,0.0164,0.038,0.6901,9.2405,0.0224,-5641.25,57.7094
40,2.0318,4.3582,17.9682,0.0227,0.0327,0.5317,8.7512,0.1065,-5193.25,58.5099
41,17.3873,5.7628,22.6127,0.0461,0.0384,1.0644,8.9336,0.0247,-5369.0,58.6421
42,-0.1545,4.319,20.1545,0.0241,0.0393,0.6815,8.8909,0.0381,-5770.75,58.7766
43,-0.3309,3.2036,20.3309,0.0169,0.0805,0.7053,8.7635,0.0699,-5658.25,61.2828
44,-5.7182,6.748,25.7182,0.0144,0.045,0.5632,9.1855,0.0969,-5282.75,59.3036
45,3.65,6.0536,16.35,0.0247,0.0351,0.8716,9.0121,0.0833,-5936.0,56.9856
46,25.5127,5.1949,14.4873,0.0151,0.0433,0.7613,9.094,0.0778,-5657.75,57.8978
47,-5.6473,6.4204,25.6473,0.0252,0.088,1.1525,8.536,0.0254,-5226.5,58.148
48,1.8609,2.582,18.1391,0.0197,0.1198,0.9136,8.8097,0.0832,-5603.75,59.305
49,-4.4927,4.5795,24.4927,0.0141,0.0573,0.684,8.58,0.0381,-5508.5,59.0025
50,17.4,5.1848,22.6,0.0256,0.0813,0.9251,8.8287,0.0964,-6112.25,57.0914
51,1.6073,4.6249,18.3927,0.0232,0.0144,0.7663,8.7219,0.0623,-5422.0,59.3308
52,0.8873,3.9097,19.1127,0.04999362581099474,0.061,0.9251,8.4092,0.1003,-6280.75,58.3741
53,-2.7136,6.015,22.7136,0.0211,0.0626,0.5669,9.6515,0.0306,-5425.5,58.3573
54,5.3382,6.0748,34.62823879222262,0.0162,0.12570988867962482,0.7898,9.1784,0.0779,-4173.969634289816,58.9744
55,1.6373,6.026,18.3627,0.0236,0.0454,0.8807,8.5987,0.0813,-6310.25,58.7323
56,2.9691,3.4708,17.0309,0.0141,0.0397,0.577,9.754,0.0817,-5490.25,58.5766
57,-1.0991,6.1979,21.0991,0.0154,0.0337,0.9588,8.5855,0.0658,-5273.0,58.3136
58,2.9518,4.8857,17.0482,0.0194,0.05,0.8435,8.7994,0.0813,-5427.75,59.0601
59,-10.37,4.4544,30.37,0.04999362581099474,0.0339,0.8384,8.5177,0.0823,-6439.0,57.9622
60,1.3445,3.9991,18.6555,0.0208,0.074,1.0216,8.2395,0.1044,-5250.75,57.3415
61,1.1664,3.4878,18.8336,0.021951837761982566,0.0452,0.7584,8.1728,0.0706,-5153.25,59.2046
62,0.1873,3.4793,19.8127,0.0248,0.0494,0.6641,8.6544,0.0686,-5359.25,59.2204
63,0.4836,3.9691,19.5164,0.0185,0.0467,0.9965,8.6397,0.0914,-5575.25,59.4838
64,4.0809,3.2357,15.9191,0.0208,0.0387,0.7506,8.322,0.1061,-6029.0,58.8463
65,18.3936,4.2732,21.6064,0.0386,0.12570988867962482,0.7015,9.2007,0.0859,-4173.969634289816,56.8545
66,1.2809,4.3922,18.7191,0.0208,0.0644,0.9396,8.3331,0.086,-5371.25,59.2341
67,0.5682,7.684,19.4318,0.0183,0.0875,0.8435,8.7994,0.0813,-5932.0,57.1673
68,8.0955,6.9474,11.9045,0.04999362581099474,0.0535,0.7928,9.5713,0.0998,-6383.75,59.0927
69,-1.97,2.8027,21.97,0.0337,0.0866,0.481,9.088,0.0863,-5377.0,59.6505
70,-8.2255,5.2293,28.2255,0.0138,0.0813,0.6302,8.8249,0.15596533270297572,-5393.25,57.6821
71,-0.75,5.8268,20.75,0.025,0.0803,0.6641,8.6544,0.0875,-5692.5,57.2349
72,0.1627,3.2662,19.8373,0.0215,0.0119,0.7611,8.6472,0.034,-5326.5,59.2585
73,-1.9555,7.1548,21.9555,0.0201,0.0564,0.7477,9.9964,0.0241,-6453.75,57.4722
74,-1.3018,5.6614,21.3018,0.0281,0.0551,0.8471,8.7538,0.0337,-5175.5,59.6445
75,-0.0191,6.4234,20.0191,0.0149,0.09,0.6335,9.0425,0.0599,-5336.0,58.3868
76,-2.0327,4.8172,22.0327,0.0229,0.0342,0.4254,9.1526,0.03,-5305.25,56.6758
77,3.0982,4.8741,16.9018,0.0192,0.0884,0.7337,8.8546,0.0895,-5548.25,58.2014
78,-2.9609,7.3252,22.9609,0.0134,0.0532,0.8136,8.2963,0.0311,-5426.0,59.3887
79,3.5436,4.3696,16.4564,0.0199,0.1084,0.6927,8.8519,0.0347,-5329.25,57.8907
80,1.5127,8.4684,18.4873,0.0239,0.0678,1.0189,8.5779,0.0817,-6447.25,59.4696
81,1.17,4.533,18.83,0.0234,0.059,0.8146,8.8132,0.0871,-5545.75,58.5681
82,-0.8045,5.2201,20.8045,0.0152,0.0835,0.7258,8.9979,0.1092,-5439.25,59.6825
83,2.99,6.8674,17.01,0.0461,0.0654,0.577,9.754,0.1012,-5513.5,57.4551
84,27.3427,6.7229,12.6573,0.0135,0.0466,1.0959,8.6667,0.0754,-6472.5,56.9211
85,0.7,3.952,19.3,0.0175,0.0849,0.8595,8.1161,0.0858,-5339.5,59.3614
86,10.9955,9.4756,29.0045,0.0306,0.0355,1.1815,8.6013,0.0937,-5633.25,58.4879
87,1.7373,4.3682,18.2627,0.0269,0.0859,0.8752,9.7324,0.0909,-5763.75,57.0942
88,-19.9927,6.6127,34.62823879222262,0.0323,0.0517,0.8716,9.0121,0.0911,-5362.75,59.0341
89,0.9573,5.5044,19.0427,0.0219,0.0627,0.5194,8.8356,0.1067,-5663.5,58.4191
90,-3.3555,6.5896,23.3555,0.020094328970699984,0.0249,0.7392,8.9607,0.0782,-6408.75,57.102
91,-0.6327,5.515,20.6327,0.0169,0.0205,1.0143,8.8078,0.1087,-5434.25,58.1348
92,5.0691,2.7352,14.9309,0.0193,0.0697,0.745,8.7782,0.1058,-5138.5,55.4671
93,11.2909,10.7271,8.7091,0.021,0.038,0.8435,8.7994,0.0925,-5343.0,55.7648
94,-2.6109,2.5503,22.6109,0.0151,0.0539,0.7032,8.5571,0.0841,-5621.0,58.0021
95,-0.3736,5.7983,20.3736,0.0127,0.0536,0.7643,8.9635,0.0848,-5135.0,58.0777
96,-1.1391,3.3645,21.1391,0.0204,0.0413,0.9079,8.6427,0.0619,-5750.0,57.4779
97,-4.99,4.3431,24.99,0.019139488739693594,0.0367,0.8229,10.053810884229684,0.0832,-5491.75,58.3851
98,-0.9091,4.2125,20.9091,0.0176,0.0554,0.7611,8.6472,0.1111,-5160.75,59.1913
99,1.8164,5.801,18.1836,0.0226,0.0824,0.9726,8.2638,0.0685,-5763.0,58.2855
100,0.1227,6.0602,19.8773,0.0262,0.0394,0.7928,9.5713,0.0998,-6391.5,59.2818
101,0.8745,5.0466,19.1255,0.0125,0.0525,0.869,8.5251,0.0264,-6409.5,58.637
102,-1.0182,6.2631,21.0182,0.0142,0.0921,0.466,8.7779,0.0858,-5966.75,58.1897
103,0.3036,6.8782,19.6964,0.0189,0.0307,1.062,8.8513,0.0969,-6259.5,59.459
104,2.0509,8.3516,17.9491,0.026,0.0881,0.6163,8.6556,0.0845,-5445.25,60.2727
105,22.7927,8.4149,17.2073,0.0352,0.0573,1.0551,9.0998,0.0529,-5707.5,59.1327
106,4.1464,8.2175,15.8536,0.0202,0.0338,0.6222,8.5889,0.0865,-5618.75,59.3007
107,0.3245,8.9509,19.6755,0.04999362581099474,0.0341,0.6796,8.8973,0.1114,-5390.0,58.5453
108,6.1527,2.6252,13.8473,0.0183,0.0231,0.9639,8.6915,0.0915,-5487.25,57.434
109,-1.8473,8.9647,34.62823879222262,0.0249,0.0706,0.8556,8.7879,0.0946,-5518.0,57.5427
110,-1.6436,7.076,21.6436,0.0202,0.0489,0.8133,8.2823,0.1071,-5539.5,58.434
111,2.2982,4.252,17.7018,0.0171,0.0229,0.593,8.6799,0.0861,-5402.0,58.4667
112,23.8864,3.626,16.1136,0.0395,0.0438,0.6641,9.1638,0.0785,-6599.25,58.9705
113,3.8109,5.1132,16.1891,0.0146,0.0659,0.9274,8.9605,0.15596533270297572,-5260.25,61.0652
114,-6.74,4.736,26.74,0.0195,0.0661,0.3973,9.7137,0.0452,-5415.25,57.7747
115,2.2618,8.7071,17.7382,0.0253,0.077,0.7852,9.7571,0.0989,-5641.0,59.3528
116,1.9245,4.6417,18.0755,0.0136,0.0561,1.0918,8.5459,0.0932,-5803.0,57.9313
117,-0.4409,6.1962,20.4409,0.0175,0.0666,0.5779,8.3663,0.1187,-5125.75,58.4467
118,27.651775678753342,6.5265,11.5773,0.0432,0.0823,0.8446,8.7947,0.0529,-5497.75,58.0664
119,2.4209,6.6675,17.5791,0.0218,0.0176,0.5478,9.0145,0.1141,-5451.75,59.0937
120,-0.81,12.044054218287883,20.81,0.0294,0.0572,1.0135,8.6439,0.0936,-6310.25,56.2629
121,-3.1702335573378875,5.621311466973187,20.348457627344416,0.0153,0.0534,0.7093,8.2981,0.0834,-5420.25,56.173
122,-17.9336,4.7846,34.62823879222262,0.0237,0.0332,0.7574,9.043,0.0871,-6364.25,59.8788
123,-0.7155,2.1779,20.7155,0.0245,0.0465,0.593,8.6799,0.0939,-5729.25,59.0096
124,4.1509,5.0601,15.8491,0.0285,0.0945,0.8343,9.0622,0.084,-5566.75,57.356
125,3.9673,5.5115,16.0327,0.0171,0.0305,1.1213,9.0811,0.15596533270297572,-6411.0,57.6435
126,-3.65,4.6997,23.65,0.0261,0.073,0.5779,8.3663,0.1103,-5217.25,57.5845
127,-1.9855,7.9214,21.9855,0.0197,0.0559,0.8159,8.7932,0.0855,-5329.0,59.4504
128,-3.88,4.8058,23.88,0.0122,0.0268,0.6268,8.3675,0.0315,-5153.5,58.2965
129,5.8045,8.0418,14.1955,0.0248,0.0389,0.8159,8.7932,0.0824,-5452.75,58.5312
130,-0.9945,6.5778,20.9945,0.0284,0.0804,1.0541,8.287,0.1065,-5477.5,57.584
131,-4.6636,4.3419,24.6636,0.0224,0.0425,0.7477,9.9964,0.0857,-5592.75,59.3441
132,-19.1518,3.4781,34.62823879222262,0.0283,0.0344,0.9836,8.8388,0.15596533270297572,-6563.75,59.5307
133,3.2509,5.7289,16.7491,0.0222,0.1053,0.9048,8.6772,0.0932,-5508.75,57.8296
134,2.3318,5.6591,17.6682,0.025620810713917783,0.0225,0.9175,8.1605,0.1051,-6416.25,59.0924
135,5.4018,3.3141,14.5982,0.0146,0.0519,0.8235,8.6406,0.0848,-6565.5,58.1356
136,-0.5691,3.3826,20.5691,0.0156,0.0559,0.811,9.2291,0.0939,-6420.25,57.826
137,-21.830015466244145,6.0188,34.62823879222262,0.0362,0.0828,0.7574,9.043,0.0968,-5563.5,59.3717
138,-1.0573,3.3903,21.0573,0.024,0.0653,0.7643,8.9635,0.0775,-5055.5,58.6458
139,-6.8764,4.0285,26.8764,0.0195,0.0295,0.6163,8.6556,0.0452,-5729.5,59.3749
140,2.8136,5.8022,17.1864,0.0164,0.0358,0.7139,9.131,0.0897,-5195.75,57.8977
141,-3.7245,5.1156,23.7245,0.0307,0.0554,0.9175,8.1605,0.0368,-6194.0,57.9007
142,-1.2182,5.243,21.2182,0.0342,0.0357,0.7477,9.9964,0.0938,-6411.75,57.9601
143,-5.68,8.4634,25.68,0.0245,0.0933,0.573,8.8215,0.0301,-5422.75,57.9296
144,1.2518,4.0841,18.7482,0.0372,0.0334,0.7532,8.6384,0.0819,-6473.25,59.948
145,-0.1145,5.2041,20.1145,0.0229,0.0767,0.573,8.8215,0.0323,-5404.5,56.959
146,19.5609,6.634,20.4391,0.0243,0.0493,0.7507,9.4832,0.0969,-6426.5,56.9238
147,-3.7673,5.8656,23.7673,0.0293,0.0522,0.6787,8.3845,0.0304,-5656.75,57.9781
148,-3.6855,5.7486,23.6855,0.0291,0.0526,0.9588,8.5855,0.0852,-6234.5,59.8959
149,3.3918,5.4606,16.6082,0.022,0.0559,0.3963,8.7696,0.0849,-6590.75,59.1695
150,-2.5036,5.4421,22.5036,0.0128,0.0513,1.0186,8.7383,0.0373,-5062.25,57.1369
151,16.2418,6.1628,23.7582,0.0293,0.0407,0.9683,8.5788,0.0246,-6277.75,58.2266
152,4.6609,4.2114,34.62823879222262,0.0386,0.12570988867962482,1.0459,8.7487,0.0786,-5073.25,59.057
153,1.5882,2.8513,34.62823879222262,0.0169,0.0734,0.7584,10.053810884229684,0.0734,-5175.5,58.6601
154,24.14,8.171,15.86,0.0187,0.091,0.7059,9.1757,0.0969,-5242.25,58.6369
155,0.1518,3.0125,19.8482,0.0239,0.0523,0.7928,9.5713,0.1003,-5064.0,58.6862
156,8.0636,6.2537,31.9364,0.0244,0.0458,0.7524,8.872,0.0964,-4781.5,58.6494
157,25.0836,8.3929,14.9164,0.037,0.03,0.5955,9.6234,0.0789,-6097.75,59.5776
158,3.2655,7.2471,16.7345,0.0145,0.0678,0.577,9.754,0.0865,-5636.75,58.391
159,2.2009,3.977,17.7991,0.0191,0.0853,0.5194,8.8356,0.1067,-5422.25,58.101
160,-6.6409,2.9266,26.6409,0.0186,0.0945,1.1623,9.4336,0.0811,-5455.25,59.2674
161,-3.7045,6.9715,23.7045,0.0264,0.0571,0.8616,8.6695,0.1017,-5339.0,56.3672
162,-2.63,4.9807,22.63,0.0221,0.0169,0.5377,8.7897,0.0819,-5628.0,58.0522
163,-2.7282,2.8666,22.7282,0.0143,0.0362,0.7677,9.0942,0.0939,-5181.75,55.9622
164,2.6718,2.7091,17.3282,0.0213,0.0796,0.9048,8.6772,0.15596533270297572,-5604.5,59.3171
165,1.0045,6.8317,18.9955,0.0264,0.064,0.8883,8.9546,0.0932,-5669.75,58.8773
166,1.6018,3.6852,18.3982,0.0151,0.0321,0.7532,8.6384,0.0792,-6586.0,60.2588
167,20.7209,4.6032,19.2791,0.0462,0.0575,0.7408,8.6211,0.0804,-6205.0,58.7712
168,-3.1255,4.0177,23.1255,0.0203,0.0501,0.9332,8.5862,0.1088,-5870.5,58.0532
169,4.0991,3.9273,15.9009,0.0289,0.0495,0.6576,9.396,0.0873,-5415.0,58.2658
170,-6.3391,2.5684,26.3391,0.0158,0.0667,0.8859,8.9191,0.1087,-4951.25,58.3058
171,6.2455,5.0709,13.7545,0.0277,0.054,0.768,8.8384,0.0915,-6408.75,56.7906
172,10.2109,4.8214,29.7891,0.0405,0.0953,0.7162,9.1502,0.0734,-5683.75,59.0759
173,26.7745,5.7668,13.2255,0.0371,0.051,1.0959,8.6667,0.0729,-6362.5,57.9642
174,-0.7245,4.6526,20.7245,0.014,0.029,1.0541,8.287,0.0841,-5704.5,59.2772
175,-0.2709,3.3925,20.2709,0.0247,0.0243,0.9066,8.7552,0.0324,-5394.25,58.0887
176,10.8955,4.3312,29.1045,0.0328,0.0601,0.7524,8.872,0.1004,-5593.75,58.9973
177,27.651775678753342,12.044054218287883,10.8082,0.0162,0.0636,0.8446,8.7947,0.0786,-5653.75,57.1135
178,-1.0909,5.7275,21.0909,0.0177,0.0779,0.8859,8.9191,0.0686,-5346.25,58.0356
179,-0.5655,4.8219,20.5655,0.0209,0.0478,0.7277,9.2036,0.0315,-6106.25,61.1938
180,-2.8818,5.3451,22.8818,0.015,0.0193,0.8146,8.8132,0.065,-5389.75,58.1892
181,3.1136,7.6393,34.62823879222262,0.0296,0.0588,0.9059,8.5405,0.0257,-6406.25,59.0588
182,-7.0082,7.8141,27.0082,0.0296,0.0412,0.9276,8.5298,0.1088,-5303.0,58.7103
183,3.0718,6.275,16.9282,0.0207,0.0989,0.6385,8.2914,0.0851,-5524.5,58.6525
184,-1.5036,2.8462,21.5036,0.0269,0.0435,0.7852,9.7571,0.0863,-5378.0,59.4692
185,3.1845,5.4338,16.8155,0.0182,0.0492,1.0189,8.5779,0.0856,-6448.25,58.446
186,22.7173,5.3468,17.2827,0.0219,0.1044,0.8556,8.7879,0.1013,-5302.75,58.1878
187,-12.1527,5.0961,32.1527,0.0132,0.0367,1.148,8.6309,0.0759,-6349.5,58.974
188,2.32,4.7428,17.68,0.0264,0.059,0.685,8.7646,0.084,-5228.25,59.3593
189,0.7864,5.0348,19.2136,0.0217,0.0425,0.6796,8.8973,0.0323,-5307.75,59.3716
190,-2.4818,3.3746,22.4818,0.0202,0.0456,0.6385,8.2914,0.0824,-5719.0,58.8897
191,9.3336,8.5107,30.6664,0.0153,0.026,0.7898,9.1784,0.0366,-5537.5,59.1544
192,2.0427,8.6072,34.62823879222262,0.0316,0.0521,0.9087,9.2362,0.0993,-5336.5,59.8751
193,2.43,3.6629,17.57,0.0163,0.0405,0.9735,8.4896,0.1017,-5397.25,59.2268
194,0.3036,7.5994,19.6964,0.0216,0.018,1.0078,9.308,0.0929,-5667.75,56.5454
195,0.2464,6.4316,19.7536,0.0241,0.0322,0.8859,8.9191,0.1017,-5313.5,58.3508
196,1.2691,6.5857,18.7309,0.0301,0.0834,0.6257,8.3179,0.0621,-5528.75,58.5549
197,0.2818,4.4168,19.7182,0.0261,0.0507,0.5888,9.0776,0.0852,-6211.25,58.4977
198,-0.9236,6.5365,20.9236,0.0225,0.0682,0.7954,8.7548,0.1062,-5759.75,59.7702
199,5.3782,5.5785,14.6218,0.0326,0.062,0.8235,8.6406,0.0803,-6401.75,59.801
200,0.8045,7.4993,19.1955,0.033,0.0832,0.4749,8.9541,0.0323,-5802.25,59.0791
201,0.42,6.8146,19.58,0.0212,0.0618,0.8616,8.6695,0.0875,-5444.75,55.364556183216706
202,2.8236,7.9017,17.1764,0.0216,0.0613,0.9525,9.4749,0.0328,-5514.75,60.114
203,1.3282,2.8024,18.6718,0.0277,0.0694,0.6644,8.0787,0.0337,-5651.25,55.364556183216706
204,1.9936,6.7038,18.0064,0.0247,0.0443,0.4382,8.5407,0.0662,-5611.75,59.1527
205,2.5855,3.1843,17.4145,0.0366,0.0452,0.8198,9.3868,0.0328,-5767.75,58.898
206,16.4073,6.6161,23.5927,0.0411,0.0542,0.7158,8.6829,0.0823,-6425.5,59.4864
207,6.6827,5.5553,13.3173,0.0247,0.0678,0.9238,8.572,0.0871,-5505.5,58.2106
208,2.8245,4.2813,17.1755,0.0205,0.0443,0.7928,9.5713,0.0848,-6273.5,59.4937
209,7.3164,3.2839,12.6836,0.0169,0.0435,0.713,8.3588,0.0896,-5585.25,58.439
210,7.0709,5.7825,12.9291,0.0205,0.0484,0.4389,8.7851,0.082,-6626.5,58.7687
211,-2.5436,5.4237,22.5436,0.0192,0.0635,0.4817,8.8105,0.0814,-5305.75,59.0946
212,4.6327,3.6741,15.3673,0.04999362581099474,0.0772,0.9725,8.5266,0.0977,-5469.5,58.1889
213,-0.6936,5.2008,20.6936,0.0196,0.0293,0.832,8.5615,0.0664,-5279.5,57.8466
214,-0.9409,6.4924,20.9409,0.0122,0.0349,0.7681,10.053810884229684,0.0652,-5536.0,59.3493
215,-5.3264,5.4535,25.3264,0.0163,0.0481,0.6268,8.3675,0.0356,-5636.0,58.3971
216,2.8009,4.0832,17.1991,0.02024291123523912,0.0188,0.7865,8.5494,0.0818,-6456.25,59.9228
217,-10.6036,6.8752,30.6036,0.0176,0.0475,0.9059,8.5405,0.0969,-6402.75,57.5227
218,-5.9045,6.2047,25.9045,0.0272,0.0447,0.811,9.2291,0.0747,-6367.0,57.6363
219,-4.7682,3.8697,24.7682,0.0238,0.0373,1.026,8.941,0.1005,-5552.0,58.5285
220,12.8982,8.285,27.1018,0.0341,0.12570988867962482,0.7015,9.2007,0.0746,-4173.969634289816,59.1221
221,5.65,9.0309,14.35,0.0165,0.0564,1.0393,8.5135,0.0929,-5278.0,58.5894
222,0.6055,4.2645,19.3945,0.0264,0.0339,0.9525,9.4749,0.1104,-5591.75,55.9835
223,1.0291,6.679,18.9709,0.0208,0.059,0.78,8.7867,0.0848,-5711.0,56.281
224,-2.5345,2.7794,22.5345,0.0228,0.0548,0.6373,8.8581,0.1187,-5394.75,58.1223
225,27.3,8.8334,12.7,0.0116,0.0513,0.596,9.3998,0.0946,-6448.0,58.339
226,1.7018,4.1438,18.2982,0.0211,0.0505,0.7611,8.6472,0.1055,-5078.75,58.4162
227,-3.01,2.7758,23.01,0.0243,0.0612,0.9091,9.0639,0.0851,-5190.0,57.825
228,5.03,12.044054218287883,34.62823879222262,0.013,0.0284,0.7584,10.053810884229684,0.0779,-5546.5,57.3774
229,0.2336,4.2573,19.7664,0.0172,0.0194,0.6163,8.6556,0.0935,-5207.25,60.326
230,-1.79,2.2725,21.79,0.0151,0.0313,0.7558,8.4278,0.0841,-5445.5,58.4188
231,-0.1882,4.4714,20.1882,0.0273,0.0703,0.8452,9.065,0.1104,-5822.75,58.2202
232,-3.9509,4.1335,23.9509,0.0236,0.0625,0.9075,8.5735,0.1088,-5535.0,58.311
233,-8.4836,6.9918,28.4836,0.0175,0.0401,0.8384,8.5177,0.0823,-6374.75,58.9204
234,3.88,4.6953,16.12,0.0381,0.0443,0.687,8.8505,0.097,-6279.5,57.2166
235,0.6782,4.7511,19.3218,0.0184,0.0569,0.6302,8.8249,0.077,-5545.0,58.6847
236,5.7945,6.0735,14.2055,0.0242,0.0314,0.9444,8.9562,0.0894,-5300.5,59.4545
237,1.5645,6.6138,18.4355,0.018788278819848316,0.036,0.8569,8.7164,0.1104,-5222.0,58.5492
238,6.8491,4.3849,13.1509,0.0272,0.0098,0.5374,9.0061,0.0901,-5418.75,57.6585
239,4.9336,5.8227,15.0664,0.0284,0.0603,0.4782,9.0744,0.15596533270297572,-5519.25,58.5351
240,-3.8655,6.381,23.8655,0.0203,0.0541,0.7719,8.6611,0.1033,-5554.5,56.9935
241,21.7573,5.7213,18.2427,0.011,0.039,0.7613,9.094,0.0776,-7134.18585823866,59.0053
242,1.7318,3.7079,18.2682,0.028,0.083,0.6641,8.6544,0.0686,-5295.0,60.0375
243,-5.52,3.7167,25.52,0.033,0.088,0.684,8.58,0.1017,-5834.5,59.0685
244,-0.6327,3.0271,20.6327,0.0197,0.0466,0.6373,8.8581,0.084,-5352.75,58.6058
245,5.1773,4.8457,14.8227,0.0247,0.0472,0.9726,8.2638,0.1047,-5458.75,58.2842
246,1.1527,5.4141,18.8473,0.0162,0.0483,1.1248,8.6005,0.105,-6326.0,58.5491
247,-2.5345,2.8331,22.5345,0.0163,0.0571,0.9332,8.5862,0.1088,-5573.0,58.3434
248,-3.9618,4.9627,23.9618,0.0132,0.0409,0.4744,8.2061,0.0569,-4958.5,58.2596
249,0.7,7.0696,19.3,0.0257,0.027,0.481,9.088,0.15596533270297572,-5311.0,58.5588
250,-1.8045,7.2043,21.8045,0.0205,0.0898,0.5329,8.6024,0.0272,-6458.0,58.5008
251,27.651775678753342,3.1529,11.5991,0.0263,0.0576,0.5593,9.5642,0.1004,-5657.5,59.9637
252,-3.1927,3.0517,23.1927,0.0156,0.0679,0.9186,8.4537,0.1024,-5156.5,58.1448
253,27.651775678753342,5.9742,12.2636,0.0175,0.0444,0.8735,10.053810884229684,0.0754,-6361.5,58.2189
254,-0.7036,4.8678,20.7036,0.0251,0.0249,1.1638,8.3324,0.0806,-5473.25,58.1742
255,-4.2327,7.7983,24.2327,0.0184,0.0442,0.7337,8.8546,0.1017,-5675.0,58.0722
256,6.7391,6.9887,33.2609,0.0392,0.0485,0.7584,10.053810884229684,0.0779,-5493.75,59.1555
257,3.2173,5.4916,16.7827,0.0192,0.0344,0.8659,8.7597,0.1003,-5461.75,59.0186
258,3.9382,4.8265,16.0618,0.0308,0.0348,0.9251,8.4092,0.1019,-6363.0,58.5934
259,1.1618,10.5293,18.8382,0.0276,0.0506,0.6805,8.5596,0.0607,-5257.75,58.5398
260,-3.45,5.9053,23.45,0.018,0.0432,0.9707,8.886,0.0334,-6254.25,58.653
261,1.1273,2.8784,18.8727,0.0315,0.0387,0.9255,9.2171,0.1003,-6353.75,59.5222
262,0.7955,2.4776,19.2045,0.0224,0.0757,0.6815,8.8909,0.1045,-5241.5,58.2822
263,3.5264,6.2851,16.4736,0.022,0.0571,0.57,8.7662,0.085,-6535.25,56.2786
264,-3.2718,4.0368,23.2718,0.0151,0.0717,0.7032,8.5571,0.1103,-5777.0,56.085
265,-2.3891,5.9176,22.3891,0.0255,0.056,0.6332,8.9221,0.084,-5135.0,59.3319
266,-5.7373,6.2186,25.7373,0.0116,0.0663,0.3512,9.9095,0.0336,-5337.25,58.4412
267,-0.1545,4.4263,20.1545,0.0183,0.0822,0.9525,9.4749,0.1045,-5560.25,59.3833
268,1.1782,6.4326,18.8218,0.0228,0.0639,0.9193,8.7418,0.0804,-5372.25,59.8217
269,-0.2282,11.8879,20.2282,0.028,0.0379,0.9715,8.5788,0.0856,-6295.5,59.5704
270,0.3418,4.5494,19.6582,0.0143,0.0305,0.8336,9.4257,0.0887,-6407.75,58.5825
271,9.5927,4.0186,10.4073,0.034,0.0547,0.7121,8.9416,0.086,-5194.0,58.4135
272,-1.1455,4.1182,21.1455,0.0216,0.0542,0.6611,9.3181,0.034,-5475.5,57.8802
273,0.5609,2.8961,19.4391,0.02,0.0303,0.8716,9.0121,0.0913,-6515.25,57.1032
274,4.5355,4.1739,15.4645,0.0145,0.0296,0.6644,8.0787,0.0692,-5593.5,58.9506
275,-1.99,5.941,21.99,0.0157,0.0395,0.7663,8.1409,0.0299,-5477.0,60.8325
276,-0.9918,3.4182,20.9918,0.0269,0.0427,0.768,8.8384,0.0849,-6316.75,59.0198
277,-2.5682,3.2156,22.5682,0.0171,0.0589,0.593,8.6799,0.0811,-5573.0,58.5297
278,2.9691,3.4776,17.0309,0.029535501570662707,0.049,0.9066,8.7552,0.0312,-5073.5,58.3444
279,-0.0164,4.2753,20.0164,0.0192,0.028,0.6903,8.8548,0.0858,-5949.25,58.8089
280,2.9864,3.95,17.0136,0.0327,0.0317,0.8089,8.9036,0.1257,-5211.0,58.4186
281,0.0855,7.3841,19.9145,0.0222,0.0517,0.9072,9.2016,0.0283,-6411.5,58.8843
282,0.5764,4.1425,19.4236,0.0245,0.0693,0.8705,8.3273,0.09,-5348.75,58.2474
283,3.3364,4.5331,16.6636,0.0187,0.0364,0.9735,8.4896,0.0887,-6394.5,56.4198
284,-4.9191,5.6678,24.9191,0.0204,0.0512,0.6787,8.3845,0.0336,-5540.0,57.9331
285,1.7082,4.001,18.2918,0.0182,0.0431,0.815,8.9833,0.0858,-5007.75,59.173
286,-9.1,6.1557,29.1,0.0176,0.0452,1.0765,8.9857,0.0338,-5463.75,58.7354
287,12.4309,10.2688,27.5691,0.0147,0.0705,0.8007,9.2658,0.0779,-5495.75,57.7826
288,15.81,5.8984,24.19,0.0368,0.077,1.1869,8.6527,0.0985,-5471.25,58.0879
289,-4.15,3.8611,24.15,0.0188,0.0499,0.714,8.7199,0.0819,-6576.0,59.6345
290,1.4055,7.1475,18.5945,0.0168,0.0778,0.8659,8.7597,0.0997,-5597.0,58.1892
291,4.8018,6.4164,15.1982,0.0262,0.0436,1.0047,8.5952,0.086,-6408.25,60.0028
292,5.9155,5.5662,14.0845,0.0317,0.0682,0.7664,8.2832,0.0895,-5344.25,58.2218
293,-2.3364,3.2527,22.3364,0.0284,0.0418,0.8571,8.8355,0.1003,-4994.25,58.8595
294,-2.1155,4.6677,22.1155,0.024,0.0762,1.0918,7.606924722813452,0.079,-5138.5,58.2458
295,2.28,7.5564,17.72,0.0161,0.0463,0.7153,9.2047,0.1019,-6495.25,57.2015
296,1.9336,3.6107,18.0664,0.0217,0.0688,0.6857,8.2776,0.0337,-5447.25,59.2754
297,5.6155,2.9642,14.3845,0.0208,0.0322,0.7674,8.4891,0.0956,-6358.25,59.1796
298,-10.8745,3.8138,30.8745,0.0155,0.0276,0.8384,8.8945,0.0785,-5529.25,58.566
299,13.3709,11.778,6.6291,0.0116,0.0814,0.7316,8.8043,0.0852,-5229.25,56.6647
300,13.3745,5.0984,26.6255,0.04999362581099474,0.0884,0.7059,9.1757,0.0823,-5613.5,58.4126
301,0.1536,7.5974,19.8464,0.0259,0.0558,1.1623,9.4336,0.1092,-5528.5,58.2652
302,4.1591,2.9657,15.8409,0.017,0.0739,0.7724,8.7402,0.1011,-5523.25,58.3864
303,-5.0245,8.7115,25.0245,0.0309,0.0481,0.8962,9.5689,0.0937,-6443.5,59.2184
304,7.0591,5.8522,12.9409,0.0141,0.0598,0.869,8.5251,0.0856,-6507.5,57.305
305,2.1045,10.5022,17.8955,0.0308,0.0539,0.9729,9.6938,0.0775,-6358.25,57.5382
306,2.5491,5.6037,17.4509,0.0269,0.0569,0.8161,8.3006,0.0662,-5549.5,58.7418
307,0.5982,3.1249,19.4018,0.0242,0.0583,0.5066,9.2064,0.084,-5424.5,57.9648
308,-0.1773,6.41,20.1773,0.0131,0.0428,0.6222,8.5889,0.0658,-5801.25,58.8432
309,3.28,3.5925,34.62823879222262,0.0224,0.0597,1.0803,8.6324,0.0993,-5646.5,60.168
310,16.0155,8.5333,23.9845,0.0263,0.0556,0.5677,9.4043,0.0257,-6431.75,55.364556183216706
311,3.3691,5.0427,16.6309,0.0278,0.0651,0.5858,9.1637,0.089,-5522.0,59.4554
312,22.6227,4.5258,17.3773,0.0156,0.0371,1.1054,8.6789,0.0243,-5521.25,58.72
313,1.3791,9.2809,18.6209,0.04999362581099474,0.0518,0.9826,8.5334,0.0868,-6238.25,59.3145
314,-3.1818,6.16,23.1818,0.0239,0.0748,0.9329,8.3267,0.0324,-5281.0,57.5882
315,-4.6173,5.0841,24.6173,0.0208,0.0198,0.9707,8.886,0.0829,-6330.5,59.7162
316,-0.8964,4.4311,20.8964,0.02,0.1118,0.604,8.7283,0.0924,-5530.0,58.6031
317,27.651775678753342,12.044054218287883,16.63,0.016,0.047,0.687,8.8505,0.097,-6334.5,57.8318
318,-1.4609,7.3778,21.4609,0.0156,0.083,0.9329,8.3267,0.0311,-5689.0,58.1153
319,4.9745,3.4412,34.62823879222262,0.0344,0.0693,1.0551,9.0998,0.0821,-5664.0,60.9465
320,5.9073,5.5799,14.0927,0.0316,0.0401,0.7642,9.3335,0.0909,-6465.0,56.9219
321,0.9027,3.8619,19.0973,0.0208,0.0108,0.7532,8.6384,0.09,-6427.5,57.5749
322,0.9591,3.1241,19.0409,0.0247,0.0734,0.8336,8.7015,0.0881,-5209.0,59.6589
323,-3.2509,7.3364,23.2509,0.0272,0.0394,1.148,8.6309,0.0746,-6290.25,58.9346
324,3.2591,12.044054218287883,16.7409,0.0264,0.0521,1.0338,8.5232,0.0921,-6400.25,57.919
325,-0.8727,4.3145,20.8727,0.0195,0.0412,1.0359,8.6149,0.0858,-5305.0,58.6145
326,4.4091,6.7011,15.5909,0.0149,0.0487,1.0323,8.531,0.0976,-6326.25,58.7929
327,-4.6591,5.8666,24.6591,0.0205,0.0842,1.0478,8.8889,0.1043,-5358.5,58.0956
328,2.0127,4.571,17.9873,0.0227,0.0454,0.8435,8.7994,0.0813,-5459.0,58.8109
329,1.0218,3.4914,18.9782,0.0168,0.059,0.8807,8.5987,0.0791,-6347.75,59.2528
330,4.0427,5.4374,15.9573,0.0179,0.0726,0.7643,8.9635,0.0775,-5320.5,58.0339
331,21.39,3.0761,18.61,0.0259,0.12570988867962482,1.0459,8.7487,0.0759,-4173.969634289816,59.0278
332,4.4564,11.5187,15.5436,0.0289,0.0361,1.0338,8.5232,0.0909,-5655.25,59.423
333,1.8582,6.818,18.1418,0.0221,0.0593,0.9075,8.5735,0.1067,-5311.25,58.7855
334,4.3109,4.5025,15.6891,0.0266,0.0717,0.8681,8.8741,0.085,-5448.5,57.4682
335,0.2536,5.7431,19.7464,0.0257,0.0293,0.577,9.754,0.0848,-5630.75,58.3607
336,0.6573,7.1117,19.3427,0.0242,0.0564,0.9276,8.5298,0.0352,-5498.75,56.5661
337,-1.5091,6.8431,21.5091,0.0277,0.0427,0.8155,8.3823,0.1005,-5554.75,56.5738
338,-5.7473,2.6227,25.7473,0.0242,0.0437,0.7677,9.0942,0.0811,-5294.0,57.324
339,7.7745,3.4881,32.2255,0.0231,0.0452,0.7747,9.2655,0.0964,-6329.25,59.5606
340,1.4373,9.2986,18.5627,0.0232,0.0647,0.8231,8.7812,0.0855,-5277.25,59.3269
341,20.7118,4.7381,19.2882,0.0315,0.0368,0.7507,9.4832,0.0257,-6452.5,58.1458
342,2.4218,5.6564,17.5782,0.0232,0.0834,0.9332,8.5862,0.0615,-6313.5,58.5144
343,-3.2373,4.4719,23.2373,0.0305,0.0278,0.9175,8.1605,0.0368,-6592.25,59.7417
344,10.7709,8.6732,29.2291,0.04999362581099474,0.056,0.9059,8.5405,0.0942,-6308.75,59.9532
345,2.2118,3.3887,17.7882,0.0131,0.0342,0.869,8.5251,0.105,-6461.0,59.5637
346,-9.7682,6.4163,29.7682,0.0154,0.0466,0.3973,9.7137,0.0321,-5400.0,58.9029
347,2.1473,2.5138,17.8527,0.0287,0.0744,0.8041,9.2328,0.086,-5487.75,59.3175
348,-3.1455,8.0986,23.1455,0.0246,0.0488,1.0189,8.5779,0.0623,-6470.75,58.7398
349,-4.25,5.0001,24.25,0.021,0.0809,0.4744,8.2061,0.0573,-5264.5,59.6823
350,1.0636,7.3977,18.9364,0.0144,0.0496,0.8807,8.5987,0.0791,-6256.5,58.5757
351,-2.2185615612385625,5.655085360866035,22.979797189718514,0.0213,0.0614,0.6644,8.0787,0.0337,-5561.75,59.0441
352,27.651775678753342,12.044054218287883,34.17,0.013,0.0468,0.8435,8.7994,0.0835,-5430.0,56.3711
353,8.6673,3.5482,11.3327,0.0195,0.12570988867962482,1.0891,8.6942,0.077,-4173.969634289816,59.0693
354,-1.4327,3.8467,21.4327,0.0125,0.0219,0.685,8.7646,0.0851,-5357.25,58.6608
355,-5.8564,4.6662,25.8564,0.0153,0.0417,0.7719,8.6611,0.1043,-5194.75,59.7055
356,-1.1173,5.1698,21.1173,0.0259,0.057,0.768,8.8384,0.0868,-6316.75,58.4316
357,-4.8145,5.678,24.8145,0.0238,0.0421,0.8159,8.7932,0.0639,-5989.75,58.2644
358,-1.1945,6.4728,21.1945,0.021,0.0371,1.0631,8.7932,0.0861,-5290.0,58.3298
359,5.4718,6.0985,14.5282,0.031,0.102,1.0216,8.2395,0.0615,-5310.5,58.3287
360,6.5191,6.4151,13.4809,0.021,0.0476,0.8345,8.828,0.0976,-6368.75,58.0855
361,3.1764,4.0713,16.8236,0.0183,0.0389,0.8047,8.1166,0.0381,-5520.25,58.25
362,14.75,9.9885,25.25,0.0298,0.0571,1.0323,8.531,0.1013,-6390.0,58.446
363,2.1918,4.8167,17.8082,0.021,0.0852,1.0216,8.2395,0.0621,-5611.75,58.8605
364,5.0809,8.4171,34.62823879222262,0.0499,0.073,0.9413,9.7484,0.0946,-5222.5,57.6322
365,6.9918,5.2587,33.0082,0.0441,0.0352,0.9393,10.053810884229684,0.0224,-6068.75,57.8646
366,-3.9318,3.8097,23.9318,0.0134,0.0498,1.0393,8.5135,0.0613,-5254.5,57.7753
367,1.28,8.226,18.72,0.0188,0.0425,0.745,8.7782,0.045,-5191.5,58.6944
368,-17.3591,6.8912,34.62823879222262,0.0325,0.12570988867962482,0.6302,8.8249,0.0792,-4173.969634289816,58.3884
369,6.3364,4.6662,13.6636,0.04999362581099474,0.0388,1.062,8.8513,0.097,-6310.5,58.2651
370,4.5645,8.1722,15.4355,0.04999362581099474,0.0362,1.0338,8.5232,0.0765,-5469.75,59.4592
371,0.1364,4.6148,19.8636,0.0208,0.0775,0.5194,8.8356,0.0352,-5129.25,56.3593
372,-0.5955,2.1151,20.5955,0.0137,0.0402,0.593,8.6799,0.0838,-5168.0,57.3529
373,0.3391,8.6037,19.6609,0.0231,0.0509,0.6222,8.5889,0.1044,-5116.5,58.5714
374,-2.2636,3.5046,22.2636,0.0198,0.0253,0.587,8.7373,0.1065,-5187.75,57.7378
375,3.8936,4.8816,16.1064,0.0493,0.0424,0.687,8.8505,0.0938,-6295.75,59.2243
376,-0.0073,6.7336,20.0073,0.0208,0.1222,0.7506,8.322,0.1061,-5607.75,58.2925
377,0.4836,6.411,34.62823879222262,0.0413,0.0635,1.0803,8.6324,0.077,-5753.5,58.8927
378,-2.3264,3.253,22.3264,0.0238,0.0649,0.4744,8.2061,0.0863,-5418.75,57.9383
379,1.4745,5.6832,18.5255,0.0401,0.016,0.9361,8.5288,0.0848,-5874.25,58.945
380,1.2327,4.0468,18.7673,0.0256,0.0651,0.713,8.3588,0.101,-5481.75,58.6668
381,-4.9018,4.0905,24.9018,0.019,0.0361,0.7159,8.7401,0.1017,-5767.25,59.3096
382,-2.6655,5.533,22.6655,0.0144,0.0418,0.5836,8.6706,0.0764,-6477.0,59.4602
383,2.0664,7.1405,17.9336,0.033,0.0617,0.687,8.8505,0.0938,-6316.5,59.3373
384,0.7655,5.7586,19.2345,0.0162,0.0468,0.9826,8.5334,0.0909,-6300.25,58.8905
385,-7.4155,4.3502,27.4155,0.0177,0.0506,0.5677,9.4043,0.0248,-5631.75,58.3456
386,-0.45,5.1544,20.45,0.0223,0.0898,0.466,8.7779,0.0859,-5966.75,58.458
387,-0.2482,5.6555,20.2482,0.0164,0.1077,0.6066,8.7073,0.085,-5464.75,57.9584
388,17.1745,9.4912,22.8255,0.0394,0.0608,0.9683,8.5788,0.1013,-6393.25,59.6177
389,3.8882,3.9965,16.1118,0.0446,0.0497,0.6242,8.7037,0.1067,-5469.5,56.5307
390,4.3982,3.2659,15.6018,0.0203,0.0649,0.587,8.7373,0.0932,-5334.0,59.4534
391,22.6936,9.1891,17.3064,0.04999362581099474,0.0525,1.0323,8.531,0.0969,-6253.5,58.2685
392,24.26,3.8906,15.74,0.015,0.0582,1.0323,8.5218,0.0937,-5426.75,59.1981
393,-4.2364,3.5871,24.2364,0.0249,0.0207,0.7159,8.7401,0.1065,-5671.25,59.0689
394,-3.4445,4.7695,23.4445,0.0255,0.0476,1.0541,8.287,0.1043,-5549.25,55.364556183216706
395,3.1373,5.3052,16.8627,0.0266,0.0996,0.8076,8.3808,0.0851,-5609.5,56.302
396,5.9345,3.6369,14.0655,0.02918290455923127,0.0322,0.9232,8.4509,0.09,-6499.0,58.0278
397,0.9091,3.4436,19.0909,0.025,0.0408,0.9251,8.4092,0.1019,-6260.75,57.6847
398,2.4845,4.0141,17.5155,0.013,0.0647,0.6903,8.8548,0.0932,-5335.0,55.7894
399,17.6382,5.096,22.3618,0.0428,0.12570988867962482,0.7015,9.2007,0.0859,-4173.969634289816,56.5635
400,-1.3327,8.9143,21.3327,0.0218,0.0455,0.8297,8.5615,0.0272,-5569.0,58.486
401,1.1682,4.7835,18.8318,0.0234,0.0696,1.0393,8.5135,0.0848,-5319.25,57.3112
402,-1.3727,5.2717,21.3727,0.0186,0.0483,0.9735,8.4896,0.0822,-6385.75,59.1958
403,8.1445,8.3032,11.8555,0.0179,0.0508,1.0135,8.6439,0.0925,-6406.25,58.7587
404,4.9991,6.7235,15.0009,0.0257,0.0553,0.8343,9.0622,0.084,-5516.75,59.0167
405,22.1027,6.5836,17.8973,0.0379,0.0572,0.7507,9.4832,0.0943,-6401.25,58.3103
406,25.2736,8.1065,14.7264,0.03,0.0675,0.7059,9.1757,0.0805,-5142.25,60.0562
407,-2.5418,3.965,22.5418,0.0262,0.0611,0.5967,8.8054,0.1104,-5115.25,56.3933
408,3.6255,12.044054218287883,16.3745,0.0265,0.0885,0.6796,8.8973,0.0311,-5594.75,59.4884
409,-2.9209,1.9674,22.9209,0.0207,0.0713,1.0541,8.287,0.0841,-5588.0,58.359
410,-3.5727,6.4423,23.5727,0.0206,0.1096,0.7534,9.0447,0.0326,-5867.5,58.9241
411,9.05,6.364,30.95,0.0193,0.0574,1.1086,8.7495,0.15596533270297572,-5501.75,55.5313
412,6.3436,3.7264,13.6564,0.04999362581099474,0.026,0.9725,8.5266,0.0765,-5467.5,58.5273
413,27.651775678753342,3.5796,11.8809,0.0455,0.0415,0.4221,9.3851,0.0538,-5594.25,58.5485
414,2.8745,9.7565,17.1255,0.0257,0.039,0.8752,9.7324,0.097,-5305.5,57.3235
415,0.9736,5.374,19.0264,0.013,0.0393,0.8229,10.053810884229684,0.1003,-5511.5,58.1841
416,-3.1827,4.2716,23.1827,0.0121,0.0926,0.8136,8.2963,0.0336,-5418.25,61.1788
417,5.8091,4.3589,34.1909,0.0378,0.05422174450189035,0.8556,8.7879,0.0942,-5462.36631722488,56.3196
418,5.6155,4.7003,14.3845,0.0204,0.0379,0.713,8.3588,0.086,-4764.0,58.0213
419,-3.54,4.8902,23.54,0.027,0.0394,0.5742,8.627,0.03,-5393.5,58.0393
420,3.99,4.0074,16.01,0.0111,0.008,0.869,8.5251,0.0264,-5546.5,58.5367
421,0.77,3.9462,19.23,0.0182,0.0632,0.9136,8.8097,0.0851,-5455.25,58.8413
422,2.0673,6.3906,17.9327,0.0156,0.0128,0.9091,9.0639,0.1003,-5605.0,58.6014
423,-2.4373,3.6829,22.4373,0.0154,0.0888,0.7258,8.9979,0.0811,-5515.0,59.7241
424,3.1527,5.1688,16.8473,0.0139,0.0363,0.4685,8.897,0.0353,-5672.0,58.0975
425,-1.9891,5.3999,21.9891,0.0248,0.0693,0.9735,8.4896,0.061,-5685.0,58.598
426,0.9518,5.8937,19.0482,0.0203,0.0759,0.7681,10.053810884229684,0.0623,-5353.0,56.9734
427,-4.9336,5.0456,24.9336,0.0242,0.038,0.6056,8.7441,0.03,-5731.5,58.5896
428,1.7073,5.6009,18.2927,0.0258,0.0548,0.6066,8.7073,0.1044,-5545.25,58.9077
429,22.4345,6.0666,17.5655,0.0431,0.046,1.0407,8.7599,0.0759,-5440.5,60.0459
430,-3.4991,4.3926,23.4991,0.017,0.0542,0.815,8.9833,0.1065,-5543.0,59.1739
431,-0.4682,4.8846,20.4682,0.0184,0.0726,0.4817,8.8105,0.0381,-5741.75,59.7098
432,-5.7091,5.605,25.7091,0.04999362581099474,0.0569,0.4817,8.8105,0.0867,-5333.0,58.2477
433,8.3045,4.665,31.6955,0.0189,0.12570988867962482,0.9368,9.1585,0.0779,-4731.0,57.6728
434,-6.0455,3.5785,26.0455,0.0167,0.0438,0.6161,8.598,0.0816,-5647.5,58.9899
435,-0.2627,2.7083,20.2627,0.0162,0.0417,0.5284,8.8424,0.1058,-5564.0,58.4618
436,-3.7536,4.8003,23.7536,0.0208,0.0618,1.0631,8.7932,0.0713,-5525.25,58.8668
437,-1.1836,4.1362,21.1836,0.0184,0.0802,0.7032,8.5571,0.0911,-5406.75,58.4372
438,-10.1291,7.7442,30.1291,0.0324,0.12570988867962482,0.6302,8.8249,0.0778,-4173.969634289816,58.6488
439,-1.2955,7.9285,21.2955,0.0322,0.0767,0.573,8.8215,0.0323,-5312.75,57.0184
440,-12.1373,3.406,32.1373,0.0229,0.041,0.7574,9.043,0.0938,-5645.5,55.732
441,-8.6082,5.2385,28.6082,0.0269,0.0357,0.9255,9.2171,0.0248,-6345.0,59.8073
442,-0.8045,4.1344,20.8045,0.0297,0.0594,0.9588,8.5855,0.0887,-6190.0,59.0661
443,-1.5945,7.0549,21.5945,0.0205,0.0447,0.815,8.9833,0.0861,-5648.25,59.2289
444,-1.7382,8.3401,21.7382,0.0215,0.0703,0.4254,9.1526,0.0311,-5200.75,59.4669
445,3.0682,4.9841,16.9318,0.0272,0.0819,0.9274,8.9605,0.0329,-5727.0,58.6392
446,-2.826769498665783,5.5744699912394555,22.30925698116043,0.0172,0.0261,0.714,8.7199,0.0828,-6624.5,58.5037
447,-2.6636,3.9721,22.6636,0.0128,0.043,1.2223,8.6074,0.0768,-5626.25,58.5939
448,24.3509,5.3992,15.6491,0.021,0.0499,0.7613,9.094,0.0754,-6546.5,56.0367
449,22.4673,2.5653,21.38,0.0338,0.12570988867962482,1.0216,8.2395,0.0621,-5573.75,57.5926
450,-2.4636,3.3684,22.4636,0.0161,0.0272,0.7162,9.1502,0.0759,-6033.25,58.8499
451,-3.1427,4.191,23.1427,0.0147,0.0483,0.6254,9.004,0.0791,-5626.0,59.6595
452,0.9409,4.8856,19.0591,0.0234,0.0086,0.577,9.754,0.0623,-5602.25,58.5769
453,-0.1891,2.3933,20.1891,0.0229,0.1074,0.6385,8.2914,0.085,-5834.75,58.6896
454,-1.1764,2.9801,21.1764,0.0214,0.0479,0.8163,9.1287,0.0858,-6347.75,56.6276
455,4.0555,4.3634,15.9445,0.0416,0.0398,0.3963,8.7696,0.1036,-6660.25,58.0623
456,-7.9627,3.7271,27.9627,0.0135,0.0541,0.8384,8.8945,0.0801,-5440.25,59.7698
457,-1.9382,4.8264,21.9382,0.0252,0.0349,0.6611,9.3181,0.034,-5314.5,58.3899
458,-2.1309,6.4533,22.1309,0.0177,0.0714,1.0359,8.6149,0.1062,-5261.75,60.4342
459,16.6491,12.044054218287883,17.239,0.0185,0.028,0.8146,8.8132,0.0804,-5748.5,59.0268
460,1.3664,6.4272,18.6336,0.0231,0.0549,0.9873,8.659,0.0848,-6350.25,56.6455
461,1.1136,5.5958,18.8864,0.0263,0.0867,1.0216,8.2395,0.0621,-5867.0,59.2185
462,2.3091,5.1075,17.6909,0.0276,0.0352,0.9175,8.1605,0.1051,-6475.5,59.4081
463,9.6564,8.3146,30.3436,0.0311,0.0455,0.9109,9.219,0.1013,-6886.25,55.364556183216706
464,0.5536,3.1414,19.4464,0.0223,0.0459,0.7193,9.1141,0.1017,-5341.5,58.9198
465,-4.6582,4.7022,24.6582,0.0205,0.0528,0.6259,8.7326,0.03,-5506.5,56.3186
466,-0.3455,12.044054218287883,20.3455,0.0317,0.0813,0.604,8.7283,0.0855,-5733.0,58.5845
467,11.6964,7.26,28.3036,0.0321,0.0545,1.1869,8.6527,0.1021,-5175.5,59.5289
468,-1.7818,4.0694,21.7818,0.0302,0.0708,0.4744,8.2061,0.0319,-5149.0,58.5543
469,0.1664,8.6404,19.8336,0.0352,0.0775,0.7153,9.2047,0.0932,-5472.75,58.7145
470,-3.9927,2.5272,23.9927,0.0257,0.0369,0.4744,8.2061,0.0571,-5487.0,57.9035
471,-0.28,8.9449,20.28,0.0231,0.0429,0.7392,8.9607,0.03,-6370.0,59.2744
472,-2.1173,6.2891,22.1173,0.021,0.1252,0.6927,8.8519,0.1071,-5248.25,57.979
473,-3.8691,5.1033,23.8691,0.0313,0.0272,0.7392,8.9607,0.0304,-6496.75,58.3051
474,4.9382,4.6676,15.0618,0.0216,0.07,0.6242,8.7037,0.0851,-5324.5,59.0907
475,-0.9618,9.4501,20.9618,0.0199,0.0487,1.1255,8.5891,0.0623,-6283.75,59.2067
476,-6.8555,6.4508,26.8555,0.0159,0.0399,0.8041,9.2328,0.086,-5436.0,59.3847
477,0.7736,7.4113,19.2264,0.0213,0.05,0.7506,8.322,0.0344,-5398.0,57.9745
478,23.7864,4.8968,16.2136,0.0447,0.0531,0.6641,9.1638,0.0762,-6485.5,55.9866
479,-2.0291,7.4351,22.0291,0.0248,0.0659,0.8705,8.3273,0.0263,-6284.25,59.3918
480,-2.6673,12.044054218287883,22.6673,0.0237,0.058,0.8231,8.7812,0.0855,-5280.25,58.2302
481,0.79,4.9118,19.21,0.0168,0.0326,0.8163,9.1287,0.0875,-5613.0,56.0791
482,13.9782,6.0235,26.0218,0.0466,0.12570988867962482,0.4996,8.7588,0.0247,-4173.969634289816,57.3981
483,-5.4691,4.6156,25.4691,0.04999362581099474,0.0481,0.656,8.9132,0.1112,-5450.0,58.3263
484,-5.2427,8.0432,25.2427,0.0167,0.038,0.9136,8.8097,0.0452,-5439.25,58.5736
485,-1.2336,4.646,21.2336,0.0256,0.0466,0.9588,8.5855,0.0639,-6204.25,58.5978
486,-7.1564,7.9407,27.1564,0.018,0.0437,0.687,8.8505,0.097,-6264.0,59.0979
487,23.4736,2.6882,16.5264,0.0309,0.0692,0.5279,10.053810884229684,0.077,-5525.5,58.3703
488,0.6327,5.3109,19.3673,0.0207,0.0725,0.7849,8.324,0.0319,-5431.75,58.2571
489,16.4582,4.9435,23.5418,0.0439,0.0397,0.6901,9.2405,0.0816,-5667.5,57.3798
490,-7.8145,7.7685,27.8145,0.0255,0.0338,0.5858,9.1637,0.0308,-5441.0,57.8402
491,-0.0945,4.0299,20.0945,0.0179,0.0361,0.7337,8.8546,0.0335,-5337.75,59.4125
492,-5.1655,3.6904,25.1655,0.0252,0.0346,0.768,8.8384,0.0639,-6374.5,59.0348
493,22.8809,5.2902,17.1191,0.0418,0.035,1.0407,8.7599,0.0759,-5460.5,59.099
494,2.0064,5.3257,17.9936,0.0127,0.0438,0.6576,9.396,0.0873,-6572.75,58.2955
495,1.5755,8.0824,18.4245,0.0258,0.036,0.8716,9.0121,0.0833,-5529.25,59.2667
496,-3.1818,2.9339,23.1818,0.0228,0.0419,0.7719,8.6611,0.0807,-5825.25,58.085
497,1.5445,7.4055,18.4555,0.0322,0.0388,0.7663,8.7219,0.0619,-6545.0,58.1276
498,-0.2227,4.4168,20.2227,0.0262,0.0893,1.0631,8.7932,0.0834,-5710.5,59.0059
499,-2.0209,2.5282,22.0209,0.0182,0.0704,0.9186,8.4537,0.0353,-5685.5,59.56
500,25.4427,6.2376,14.5573,0.0227,0.0474,0.7613,9.094,0.0754,-6566.0,58.1217
501,-3.1964,4.4213,23.1964,0.0291,0.0332,0.5742,8.627,0.0874,-5362.5,58.0625
502,-1.1236,3.8851,21.1236,0.0182,0.0712,0.9049,9.0355,0.079,-5530.25,59.4138
503,-1.2209,5.873,21.2209,0.0232,0.0521,0.5377,8.7897,0.0848,-5686.75,57.1928
504,27.651775678753342,6.8027,10.9736,0.0385,0.0473,0.7613,9.094,0.0776,-6487.25,58.9968
505,-0.66,6.6432,20.66,0.019,0.0794,0.7643,8.9635,0.0806,-5461.75,57.8715
506,3.4391,12.044054218287883,16.5609,0.0234,0.0667,1.0478,8.8889,0.0662,-5797.0,59.02
507,1.04,3.251,18.96,0.0179,0.0511,0.8571,8.8355,0.0353,-5621.0,58.8229
508,-6.5027,3.3019,26.5027,0.0176,0.061,0.4443,8.7286,0.0979,-5342.0,60.3325
509,3.9982,4.4321,16.0018,0.0218,0.0897,0.7611,8.6472,0.1067,-5615.0,59.131
510,-0.2436,6.4864,20.2436,0.0247,0.042,1.0143,8.8078,0.1087,-5344.25,58.1438
511,6.3491,3.6306,13.6509,0.0206,0.0527,0.5284,8.8424,0.1058,-5606.25,59.0142
512,0.7636,4.7589,19.2364,0.0217,0.0277,0.6335,9.0425,0.0913,-5476.5,59.2198
513,6.1727,10.9203,13.8273,0.0197,0.0486,0.8231,8.3542,0.0622,-5762.75,59.1045
514,0.4527,7.173,19.5473,0.0209,0.0611,1.0631,8.7932,0.0713,-5619.25,58.9508
515,18.6045,12.044054218287883,21.3955,0.0173,0.0267,1.1815,8.6013,0.0937,-5584.5,59.2055
516,-1.6109,5.824,21.6109,0.0178,0.0498,0.9186,8.4537,0.0997,-5377.75,59.0865
517,1.49,4.0638,18.51,0.0208,0.0604,1.0189,8.5779,0.105,-6475.5,58.4683
518,1.7618,5.5131,18.2382,0.0137,0.0372,0.9725,8.3436,0.108,-6410.75,59.185
519,0.4264,3.7573,19.5736,0.0196,0.0604,0.6144,8.7187,0.0989,-5092.25,60.1457
520,2.9409,3.9316,17.0591,0.0278,0.0513,0.6987,9.7836,0.0775,-6389.5,58.6143
521,16.5255,3.6188,23.4745,0.0397,0.0677,0.6901,9.2405,0.0734,-6030.25,55.364556183216706
522,1.8182,5.0858,18.1818,0.0216,0.0624,0.9725,8.5266,0.1003,-5742.25,58.7173
523,-1.1927,4.5513,21.1927,0.0224,0.048,1.0918,8.5459,0.0806,-5561.0,57.9682
524,2.8691,9.6984,17.1309,0.0239,0.0777,0.8616,8.6695,0.0892,-5575.0,57.094
525,1.77,3.7064,18.23,0.0316,0.021,0.7663,8.7219,0.0782,-5624.25,57.8077
526,3.36,7.0302,16.64,0.0225,0.076,0.5799,8.7568,0.0811,-5412.5,56.9709
527,2.6491,9.8527,17.3509,0.0228,0.0657,0.8883,8.9546,0.0848,-5651.25,58.1353
528,25.43,9.9046,14.57,0.0129,0.0447,0.9251,8.8287,0.0937,-6308.5,57.9516
529,-3.4618,2.3936,23.4618,0.024,0.0958,0.8076,8.3808,0.0579,-5429.25,59.7051
530,-2.3591,5.7786,22.3591,0.0191,0.086,0.5284,8.8424,0.034,-5511.0,57.9785
531,-8.1182,4.1477,28.1182,0.0113,0.0584,0.6783,9.1283,0.0914,-5757.25,59.1715
532,0.6855,4.4256,19.3145,0.0309,0.065,0.6163,8.6556,0.1124,-5294.5,58.7837
533,3.6809,3.5974,16.3191,0.023680507408872408,0.0909,0.746,8.6382,0.0818,-5223.25,59.8747
534,0.5082,4.7158,19.4918,0.0168,0.0789,0.832,8.5615,0.0817,-5521.25,58.1012
535,6.1882,7.0742,13.8118,0.0194,0.0429,0.8705,8.3273,0.0871,-5440.25,58.3237
536,-0.1745,5.68,20.1745,0.0184,0.0391,0.7316,8.8043,0.0819,-6339.0,58.5136
537,1.9273,6.2851,18.0727,0.0185,0.0643,0.7664,8.2832,0.0895,-5472.0,58.6921
538,5.5964,4.8447,16.067,0.0196,0.0811,0.8834,8.272,0.0979,-5204.0,59.3271
539,4.9209,5.3264,15.0791,0.0347,0.12570988867962482,0.8758,9.152,0.0329,-6354.5,56.5065
540,-0.8436,6.6223,20.8436,0.0192,0.075,0.6161,8.598,0.1017,-5489.5,58.2679
541,5.3191,4.8468,14.6809,0.0221,0.0626,0.5765,8.3591,0.0881,-5392.5,55.396
542,7.8264,10.4973,12.1736,0.0295,0.0243,1.1869,8.6527,0.0977,-5444.0,57.4407
543,4.4445,2.9431,15.5555,0.0202,0.0724,0.7093,8.2981,0.0909,-5085.75,57.8403
544,13.6809,4.676,26.3191,0.0234,0.0282,0.7408,8.6211,0.0257,-5033.0,55.364556183216706
545,-3.8791,5.1665,23.8791,0.0206,0.0717,1.0765,8.9857,0.0338,-5654.75,58.4837
546,1.1845,7.7836,18.8155,0.0167,0.033,0.9916,9.22,0.0263,-5519.0,59.2836
547,13.1482,4.6964,26.8518,0.0463,0.0662,0.662,8.8033,0.0915,-5497.75,55.9596
548,0.2309,5.9349,19.7691,0.0288,0.061,0.7162,9.1502,0.077,-5389.25,59.7038
549,3.2491,6.1087,16.7509,0.0254,0.0507,0.8883,8.9546,0.097,-5558.0,57.6354
550,26.9709,12.044054218287883,16.775,0.0266,0.1111,0.7516,8.451,0.036,-5475.0,59.647
551,1.5927,5.0804,18.4073,0.022,0.0748,0.78,8.7867,0.1017,-5314.75,57.6029
552,-3.6145,3.0022,23.6145,0.0165,0.0936,0.9276,8.5298,0.0807,-5699.25,58.0815
553,-1.7909,8.2849,21.7909,0.0177,0.0486,0.7233,8.2345,0.0323,-5290.25,57.3337
554,-13.3573,2.8962,33.3573,0.0129,0.0586,1.148,8.6309,0.0816,-5442.25,59.8198
555,5.78,7.2905,14.22,0.034,0.0406,0.8235,8.6406,0.0765,-6459.75,57.3972
556,2.2336,3.9954,17.7664,0.0216,0.0409,0.7093,8.2981,0.0834,-5538.0,59.3162
557,1.4791,3.9117,18.5209,0.0355,0.0424,0.4254,9.1526,0.0374,-5257.0,59.2678
558,1.2264,11.173,18.7736,0.0273,0.0479,0.8752,9.7324,0.097,-5453.5,60.0524
559,-1.2491,3.8315,21.2491,0.0173,0.077,0.9186,8.4537,0.0894,-5234.25,58.4793
560,1.1627,7.231,18.8373,0.0155,0.0606,0.9726,8.2638,0.0656,-5532.5,58.1741
561,19.1027,6.9064,20.8973,0.04999362581099474,0.037,0.9413,9.7484,0.0249,-5387.5,58.666
562,-1.02,3.5486,21.02,0.0193,0.063,0.5194,8.8356,0.0894,-5528.5,58.7518
563,3.4845,3.5149,16.5155,0.0286,0.0642,0.647,9.0402,0.0935,-5709.75,58.5242
564,0.8073,5.8042,19.1927,0.0142,0.0502,1.2364,9.7997,0.0778,-5441.5,58.668
565,10.08,9.4293,29.92,0.041,0.047,1.0551,9.0998,0.0776,-5418.25,58.9691
566,3.6664,3.6807,16.3336,0.0153,0.017,0.7532,8.6384,0.0819,-6514.5,60.9868
567,-0.2845,6.1134,20.2845,0.0255,0.0884,0.7153,9.2047,0.0786,-5183.0,58.5086
568,-2.4609,4.2918,22.4609,0.0206,0.031,0.5355,8.6895,0.087,-6484.0,57.3716
569,-1.7136,4.3599,21.7136,0.0228,0.07,0.4382,8.5407,0.1047,-5098.25,57.2871
570,-3.3864,5.3197,23.3864,0.0311,0.0152,0.6783,9.1283,0.0759,-5507.75,58.4779
571,21.1082,5.7399,18.8918,0.04999362581099474,0.0531,0.7408,8.6211,0.0804,-6266.25,59.1508
572,4.5027,5.7879,15.4973,0.028,0.0319,1.1815,8.6013,0.0994,-5220.25,58.2573
573,19.3136,7.128,20.6864,0.04999362581099474,0.0486,0.7584,10.053810884229684,0.0224,-5415.75,58.5387
574,2.6173,5.9411,17.3827,0.0214,0.0508,1.062,8.8513,0.0977,-5617.5,59.3328
575,5.0473,4.3207,14.9527,0.0472,0.0301,0.5632,9.1855,0.086,-4929.5,57.7808
576,-1.1727,4.338,21.1727,0.0217,0.0711,0.8263,8.7646,0.0339,-5293.0,58.7776
577,0.5373,3.417,19.4627,0.0206,0.0407,1.1525,8.536,0.0939,-5255.75,59.9068
578,17.7327,9.9305,22.2673,0.0385,0.0466,1.0803,8.6324,0.0253,-6322.0,58.4911
579,4.3818,6.9538,15.6182,0.0291,0.04,0.5799,8.7568,0.0877,-6364.25,58.2081
580,-0.2491,3.1226,20.2491,0.0256,0.04,0.4782,9.0744,0.084,-5295.25,59.465
581,2.9536,4.0489,17.0464,0.0237,0.0289,0.7808,8.3754,0.0942,-5504.25,60.0893
582,-3.9436,6.9,23.9436,0.0235,0.0703,0.5377,8.7897,0.0848,-5933.25,58.3737
583,5.1136,7.7186,14.8864,0.0183,0.0584,0.8336,8.7015,0.15596533270297572,-5437.0,57.9415
584,5.4709,5.2009,14.5291,0.0133,0.0235,1.0478,8.8889,0.0894,-5652.5,59.532
585,-2.3618,4.0841,22.3618,0.0183,0.0492,0.5742,8.627,0.0935,-5364.75,57.9071
586,4.9073,5.4231,15.0927,0.0162,0.0521,0.9826,8.5334,0.0887,-6188.0,57.2243
587,3.5336,8.9725,16.4664,0.0429,0.0357,0.7121,8.9416,0.086,-5047.75,59.9128
588,0.8236,6.2963,19.1764,0.0159,0.0796,0.6222,8.5889,0.0658,-6190.0,59.4485
589,0.8536,5.7716,19.1464,0.0301,0.0199,0.9729,9.6938,0.1039,-5428.5,57.8123
590,3.3064,5.1124,16.6936,0.0217,0.0574,0.5066,9.2064,0.15596533270297572,-5544.0,58.9476
591,4.8364,9.3323,15.1636,0.0148,0.0442,0.5836,8.6706,0.1017,-5523.75,59.8646
592,2.0373,5.3147,17.9627,0.0373,0.062,1.1869,8.6527,0.0969,-5485.25,58.3077
593,-0.0445,5.4095,20.0445,0.0204,0.0651,0.7942,8.6691,0.031,-5473.75,59.7231
594,8.9418,4.1464,31.0582,0.0121,0.0487,0.4184,9.6272,0.15596533270297572,-5600.5,55.8172
595,4.3955,3.3263,17.271,0.0222,0.0536,0.7677,9.0942,0.1068,-5353.75,58.9442
596,-1.1609,5.8827,21.1609,0.0291,0.0565,0.7121,8.9416,0.0969,-5284.75,60.2053
597,23.0364,5.1101,16.9636,0.0369,0.0563,0.8735,10.053810884229684,0.0776,-6413.5,58.9202
598,-0.7418,6.7855,20.7418,0.0415,0.0738,0.8569,8.7164,0.0272,-4939.0,58.2904
599,-2.1182,6.421,22.1182,0.0267,0.0838,0.8304,8.5801,0.0685,-5408.25,58.5991
600,-1.0445,4.6415,21.0445,0.0151,0.0248,0.8089,8.9036,0.109,-5337.75,58.3888
601,25.8364,6.9102,14.1636,0.0188,0.0556,0.8007,9.2658,0.077,-5499.75,57.2036
602,1.4727,5.654,18.5273,0.016,0.0472,0.9163,9.0606,0.091,-5368.75,57.2119
603,-1.1527,5.3217,21.1527,0.0228,0.078,0.832,8.5615,0.0263,-5374.75,58.5431
604,-5.2327,5.8077,25.2327,0.0283,0.0528,0.7159,8.7401,0.1017,-5526.0,59.0849
605,0.5773,5.9787,19.4227,0.0346,0.0185,0.8122,8.4768,0.0769,-6393.5,59.5695
606,-0.1209,10.4836,20.1209,0.0231,0.0334,0.8807,8.5987,0.0769,-6170.75,58.3444
607,5.5191,9.4815,14.4809,0.0257,0.0318,0.7674,8.4891,0.0311,-6422.5,60.1658
608,3.9309,4.7656,16.0691,0.0262,0.0527,1.0393,8.5135,0.1036,-5442.75,58.3402
609,1.9491,9.2499,18.0509,0.0146,0.0534,0.8159,8.7932,0.0272,-4685.25,58.7363
610,23.1373,9.4939,16.8627,0.0253,0.12570988867962482,0.7015,9.2007,0.0859,-4667.25,58.6257
611,-1.8809,2.3399,21.8809,0.0233,0.0379,0.4782,9.0744,0.084,-5733.0,58.382
612,22.7418,5.1423,17.2582,0.0351,0.0327,0.6641,9.1638,0.0785,-6569.5,59.1747
613,-2.2191,3.8687,22.2191,0.0331,0.0412,0.6641,8.6544,0.1017,-5245.75,59.3901
614,1.3718,4.313,34.62823879222262,0.0152,0.0379,0.7747,9.2655,0.0964,-6278.5,57.9408
615,3.64,4.9673,16.36,0.0281,0.0819,0.5066,9.2064,0.0374,-5470.0,57.9829
616,-7.87,6.0516,27.87,0.0169,0.0597,0.8532,8.7556,0.0867,-4992.75,58.0649
617,1.0691,4.55,18.9309,0.0165,0.0778,0.815,8.9833,0.0859,-5645.0,58.9246
618,-3.1909,5.9387,23.1909,0.023080471446139377,0.0373,0.8184,8.7786,0.0378,-5427.75,56.8354
619,8.9864,4.7606,11.0136,0.0169,0.0862,1.0338,8.5232,0.0944,-5361.5,59.1123
620,15.0182,4.8764,24.9818,0.0147,0.0704,0.8007,9.2658,0.0734,-5587.75,55.8807
621,20.4209,8.0698,19.5791,0.0449,0.12570988867962482,0.7015,9.2007,0.0792,-4173.969634289816,57.1724
622,0.2745,2.8753,19.7255,0.026,0.0291,0.7719,8.6611,0.0892,-5834.75,59.7421
623,0.9909,4.2708,19.0091,0.0201,0.0539,0.5779,8.3663,0.0875,-5580.25,59.2122
624,7.9755,4.2849,12.0245,0.015,0.0483,0.8435,8.7994,0.0807,-5160.25,58.4725
625,27.651775678753342,8.8454,12.1627,0.0167,0.12570988867962482,1.2771,8.659,0.15596533270297572,-4173.969634289816,58.5394
626,-0.9,4.7778,20.9,0.0183,0.0765,0.8163,9.1287,0.091,-5475.75,57.5947
627,18.2809,4.5369,21.7191,0.0125,0.0684,1.0803,8.6324,0.0714,-5659.25,57.8675
628,15.8609,2.7354,24.1391,0.019,0.0187,1.0407,8.7599,0.0749,-5098.25,55.8499
629,-0.63,2.9179,20.63,0.0265,0.0186,0.8571,8.8355,0.1003,-5826.0,59.5847
630,0.4982,7.2128,19.5018,0.018,0.0632,0.8595,8.1161,0.0363,-5302.0,59.5956
631,2.4173,7.1468,17.5827,0.0142,0.0191,0.8807,8.5987,0.0782,-5311.5,57.6042
632,1.4982,6.528,18.5018,0.0247,0.0502,0.6335,9.0425,0.0833,-5085.75,57.8217
633,-2.5955,7.4952,22.5955,0.0256,0.0633,0.4685,8.897,0.1017,-5819.75,59.7525
634,0.4445,5.0272,19.5555,0.029,0.0618,0.5317,8.7512,0.1051,-5734.75,58.7687
635,26.6582,4.8666,13.3418,0.0429,0.0603,0.8446,8.7947,0.0529,-6174.5,57.9243
636,-0.17,5.2194,20.17,0.0158,0.0532,0.7593,8.77,0.0822,-4557.0,59.2268
637,2.1136,4.1174,17.8864,0.0214,0.0615,0.587,8.7373,0.15596533270297572,-5327.75,58.5564
638,-1.7336,3.454,21.7336,0.0194,0.1137,0.4254,9.1526,0.084,-5200.25,58.9212
639,2.23,2.0773,17.77,0.0192,0.0492,0.7954,8.7548,0.0859,-5333.75,59.6298
640,-0.4109,4.7785,20.4109,0.0393,0.0725,1.0186,8.7383,0.0816,-5382.5,57.6074
641,-6.2473,7.5956,26.2473,0.0251,0.0806,0.6268,8.3675,0.1157,-5274.25,57.9134
642,-0.0182,4.277,20.0182,0.0153,0.0216,0.4129,10.053810884229684,0.0997,-5759.5,59.0095
643,14.4382,9.8466,25.5618,0.0222,0.047,1.0047,8.5952,0.0257,-6356.0,56.1345
644,9.4864,4.1354,30.5136,0.0339,0.0602,0.8222,8.5687,0.0969,-6505.5,58.7948
645,-6.8627,7.2038,26.8627,0.0264,0.0277,0.7642,9.3335,0.0937,-6421.0,58.2705
646,0.5791,6.8827,19.4209,0.0251,0.0299,1.1638,8.3324,0.0786,-6449.75,58.4855
647,13.5518,5.5608,6.4482,0.0254,0.0966,0.9444,8.9562,0.0895,-5249.0,59.1108
648,-0.07,7.7911,20.07,0.0299,0.0505,0.7681,10.053810884229684,0.0929,-6413.25,59.2869
649,0.7591,4.3304,19.2409,0.025,0.0612,0.8345,8.828,0.0969,-5848.5,57.9154
650,17.9782,7.9506,22.0218,0.0183,0.092,1.0323,8.5218,0.0969,-5228.25,55.6568
651,2.1982,6.1374,17.8018,0.0219,0.031,0.6066,8.7073,0.1044,-6002.0,59.3078
652,-1.31,8.1214,21.31,0.0174,0.0908,0.8595,8.1161,0.0859,-5482.5,59.2184
653,0.7482,6.6146,19.2518,0.022,0.0974,1.0216,8.2395,0.0621,-5370.0,58.831
654,5.7309,8.1035,14.2691,0.0229,0.091,0.565,9.534,0.0845,-5280.25,58.8003
655,1.4845,6.1176,18.5155,0.0275,0.0824,0.4722,9.193,0.0786,-5227.5,60.0887
656,27.651775678753342,3.7282,11.2936,0.0466,0.0445,0.8446,8.7947,0.0529,-5367.75,58.4191
657,4.92,7.7601,15.08,0.019,0.0827,0.8752,9.7324,0.0921,-5677.75,58.5577
658,4.7382,12.044054218287883,26.6443,0.0188,0.0751,0.4749,8.9541,0.0874,-5403.5,58.1424
659,-0.8173,4.5853,20.8173,0.0204,0.0431,0.9143,8.942,0.1088,-5469.75,58.5303
660,15.7936,3.4193,24.2064,0.0126,0.0281,1.1086,8.7495,0.0713,-5531.5,55.364556183216706
661,-2.1,6.5737,22.1,0.0324,0.063,0.7337,8.8546,0.0699,-5626.25,58.0886
662,4.4827,4.2433,15.5173,0.017,0.0446,0.9588,8.5855,0.0887,-6249.25,58.5997
663,-15.5318,3.3351,34.62823879222262,0.0138,0.0728,0.8384,8.8945,0.0801,-5490.0,58.5944
664,1.3555,4.8659,18.6445,0.0209,0.0444,0.745,8.7782,0.034,-5418.25,59.2416
665,22.2164,5.7072,17.7836,0.0167,0.07,0.8007,9.2658,0.0785,-5559.0,59.1721
666,-4.9891,2.4393,24.9891,0.0205,0.0544,0.6927,8.8519,0.1112,-5523.0,57.7414
667,-0.3327,5.0396,20.3327,0.0173,0.0469,0.768,8.8384,0.0791,-6336.0,58.192
668,1.9255,6.0788,18.0745,0.0236,0.0454,0.8716,9.0121,0.0911,-5519.75,58.5502
669,3.2182,5.0597,16.7818,0.0403,0.0355,0.9251,8.4092,0.084,-6270.5,59.8213
670,27.651775678753342,11.8759,10.8691,0.0216,0.0663,0.9753,8.7289,0.0789,-5395.5,59.0421
671,7.03,6.4358,12.97,0.0165,0.1071,0.9812,8.6068,0.15596533270297572,-5491.75,59.108
672,6.3691,3.5094,13.6309,0.0204,0.0712,0.5377,8.7897,0.0816,-5622.5,58.5982
673,-0.3518,4.7047,20.3518,0.0218,0.0601,0.6987,9.7836,0.0806,-6295.0,59.0723
674,-1.7155,4.2076,21.7155,0.0222,0.058,0.6927,8.8519,0.0875,-5471.75,58.2566
675,18.1782,10.2601,21.8218,0.015,0.0432,0.9109,9.219,0.0969,-5398.5,58.1135
676,0.1082,8.686,19.8918,0.0225,0.0667,0.9072,9.2016,0.091,-5504.75,55.7695
677,-0.5718,4.6034,20.5718,0.0227,0.0194,0.8716,9.0121,0.0881,-6397.75,57.9674
678,-0.7845,7.7185,20.7845,0.0325,0.0551,1.0393,8.5135,0.0848,-6369.75,58.894
679,-2.1709,4.197,22.1709,0.016,0.0878,0.7719,8.6611,0.0892,-5364.0,57.7433
680,-3.2082,8.5892,23.2082,0.0231,0.0582,0.8427,8.3006,0.0819,-5520.25,56.4714
681,-1.3773,10.0272,21.3773,0.033,0.0271,0.6335,9.0425,0.065,-6386.75,58.6319
682,-0.6727,6.8464,20.6727,0.0169,0.0254,0.9725,8.3436,0.108,-6325.0,59.0641
683,5.4191,4.3832,14.5809,0.0304,0.0479,0.8235,8.6406,0.0803,-6508.5,59.9019
684,-5.1391,4.3478,25.1391,0.0142,0.0293,0.9072,9.2016,0.1062,-5614.75,57.9356
685,-4.9682,1.8685,24.9682,0.0232,0.0899,0.7032,8.5571,0.0841,-5497.5,59.1021
686,5.9945,3.4933,14.0055,0.02,0.0615,1.062,8.8513,0.1019,-6403.75,59.9411
687,4.6891,6.0446,15.3109,0.0179,0.0395,0.8571,8.8355,0.1011,-5743.25,58.9761
688,-5.55,2.4673,25.55,0.0226,0.0943,0.573,8.8215,0.0867,-5477.0,58.0735
689,-0.7391,5.1621,20.7391,0.0221,0.0423,0.8229,10.053810884229684,0.0699,-5534.0,58.523
690,3.9291,4.1375,16.0709,0.0287,0.0518,0.7139,9.131,0.0834,-5213.0,59.5967
691,-1.4409,2.5745,21.4409,0.016,0.0846,0.9143,8.942,0.0939,-5523.25,58.0496
692,0.7582,7.0841,19.2418,0.0273,0.1146,0.9109,9.219,0.0246,-5511.75,58.4142
693,12.5391,9.0303,27.4609,0.0395,0.0444,0.7584,10.053810884229684,0.0224,-5349.25,59.3415
694,1.7791,8.0368,18.2209,0.0298,0.0398,0.7392,8.9607,0.03,-6456.75,59.7824
695,-0.2255,4.012,20.2255,0.0205,0.0345,1.026,8.941,0.0336,-5465.75,59.4308
696,-1.4627,6.6101,21.4627,0.0252,0.12570988867962482,0.7852,9.7571,0.0803,-5362.75,58.0857
697,1.14,5.524,18.86,0.0165,0.0393,1.0135,8.6439,0.0782,-5532.25,56.852
698,-4.3518,5.9175,24.3518,0.0236,0.0496,0.757,8.947,0.0378,-5219.5,60.0423
699,-2.1264,4.5812,22.1264,0.0128,0.0904,0.5329,8.6024,0.0315,-6376.25,58.316
700,-2.1518,4.4519,22.1518,0.0187,0.0505,0.7558,8.4278,0.0841,-5515.0,58.5202
701,-4.5936,4.1924,24.5936,0.0181,0.0602,0.7053,8.7635,0.1092,-5248.25,55.364556183216706
702,2.6345,4.0633,17.3655,0.0255,0.0564,1.0631,8.7932,0.15596533270297572,-5776.75,59.6907
703,0.5218,2.9002,19.4782,0.0214,0.0648,1.0541,8.287,0.0875,-5627.5,56.2824
704,-2.9491,3.5892,22.9491,0.0179,0.0522,0.7724,8.7402,0.1003,-5774.0,59.422
705,22.1827,8.7564,17.8173,0.0331,0.0452,0.9059,8.5405,0.1013,-6528.5,59.6908
706,2.8627,9.2907,17.1373,0.0276,0.0488,0.6335,9.0425,0.0833,-6375.25,58.8834
707,-1.8509,5.9273,21.8509,0.0148,0.0342,0.7674,8.4891,0.0324,-6349.25,59.0519
708,-8.3127,4.1397,34.62823879222262,0.0178,0.12570988867962482,1.0459,8.7487,0.0779,-4173.969634289816,59.7211
709,-1.0773,4.6703,21.0773,0.0336,0.0488,0.8041,9.2328,0.0937,-5583.25,58.6879
710,-0.0964,8.9009,20.0964,0.0338,0.0346,1.0189,8.5779,0.0652,-6392.75,58.1528
711,5.9282,4.936,14.0718,0.0198,0.0442,0.8469,8.3271,0.101,-5638.25,57.6837
712,2.8618,6.4813,17.1382,0.0283,0.0498,1.1638,8.3324,0.0775,-5304.5,58.8306
713,-0.1191,2.8254,20.1191,0.0158,0.0601,0.7664,8.2832,0.0838,-5546.5,58.4408
714,18.7173,6.8555,21.2827,0.0179,0.0647,0.9683,8.5788,0.0249,-6915.0,57.9794
715,-5.0355,3.7746,25.0355,0.017,0.0657,0.4722,9.193,0.0786,-5874.25,59.7733
716,-0.7891,5.4846,20.7891,0.0267,0.0595,0.8705,8.3273,0.0658,-5728.5,59.4381
717,6.2755,3.2291,13.7245,0.0208,0.0508,0.9075,8.5735,0.1058,-5631.25,58.5518
718,-10.4455,5.4725,30.4455,0.0187,0.0341,0.6163,8.6556,0.0312,-5489.0,59.4186
719,25.4264,6.5942,14.5736,0.014,0.0861,0.9794,8.5155,0.0943,-5213.75,59.6888
720,-1.7264,5.8142,21.7264,0.0215,0.0373,0.8693,9.5126,0.0752,-5419.0,58.4306
721,3.2882,2.8136,16.7118,0.022423333366121855,0.0623,0.746,8.6382,0.0818,-5756.5,60.0114
722,0.0945,6.5727,19.9055,0.0318,0.0596,1.0338,8.5232,0.0932,-6894.25,59.2033
723,-1.0455,4.5404,21.0455,0.0138,0.0804,0.8297,8.5615,0.0956,-5564.0,58.4606
724,-0.1464,4.58,20.1464,0.023,0.0328,0.6605,8.662,0.0328,-5637.5,58.0375
725,5.6618,5.5285,14.3382,0.0218,0.0618,0.9048,8.6772,0.0932,-5459.0,58.7039
726,4.0736,5.5816,15.9264,0.0237,0.0559,0.4817,8.8105,0.1011,-5435.75,59.4174
727,-3.1227,3.3196,23.1227,0.0163,0.0782,0.6373,8.8581,0.1043,-5329.25,58.2969
728,5.6309,5.0146,14.3691,0.026,0.0868,0.9361,8.5288,0.0925,-5121.0,58.9646
729,18.8309,3.4336,21.1691,0.0191,0.0455,1.1086,8.7495,0.082,-5382.5,57.4063
730,16.6036,4.1499,23.3964,0.0297,0.0892,0.4184,9.6272,0.0714,-5306.5,57.5436
731,8.4236,10.099,31.5764,0.0347,0.0522,1.1815,8.6013,0.0937,-5505.5,58.6268
732,9.6745,5.6653,30.3255,0.0421,0.0596,1.0551,9.0998,0.0786,-5447.75,60.6762
733,-1.8791,5.2597,21.8791,0.0276,0.0523,1.1255,8.5891,0.0868,-6301.75,59.4217
734,6.25,4.275,13.75,0.0441,0.0587,0.9725,8.3436,0.0834,-5738.75,59.4241
735,17.6373,5.0493,22.3627,0.0232,0.0622,0.4996,8.7588,0.0734,-5613.75,60.026
736,1.9145,6.2091,18.0855,0.0395,0.0298,1.062,8.8513,0.1003,-5411.25,57.7171
737,-3.0055,4.3632,23.0055,0.0217,0.0554,0.8659,8.7597,0.1112,-5459.75,58.3692
738,-0.5464,4.7047,20.5464,0.0239,0.053,0.3963,8.7696,0.0786,-6374.25,58.7569
739,-2.8055,5.1201,22.8055,0.0318,0.0636,0.5669,9.6515,0.0989,-5361.75,58.6735
740,2.6373,6.0599,17.3627,0.0197,0.0349,0.5799,8.7568,0.085,-6468.25,58.0392
741,6.5645,2.0751,13.4355,0.0228,0.0476,1.0697,8.9475,0.0894,-5370.25,59.2288
742,-9.2836,5.6813,29.2836,0.0174,0.0505,0.7574,9.043,0.0871,-6480.5,59.8628
743,5.9136,3.0996,14.0864,0.0297,0.045,1.0147,9.2281,0.0803,-5771.25,59.4039
744,4.3055,6.2869,15.6945,0.0408,0.0267,1.062,8.8513,0.0976,-5635.0,59.2678
745,3.9527,2.0008,16.0473,0.0228,0.0314,0.713,8.3588,0.0834,-5569.75,59.0297
746,0.0955,4.9375,19.9045,0.0192,0.0773,0.5066,9.2064,0.0374,-5357.5,58.688
747,-1.4227,4.6557,21.4227,0.0286,0.0588,0.6259,8.7326,0.0991,-5619.5,58.8951
748,-5.4145,8.1944,25.4145,0.0242,0.0764,0.573,8.8215,0.0324,-5370.5,58.3526
749,1.4418,4.6325,18.5582,0.025,0.0794,1.0359,8.6149,0.15596533270297572,-5567.75,56.7993
750,-0.3136,9.1663,20.3136,0.0439,0.0699,0.7534,9.0447,0.0326,-5392.25,58.6557
751,0.1809,4.282,19.8191,0.0254,0.0972,0.6257,8.3179,0.087,-5495.0,57.6385
752,1.91,9.243,18.09,0.0217,0.0132,0.8638,8.5003,0.0653,-6468.0,59.1678
753,2.6036,4.3881,17.3964,0.0161,0.0344,0.9143,8.942,0.0381,-5499.25,58.3071
754,-2.9791,4.6832,22.9791,0.0168,0.0847,0.8469,8.3271,0.0311,-5597.5,58.2013
755,-1.42,7.3182,21.42,0.0119,0.0431,1.0147,9.2281,0.1019,-4970.75,57.5919
756,-0.5127,4.7687,20.5127,0.0179,0.0806,0.6242,8.7037,0.0827,-5552.0,58.2594
757,2.44,6.0401,17.56,0.0275,0.0631,0.6787,8.3845,0.0328,-5695.0,57.626
758,-2.8555,3.5169,22.8555,0.0279,0.0344,0.6259,8.7326,0.0572,-6476.25,60.0488
759,-2.5382,6.2289,22.5382,0.025,0.0859,0.7447,9.2189,0.0378,-5566.0,58.4712
760,1.47,5.7143,18.53,0.0168,0.0622,0.6641,8.6544,0.0345,-5227.5,58.816
761,0.1691,12.044054218287883,19.8309,0.0282,0.0426,0.7153,9.2047,0.0806,-6366.0,57.7984
762,27.651775678753342,9.2718,10.2491,0.016,0.047,1.0959,8.6667,0.0754,-6463.0,58.3584
763,18.4,8.9202,21.6,0.0257,0.0581,0.9059,8.5405,0.0246,-6271.0,57.1909
764,-5.9336,6.0378,25.9336,0.0238,0.0251,0.714,8.7199,0.0857,-6561.25,59.1439
765,-5.9273,5.2422,25.9273,0.0181,0.0748,0.7053,8.7635,0.1092,-5612.25,61.3327
766,0.0627,2.6068,19.9373,0.021096718537685192,0.0924,0.9329,8.3267,0.0975,-6020.75,56.5933
767,-2.6655,2.2386,22.6655,0.015,0.0536,0.8387,9.6136,0.1014,-5441.5,57.9272
768,-1.0409,4.9073,21.0409,0.019,0.0514,0.9163,9.0606,0.1087,-5730.75,58.3517
769,-5.3355,5.6449,25.3355,0.0347,0.0566,1.1525,8.536,0.0254,-5448.0,57.67
770,-1.9682,10.2046,21.9682,0.0163,0.0386,0.9826,8.5334,0.0688,-5442.75,58.7098
771,23.7136,8.0391,16.2864,0.0471,0.0444,0.8735,10.053810884229684,0.0776,-6470.75,59.2643
772,3.2273,6.132,16.7727,0.0252,0.0596,0.9812,8.6068,0.0751,-4961.25,58.4036
773,0.3491,4.672,19.6509,0.0235,0.0742,0.4685,8.897,0.1044,-5612.5,59.1559
774,-3.6564,4.4621,23.6564,0.0315,0.0393,0.9965,8.6397,0.0914,-5310.25,58.9384
775,18.3209,2.2849,21.6791,0.04999362581099474,0.0384,1.0407,8.7599,0.0734,-5507.5,58.1062
776,2.6218,5.5797,17.3782,0.0199,0.0452,0.9735,8.4896,0.0652,-6284.25,58.009
777,2.5027,7.8622,17.4973,0.0187,0.0417,0.7928,9.5713,0.0939,-5410.0,58.2938
778,1.8318,4.2518,18.1682,0.026,0.0418,0.5329,8.6024,0.0315,-5946.25,58.585
779,-11.4709,3.3268,31.4709,0.0242,0.0349,0.764,9.8481,0.0724,-6355.25,59.0736
780,1.0145,3.6118,18.9855,0.0185,0.0526,0.6066,8.7073,0.0921,-6469.5,57.7032
781,2.5718,6.2216,17.4282,0.024,0.0692,0.9729,9.6938,0.0813,-5440.5,57.9423
782,0.2527,12.044054218287883,19.7473,0.0157,0.047,0.6066,8.7073,0.085,-5501.0,57.9063
783,-3.1518,4.6772,23.1518,0.0171,0.0276,0.9916,9.22,0.1039,-6364.75,57.9328
784,-1.8736,4.2324,21.8736,0.0212,0.0455,0.6796,8.8973,0.1045,-5399.75,59.1915
785,1.5882,5.4022,18.4118,0.0266,0.0207,0.6163,8.6556,0.1257,-5407.25,58.9044
786,-7.5073,6.2009,27.5073,0.0267,0.0745,0.7643,8.9635,0.0791,-4599.25,55.9967
787,2.4718,6.6471,17.5282,0.0155,0.0364,0.604,8.7283,0.0848,-5410.0,58.244
788,26.8609,6.0001,13.1391,0.0162,0.0977,0.7408,8.6211,0.1007,-5291.5,59.6506
789,13.1136,5.8357,26.8864,0.04999362581099474,0.0349,0.9836,8.8388,0.0247,-5217.5,58.0546
790,22.7636,5.2072,17.2364,0.0426,0.0605,0.8556,8.7879,0.0943,-6418.25,59.8306
791,5.9491,6.4118,14.0509,0.0242,0.0319,0.8133,8.2823,0.0656,-5831.25,57.7631
792,-1.65,4.5493,21.65,0.0209,0.0609,0.6254,9.004,0.0791,-5594.75,60.2503
793,-6.6618,5.7503,26.6618,0.0215,0.0485,0.5765,8.3591,0.1103,-5443.25,56.8642
794,-0.3327,6.2662,20.3327,0.0265,0.0403,1.062,8.8513,0.0977,-5561.75,58.5221
795,-2.67,7.8399,22.67,0.0257,0.0316,0.9091,9.0639,0.1092,-5167.0,57.9271
796,-4.5718,6.4959,24.5718,0.0172,0.036,0.7392,8.9607,0.03,-6461.0,57.7583
797,4.9082,3.0357,15.0918,0.0132,0.0189,0.7511,8.8836,0.0895,-5588.0,57.1484
798,5.4209,7.0153,14.5791,0.0222,0.0982,0.684,8.58,0.0895,-5261.0,58.4981
799,1.5218,4.3655,18.4782,0.0281,0.0634,0.8787,8.6074,0.1044,-5536.5,58.4395
800,9.2082,9.6042,30.7918,0.0375,0.0381,1.1815,8.6013,0.0946,-5181.5,59.9297
801,1.1655,3.6022,18.8345,0.0206,0.0593,0.4817,8.8105,0.1061,-5389.5,58.5606
802,-2.8727,3.7156,22.8727,0.0188,0.0802,0.684,8.58,0.0832,-5685.0,56.9176
803,4.5918,3.8241,15.4082,0.0262,0.079,0.5478,9.0145,0.0622,-5753.5,59.0598
804,0.2236,3.3124,19.7764,0.019,0.069,0.8076,8.3808,0.1,-5542.75,58.2492
805,-0.2718,8.4926,20.2718,0.018,0.0911,0.832,8.5615,0.0626,-5549.25,58.0806
806,-5.9682,3.8774,25.9682,0.0193,0.062,0.656,8.9132,0.0861,-5598.75,57.9343
807,-6.0636,4.5022,26.0636,0.02,0.0585,0.8089,8.9036,0.1045,-5517.75,58.4738
808,27.6182,6.3688,12.3818,0.04999362581099474,0.0253,0.4221,9.3851,0.0529,-5668.0,58.7707
809,2.9545,5.7415,17.0455,0.016065496043080024,0.0465,0.7584,8.1728,0.1002,-6457.75,59.7619
810,-2.9182,5.7046,22.9182,0.0247,0.0594,0.466,8.7779,0.1017,-5707.0,59.5532
811,2.75,3.8384,17.25,0.022,0.0574,1.0135,8.6439,0.0813,-6313.25,57.8299
812,0.7227,3.6395,19.2773,0.0141,0.041,0.78,8.7867,0.0858,-6585.75,58.9889
813,-8.64,8.846,28.64,0.0295,0.0149,0.9715,8.5788,0.0625,-5336.0,58.1534
814,-3.0909,7.2454,23.0909,0.021,0.0219,0.8532,8.7556,0.1124,-5248.75,59.1113
815,15.9527,3.614,24.0473,0.0397,0.12570988867962482,0.7898,9.1784,0.0947,-4490.5,55.9712
816,14.9018,7.8561,25.0982,0.0175,0.0368,0.5593,9.5642,0.0246,-5143.5,58.803
817,2.8727,5.1336,17.1273,0.0209,0.0647,0.8571,8.8355,0.1003,-5662.0,58.704
818,3.1191,4.7727,16.8809,0.0191,0.044,0.9729,9.6938,0.0915,-5474.75,56.8481
819,-1.1255,6.3446,21.1255,0.0137,0.0538,0.9193,8.7418,0.0825,-6539.75,57.6715
820,-2.9727,5.8586,22.9727,0.0179,0.0512,0.7677,9.0942,0.0326,-5615.75,58.4606
821,2.2727,5.0108,17.7273,0.0203,0.0718,0.74,8.3159,0.0363,-5569.5,58.4311
822,25.0382,12.044054218287883,14.9618,0.0235,0.0973,0.5279,10.053810884229684,0.0769,-5300.25,58.0644
823,-0.0045,7.5303,20.0045,0.0269,0.0341,0.8595,8.1161,0.0861,-5327.5,58.6568
824,14.7345,5.0284,25.2655,0.023,0.0434,0.5677,9.4043,0.0823,-5313.5,58.0372
825,19.8,7.0096,20.2,0.0137,0.0462,0.8007,9.2658,0.077,-5349.0,59.1295
826,3.97,6.5183,16.03,0.0268,0.034,1.1404,8.6572,0.0883,-5441.0,58.8213
827,-0.5045,2.8381,20.5045,0.0242,0.0662,0.6857,8.2776,0.0851,-5438.75,58.3899
828,3.3055,12.044054218287883,16.6945,0.044,0.0327,0.7121,8.9416,0.0994,-5394.75,59.898
829,0.4382,5.5751,19.5618,0.0168,0.041,0.8163,9.1287,0.0858,-6403.0,58.6096
830,-2.0309,3.7989,22.0309,0.0149,0.0589,0.7506,8.322,0.1124,-5912.0,57.963
831,0.5364,4.1514,19.4636,0.021,0.0421,1.0404,8.7609,0.1003,-5588.25,57.8447
832,4.7282,5.44,15.2718,0.0242,0.1022,0.7534,9.0447,0.0323,-5464.5,58.0124
833,0.2355,5.5748,19.7645,0.0157,0.0725,0.745,8.7782,0.045,-5050.25,58.8242
834,-1.9727,2.7865,21.9727,0.0175,0.0628,0.8076,8.3808,0.1,-5597.75,56.4178
835,2.9964,4.3328,17.0036,0.0164,0.0562,0.8041,9.2328,0.0998,-6449.25,59.4345
836,-0.3773,5.0724,20.3773,0.0251,0.0755,0.6259,8.7326,0.0336,-5468.5,56.4055
837,24.8064,7.1654,15.1936,0.0426,0.0521,0.8446,8.7947,0.0529,-5443.0,58.9434
838,0.4782,5.2546,19.5218,0.0437,0.0803,0.5765,8.3591,0.0881,-5415.0,57.2318
839,2.5964,6.0507,17.4036,0.0222,0.022,0.9873,8.659,0.0782,-5879.75,58.1903
840,1.4218,5.4321,18.5782,0.0275,0.0818,0.7059,9.1757,0.086,-5429.0,57.2372
841,1.4036,2.7193,18.5964,0.0257,0.0547,0.9251,8.4092,0.1019,-6224.75,57.9937
842,27.651775678753342,12.044054218287883,34.62823879222262,0.023,0.0558,0.7681,10.053810884229684,0.0944,-6405.75,58.3686
843,4.7864,3.9746,15.2136,0.0253,0.0373,0.7574,9.043,0.086,-6381.5,58.6295
844,-1.8827,3.4658,21.8827,0.03,0.0515,0.6815,8.8909,0.1061,-5169.25,58.2697
845,9.8418,4.8133,30.1582,0.0411,0.0445,0.7808,8.3754,0.0952,-5501.0,60.3448
846,18.63,3.6188,21.37,0.0221,0.055,0.7162,9.2433,0.0943,-6267.75,59.6983
847,-6.6464,4.6056,26.6464,0.0168,0.0448,0.573,8.8215,0.1037,-5441.25,58.4327
848,27.651775678753342,8.5143,11.7045,0.0166,0.0279,0.7384,9.6484,0.0789,-6058.0,58.656
849,-1.9827,3.8989,21.9827,0.015,0.0622,0.9332,8.5862,0.0842,-6171.0,56.7738
850,4.8127,2.9198,15.1873,0.0122,0.0238,0.8638,8.5003,0.101,-6469.5,59.0538
851,-1.3227,11.7319,21.3227,0.0172,0.0397,1.0338,8.5232,0.0623,-6424.75,58.8705
852,1.4355,6.3172,18.5645,0.0374,0.0455,0.7121,8.9416,0.0977,-5046.25,59.9394
853,0.1155,5.1901,19.8845,0.0128,0.0573,0.9715,8.5788,0.0652,-5646.25,58.7816
854,-0.0509,3.5047,20.0509,0.0203,0.0587,1.0404,8.7609,0.1003,-5650.5,57.9173
855,1.89,3.255,18.11,0.0171,0.0318,0.587,8.7373,0.0932,-5632.75,56.9124
856,2.6991,6.2357,17.3009,0.0285,0.0531,0.7663,8.1409,0.1017,-5400.25,58.7298
857,-2.9355,4.0987,22.9355,0.03,0.034,0.7258,8.9979,0.0381,-5357.5,58.8815
858,1.5273,6.2217,18.4727,0.014,0.0548,0.8089,8.9036,0.1016,-5421.75,57.8852
859,1.5527,4.471,18.4473,0.0224,0.0396,0.4221,9.3851,0.0272,-5618.75,58.6073
860,-8.6982,6.9142,28.6982,0.0233,0.0533,0.9383,8.441,0.0636756942413867,-6417.75,58.7867
861,0.1491,5.4108,19.8509,0.0201,0.0523,1.1255,8.5891,0.0868,-6288.25,57.7526
862,-1.89,6.5694,21.89,0.0232,0.0452,0.8145,8.4855,0.1071,-6351.25,59.2941
863,1.0518,7.4639,18.9482,0.0144,0.0536,1.0478,8.8889,0.0662,-5617.75,58.3793
864,-1.5664,3.686,34.62823879222262,0.04999362581099474,0.0337,0.8926,9.2436,0.0938,-5599.5,57.1943
865,2.2518,4.0085,17.7482,0.0239,0.0584,0.9588,8.5855,0.0924,-6235.25,58.2197
866,3.9027,9.1554,16.0973,0.0217,0.0549,0.8161,8.3006,0.0662,-5892.25,58.4541
867,5.6382,7.1516,14.3618,0.0277,0.0531,1.0404,8.7609,0.0312,-5685.5,58.7891
868,4.8791,3.1537,15.1209,0.0185,0.0471,0.9143,8.942,0.0335,-5684.5,57.4107
869,4.4409,4.7966,15.5591,0.0162,0.0839,0.7664,8.2832,0.0895,-5477.5,59.0061
870,-2.2409,5.1201,22.2409,0.0138,0.0202,0.6179,8.8562,0.0807,-5411.0,58.172
871,1.4464,4.7955,18.5536,0.0284,0.0406,0.8231,8.7812,0.0929,-5666.25,59.6185
872,-3.4191,4.1054,23.4191,0.0281,0.0323,0.6385,8.2914,0.1,-5412.75,59.2586
873,-2.3391,4.2557,22.3391,0.023,0.022,0.8231,8.7812,0.0868,-5442.75,59.4098
874,-2.4436,5.0766,22.4436,0.02474420528758901,0.0754,0.7584,8.1728,0.0706,-5056.25,58.2191
875,9.2827,4.1834,10.7173,0.0244,0.0752,0.8435,8.7994,0.0835,-5234.5,59.8385
876,1.0673,4.879,18.9327,0.0169,0.0569,0.8638,8.5003,0.1047,-5714.25,56.6221
877,22.4382,6.1088,17.5618,0.0176,0.0696,1.0323,8.5218,0.0943,-5278.0,59.4586
878,1.3009,5.1379,18.6991,0.0226,0.0485,1.0216,8.2395,0.0621,-5143.5,57.6795
879,0.23,7.5804,19.77,0.0257,0.0518,1.0189,8.5779,0.0623,-6470.25,57.1332
880,3.3882,3.9686,16.6118,0.022,0.0418,0.3973,9.7137,0.1011,-5490.5,58.9962
881,-0.5336,5.1598,20.5336,0.0213,0.0835,0.8336,8.7015,0.0881,-5138.75,58.5492
882,-7.6655,4.0743,27.6655,0.0209,0.0425,0.6163,8.6556,0.0989,-5186.25,59.8266
883,0.67,3.9365,19.33,0.0188,0.0522,0.647,9.0402,0.0864,-5432.0,59.1841
884,15.6791,8.6597,24.3209,0.0145,0.0534,0.9683,8.5788,0.0823,-6350.5,58.7322
885,0.4855,6.8579,19.5145,0.0243,0.0666,0.6257,8.3179,0.0622,-5160.0,58.9799
886,0.3209,3.7579,19.6791,0.0271,0.0658,0.7664,8.2832,0.0851,-5501.25,58.3648
887,17.5473,4.4298,22.4527,0.0433,0.0248,1.0644,8.9336,0.0241,-6010.25,56.4963
888,15.1509,5.1087,24.8491,0.0428,0.0835,0.9368,9.1585,0.0247,-5085.25,57.5651
889,2.8355,3.5958,17.1645,0.0431,0.0431,0.5677,9.4043,0.086,-6487.25,59.8067
890,-3.3455,5.7818,23.3455,0.0205,0.0338,0.8229,10.053810884229684,0.0807,-5345.75,57.7125
891,27.651775678753342,7.5726,10.8836,0.0208,0.0351,0.8735,10.053810884229684,0.0778,-6352.0,57.9104
892,-3.1382,3.4336,23.1382,0.0175,0.0518,0.5742,8.627,0.0567,-5529.25,58.6019
893,1.7036,4.4746,18.2964,0.0267,0.0798,0.481,9.088,0.0803,-5483.0,57.0841
894,24.9027,6.9238,15.0973,0.0433,0.0428,1.2771,8.659,0.0243,-5493.75,59.4302
895,0.8018,5.6521,19.1982,0.04999362581099474,0.0488,0.9251,8.4092,0.0969,-6253.5,59.222
896,-0.2418,6.9587,20.2418,0.0193,0.051,0.6066,8.7073,0.0868,-6489.25,60.0756
897,5.5782,4.5757,14.4218,0.0329,0.0432,0.8235,8.6406,0.0803,-6434.75,58.8901
898,3.8164,9.7437,16.1836,0.0162,0.059144980861294855,1.2672,8.7144,0.0865,-5544.740290122602,58.6991
899,-3.4964,6.2188,23.4964,0.0173,0.0655,0.8263,8.7646,0.0326,-5404.0,58.5661
900,3.4827,2.4138,16.5173,0.025538327119293523,0.0403,1.0765,8.436,0.0805,-6424.25,58.7007
901,-11.9682,7.0926,31.9682,0.0259,0.0891,1.0323,8.5218,0.0248,-5423.0,58.3673
902,-7.1518,3.2322,27.1518,0.0168,0.0608,0.8532,8.7556,0.0822,-5545.25,58.4912
903,-2.9973,6.1033,22.9973,0.0224,0.0532,0.8345,8.828,0.0969,-6382.0,57.4276
904,15.3073,5.9828,24.6927,0.0232,0.0896,1.1869,8.6527,0.0823,-5518.75,58.6987
905,-0.0555,11.0059,20.0555,0.0307,0.0682,0.604,8.7283,0.0652,-5701.0,58.3544
906,-2.6364,3.7718,22.6364,0.0167,0.0971,0.9359,8.8331,0.1112,-5623.5,58.8696
907,1.0309,5.1741,18.9691,0.0182,0.0557,0.7159,8.7401,0.0892,-4971.75,58.324
908,13.8118,4.9417,26.1882,0.04999362581099474,0.12570988867962482,0.4996,8.7588,0.0224,-4173.969634289816,59.5812
909,2.4673,2.8374,17.5327,0.0233,0.0151,0.604,8.7283,0.087,-5597.5,59.1388
910,6.2636,8.6184,13.7364,0.0186,0.093,0.7852,9.7571,0.1016,-5673.5,57.9514
911,-5.9573,5.1833,25.9573,0.024,0.043,0.5779,8.3663,0.1053,-5501.0,57.2868
912,23.9555,4.3641,16.0445,0.012,0.0705,0.5279,10.053810884229684,0.0816,-5394.0,58.3318
913,1.5118,5.0366,18.4882,0.0226,0.0399,0.7832,8.4597,0.0769,-5455.75,59.3408
914,0.0327,2.5159,19.9673,0.0141,0.0751,0.6927,8.8519,0.1112,-5760.0,58.2501
915,-2.5027,4.6539,22.5027,0.028,0.0273,0.6179,8.8562,0.1092,-5160.5,57.9909
916,2.0336,4.4464,17.9664,0.032,0.0306,0.832,8.5615,0.0252,-5520.25,58.0149
917,5.4964,6.2816,14.5036,0.0248,0.1041,0.8133,8.2823,0.0401,-5422.25,59.841
918,10.3745,6.9014,29.6255,0.0135,0.0416,0.7747,9.2655,0.1004,-5421.5,58.3608
919,25.9591,8.6352,14.0409,0.0418,0.0398,1.0959,8.6667,0.0754,-6353.5,58.6701
920,-2.7936,5.9309,22.7936,0.04999362581099474,0.0408,0.811,9.2291,0.0939,-6457.75,58.2242
921,-1.5991,6.0422,21.5991,0.0257,0.0809,0.7032,8.5571,0.0861,-5159.75,59.3038
922,4.7545,6.2911,15.2455,0.0254,0.0267,0.9274,8.9605,0.0315,-5592.25,56.7563
923,-0.84,7.4516,20.84,0.0235,0.0515,0.8345,8.828,0.027,-6346.0,58.2193
924,25.5282,5.6325,14.4718,0.0232,0.0547,0.596,9.3998,0.0968,-6511.5,56.1472
925,20.6,4.3662,19.4,0.0113,0.0638,1.0644,8.9336,0.0792,-5409.0,57.818
926,12.0945,5.2191,27.9055,0.0165,0.12570988867962482,1.0459,8.7487,0.0768,-4173.969634289816,57.648
927,-4.9627,5.8746,24.9627,0.0255,0.0633,0.4254,9.1526,0.0306,-5238.0,58.2179
928,3.4827,6.8368,16.5173,0.0368,0.0231,0.8146,8.8132,0.0911,-5573.25,55.364556183216706
929,7.0273,3.7146,12.9727,0.0224,0.0468,0.7655,8.8624,0.085,-5515.5,57.9215
930,-2.0555,5.2289,22.0555,0.0176,0.0542,0.5888,9.0776,0.0643,-5640.0,59.2783
931,-1.1627,3.975,21.1627,0.0255,0.1092,0.4722,9.193,0.0953,-5526.75,57.8267
932,2.1645,6.8985,17.8355,0.0247,0.0361,0.8133,8.2823,0.1071,-5428.75,58.4223
933,-5.8855,2.5985,25.8855,0.0225,0.0617,0.4749,8.9541,0.1017,-5295.25,58.957
934,2.5055,6.3005,17.4945,0.0196,0.0919,0.9396,8.3331,0.0283,-5249.25,58.9346
935,3.1645,3.11,16.8355,0.0142,0.0695,1.0199,8.9818,0.0851,-5161.5,58.771
936,0.7064,6.7658,19.2936,0.0179,0.037,0.9193,8.7418,0.105,-6506.5,58.9724
937,0.1618,9.6091,19.8382,0.0176,0.0474,1.0918,8.5459,0.1012,-5697.5,59.0236
938,-1.2164,10.9187,21.2164,0.0234,0.12570988867962482,0.5669,9.6515,0.0989,-5274.25,57.2403
939,1.1891,6.2608,18.8109,0.0446,0.0713,0.5066,9.2064,0.0374,-5414.25,59.3973
940,3.4482,5.2947,16.5518,0.0201,0.0845,0.4382,8.5407,0.0685,-5644.0,57.976
941,2.0909,4.8154,17.9091,0.0243,0.1013,0.6815,8.8909,0.0381,-5398.25,58.0284
942,24.4791,7.7394,15.5209,0.0146,0.0529,0.7162,9.2433,0.0942,-6380.0,59.9678
943,-0.3236,3.596,20.3236,0.028,0.0574,0.7642,9.3335,0.0658,-6375.75,57.9302
944,-1.5118,6.4179,21.5118,0.0259,0.0483,1.0135,8.6439,0.0828,-6225.75,59.6698
945,23.2655,5.8803,16.7345,0.0319,0.0332,0.8556,8.7879,0.1013,-5523.75,58.5803
946,-2.6355,6.1127,22.6355,0.0162,0.0288,0.9163,9.0606,0.1062,-5409.0,58.0251
947,-1.9291,4.0911,21.9291,0.0195,0.0897,0.7258,8.9979,0.0381,-5490.25,58.2456
948,1.3255,7.4533,18.6745,0.0201,0.0812,0.8263,8.7646,0.1016,-5440.5,57.5303
949,1.7909,5.1569,18.2091,0.0226,0.1018,0.565,9.534,0.0326,-5224.25,59.4253
950,3.0791,4.4853,16.9209,0.0295,0.0262,0.8427,8.3006,0.0615,-5183.0,57.3599
951,-5.76,3.5226,25.76,0.0237,0.065,0.8387,9.6136,0.1014,-5301.75,58.1487
952,4.6209,5.9706,15.3791,0.0186,0.0419,0.8304,8.5801,0.08479174472722506,-5714.25,58.6659
953,3.8509,3.3876,16.1491,0.0189,0.0335,0.7162,9.1502,0.0816,-5527.0,58.6585
954,-6.6055,6.0071,26.6055,0.0139,0.0595,0.8159,8.7932,0.0643,-5242.25,57.7331
955,-4.8609,6.2351,24.8609,0.0308,0.0844,0.5669,9.6515,0.084,-4977.5,61.2474
956,-3.2155,2.7452,23.2155,0.0132,0.0662,0.8934,8.8597,0.0861,-5360.5,57.4271
957,-1.67,6.8634,21.67,0.0433,0.0816,0.815,8.9833,0.0858,-5648.25,58.3601
958,23.9018,8.4806,16.0982,0.0318,0.0512,0.9251,8.8287,0.0949,-5466.5,58.1861
959,12.0627,5.309,27.9373,0.0286,0.0504,0.7898,9.1784,0.0366,-5652.0,57.2713
960,3.1418,4.4095,16.8582,0.04999362581099474,0.0388,0.811,9.2291,0.1019,-6378.5,57.9969
961,8.8173,8.7428,11.1827,0.0195,0.0406,0.4389,8.7851,0.0841,-6554.75,57.3758
962,5.5318,5.0629,14.4682,0.0196,0.0743,0.8161,8.3006,0.0615,-5553.0,59.1953
963,-1.4564,3.5747,21.4564,0.0209,0.0568,0.9163,9.0606,0.0858,-6351.0,58.877
964,-0.7782,3.9458,20.7782,0.0256,0.0334,0.5799,8.7568,0.0786,-6048.5,57.8749
965,0.4591,4.2411,19.5409,0.0342,0.0307,0.8384,8.5177,0.0909,-6501.5,56.5119
966,1.8109,5.9964,18.1891,0.0273,0.0621,0.7193,9.1141,0.089,-5043.5,56.7229
967,-6.3845,5.1659,26.3845,0.027,0.0414,0.6605,8.662,0.1037,-5316.25,59.0025
968,13.5955,8.3351,26.4045,0.026,0.046,0.9413,9.7484,0.0968,-6470.0,55.364556183216706
969,4.6227,3.6709,15.3773,0.023530300191693738,0.0446,0.7584,8.1728,0.1002,-5357.0,59.7028
970,7.9373,3.0303,12.0627,0.0118,0.0222,0.869,8.5251,0.0856,-5411.5,59.2458
971,-0.6818,4.6431,20.6818,0.0154,0.0574,0.8263,8.7646,0.0333,-5215.5,59.368
972,4.4209,5.5992,15.5791,0.0188,0.0591,0.9066,8.7552,0.0329,-5337.0,56.0862
973,1.4609,5.8149,18.5391,0.0208,0.0531,0.4685,8.897,0.1092,-5663.5,60.1502
974,6.0773,3.9105,13.9227,0.0212,0.0494,0.9725,8.3436,0.108,-5543.0,57.1918
975,7.7727,9.7235,12.2273,0.0164,0.0475,0.4389,8.7851,0.0774,-6467.25,59.0096
976,24.3791,6.4746,15.6209,0.0407,0.0285,1.1054,8.6789,0.0243,-5468.25,58.6635
977,3.7555,7.5153,16.2445,0.027,0.0639,0.5066,9.2064,0.0374,-5206.0,57.5861
978,23.9945,3.61,16.0055,0.0397,0.0646,0.8007,9.2658,0.0768,-5301.0,58.0752
979,10.0236,8.1842,29.9764,0.0289,0.027,0.9794,8.5155,0.0964,-5500.0,59.0444
980,-5.5327,4.2575,25.5327,0.0225,0.0148,0.8227,8.5762,0.0914,-5612.5,58.6493
981,3.1427,4.1328,16.8573,0.0235,0.0927,0.647,9.0402,0.0306,-5313.5,58.3477
982,-8.3955,6.2134,28.3955,0.0392,0.0753,0.8041,9.2328,0.0969,-5474.25,58.1165
983,-1.3127,4.3131,21.3127,0.0273,0.0502,0.4685,8.897,0.0353,-5863.0,58.7308
984,-1.5764,5.4363,21.5764,0.0158,0.0488,0.6066,8.7073,0.0658,-6492.25,59.1691
985,-2.6591,6.2544,22.6591,0.0264,0.0719,1.0918,7.606924722813452,0.0272,-5304.75,58.2359
986,-2.8845,2.406,22.8845,0.0222,0.0612,0.6254,9.004,0.0791,-4821.5,59.6879
987,23.3109,4.9295,16.6891,0.0217,0.0494,1.1086,8.7495,0.0779,-5553.0,58.3569
988,-6.0545,6.0601,26.0545,0.0187,0.0516,0.7663,8.7219,0.0921,-6624.0,59.0359
989,26.1536,7.7496,13.8464,0.0285,0.0492,0.7747,9.2655,0.0942,-6250.25,58.1258
990,-4.6109,6.1402,24.6109,0.0188,0.02,1.1213,9.0811,0.0733,-6521.5,58.8545
991,0.1982,2.5177,19.8018,0.0223,0.0694,1.0199,8.9818,0.0838,-5289.0,58.7877
992,-12.0473,10.8564,32.0473,0.0251,0.054,0.8384,8.5177,0.094,-6417.25,57.6475
993,-6.4836,4.0269,26.4836,0.0106,0.0594,1.0891,8.6942,0.08843027904267747,-5491.5,57.7407
994,-5.6018,5.7121,25.6018,0.03,0.0605,1.1638,8.3324,0.0969,-5558.25,58.0148
995,-0.0236,5.4204,20.0236,0.0191,0.068,1.0186,8.7383,0.0839,-5132.0,58.1441
996,-0.6067692233624697,5.622678455830501,20.25069096606779,0.0234,0.0548,0.5836,8.6706,0.0909,-6616.0,59.0306
997,-6.0445,9.3679,26.0445,0.0161,0.0465,0.5888,9.0776,0.0664,-6474.25,58.3078
998,-2.1555,3.9525,22.1555,0.0365,0.054,0.7558,8.4278,0.0881,-5494.75,58.2507
999,-3.8982,3.6575,23.8982,0.0222,0.0593,0.5888,9.0776,0.0643,-6344.25,58.1124
1000,2.0009,7.7429,17.9991,0.0413,0.0482,0.7663,8.7219,0.0782,-5750.5,59.8375
1001,-2.3109,7.9419,22.3109,0.0112,0.0911,0.5329,8.6024,0.0315,-6553.5,61.0082
1002,27.4627,4.4594,12.5373,0.04999362581099474,0.046,0.596,9.3998,0.0942,-6312.25,59.4917
1003,2.7582,7.593,17.2418,0.0206,0.0213,0.8217,9.1156,0.1062,-6482.75,58.3374
1004,3.1727,3.742,16.8273,0.024,0.0365,0.3512,9.9095,0.0356,-5694.25,58.0533
1005,-1.2427,5.5738,21.2427,0.0234,0.0243,0.9072,9.2016,0.1062,-6471.25,59.1449
1006,-6.0845,5.4246,26.0845,0.0198,0.0477,1.1623,9.4336,0.0686,-5291.0,59.6397
1007,-1.7609,11.0497,21.7609,0.0191,0.0495,0.604,8.7283,0.0868,-5962.0,58.0641
1008,3.3655,3.9414,16.6345,0.0139,0.0334,0.7316,8.8043,0.0828,-5723.5,59.2147
1009,0.8527,5.5495,19.1473,0.021,0.0239,0.8198,9.3868,0.0328,-5475.5,58.7259
1010,1.54,9.366,18.46,0.0256,0.0505,0.57,8.7662,0.0283,-6656.5,57.7936
1011,-2.7845,2.6974,22.7845,0.0256,0.0585,0.7053,8.7635,0.0699,-5345.25,60.5249
1012,4.4036,4.6098,15.5964,0.027,0.12570988867962482,0.6302,8.8249,0.077,-4173.969634289816,58.4853
1013,-5.3055,3.6862,25.3055,0.0173,0.0476,1.0644,8.9336,0.15596533270297572,-5432.5,58.2233
1014,1.63,6.7438,18.37,0.0274,0.1065,0.7849,8.324,0.1068,-5690.25,57.9062
1015,3.19,7.8401,16.81,0.0286,0.0399,0.604,8.7283,0.0871,-5699.75,57.806
1016,20.5864,4.7979,19.4136,0.0428,0.0562,0.8735,10.053810884229684,0.0778,-6274.75,57.9568
1017,-1.1582,4.9308,21.1582,0.0331,0.0409,0.8883,8.9546,0.0849,-6449.25,59.011
1018,-0.95,3.4077,20.95,0.0218,0.0584,0.9735,8.4896,0.0868,-6341.25,59.2654
1019,-1.86,4.7955,21.86,0.0179,0.0879,0.7506,8.322,0.0363,-5631.75,58.5841
1020,26.6136,4.4058,13.3864,0.0329,0.0496,0.596,9.3998,0.0968,-6454.5,58.4718
1021,-3.2436,5.7353,23.2436,0.0351,0.0697,0.5858,9.1637,0.0306,-5395.5,57.5174
1022,0.59,2.3731,19.41,0.0232,0.033,0.9186,8.4537,0.0353,-5343.75,58.111
1023,-3.6155,2.9962,23.6155,0.0135,0.0444,1.0186,8.7383,0.0861,-5303.5,58.5777
1024,-1.6045,3.8038,21.6045,0.0155,0.0529,1.0199,8.9818,0.0939,-5768.0,58.433
1025,3.0945,1.6872,16.9055,0.0285,0.036,0.8231,8.3542,0.0916,-5603.75,60.4254
1026,0.5755,8.1897,19.4245,0.0176,0.0666,0.6987,9.7836,0.0806,-6736.0,58.1685
1027,1.2882,8.2318,18.7118,0.0212,0.0828,0.6805,8.5596,0.0751,-5197.5,58.4638
1028,16.8445,9.8085,23.1555,0.0151,0.0513,0.7747,9.2655,0.1013,-6198.5,58.7409
1029,-1.0545,9.2151,21.0545,0.0207,0.0638,1.1623,9.4336,0.0684,-5693.75,58.7911
1030,-0.1918,3.0794,20.1918,0.0195,0.0888,0.7558,8.4278,0.0903,-5215.5,58.4119
1031,2.6227,4.3681,17.3773,0.0294,0.0697,0.4685,8.897,0.0847,-5984.0,58.0099
1032,2.1973,3.7115,17.8027,0.0222,0.086,0.6257,8.3179,0.0909,-5517.75,58.9915
1033,-9.4964,4.1991,29.4964,0.0173,0.0491,0.7574,9.043,0.0938,-6377.0,60.179
1034,-5.1255,3.6831,25.1255,0.031,0.0536,0.5765,8.3591,0.0881,-5476.25,57.2919
1035,0.2573,8.6821,19.7427,0.0196,0.0359,0.9873,8.659,0.105,-5232.25,57.0785
1036,3.3955,6.8737,16.6045,0.0158,0.0649,0.9639,8.6915,0.097,-5468.0,59.0527
1037,2.6873,3.6244,17.3127,0.0168,0.0894,1.1248,8.6005,0.0263,-5761.0,57.6372
1038,11.6818,6.6665,28.3182,0.04999362581099474,0.0353,0.662,8.8033,0.0366,-5597.0,59.4921
1039,2.5336,4.8187,17.4664,0.0401,0.0557,0.7593,8.77,0.0278,-6454.5,57.4956
1040,22.3736,9.6886,17.6264,0.027,0.0535,0.9059,8.5405,0.0969,-6294.25,58.4948
1041,2.3855,6.7805,17.6145,0.0307,0.0283,0.9726,8.2638,0.0751,-5335.5,58.7566
1042,0.9991,4.7485,19.0009,0.022,0.0486,0.7681,10.053810884229684,0.0932,-6233.5,57.1635
1043,11.4855,5.4073,8.5145,0.0153,0.0477,0.7316,8.8043,0.0835,-6329.75,58.3253
1044,1.2109,3.1765,18.7891,0.0273,0.0427,1.0199,8.9818,0.0851,-5547.5,58.7296
1045,-0.5455,5.4201,20.5455,0.0248,0.066,0.6373,8.8581,0.0859,-5711.75,59.5656
1046,2.74,4.2038,17.26,0.0262,0.0582,0.3963,8.7696,0.0278,-6453.0,59.2515
1047,-0.2173,3.1175,20.2173,0.0273,0.0682,0.687,8.8505,0.0938,-6214.5,58.1394
1048,0.7355,4.7399,19.2645,0.0231,0.0193,0.9238,8.572,0.086,-4386.0,58.8753
1049,-2.8245,2.9356,22.8245,0.0124,0.0714,0.6787,8.3845,0.0324,-5552.25,60.1442
1050,-3.7073,3.3667,23.7073,0.0326,0.0398,0.5858,9.1637,0.1017,-5194.75,58.5713
1051,-5.1645,4.42,25.1645,0.0156,0.1038,0.5329,8.6024,0.0956,-6333.25,58.3392
1052,-0.2618,12.044054218287883,20.2618,0.0236,0.0387,0.8343,9.0622,0.0937,-5227.0,57.6611
1053,-2.3127,4.7977,22.3127,0.0387,0.0714,0.8297,8.5615,0.0324,-5300.5,59.5424
1054,-1.99,6.1495,21.99,0.0215,0.0712,0.565,9.534,0.0924,-5526.5,61.0155
1055,-0.2173,5.3996,20.2173,0.0225,0.0561,0.7593,8.77,0.0855,-5409.25,58.7883
1056,-3.9073,6.9496,23.9073,0.0233,0.1109,0.8758,9.152,0.1005,-6247.0,56.7643
1057,2.0609,3.9852,17.9391,0.0124,0.0352,0.7990622918153593,8.892859300634656,0.0791,-5353.25,59.1346
1058,-1.9573,9.1321,21.9573,0.0238,0.0567,0.5836,8.6706,0.0639,-5541.75,59.0052
1059,17.6864,6.5423,22.3136,0.0134,0.0516,1.0644,8.9336,0.0779,-5261.75,59.6378
1060,2.1145,5.1912,17.8855,0.0289,0.0738,1.0631,8.7932,0.0878,-5617.5,58.1372
1061,5.17,6.4886,14.83,0.015,0.0625,0.4744,8.2061,0.0319,-5285.0,57.6087
1062,27.651775678753342,2.6817,11.3645,0.0188,0.0399,1.0959,8.6667,0.0754,-6518.25,56.3047
1063,0.9827,6.454,19.0173,0.0188,0.0431,0.9735,8.4896,0.0652,-6331.25,59.1158
1064,2.3182,8.4018,17.6818,0.0267,0.0407,0.7139,9.131,0.0631,-5502.0,58.4722
1065,20.0236,8.0814,19.9764,0.0223,0.0726,0.7524,8.872,0.0969,-5413.0,58.5214
1066,27.651775678753342,8.1183,12.2718,0.039,0.036,1.0959,8.6667,0.0729,-6425.0,61.014
1067,0.5609,12.044054218287883,19.4391,0.0212,0.0412,0.9072,9.2016,0.0713,-5580.75,56.6055
1068,-0.5327,6.4537,20.5327,0.0238,0.0697,0.7719,8.6611,0.1017,-5479.25,58.773
1069,-3.9045,5.3634,23.9045,0.04999362581099474,0.0746,1.0359,8.6149,0.0733,-5207.25,59.2704
1070,3.1382,7.8219,16.8618,0.0315,0.0665,0.5284,8.8424,0.0621,-5646.0,58.5715
1071,24.2918,4.2267,15.7082,0.0389,0.0518,0.6641,9.1638,0.0785,-5856.75,59.1723
1072,-0.4173,9.9344,20.4173,0.0254,0.0519,0.6987,9.7836,0.0806,-6382.5,58.2714
1073,24.8282,5.0971,15.1718,0.0481,0.048,0.6641,9.1638,0.0785,-6514.0,59.0609
1074,1.7627,2.0193,18.2373,0.0184,0.0452,0.7558,8.4278,0.0903,-5436.25,56.6142
1075,1.5555,2.8002,18.4445,0.0165,0.02,1.0359,8.6149,0.0861,-5357.5,57.5349
1076,2.5055,6.284,17.4945,0.0157,0.0469,0.9276,8.5298,0.034,-5294.5,59.2558
1077,-3.4873,5.9222,23.4873,0.0151,0.0482,0.6605,8.662,0.0304,-5431.25,61.5356
1078,-2.7973,12.044054218287883,34.62823879222262,0.028,0.068,0.9075,8.5735,0.0353,-5362.5,58.7594
1079,3.8964,3.7055,16.1036,0.0311,0.0652,1.0891,8.6942,0.0683,-4592.0,56.2286
1080,5.0818,5.2405,14.9182,0.016,0.0385,0.8638,8.5003,0.0622,-6465.0,59.5074
1081,-0.0309,7.7416,20.0309,0.0304,0.0613,0.9873,8.659,0.0929,-6461.0,57.4239
1082,-1.0082,2.2394,21.0082,0.0203,0.0535,0.57,8.7662,0.0877,-6630.25,57.0367
1083,18.6827,7.4078,21.3173,0.0475,0.041,0.9836,8.8388,0.0816,-5554.25,58.9959
1084,25.4573,12.044054218287883,14.5427,0.0369,0.061,1.0407,8.7599,0.0759,-5534.5,56.6393
1085,4.0555,6.1799,15.9445,0.0319,0.0897,0.8787,8.6074,0.0622,-5218.25,58.4384
1086,1.2209,9.3285,18.7791,0.0224,0.035,0.7663,8.7219,0.0848,-5587.25,59.2956
1087,2.7764,7.4219,17.2236,0.0192,0.0662,0.9725,8.5266,0.0976,-5407.75,59.9533
1088,-4.0373,6.2882,24.0373,0.0267,0.0428,0.5888,9.0776,0.0643,-5246.75,57.9411
1089,-0.7109,3.1153,20.7109,0.0267,0.0685,0.6242,8.7037,0.0328,-4995.75,59.4177
1090,-4.7818,3.7689,24.7818,0.0225,0.0611,0.9136,8.8097,0.0363,-5729.5,59.4528
1091,-3.1227,4.6652,23.1227,0.0249,0.1026,0.9332,8.5862,0.0819,-5352.25,58.3872
1092,7.24,7.0695,12.76,0.028,0.0502,1.0918,8.5459,0.0765,-5551.75,57.843
1093,-0.4636,3.5555,20.4636,0.0227,0.0591,0.7193,9.1141,0.089,-5524.25,58.5469
1094,13.4891,6.9725,26.5109,0.0438,0.0314,0.4996,8.7588,0.0915,-5452.75,58.3924
1095,2.5827,8.3284,34.62823879222262,0.0404,0.0736,0.7507,9.4832,0.0993,-5384.25,57.9178
1096,1.2673,2.5672,18.7327,0.0281,0.0504,0.7642,9.3335,0.1012,-6374.75,58.4062
1097,-4.4882,4.3095,24.4882,0.0182,0.0411,0.7954,8.7548,0.0848,-5621.5,58.1834
1098,-10.68,2.5881,30.68,0.016,0.0403,0.7532,8.6384,0.0819,-6373.5,55.364556183216706
1099,8.6927,3.0731,31.3073,0.0436,0.12570988867962482,0.7898,9.1784,0.0366,-4556.0,57.3114
1100,3.1336,4.2996,16.8664,0.04999362581099474,0.0716,0.8532,8.7556,0.1124,-5486.5,58.1642
1101,-1.0927,8.8177,21.0927,0.0131,0.0487,0.7681,10.053810884229684,0.105,-6380.0,58.0151
1102,20.5509,4.0288,19.4491,0.0178,0.12570988867962482,1.0459,8.7487,0.0759,-4173.969634289816,58.0172
1103,-3.09,4.5813,23.09,0.0228,0.0302,1.1525,8.536,0.1019,-5595.75,58.4309
1104,-2.2364,4.0483,22.2364,0.0218,0.0426,1.0765,8.9857,0.0939,-5060.0,58.9216
1105,-1.9482,5.7,21.9482,0.0165,0.0568,0.74,8.3159,0.0362,-5400.5,59.4762
1106,2.1173,6.5354,17.8827,0.0231,0.0545,0.6257,8.3179,0.0621,-4675.25,58.2153
1107,-0.3955,5.28,20.3955,0.0196,0.0705,0.6259,8.7326,0.0822,-5346.25,58.1747
1108,-4.89,2.9432,24.89,0.0228,0.0408,1.0143,8.8078,0.1043,-5300.25,56.4884
1109,0.1773,6.3655,19.8227,0.0156,0.0686,0.8263,8.7646,0.1016,-5731.25,61.1607
1110,2.6473,3.2434,17.3527,0.0144,0.0627,0.8047,8.1166,0.0868,-5598.75,57.4825
1111,-0.0691,2.6536,20.0691,0.0184,0.0371,0.7159,8.7401,0.1187,-5365.75,57.3289
1112,2.8182,6.4263,17.1818,0.0244,0.0359,0.8721,8.5297,0.0856,-6335.25,59.3086
1113,-4.6227,5.7416,24.6227,0.04999362581099474,0.0435,0.5765,8.3591,0.1103,-5599.25,58.3383
1114,-3.8991,4.1392,23.8991,0.0153,0.0404,0.6254,9.004,0.0829,-5713.0,59.3632
1115,20.7782,12.044054218287883,19.2218,0.0281,0.0743,1.0323,8.5218,0.0937,-5440.75,58.4819
1116,-0.3918,5.6919,20.3918,0.0201,0.0266,0.8159,8.7932,0.085,-5486.25,59.0999
1117,-3.0882,6.6096,23.0882,0.0222,0.0667,0.8336,8.7015,0.0713,-5525.0,59.8199
1118,2.6827,4.2653,17.3173,0.0252,0.0674,0.4782,9.0744,0.084,-5226.25,58.3159
1119,-1.0827,5.5896,21.0827,0.0269,0.0333,0.6161,8.598,0.0686,-5278.0,58.892
1120,-0.0636,6.5193,20.0636,0.0302,0.0435,1.1638,8.3324,0.1012,-5328.0,58.5372
1121,-9.4318,5.5267,29.4318,0.0156,0.1118,0.8934,8.8597,0.0832,-5315.75,59.0584
1122,1.1473,5.5049,18.8527,0.0191,0.0693,0.6857,8.2776,0.1061,-5442.0,58.3195
1123,0.7382,5.8034,19.2618,0.0176,0.0214,0.8595,8.1161,0.091,-5546.25,57.5005
1124,4.1455,4.3536,15.8545,0.0162,0.022,0.9361,8.5288,0.0858,-5247.75,58.1761
1125,-2.5191,7.4066,22.5191,0.0234,0.0314,0.815,8.9833,0.1033,-5383.25,57.5303
1126,-3.9218,6.2586,23.9218,0.0179,0.0473,0.8387,9.6136,0.1014,-5740.75,58.3427
1127,0.9427,4.6356,19.0573,0.0177,0.0168,0.932,8.3383,0.0299,-5445.25,58.5876
1128,1.4409,5.942,18.5591,0.0158,0.0509,0.9359,8.8331,0.1003,-5596.25,57.8809
1129,-0.3182,5.8228,20.3182,0.027,0.0561,1.1248,8.6005,0.0813,-5288.5,59.5503
1130,13.7255,3.996,26.2745,0.0285,0.108,1.0803,8.6324,0.094,-5503.5,57.2344
1131,-10.2673,9.8766,30.2673,0.0204,0.0464,0.8384,8.5177,0.094,-6483.25,55.7947
1132,4.4155,4.5129,15.5845,0.0345,0.047,0.8345,8.828,0.0998,-6395.5,58.5747
1133,4.8373,3.1119,15.1627,0.0189,0.0462,1.1638,8.3324,0.0921,-5506.25,59.3632
1134,24.4727,4.8236,15.5273,0.0342,0.0398,0.4221,9.3851,0.0529,-5522.25,58.3019
1135,-2.4345,3.6744,22.4345,0.0203,0.0615,0.7053,8.7635,0.0699,-5398.5,60.4792
1136,-4.4309,7.3228,24.4309,0.0216,0.0422,0.8469,8.3271,0.0272,-5641.25,58.7752
1137,5.0955,12.044054218287883,14.9045,0.0129,0.083,0.57,8.7662,0.1036,-5553.5,58.6501
1138,1.9855,7.0181,18.0145,0.0169,0.0438,0.9873,8.659,0.0813,-5349.75,56.8546
1139,27.651775678753342,4.7052,11.6873,0.0342,0.042,0.9251,8.8287,0.1004,-5550.75,59.8286
1140,-2.2382,5.1526,22.2382,0.0237,0.0706,0.5317,8.7512,0.1051,-5442.25,58.2971
1141,17.7927,8.3238,22.2073,0.0317,0.083,0.6901,9.2405,0.0786,-5508.75,60.6068
1142,-0.6609,2.6206,20.6609,0.0138,0.0643,0.8231,8.7812,0.0652,-5508.5,57.7275
1143,-4.72,5.7591,24.72,0.0205,0.0633,0.932,8.3383,0.0299,-5247.5,58.734
1144,27.651775678753342,10.2301,12.2845,0.038,0.0455,0.7613,9.094,0.0778,-5147.25,58.4256
1145,-1.1927,4.3639,21.1927,0.0473,0.0319,0.8987,8.7977,0.0741,-6069.75,59.5615
1146,-4.3955,5.4073,24.3955,0.0199,0.0518,0.8229,10.053810884229684,0.1112,-5535.5,57.5522
1147,11.5591,12.044054218287883,28.4409,0.0259,0.12570988867962482,0.4996,8.7588,0.0224,-4173.969634289816,57.887
1148,-3.6509,3.9068,23.6509,0.0173,0.034,0.8469,8.3271,0.1051,-5587.0,59.6947
1149,-3.9555,4.0088,23.9555,0.0305,0.0627,0.9048,8.6772,0.0733,-5428.75,59.1012
1150,3.5945,6.0911,16.4055,0.0252,0.0793,0.7139,9.131,0.0622,-5578.75,58.8652
1151,-0.4482,7.8704,20.4482,0.0191,0.0266,0.5836,8.6706,0.0764,-5782.25,59.0563
1152,-2.9573,5.1967,22.9573,0.0206,0.0713,0.466,8.7779,0.1017,-5349.75,58.1559
1153,-1.71,5.8362,21.71,0.0259,0.0447,0.9079,8.6427,0.0855,-6551.5,56.2152
1154,6.1855,5.9842,13.8145,0.021,0.0394,0.7093,8.2981,0.086,-5472.0,58.8418
1155,-2.1136,4.9854,22.1136,0.0215,0.0729,0.7516,8.451,0.0956,-5158.75,55.364556183216706
1156,-10.1245,4.3614,30.1245,0.0337,0.0409,0.9393,10.053810884229684,0.0788,-5548.0,59.183
1157,-7.5382,3.5277,27.5382,0.0236,0.0286,0.7574,9.043,0.0938,-5550.5,56.0954
1158,-5.3318,3.9171,25.3318,0.0158,0.0685,1.0199,8.9818,0.1055,-5332.5,58.554
1159,2.1927,6.1039,17.8073,0.0262,0.0445,0.9329,8.3267,0.036,-5351.75,55.364556183216706
1160,5.1345,3.1492,34.62823879222262,0.0342,0.12570988867962482,0.7015,9.2007,0.0759,-4173.969634289816,57.82
1161,27.3227,3.0522,12.6773,0.0207,0.056,0.9413,9.7484,0.0968,-5486.25,55.5468
1162,1.1591,7.1718,18.8409,0.024,0.0454,0.9255,9.2171,0.0994,-6480.25,59.1447
1163,0.7136,4.1454,19.2864,0.0199,0.0408,0.8595,8.1161,0.091,-5450.25,58.1265
1164,2.1918,5.3635,17.8082,0.0244,0.037,0.7593,8.77,0.0822,-6534.75,58.8554
1165,18.8673,7.4999,21.1327,0.0299,0.0552,0.5593,9.5642,0.0949,-6345.75,57.9283
1166,-6.0255,3.6401,26.0255,0.0225,0.0402,1.0765,8.9857,0.0851,-5318.5,61.55069834683448
1167,-0.4091,7.7667,20.4091,0.0217,0.0675,1.2471,8.4421,0.0791,-5433.25,57.3464
1168,-0.4491,3.2363,20.4491,0.0219,0.0593,0.6815,8.8909,0.0845,-5384.5,56.6905
1169,1.2955,4.624,18.7045,0.0239,0.0598,1.0199,8.9818,0.1068,-5630.25,58.7836
1170,-0.95,4.3441,20.95,0.0281,0.0554,0.6605,8.662,0.0328,-5207.75,58.395
1171,3.4318,5.2435,16.5682,0.0162,0.0889,0.6644,8.0787,0.0362,-5773.0,59.1994
1172,0.8827,7.1603,19.1173,0.0378,0.0561,0.8161,8.3006,0.0662,-5570.25,58.9739
1173,-2.5727,3.1585,22.5727,0.0232,0.0541,0.7681,10.053810884229684,0.0688,-6286.75,58.4076
1174,-2.1464,2.6374,22.1464,0.0206,0.0518,0.932,8.3383,0.0863,-5320.5,58.8469
1175,1.3355,4.9672,18.6645,0.0254,0.0932,0.7663,8.1409,0.0803,-5302.75,55.8306
1176,-0.7236,7.7214,20.7236,0.0194,0.0129,0.5377,8.7897,0.0828,-5468.75,59.5345
1177,4.3136,5.1801,15.6864,0.0264,0.098,0.8834,8.272,0.1116,-5529.25,59.2529
1178,3.4491,5.6384,16.5509,0.0144,0.048,1.0478,8.8889,0.0662,-5747.75,58.4238
1179,-4.1018,4.0088,24.1018,0.0211,0.047,0.9136,8.8097,0.0838,-5712.75,57.5332
1180,24.6118,2.9844,15.3882,0.0431,0.0472,0.7613,9.094,0.0754,-6541.25,58.5897
1181,3.6536,7.3859,16.3464,0.0299,0.0573,0.8859,8.9191,0.0345,-5647.75,58.9169
1182,-1.2336,4.0648,21.2336,0.0173,0.049,0.9812,8.6068,0.0713,-5662.0,58.988
1183,-0.3445,9.8065,20.3445,0.0139,0.06,0.3973,9.7137,0.0319,-5356.25,58.8938
1184,0.1891,5.7327,19.8109,0.0273,0.0514,0.9873,8.659,0.0848,-6466.0,58.7468
1185,3.1382,9.1637,16.8618,0.0256,0.0704,0.9715,8.5788,0.105,-5397.5,58.0778
1186,4.5382,4.351,15.4618,0.016,0.0866,0.9489,8.135,0.0342,-5629.25,58.2355
1187,-3.2882,4.5105,23.2882,0.0213,0.0441,1.0959,8.7997,0.1017,-5399.25,58.1925
1188,6.6,5.2891,13.4,0.0151,0.0386,0.4389,8.7851,0.0841,-6506.75,59.3612
1189,1.5018,10.8289,18.4982,0.0247,0.039,0.7928,9.5713,0.0998,-6334.25,58.7165
1190,20.81,10.9632,19.19,0.0251,0.065,1.0803,8.6324,0.0969,-5307.75,59.0332
1191,-3.6345,4.6133,23.6345,0.0237,0.0771,0.9274,8.9605,0.0571,-5573.75,60.1012
1192,2.4209,4.2983,17.5791,0.019,0.107,0.8184,8.7786,0.0864,-5130.75,57.96
1193,-1.6864,5.5709,21.6864,0.027,0.0651,0.6644,8.0787,0.0342,-5357.0,58.3385
1194,-12.2945,6.1979,32.2945,0.0246,0.0755,0.6672,8.7677,0.0822,-5476.25,58.3858
1195,-1.66,1.942,21.66,0.0231,0.0987,0.8859,8.9191,0.0699,-5145.25,58.0539
1196,-2.6682,4.3753,22.6682,0.0179,0.0385,0.7663,8.1409,0.0803,-5284.5,58.3783
1197,0.1973,5.9703,19.8027,0.0177,0.0364,0.5194,8.8356,0.1058,-5145.25,58.8522
1198,-3.7773,2.2464,23.7773,0.0229,0.0352,0.932,8.3383,0.0863,-5454.0,58.2992
1199,-0.4527,5.7777,20.4527,0.0229,0.0237,0.8758,9.152,0.0786,-5670.5,60.0095
1200,6.9082,8.6041,33.0918,0.0152,0.0454,0.7524,8.872,0.0942,-6237.25,59.2717
1201,7.3918,5.726,32.6082,0.0291,0.0701,0.5677,9.4043,0.0257,-4778.5,58.4355
1202,12.3073,12.044054218287883,27.6927,0.0305,0.0587,0.7162,9.1502,0.0746,-5345.0,59.0127
1203,-5.1618,4.881,25.1618,0.0244,0.0641,0.7674,8.4891,0.0324,-5553.0,60.6749
1204,-2.1009,4.1239,22.1009,0.0274,0.0412,0.8532,8.7556,0.0869,-5224.5,58.1609
1205,23.7709,5.1866,16.2291,0.04999362581099474,0.072,0.7747,9.2655,0.0943,-5521.25,59.7553
1206,-2.5945,3.3232,22.5945,0.0376,0.0435,0.5669,9.6515,0.0845,-5294.5,55.364556183216706
1207,-2.4709,2.5702,22.4709,0.0287,0.0689,0.8336,8.7015,0.0733,-5250.75,56.5781
1208,-0.8891,6.0573,20.8891,0.0321,0.0637,0.7445,9.0859,0.027,-5307.5,58.8242
1209,26.9791,4.9673,13.0209,0.0103,0.12570988867962482,0.5955,9.6234,0.0789,-4196.5,58.7785
1210,1.1991,4.6582,18.8009,0.0204,0.0625,0.7233,8.2345,0.085,-5612.25,56.8895
1211,-2.81,4.4836,22.81,0.0197,0.063,0.5765,8.3591,0.1053,-5391.75,59.0523
1212,17.3018,6.5557,22.6982,0.0129,0.0805,0.6901,9.2405,0.0713,-6235.25,58.3974
1213,22.9245,6.6984,17.0755,0.0403,0.0332,1.1086,8.7495,0.0759,-5681.5,57.5846
1214,15.3536,4.0729,24.6464,0.04999362581099474,0.12570988867962482,1.0459,8.7487,0.0869,-4173.969634289816,58.968
1215,-0.3264,3.6306,20.3264,0.04999362581099474,0.0369,0.8962,9.5689,0.0977,-5433.0,58.9994
1216,0.5564,5.8414,19.4436,0.0259,0.1021,0.8427,8.3006,0.0819,-5342.5,57.7658
1217,-1.4191,8.0345,21.4191,0.0237,0.046,0.9916,9.22,0.0272,-6424.5,60.1503
1218,2.78,10.4267,17.22,0.0231,0.0383,0.811,9.2291,0.1019,-6463.25,59.127
1219,-5.9418,7.3721,25.9418,0.0228,0.0921,0.466,8.7779,0.0807,-5761.5,58.5787
1220,-1.0473,4.6312,21.0473,0.0201,0.0363,1.1623,9.4336,0.1087,-5320.0,58.6308
1221,2.5209,4.3093,34.62823879222262,0.0168,0.12570988867962482,1.0459,8.7487,0.0816,-4173.969634289816,58.6473
1222,-1.6545,6.5713,21.6545,0.0388,0.0583,1.2364,9.7997,0.0816,-5433.25,58.2597
1223,6.2045,11.9213,13.7955,0.0308,0.0822,1.0918,8.5459,0.0765,-6349.0,58.0779
1224,1.7273,3.4184,18.2727,0.0176,0.073,0.647,9.0402,0.0864,-5242.75,59.4499
1225,8.3018,5.8283,11.6982,0.0151,0.0547,0.9639,8.6915,0.0915,-5679.0,59.2062
1226,1.23,4.139,18.77,0.0418,0.1086,0.7158,8.6829,0.0994,-5745.0,57.713
1227,2.4345,4.0485,17.5655,0.0169,0.0428,0.6576,9.396,0.0873,-6489.25,59.6146
1228,-6.4945,6.5708,26.4945,0.027,0.0297,0.5742,8.627,0.0299,-5573.75,55.9296
1229,12.1609,5.6767,27.8391,0.0325,0.0475,1.1815,8.6013,0.0937,-6351.5,59.6289
1230,3.7127,5.1701,16.2873,0.0204,0.0543,0.9251,8.4092,0.0796,-6180.75,58.5121
1231,-1.0982,3.6475,21.0982,0.0249,0.0929,0.6385,8.2914,0.085,-5705.5,58.6343
1232,5.8727,4.7116,14.1273,0.0251,0.12570988867962482,0.9725,8.5266,0.0765,-5300.5,58.715
1233,1.6309,6.4754,18.3691,0.0221,0.0936,0.8161,8.3006,0.0662,-5275.0,57.503
1234,23.8745,5.5544,16.1255,0.0219,0.0532,1.0551,9.0998,0.0714,-5478.25,58.9752
1235,23.7109,6.3497,16.2891,0.0214,0.0695,0.7524,8.872,0.0943,-5751.5,59.4335
1236,-1.4973,4.486,21.4973,0.0291,0.0948,0.8198,9.3868,0.1011,-5512.5,58.5025
1237,5.7182,7.5307,14.2818,0.0246,0.0522,0.7337,8.8546,0.0932,-5526.0,58.2692
1238,0.7218,4.1323,19.2782,0.0238,0.0381,0.9255,9.2171,0.1003,-5465.0,58.6355
1239,1.0345,4.9982,18.9655,0.0184,0.0478,1.0135,8.6439,0.0796,-5421.5,58.5558
1240,-2.0991,4.0262,22.0991,0.0155,0.033,0.9175,8.1605,0.1051,-6504.75,60.2067
1241,-1.3073,4.8576,21.3073,0.0254,0.0416,0.9726,8.2638,0.0685,-6301.5,58.5029
1242,27.651775678753342,12.044054218287883,11.6882,0.0317,0.0339,0.9753,8.7289,0.0789,-5357.5,58.3664
1243,-5.6945,3.8017,25.6945,0.0179,0.0275,0.9359,8.8331,0.0807,-5471.75,57.909
1244,-0.9127,8.4692,20.9127,0.0154,0.0584,0.9383,8.441,0.0887,-6447.0,57.9637
1245,-2.15,8.2545,22.15,0.0173,0.0475,0.7663,8.1409,0.0306,-5467.75,57.7467
1246,-6.5282,3.8322,26.5282,0.0258,0.044,0.8047,8.1166,0.1043,-5121.5,57.7312
1247,-2.7673,5.7891,22.7673,0.020007163050070827,0.0712,0.7447,9.2189,0.0333,-5083.25,59.9352
1248,3.2964,4.639,16.7036,0.0264,0.0449,0.8217,9.1156,0.1017,-6451.75,58.7207
1249,3.0345,6.674,16.9655,0.0183,0.0474,0.7558,8.4278,0.085,-5470.25,57.6721
1250,11.4855,6.3958,28.5145,0.0268,0.0721,0.9794,8.5155,0.0968,-5972.75,59.5555
1251,-2.3109,4.3482,22.3109,0.02105484341137134,0.0191,0.8452,9.065,0.1104,-5735.25,58.8254
1252,0.3764,2.9581,19.6236,0.0203,0.0569,1.148,8.6309,0.0529,-5527.0,58.1833
