,feature_60,feature_478,feature_133,feature_349,feature_65,feature_435,feature_34
0,0.6991,6.0266,2.3766,0.0237,19.3009,9.9805,8.6915
1,-1.4173,4.8218,2.3805,0.0272,21.4173,12.5349,8.3006
2,10.2355,6.1589,2.3244,0.0163,9.7645,12.8413,8.7418
3,9.8518,5.0612,2.3725,0.03,30.1482,10.5202,8.6829
4,1.0336,7.4828,2.3401,0.0243,18.9664,11.1054,8.5891
5,3.6809,4.1813,2.2797,0.0205,16.3191,4.3896,9.0744
6,2.8109,5.9339,2.2864,0.0245,17.1891,11.5102,8.9132
7,1.5036,3.5466,2.3081,0.0174,18.4964,14.6852,8.3383
8,23.8245,9.1221,2.2592,0.0105,16.1755,14.2503,8.659
9,1.5745,3.3971,2.2877,0.02200343121715196,18.4255,8.041,8.7512
10,2.9282,4.7353,2.212,0.0339,17.0718,18.972,9.534
11,5.4991,5.2686,2.2773,0.0172,14.5009,19.7531,8.5288
12,-2.5027,6.8676,2.2959,0.0198,22.5027,5.9122,8.1605
13,0.34,7.0359,2.3323,0.0116,19.66,8.9372,8.8043
14,4.1691,6.8146,2.2674,0.0225,15.8309,10.0583,8.7556
15,-3.74,2.7876,2.2564,0.0236,23.74,9.6358,8.5571
16,3.946794348640868,5.625585845161292,2.2784,0.0148,19.82129319169181,8.919,9.131
17,1.9482,9.1675,2.3735,0.0381,34.6363856549799,14.1928,8.5687
18,8.1455,3.4324,2.1911,0.0253,11.8545,5.9052,8.7187
19,4.9555,9.9444,2.3499,0.0184,15.0445,27.963788399291673,8.441
20,9.1882,5.9269,2.2928,0.014,30.8118,13.8036,9.5642
21,2.2855,10.1458,2.3146,0.0162,17.7145,2.7861,8.6706
22,0.6191,7.5571,2.3386,0.0229,19.3809,9.2987,8.7867
23,-3.7509,3.369,2.272,0.0209,23.7509,13.1301,8.8581
24,4.9118,4.8707,2.2802,0.0154,15.0882,8.2562,8.8624
25,0.12,5.817,2.3122,0.0241,19.88,9.9237,8.6397
26,1.8173,3.4949,2.2728,0.0445,18.1827,13.2642,9.5713
27,2.7927,3.9522,2.2474,0.0245,17.2073,10.9953,8.2345
28,2.1109,8.8016,2.3216,0.0177,17.8891,8.6069,9.1502
29,-4.4109,3.706,2.4241,0.0199,24.4109,16.4288,8.6544
30,8.9136,7.1799,2.3684,0.0373,31.0864,4.7491,10.095633903464792
31,-2.0764,6.11,2.2937,0.0278,22.0764,14.5455,8.5891
32,0.5518,6.0246,2.2757,0.0273,19.4482,4.7256,8.287
33,-0.9364,2.9235,2.2658,0.017,20.9364,14.3617,8.5851
34,5.2064,4.0558,2.3817,0.0207,14.7936,12.1562,8.572
35,1.2836,12.159886140272093,2.2771,0.0319,18.7164,11.6714,9.7836
36,1.0027,7.1443,2.2864,0.0221,18.9973,2.5787,8.9132
37,-2.6564,2.3646,2.2434,0.0256,22.6564,19.2454,9.0447
38,-0.0636,10.0705,2.2569,0.0253,20.0636,4.3531,8.9191
39,3.9055,6.1617,2.3712,0.0164,34.6363856549799,5.645,9.2405
40,2.0318,4.3582,2.3187,0.0227,17.9682,5.1253,8.7512
41,17.3873,5.7628,2.2887,0.0461,22.6127,6.7048,8.9336
42,-0.1545,4.319,2.4151,0.0241,20.1545,6.4061,8.8909
43,-0.3309,3.2036,2.2616,0.0169,20.3309,13.1777,8.7635
44,-5.7182,6.748,2.3672,0.0144,25.7182,7.9905,9.1855
45,3.65,6.0536,2.3375,0.0247,16.35,6.3029,9.0121
46,25.5127,5.1949,2.3756,0.0151,14.4873,7.6279,9.094
47,-5.6473,6.4204,2.3099,0.0252,25.6473,16.1069,8.536
48,1.8609,2.582,2.2826,0.0197,18.1391,20.1799,8.8097
49,-4.4927,4.5795,2.4241,0.0141,24.4927,10.4381,8.58
50,17.4,5.1848,2.3275,0.0256,22.6,14.361,8.8287
51,1.6073,4.6249,2.3257,0.0232,18.3927,2.4696,8.7219
52,0.8873,3.9097,2.3132,0.05007013477476258,19.1127,13.239,8.4092
53,-2.7136,6.015,2.2752,0.0211,22.7136,10.1682,9.6515
54,5.3382,6.0748,2.3497,0.0162,34.6363856549799,27.963788399291673,9.1784
55,1.6373,6.026,2.3259,0.0236,18.3627,10.6195,8.5987
56,2.9691,3.4708,2.3063,0.0141,17.0309,7.4002,9.754
57,-1.0991,6.1979,2.4214,0.0154,21.0991,5.5035,8.5855
58,2.9518,4.8857,2.3573,0.0194,17.0482,8.5058,8.7994
59,-10.37,4.4544,2.295,0.05007013477476258,30.37,7.1982,8.5177
60,1.3445,3.9991,2.2808,0.0208,18.6555,12.9923,8.2395
61,1.1664,3.4878,2.2954727022611854,0.02248078093223923,18.8336,8.43,8.1728
62,0.1873,3.4793,2.3923,0.0248,19.8127,8.8156,8.6544
63,0.4836,3.9691,2.3122,0.0185,19.5164,8.177,8.6397
64,4.0809,3.2357,2.4079,0.0208,15.9191,6.3871,8.322
65,18.3936,4.2732,2.2936,0.0386,21.6064,27.963788399291673,9.2007
66,1.2809,4.3922,2.349,0.0208,18.7191,10.8354,8.3331
67,0.5682,7.684,2.3573,0.0183,19.4318,14.9271,8.7994
68,8.0955,6.9474,2.3865,0.05007013477476258,11.9045,13.2003,9.5713
69,-1.97,2.8027,2.2797,0.0337,21.97,15.6194,9.088
70,-8.2255,5.2293,2.3350912794510776,0.0138,28.2255,15.2786,8.8249
71,-0.75,5.8268,2.2647,0.025,20.75,13.3543,8.6544
72,0.1627,3.2662,2.2826,0.0215,19.8373,2.2511,8.6472
73,-1.9555,7.1548,2.3161,0.0201,21.9555,13.7654,9.9964
74,-1.3018,5.6614,2.2915,0.0281,21.3018,8.4459,8.7538
75,-0.0191,6.4234,2.3063,0.0149,20.0191,16.5013,9.0425
76,-2.0327,4.8172,2.2563,0.0229,22.0327,5.6548,9.1526
77,3.0982,4.8741,2.3883,0.0192,16.9018,13.9335,8.8546
78,-2.9609,7.3252,2.2859,0.0134,22.9609,10.1575,8.2963
79,3.5436,4.3696,2.2726,0.0199,16.4564,18.9251,8.8519
80,1.5127,8.4684,2.3323,0.0239,18.4873,16.4479,8.5779
81,1.17,4.533,2.3402,0.0234,18.83,9.7785,8.8132
82,-0.8045,5.2201,2.2472,0.0152,20.8045,14.3598,8.9979
83,2.99,6.8674,2.3604,0.0461,17.01,10.8833,9.754
84,27.3427,6.7229,2.3524,0.0135,12.6573,10.9924,8.6667
85,0.7,3.952,2.2445,0.0175,19.3,15.2516,8.1161
86,10.9955,9.4756,2.3073,0.0306,29.0045,6.2156,8.6013
87,1.7373,4.3682,2.3162,0.0269,18.2627,15.5645,9.7324
88,-19.9927,6.6127,2.3375,0.0323,34.6363856549799,8.36,9.0121
89,0.9573,5.5044,2.212,0.0219,19.0427,11.9272,8.8356
90,-3.3555,6.5896,2.2877,0.02099884340551659,23.3555,5.0598,8.9607
91,-0.6327,5.515,2.4167,0.0169,20.6327,2.8641,8.8078
92,5.0691,2.7352,2.1996,0.0193,14.9309,12.605,8.7782
93,11.2909,10.7271,2.2697,0.021,8.7091,7.0512,8.7994
94,-2.6109,2.5503,2.3936,0.0151,22.6109,8.9998,8.5571
95,-0.3736,5.7983,2.2937,0.0127,20.3736,9.2971,8.9635
96,-1.1391,3.3645,2.3289,0.0204,21.1391,7.7824,8.6427
97,-4.99,4.3431,2.2555,0.019495160103745406,24.99,6.0282,10.095633903464792
98,-0.9091,4.2125,2.2915,0.0176,20.9091,9.2494,8.6472
99,1.8164,5.801,2.3481,0.0226,18.1836,14.0172,8.2638
100,0.1227,6.0602,2.3099,0.0262,19.8773,9.1776,9.5713
101,0.8745,5.0466,2.2588,0.0125,19.1255,12.9555,8.5251
102,-1.0182,6.2631,2.2725,0.0142,21.0182,16.2183,8.7779
103,0.3036,6.8782,2.3177,0.0189,19.6964,7.6823,8.8513
104,2.0509,8.3516,2.2674,0.026,17.9491,15.4171,8.6556
105,22.7927,8.4149,2.4244,0.0352,17.2073,10.6846,9.0998
106,4.1464,8.2175,2.4214,0.0202,15.8536,5.7493,8.5889
107,0.3245,8.9509,2.2949,0.05007013477476258,19.6755,5.4458,8.8973
108,6.1527,2.6252,2.3672,0.0183,13.8473,4.1104,8.6915
109,-1.8473,8.9647,2.4,0.0249,34.6363856549799,10.717,8.7879
110,-1.6436,7.076,2.4073,0.0202,21.6436,7.8761,8.2823
111,2.2982,4.252,2.2821,0.0171,17.7018,4.2138,8.6799
112,23.8864,3.626,2.3471,0.0395,16.1136,9.3799,9.1638
113,3.8109,5.1132,2.2674,0.0146,16.1891,10.6545,8.9605
114,-6.74,4.736,2.3079,0.0195,26.74,11.4899,9.7137
115,2.2618,8.7071,2.2789,0.0253,17.7382,12.2203,9.7571
116,1.9245,4.6417,2.2728,0.0136,18.0755,10.3977,8.5459
117,-0.4409,6.1962,2.2474,0.0175,20.4409,12.1517,8.3663
118,27.65796254974382,6.5265,2.3596,0.0432,11.5773,13.9178,8.7947
119,2.4209,6.6675,2.3984,0.0218,17.5791,3.0036,9.0145
120,-0.81,12.159886140272093,2.3296,0.0294,20.81,14.0369,8.6439
121,-3.0960414569062316,5.621353577546492,2.3883,0.0153,20.499271736678466,9.5164,8.2981
122,-17.9336,4.7846,2.3407,0.0237,34.6363856549799,7.1685,9.043
123,-0.7155,2.1779,2.4151,0.0245,20.7155,8.3029,8.6799
124,4.1509,5.0601,2.3099,0.0285,15.8491,17.1637,9.0622
125,3.9673,5.5115,2.2527,0.0171,16.0327,7.2727,9.0811
126,-3.65,4.6997,2.2631,0.0261,23.65,10.5841,8.3663
127,-1.9855,7.9214,2.3495,0.0197,21.9855,8.8526,8.7932
128,-3.88,4.8058,2.2711,0.0122,23.88,4.6438,8.3675
129,5.8045,8.0418,2.4201,0.0248,14.1955,7.1704,8.7932
130,-0.9945,6.5778,2.3883,0.0284,20.9945,14.686,8.287
131,-4.6636,4.3419,2.2989,0.0224,24.6636,7.9362,9.9964
132,-19.1518,3.4781,2.330323457901736,0.0283,34.6363856549799,8.6154,8.8388
133,3.2509,5.7289,2.2588,0.0222,16.7491,17.0732,8.6772
134,2.3318,5.6591,2.2877,0.025500046322844992,17.6682,4.9712,8.1605
135,5.4018,3.3141,2.3038,0.0146,14.5982,12.4288,8.6406
136,-0.5691,3.3826,2.3978,0.0156,20.5691,13.6743,9.2291
137,-21.835054618050968,6.0188,2.3073,0.0362,34.6363856549799,13.7095,9.043
138,-1.0573,3.3903,2.2771,0.024,21.0573,12.0108,8.9635
139,-6.8764,4.0285,2.2216,0.0195,26.8764,5.3435,8.6556
140,2.8136,5.8022,2.2802,0.0164,17.1864,6.6705,9.131
141,-3.7245,5.1156,2.3021,0.0307,23.7245,11.7508,8.1605
142,-1.2182,5.243,2.3161,0.0342,21.2182,8.3418,9.9964
143,-5.68,8.4634,2.2705,0.0245,25.68,16.715,8.8215
144,1.2518,4.0841,2.2931,0.0372,18.7482,7.3519,8.6384
145,-0.1145,5.2041,2.2705,0.0229,20.1145,12.8,8.8215
146,19.5609,6.634,2.3128,0.0243,20.4391,12.2271,9.4832
147,-3.7673,5.8656,2.2809,0.0293,23.7673,9.5832,8.3845
148,-3.6855,5.7486,2.3063,0.0291,23.6855,12.6008,8.5855
149,3.3918,5.4606,2.3301,0.022,16.6082,13.7056,8.7696
150,-2.5036,5.4421,2.4196,0.0128,22.5036,9.2481,8.7383
151,16.2418,6.1628,2.298,0.0293,23.7582,9.3071,8.5788
152,4.6609,4.2114,2.3997,0.0386,34.6363856549799,27.963788399291673,8.7487
153,1.5882,2.8513,2.3237,0.0169,34.6363856549799,12.6824,10.095633903464792
154,24.14,8.171,2.298,0.0187,15.86,15.1561,9.1757
155,0.1518,3.0125,2.2928,0.0239,19.8482,8.6891,9.5713
156,8.0636,6.2537,2.3314,0.0244,31.9364,7.2643,8.872
157,25.0836,8.3929,2.2764,0.037,14.9164,7.9778,9.6234
158,3.2655,7.2471,2.4201,0.0145,16.7345,11.6345,9.754
159,2.2009,3.977,2.2892,0.0191,17.7991,13.3617,8.8356
160,-6.6409,2.9266,2.3884,0.0186,26.6409,18.1344,9.4336
161,-3.7045,6.9715,2.2553,0.0264,23.7045,9.6578,8.6695
162,-2.63,4.9807,2.2697,0.0221,22.63,3.1931,8.7897
163,-2.7282,2.8666,2.4349,0.0143,22.7282,5.6402,9.0942
164,2.6718,2.7091,2.2616,0.0213,17.3282,13.6712,8.6772
165,1.0045,6.8317,2.2909,0.0264,18.9955,11.2676,8.9546
166,1.6018,3.6852,2.2859,0.0151,18.3982,6.6253,8.6384
167,20.7209,4.6032,2.3715,0.0462,19.2791,13.3739,8.6211
168,-3.1255,4.0177,2.4167,0.0203,23.1255,8.2055,8.5862
169,4.0991,3.9273,2.3025,0.0289,15.9009,9.0308,9.396
170,-6.3391,2.5684,2.2634,0.0158,26.3391,11.9812,8.9191
171,6.2455,5.0709,2.3099,0.0277,13.7545,13.4393,8.8384
172,10.2109,4.8214,2.3403,0.0405,29.7891,16.5962,9.1502
173,26.7745,5.7668,2.3403,0.0371,13.2255,12.4561,8.6667
174,-0.7245,4.6526,2.4108,0.014,20.7245,5.3177,8.287
175,-0.2709,3.3925,2.2954,0.0247,20.2709,4.2496,8.7552
176,10.8955,4.3312,2.3132,0.0328,29.1045,10.3967,8.872
177,27.65796254974382,12.159886140272093,2.3471,0.0162,10.8082,10.6416,8.7947
178,-1.0909,5.7275,2.2596,0.0177,21.0909,14.5916,8.9191
179,-0.5655,4.8219,2.2711,0.0209,20.5655,8.2409,9.2036
180,-2.8818,5.3451,2.2967,0.015,22.8818,3.7139,8.8132
181,3.1136,7.6393,2.3078,0.0296,34.6363856549799,14.206,8.5405
182,-7.0082,7.8141,2.292,0.0296,27.0082,7.4839,8.5298
183,3.0718,6.275,2.2826,0.0207,16.9282,18.5003,8.2914
184,-1.5036,2.8462,2.2809,0.0269,21.5036,8.2035,9.7571
185,3.1845,5.4338,2.3453,0.0182,16.8155,10.9164,8.5779
186,22.7173,5.3468,2.3194,0.0219,17.2827,17.2293,8.7879
187,-12.1527,5.0961,2.3378,0.0132,32.1527,8.4243,8.6309
188,2.32,4.7428,2.2569,0.0264,17.68,9.8035,8.7646
189,0.7864,5.0348,2.2732,0.0217,19.2136,6.8992,8.8973
190,-2.4818,3.3746,2.212,0.0202,22.4818,8.6837,8.2914
191,9.3336,8.5107,2.3313,0.0153,30.6664,4.5545,9.1784
192,2.0427,8.6072,2.3314,0.0316,34.6363856549799,7.6458,9.2362
193,2.43,3.6629,2.3453,0.0163,17.57,7.0539,8.4896
194,0.3036,7.5994,2.3401,0.0216,19.6964,3.3128,9.308
195,0.2464,6.4316,2.4023,0.0241,19.7536,6.0,8.9191
196,1.2691,6.5857,2.3207,0.0301,18.7309,15.1735,8.3179
197,0.2818,4.4168,2.3162,0.0261,19.7182,8.6348,9.0776
198,-0.9236,6.5365,2.2647,0.0225,20.9236,12.0312,8.7548
199,5.3782,5.5785,2.3834,0.0326,14.6218,15.3377,8.6406
200,0.8045,7.4993,2.2392,0.033,19.1955,15.5651,8.9541
201,0.42,6.8146,2.3883,0.0212,19.58,10.2941,8.6695
202,2.8236,7.9017,2.2959,0.0216,17.1764,10.9202,9.4749
203,1.3282,2.8024,2.3479,0.0277,18.6718,11.4441,8.0787
204,1.9936,6.7038,2.349,0.0247,18.0064,8.2886,8.5407
205,2.5855,3.1843,2.2949,0.0366,17.4145,7.4233,9.3868
206,16.4073,6.6161,2.3038,0.0411,23.5927,12.9262,8.6829
207,6.6827,5.5553,2.2989,0.0247,13.3173,11.8804,8.572
208,2.8245,4.2813,2.307,0.0205,17.1755,9.3094,9.5713
209,7.3164,3.2839,2.2989,0.0169,12.6836,7.4868,8.3588
210,7.0709,5.7825,2.2773,0.0205,12.9291,11.0769,8.7851
211,-2.5436,5.4237,2.2749,0.0192,22.5436,11.4566,8.8105
212,4.6327,3.6741,2.295,0.05007013477476258,15.3673,13.2949,8.5266
213,-0.6936,5.2008,2.3289,0.0196,20.6936,4.3299,8.5615
214,-0.9409,6.4924,2.3503,0.0122,20.9409,5.3625,10.095633903464792
215,-5.3264,5.4535,2.2732,0.0163,25.3264,9.0909,8.3675
216,2.8009,4.0832,2.3124,0.019883316682216455,17.1991,3.8016,8.5494
217,-10.6036,6.8752,2.3144,0.0176,30.6036,10.9506,8.5405
218,-5.9045,6.2047,2.2881,0.0272,25.9045,10.1149,9.2291
219,-4.7682,3.8697,2.2982,0.0238,24.7682,7.0079,8.941
220,12.8982,8.285,2.3954,0.0341,27.1018,27.963788399291673,9.2007
221,5.65,9.0309,2.2909,0.0165,14.35,10.038,8.5135
222,0.6055,4.2645,2.2982,0.0264,19.3945,5.6135,9.4749
223,1.0291,6.679,2.3259,0.0208,18.9709,11.0173,8.7867
224,-2.5345,2.7794,2.2631,0.0228,22.5345,8.6499,8.8581
225,27.3,8.8334,2.3834,0.0116,12.7,12.7975,9.3998
226,1.7018,4.1438,2.3138,0.0211,18.2982,8.3608,8.6472
227,-3.01,2.7758,2.4172,0.0243,23.01,10.3768,9.0639
228,5.03,12.159886140272093,2.3248,0.013,34.6363856549799,5.2018,10.095633903464792
229,0.2336,4.2573,2.2939,0.0172,19.7664,3.5769,8.6556
230,-1.79,2.2725,2.2631,0.0151,21.79,5.6567,8.4278
231,-0.1882,4.4714,2.2604,0.0273,20.1882,12.6799,9.065
232,-3.9509,4.1335,2.4023,0.0236,23.9509,10.6927,8.5735
233,-8.4836,6.9918,2.2881,0.0175,28.4836,9.4368,8.5177
234,3.88,4.6953,2.3132,0.0381,16.12,11.0064,8.8505
235,0.6782,4.7511,2.3179,0.0184,19.3218,9.4233,8.8249
236,5.7945,6.0735,2.418,0.0242,14.2055,4.6779,8.9562
237,1.5645,6.6138,2.2868,0.018934088985675383,18.4355,6.5303,8.7164
238,6.8491,4.3849,2.3984,0.0272,13.1509,1.6555,9.0061
239,4.9336,5.8227,2.2729,0.0284,15.0664,10.7754,9.0744
240,-3.8655,6.381,2.2647,0.0203,23.8655,10.1236,8.6611
241,21.7573,5.7213,2.3997,0.011,18.2427,9.3946,9.094
242,1.7318,3.7079,2.2445,0.028,18.2682,15.1889,8.6544
243,-5.52,3.7167,2.2527,0.033,25.52,13.5463,8.58
244,-0.6327,3.0271,2.2445,0.0197,20.6327,8.4502,8.8581
245,5.1773,4.8457,2.4073,0.0247,14.8227,8.2024,8.2638
246,1.1527,5.4141,2.2697,0.0162,18.8473,11.148,8.6005
247,-2.5345,2.8331,2.4167,0.0163,22.5345,10.2916,8.5862
248,-3.9618,4.9627,2.2757,0.0132,23.9618,6.3862,8.2061
249,0.7,7.0696,2.2674,0.0257,19.3,4.9411,9.088
250,-1.8045,7.2043,2.2544,0.0205,21.8045,27.963788399291673,8.6024
251,27.65796254974382,3.1529,2.3038,0.0263,11.5991,14.4516,9.5642
252,-3.1927,3.0517,2.3079,0.0156,23.1927,12.8856,8.4537
253,27.65796254974382,5.9742,2.3592,0.0175,12.2636,11.012,10.095633903464792
254,-0.7036,4.8678,2.2728,0.0251,20.7036,4.0297,8.3324
255,-4.2327,7.7983,2.2474,0.0184,24.2327,8.0406,8.8546
256,6.7391,6.9887,2.4153,0.0392,33.2609,7.8312,10.095633903464792
257,3.2173,5.4916,2.292,0.0192,16.7827,6.1938,8.7597
258,3.9382,4.8265,2.3796,0.0308,16.0618,8.1946,8.4092
259,1.1618,10.5293,2.2831,0.0276,18.8382,7.0886,8.5596
260,-3.45,5.9053,2.3058,0.018,23.45,8.7262,8.886
261,1.1273,2.8784,2.3038,0.0315,18.8727,9.6115,9.2171
262,0.7955,2.4776,2.1995,0.0224,19.2045,12.973,8.8909
263,3.5264,6.2851,2.3308,0.022,16.4736,13.751,8.7662
264,-3.2718,4.0368,2.4012,0.0151,23.2718,11.8376,8.5571
265,-2.3891,5.9176,2.2445,0.0255,22.3891,10.2938,8.9221
266,-5.7373,6.2186,2.2959,0.0116,25.7373,11.3945,9.9095
267,-0.1545,4.4263,2.2247,0.0183,20.1545,13.9517,9.4749
268,1.1782,6.4326,2.3044,0.0228,18.8218,11.6311,8.7418
269,-0.2282,11.8879,2.3453,0.028,20.2282,8.8934,8.5788
270,0.3418,4.5494,2.3323,0.0143,19.6582,6.5945,9.4257
271,9.5927,4.0186,2.3149,0.034,10.4073,9.1085,8.9416
272,-1.1455,4.1182,2.2337,0.0216,21.1455,9.1068,9.3181
273,0.5609,2.8961,2.2868,0.02,19.4391,7.3815,9.0121
274,4.5355,4.1739,2.3932,0.0145,15.4645,4.7138,8.0787
275,-1.99,5.941,2.2757,0.0157,21.99,7.3959,8.1409
276,-0.9918,3.4182,2.3341,0.0269,20.9918,10.2278,8.8384
277,-2.5682,3.2156,2.4349,0.0171,22.5682,9.8216,8.6799
278,2.9691,3.4776,2.2886,0.030031911558185055,17.0309,9.0043,8.7552
279,-0.0164,4.2753,2.2474,0.0192,20.0164,5.074,8.8548
280,2.9864,3.95,2.2674,0.0327,17.0136,4.9943,8.9036
281,0.0855,7.3841,2.3323,0.0222,19.9145,12.0598,9.2016
282,0.5764,4.1425,2.2646,0.0245,19.4236,11.4223,8.3273
283,3.3364,4.5331,2.3625,0.0187,16.6636,8.6737,8.4896
284,-4.9191,5.6678,2.2757,0.0204,24.9191,8.4929,8.3845
285,1.7082,4.001,2.2647,0.0182,18.2918,6.7146,8.9833
286,-9.1,6.1557,2.4241,0.0176,29.1,6.8322,8.9857
287,12.4309,10.2688,2.3348,0.0147,27.5691,11.6408,9.2658
288,15.81,5.8984,2.3573,0.0368,24.19,12.9662,8.6527
289,-4.15,3.8611,2.416,0.0188,24.15,12.0743,8.7199
290,1.4055,7.1475,2.2671,0.0168,18.5945,13.4302,8.7597
291,4.8018,6.4164,2.3025,0.0262,15.1982,9.8228,8.5952
292,5.9155,5.5662,2.3984,0.0317,14.0845,11.8631,8.2832
293,-2.3364,3.2527,2.2671,0.0284,22.3364,6.6022,8.8355
294,-2.1155,4.6677,2.2785,0.024,22.1155,10.9516,7.6032
295,2.28,7.5564,2.2771,0.0161,17.72,10.4826,9.2047
296,1.9336,3.6107,2.3932,0.0217,18.0664,11.4422,8.2776
297,5.6155,2.9642,2.2797,0.0208,14.3845,6.9778,8.4891
298,-10.8745,3.8138,2.3997,0.0155,30.8745,5.2933,8.8945
299,13.3709,11.778,2.2773,0.0116,6.6291,13.3333,8.8043
300,13.3745,5.0984,2.3132,0.05007013477476258,26.6255,14.1398,9.1757
301,0.1536,7.5974,2.416,0.0259,19.8464,10.556,9.4336
302,4.1591,2.9657,2.2717,0.017,15.8409,13.5528,8.7402
303,-5.0245,8.7115,2.3695,0.0309,25.0245,11.4742,9.5689
304,7.0591,5.8522,2.2588,0.0141,12.9409,14.464,8.5251
305,2.1045,10.5022,2.2967,0.0308,17.8955,13.4359,9.6938
306,2.5491,5.6037,2.349,0.0269,17.4509,9.3205,8.3006
307,0.5982,3.1249,2.2939,0.0242,19.4018,9.7144,9.2064
308,-0.1773,6.41,2.4214,0.0131,20.1773,7.863,8.5889
309,3.28,3.5925,2.3314,0.0224,34.6363856549799,8.5837,8.6324
310,16.0155,8.5333,2.3052,0.0263,23.9845,13.6329,9.4043
311,3.3691,5.0427,2.2729,0.0278,16.6309,11.2843,9.1637
312,22.6227,4.5258,2.3216,0.0156,17.3773,6.2859,8.6789
313,1.3791,9.2809,2.3257,0.05007013477476258,18.6209,12.6761,8.5334
314,-3.1818,6.16,2.2604,0.0239,23.1818,13.2001,8.3267
315,-4.6173,5.0841,2.2453,0.0208,24.6173,4.293,8.886
316,-0.8964,4.4311,2.2965,0.02,20.8964,19.1088,8.7283
317,27.65796254974382,12.159886140272093,2.3296,0.016,16.63,11.4227,8.8505
318,-1.4609,7.3778,2.2711,0.0156,21.4609,13.9827,8.3267
319,4.9745,3.4412,2.4067,0.0344,34.6363856549799,12.0969,9.0998
320,5.9073,5.5799,2.3073,0.0316,14.0927,9.613,9.3335
321,0.9027,3.8619,2.3187,0.0208,19.0973,2.2341,8.6384
322,0.9591,3.1241,2.2868,0.0247,19.0409,12.8627,8.7015
323,-3.2509,7.3364,2.3505,0.0272,23.2509,9.3259,8.6309
324,3.2591,12.159886140272093,2.3073,0.0264,16.7409,12.7453,8.5232
325,-0.8727,4.3145,2.2553,0.0195,20.8727,6.8925,8.6149
326,4.4091,6.7011,2.3796,0.0149,15.5909,10.5318,8.531
327,-4.6591,5.8666,2.4439,0.0205,24.6591,14.5314,8.8889
328,2.0127,4.571,2.3162,0.0227,17.9873,7.955,8.7994
329,1.0218,3.4914,2.2697,0.0168,18.9782,14.1988,8.5987
330,4.0427,5.4374,2.3063,0.0179,15.9573,11.4698,8.9635
331,21.39,3.0761,2.3237,0.0259,18.61,27.963788399291673,8.7487
332,4.4564,11.5187,2.3073,0.0289,15.5436,5.9293,8.5232
333,1.8582,6.818,2.2337,0.0221,18.1418,10.4708,8.5735
334,4.3109,4.5025,2.3583,0.0266,15.6891,9.9123,8.8741
335,0.2536,5.7431,2.3063,0.0257,19.7464,5.1272,9.754
336,0.6573,7.1117,2.1996,0.0242,19.3427,10.3715,8.5298
337,-1.5091,6.8431,2.3301,0.0277,21.5091,7.4951,8.3823
338,-5.7473,2.6227,2.3797,0.0242,25.7473,7.3024,9.0942
339,7.7745,3.4881,2.31,0.0231,32.2255,10.7527,9.2655
340,1.4373,9.2986,2.3257,0.0232,18.5627,11.3179,8.7812
341,20.7118,4.7381,2.2928,0.0315,19.2882,9.0979,9.4832
342,2.4218,5.6564,2.3331,0.0232,17.5782,13.4925,8.5862
343,-3.2373,4.4719,2.3021,0.0305,23.2373,5.8488,8.1605
344,10.7709,8.6732,2.3149,0.05007013477476258,29.2291,13.7896,8.5405
345,2.2118,3.3887,2.2588,0.0131,17.7882,7.4956,8.5251
346,-9.7682,6.4163,2.2949,0.0154,29.7682,8.5156,9.7137
347,2.1473,2.5138,2.3978,0.0287,17.8527,11.9006,9.2328
348,-3.1455,8.0986,2.3257,0.0246,23.1455,10.6256,8.5779
349,-4.25,5.0001,2.3021,0.021,24.25,14.6037,8.2061
350,1.0636,7.3977,2.3695,0.0144,18.9364,12.278,8.5987
351,-1.8027649733317261,5.65926654368,2.4241,0.0213,22.208476800487382,11.2687,8.0787
352,27.65796254974382,12.159886140272093,2.3296,0.013,34.17,8.0047,8.7994
353,8.6673,3.5482,2.3403,0.0195,11.3327,27.963788399291673,8.6942
354,-1.4327,3.8467,2.2563,0.0125,21.4327,3.7433,8.7646
355,-5.8564,4.6662,2.2527,0.0153,25.8564,7.1496,8.6611
356,-1.1173,5.1698,2.3604,0.0259,21.1173,12.9708,8.8384
357,-4.8145,5.678,2.3323,0.0238,24.8145,6.2955,8.7932
358,-1.1945,6.4728,2.2553,0.021,21.1945,5.8892,8.7932
359,5.4718,6.0985,2.3275,0.031,14.5282,19.0222,8.2395
360,6.5191,6.4151,2.31,0.021,13.4809,11.4578,8.828
361,3.1764,4.0713,2.4151,0.0183,16.8236,7.3634,8.1166
362,14.75,9.9885,2.3101,0.0298,25.25,13.8141,8.531
363,2.1918,4.8167,2.3124,0.021,17.8082,15.1666,8.2395
364,5.0809,8.4171,2.3099,0.0499,34.6363856549799,11.1349,9.7484
365,6.9918,5.2587,2.3756,0.0441,33.0082,8.0308,10.0686
366,-3.9318,3.8097,2.3503,0.0134,23.9318,7.9018,8.5135
367,1.28,8.226,2.2671,0.0188,18.72,7.8356,8.7782
368,-17.3591,6.8912,2.3026,0.0325,34.6363856549799,27.963788399291673,8.8249
369,6.3364,4.6662,2.3132,0.05007013477476258,13.6636,9.2833,8.8513
370,4.5645,8.1722,2.3672,0.05007013477476258,15.4355,6.3286,8.5232
371,0.1364,4.6148,2.2717,0.0208,19.8636,12.7731,8.8356
372,-0.5955,2.1151,2.2954,0.0137,20.5955,6.6332,8.6799
373,0.3391,8.6037,2.3207,0.0231,19.6609,8.6303,8.5889
374,-2.2636,3.5046,2.2569,0.0198,22.2636,4.5339,8.7373
375,3.8936,4.8816,2.3099,0.0493,16.1064,10.3166,8.8505
376,-0.0073,6.7336,2.4201,0.0208,20.0073,22.054,8.322
377,0.4836,6.411,2.4067,0.0413,34.6363856549799,9.4136,8.6324
378,-2.3264,3.253,2.2858,0.0238,22.3264,11.3837,8.2061
379,1.4745,5.6832,2.2909,0.0401,18.5255,2.5181,8.5288
380,1.2327,4.0468,2.3036,0.0256,18.7673,11.8348,8.3588
381,-4.9018,4.0905,2.2756,0.019,24.9018,6.4478,8.7401
382,-2.6655,5.533,2.3378,0.0144,22.6655,9.4615,8.6706
383,2.0664,7.1405,2.3144,0.033,17.9336,15.0619,8.8505
384,0.7655,5.7586,2.2771,0.0162,19.2345,10.4313,8.5334
385,-7.4155,4.3502,2.2948,0.0177,27.4155,8.7074,9.4043
386,-0.45,5.1544,2.2472,0.0223,20.45,16.1892,8.7779
387,-0.2482,5.6555,2.4073,0.0164,20.2482,17.5632,8.7073
388,17.1745,9.4912,2.4,0.0394,22.8255,14.4529,8.5788
389,3.8882,3.9965,2.212,0.0446,16.1118,9.42,8.7037
390,4.3982,3.2659,2.4012,0.0203,15.6018,11.9586,8.7373
391,22.6936,9.1891,2.3865,0.05007013477476258,17.3064,12.3513,8.531
392,24.26,3.8906,2.3805,0.015,15.74,9.1157,8.5218
393,-4.2364,3.5871,2.3883,0.0249,24.2364,3.8873,8.7401
394,-3.4445,4.7695,2.2564,0.0255,23.4445,8.8065,8.287
395,3.1373,5.3052,2.2717,0.0266,16.8627,18.4014,8.3808
396,5.9345,3.6369,2.2555,0.028166669953386785,14.0655,6.5649,8.4509
397,0.9091,3.4436,2.3244,0.025,19.0909,10.1977,8.4092
398,2.4845,4.0141,2.2588,0.013,17.5155,10.7268,8.8548
399,17.6382,5.096,2.3262,0.0428,22.3618,27.963788399291673,9.2007
400,-1.3327,8.9143,2.3058,0.0218,21.3327,7.4074,8.5615
401,1.1682,4.7835,2.3044,0.0234,18.8318,11.5987,8.5135
402,-1.3727,5.2717,2.3708,0.0186,21.3727,11.1895,8.4896
403,8.1445,8.3032,2.3087,0.0179,11.8555,11.2093,8.6439
404,4.9991,6.7235,2.3078,0.0257,15.0009,10.1325,9.0622
405,22.1027,6.5836,2.3099,0.0379,17.8973,13.7432,9.4832
406,25.2736,8.1065,2.3808,0.03,14.7264,11.8192,9.1757
407,-2.5418,3.965,2.3025,0.0262,22.5418,11.2084,8.8054
408,3.6255,12.159886140272093,2.2959,0.0265,16.3745,16.2204,8.8973
409,-2.9209,1.9674,2.2725,0.0207,22.9209,12.7438,8.287
410,-3.5727,6.4423,2.212,0.0206,23.5727,19.3819,9.0447
411,9.05,6.364,2.3348,0.0193,30.95,10.5424,8.7495
412,6.3436,3.7264,2.2948,0.05007013477476258,13.6564,4.3759,8.5266
413,27.65796254974382,3.5796,2.3592,0.0455,11.8809,9.7611,9.3851
414,2.8745,9.7565,2.2909,0.0257,17.1255,6.3396,9.7324
415,0.9736,5.374,2.4723,0.013,19.0264,6.6798,10.095633903464792
416,-3.1827,4.2716,2.3021,0.0121,23.1827,17.109,8.2963
417,5.8091,4.3589,2.3167,0.0378,34.1909,9.52742687203826,8.7879
418,5.6155,4.7003,2.2802,0.0204,14.3845,6.1634,8.3588
419,-3.54,4.8902,2.2737,0.027,23.54,6.7214,8.627
420,3.99,4.0074,2.2622,0.0111,16.01,1.3503,8.5251
421,0.77,3.9462,2.2927,0.0182,19.23,11.6402,8.8097
422,2.0673,6.3906,2.2563,0.0156,17.9327,2.2625,9.0639
423,-2.4373,3.6829,2.416,0.0154,22.4373,15.6512,8.9979
424,3.1527,5.1688,2.2216,0.0139,16.8473,6.2488,8.897
425,-1.9891,5.3999,2.4201,0.0248,21.9891,11.3453,8.4896
426,0.9518,5.8937,2.3406,0.0203,19.0482,13.8346,10.095633903464792
427,-4.9336,5.0456,2.2799,0.0242,24.9336,6.4642,8.7441
428,1.7073,5.6009,2.3275,0.0258,18.2927,10.1886,8.7073
429,22.4345,6.0666,2.3221,0.0431,17.5655,8.2854,8.7599
430,-3.4991,4.3926,2.2805,0.017,23.4991,9.0787,8.9833
431,-0.4682,4.8846,2.3867,0.0184,20.4682,12.2441,8.8105
432,-5.7091,5.605,2.1996,0.05007013477476258,25.7091,8.3879,8.8105
433,8.3045,4.665,2.3248,0.0189,31.6955,27.963788399291673,9.1585
434,-6.0455,3.5785,2.3914,0.0167,26.0455,7.8802,8.598
435,-0.2627,2.7083,2.4201,0.0162,20.2627,7.6522,8.8424
436,-3.7536,4.8003,2.3936,0.0208,23.7536,10.3733,8.7932
437,-1.1836,4.1362,2.2757,0.0184,21.1836,13.17,8.5571
438,-10.1291,7.7442,2.3505,0.0324,30.1291,27.963788399291673,8.8249
439,-1.2955,7.9285,2.2674,0.0322,21.2955,13.5319,8.8215
440,-12.1373,3.406,2.4067,0.0229,32.1373,6.9047,9.043
441,-8.6082,5.2385,2.3167,0.0269,28.6082,8.2453,9.2171
442,-0.8045,4.1344,2.3323,0.0297,20.8045,13.8213,8.5855
443,-1.5945,7.0549,2.2474,0.0205,21.5945,8.4008,8.9833
444,-1.7382,8.3401,2.2915,0.0215,21.7382,12.4472,9.1526
445,3.0682,4.9841,2.2868,0.0272,16.9318,14.4074,8.9605
446,-1.5894075011668924,5.601255025662468,2.2689,0.0172,22.146547297048823,5.6701,8.7199
447,-2.6636,3.9721,2.3416,0.0128,22.6636,8.017,8.6074
448,24.3509,5.3992,2.3313,0.021,15.6491,12.5935,9.094
449,22.4673,2.5653,2.2564,0.0338,21.38,23.9056,8.2395
450,-2.4636,3.3684,2.3416,0.0161,22.4636,4.571,9.1502
451,-3.1427,4.191,2.3308,0.0147,23.1427,8.2043,9.004
452,0.9409,4.8856,2.3306,0.0234,19.0591,1.596,9.754
453,-0.1891,2.3933,2.1911,0.0229,20.1891,18.8715,8.2914
454,-1.1764,2.9801,2.2569,0.0214,21.1764,10.4535,9.1287
455,4.0555,4.3634,2.3391,0.0416,15.9445,9.7688,8.7696
456,-7.9627,3.7271,2.3026,0.0135,27.9627,9.2726,8.8945
457,-1.9382,4.8264,2.2671,0.0252,21.9382,6.0298,9.3181
458,-2.1309,6.4533,2.2668,0.0177,22.1309,13.1084,8.6149
459,16.6491,12.159886140272093,2.3391,0.0185,17.239,5.3219,8.8132
460,1.3664,6.4272,2.2689,0.0231,18.6336,13.263,8.659
461,1.1136,5.5958,2.3331,0.0263,18.8864,15.7824,8.2395
462,2.3091,5.1075,2.3021,0.0276,17.6909,7.8905,8.1605
463,9.6564,8.3146,2.3911,0.0311,30.3436,11.2062,9.219
464,0.5536,3.1414,2.2216,0.0223,19.4464,7.7892,9.1141
465,-4.6582,4.7022,2.2674,0.0205,24.6582,9.4926,8.7326
466,-0.3455,12.159886140272093,2.2728,0.0317,20.3455,14.3755,8.7283
467,11.6964,7.26,2.3038,0.0321,28.3036,8.0449,8.6527
468,-1.7818,4.0694,2.2797,0.0302,21.7818,11.5629,8.2061
469,0.1664,8.6404,2.2967,0.0352,19.8336,12.6539,9.2047
470,-3.9927,2.5272,2.2809,0.0257,23.9927,6.0807,8.2061
471,-0.28,8.9449,2.2732,0.0231,20.28,9.0411,8.9607
472,-2.1173,6.2891,2.4214,0.021,22.1173,23.5524,8.8519
473,-3.8691,5.1033,2.2809,0.0313,23.8691,5.9647,8.9607
474,4.9382,4.6676,2.2826,0.0216,15.0618,12.8258,8.7037
475,-0.9618,9.4501,2.3257,0.0199,20.9618,10.7836,8.5891
476,-6.8555,6.4508,2.3978,0.0159,26.8555,7.3021,9.2328
477,0.7736,7.4113,2.2717,0.0213,19.2264,7.9924,8.322
478,23.7864,4.8968,2.3596,0.0447,16.2136,12.9198,9.1638
479,-2.0291,7.4351,2.4044,0.0248,22.0291,11.6306,8.3273
480,-2.6673,12.159886140272093,2.3414,0.0237,22.6673,9.8188,8.7812
481,0.79,4.9118,2.2588,0.0168,19.21,5.7982,9.1287
482,13.9782,6.0235,2.3397,0.0466,26.0218,27.963788399291673,8.7588
483,-5.4691,4.6156,2.4023,0.05007013477476258,25.4691,7.8852,8.9132
484,-5.2427,8.0432,2.2674,0.0167,25.2427,6.0083,8.8097
485,-1.2336,4.646,2.3312,0.0256,21.2336,11.3772,8.5855
486,-7.1564,7.9407,2.3735,0.018,27.1564,10.3173,8.8505
487,23.4736,2.6882,2.3326,0.0309,16.5264,11.7009,10.095633903464792
488,0.6327,5.3109,2.2737,0.0207,19.3673,12.0992,8.324
489,16.4582,4.9435,2.4035,0.0439,23.5418,7.0868,9.2405
490,-7.8145,7.7685,2.2757,0.0255,27.8145,5.9368,9.1637
491,-0.0945,4.0299,2.2954,0.0179,20.0945,6.8323,8.8546
492,-5.1655,3.6904,2.3375,0.0252,25.1655,8.4759,8.8384
493,22.8809,5.2902,2.3417,0.0418,17.1191,5.7621,8.7599
494,2.0064,5.3257,2.3672,0.0127,17.9936,10.7088,9.396
495,1.5755,8.0824,2.3297,0.0258,18.4245,6.7148,9.0121
496,-3.1818,2.9339,2.4196,0.0228,23.1818,7.5428,8.6611
497,1.5445,7.4055,2.2793,0.0322,18.4555,9.4344,8.7219
498,-0.2227,4.4168,2.2646,0.0262,20.2227,13.7931,8.7932
499,-2.0209,2.5282,2.2563,0.0182,22.0209,11.8736,8.4537
500,25.4427,6.2376,2.3313,0.0227,14.5573,11.7403,9.094
501,-3.1964,4.4213,2.2809,0.0291,23.1964,5.7982,8.627
502,-1.1236,3.8851,2.3058,0.0182,21.1236,11.9526,9.0355
503,-1.2209,5.873,2.3259,0.0232,21.2209,9.815,8.7897
504,27.65796254974382,6.8027,2.3712,0.0385,10.9736,10.9363,9.094
505,-0.66,6.6432,2.3495,0.019,20.66,11.9089,8.9635
506,3.4391,12.159886140272093,2.3793,0.0234,16.5609,10.6055,8.8889
507,1.04,3.251,2.2826,0.0179,18.96,9.2876,8.8355
508,-6.5027,3.3019,2.2729,0.0176,26.5027,11.1474,8.7286
509,3.9982,4.4321,2.4201,0.0218,16.0018,15.0348,8.6472
510,-0.2436,6.4864,2.2864,0.0247,20.2436,6.8477,8.8078
511,6.3491,3.6306,2.4237,0.0206,13.6509,9.4045,8.8424
512,0.7636,4.7589,2.4025,0.0217,19.2364,4.5995,9.0425
513,6.1727,10.9203,2.349,0.0197,13.8273,8.6989,8.3542
514,0.4527,7.173,2.3938,0.0209,19.5473,10.1002,8.7932
515,18.6045,12.159886140272093,2.3971,0.0173,21.3955,4.5224,8.6013
516,-1.6109,5.824,2.292,0.0178,21.6109,9.0197,8.4537
517,1.49,4.0638,2.3063,0.0208,18.51,13.3836,8.5779
518,1.7618,5.5131,2.3625,0.0137,18.2382,8.7768,8.3436
519,0.4264,3.7573,2.2474,0.0196,19.5736,9.5906,8.7187
520,2.9409,3.9316,2.3162,0.0278,17.0591,12.6381,9.7836
521,16.5255,3.6188,2.3583,0.0397,23.4745,11.2608,9.2405
522,1.8182,5.0858,2.3128,0.0216,18.1818,10.2504,8.5266
523,-1.1927,4.5513,2.2689,0.0224,21.1927,8.1097,8.5459
524,2.8691,9.6984,2.2732,0.0239,17.1309,13.1313,8.6695
525,1.77,3.7064,2.3144,0.0316,18.23,3.8156,8.7219
526,3.36,7.0302,2.3495,0.0225,16.64,13.1636,8.7568
527,2.6491,9.8527,2.2965,0.0228,17.3509,11.3689,8.9546
528,25.43,9.9046,2.4,0.0129,14.57,10.4108,8.8287
529,-3.4618,2.3936,2.2732,0.024,23.4618,17.2094,8.3808
530,-2.3591,5.7786,2.2671,0.0191,22.3591,16.0405,8.8424
531,-8.1182,4.1477,2.3243,0.0113,28.1182,9.8078,9.1283
532,0.6855,4.4256,2.1995,0.0309,19.3145,11.476,8.6556
533,3.6809,3.5974,2.3124,0.023512173076075345,16.3191,16.5373,8.6382
534,0.5082,4.7158,2.3406,0.0168,19.4918,13.8093,8.5615
535,6.1882,7.0742,2.3124,0.0194,13.8118,6.8576,8.3273
536,-0.1745,5.68,2.3044,0.0184,20.1745,8.6375,8.8043
537,1.9273,6.2851,2.3042,0.0185,18.0727,11.5593,8.2832
538,5.5964,4.8447,2.2831,0.0196,16.067,13.7247,8.272
539,4.9209,5.3264,2.3301,0.0347,15.0791,27.963788399291673,9.152
540,-0.8436,6.6223,2.4196,0.0192,20.8436,12.6027,8.598
541,5.3191,4.8468,2.3195,0.0221,14.6809,10.3341,8.3591
542,7.8264,10.4973,2.2689,0.0295,12.1736,4.2846,8.6527
543,4.4445,2.9431,2.2802,0.0202,15.5555,13.7285,8.2981
544,13.6809,4.676,2.3865,0.0234,26.3191,4.7854,8.6211
545,-3.8791,5.1665,2.4241,0.0206,23.8791,13.1563,8.9857
546,1.1845,7.7836,2.3991,0.0167,18.8155,5.7537,9.22
547,13.1482,4.6964,2.2931,0.0463,26.8518,12.5025,8.8033
548,0.2309,5.9349,2.3403,0.0288,19.7691,10.1334,9.1502
549,3.2491,6.1087,2.2937,0.0254,16.7509,9.6348,8.9546
550,26.9709,12.159886140272093,2.2982,0.0266,16.775,19.8378,8.451
551,1.5927,5.0804,2.3991,0.022,18.4073,13.1348,8.7867
552,-3.6145,3.0022,2.4253,0.0165,23.6145,14.5991,8.5298
553,-1.7909,8.2849,2.2678,0.0177,21.7909,8.4427,8.2345
554,-13.3573,2.8962,2.3408,0.0129,33.3573,10.9375,8.6309
555,5.78,7.2905,2.3194,0.034,14.22,10.2564,8.6406
556,2.2336,3.9954,2.3817,0.0216,17.7664,7.4174,8.2981
557,1.4791,3.9117,2.2779,0.0355,18.5209,7.7812,9.1526
558,1.2264,11.173,2.3177,0.0273,18.7736,7.7103,9.7324
559,-1.2491,3.8315,2.2927,0.0173,21.2491,14.0258,8.4537
560,1.1627,7.231,2.4073,0.0155,18.8373,10.9792,8.2638
561,19.1027,6.9064,2.3865,0.05007013477476258,20.8973,7.1457,9.7484
562,-1.02,3.5486,2.3138,0.0193,21.02,11.592,8.8356
563,3.4845,3.5149,2.2949,0.0286,16.5155,11.4286,9.0402
564,0.8073,5.8042,2.2932,0.0142,19.1927,8.6336,9.7997
565,10.08,9.4293,2.3403,0.041,29.92,7.9559,9.0998
566,3.6664,3.6807,2.319,0.0153,16.3336,3.7149,8.6384
567,-0.2845,6.1134,2.3162,0.0255,20.2845,15.0278,9.2047
568,-2.4609,4.2918,2.3289,0.0206,22.4609,7.141,8.6895
569,-1.7136,4.3599,2.4284,0.0228,21.7136,11.6647,8.5407
570,-3.3864,5.3197,2.3416,0.0311,23.3864,2.812,9.1283
571,21.1082,5.7399,2.3796,0.05007013477476258,18.8918,13.23,8.6211
572,4.5027,5.7879,2.3177,0.028,15.4973,5.6178,8.6013
573,19.3136,7.128,2.3006,0.05007013477476258,20.6864,8.9095,10.095633903464792
574,2.6173,5.9411,2.3704,0.0214,17.3827,8.5206,8.8513
575,5.0473,4.3207,2.2948,0.0472,14.9527,5.0468,9.1855
576,-1.1727,4.338,2.3867,0.0217,21.1727,11.0557,8.7646
577,0.5373,3.417,2.3715,0.0206,19.4627,6.6358,8.536
578,17.7327,9.9305,2.3167,0.0385,22.2673,11.341,8.6324
579,4.3818,6.9538,2.3414,0.0291,15.6182,9.3144,8.7568
580,-0.2491,3.1226,2.2797,0.0256,20.2491,7.4788,9.0744
581,2.9536,4.0489,2.3725,0.0237,17.0464,5.2358,8.3754
582,-3.9436,6.9,2.2689,0.0235,23.9436,12.0078,8.7897
583,5.1136,7.7186,2.2647,0.0183,14.8864,11.0694,8.7015
584,5.4709,5.2009,2.3938,0.0133,14.5291,4.3402,8.8889
585,-2.3618,4.0841,2.2809,0.0183,22.3618,8.0527,8.627
586,4.9073,5.4231,2.3063,0.0162,15.0927,12.7401,8.5334
587,3.5336,8.9725,2.3132,0.0429,16.4664,6.4309,8.9416
588,0.8236,6.2963,2.4044,0.0159,19.1764,12.8686,8.5889
589,0.8536,5.7716,2.3805,0.0301,19.1464,3.6151,9.6938
590,3.3064,5.1124,2.2732,0.0217,16.6936,9.5701,9.2064
591,4.8364,9.3323,2.3378,0.0148,15.1636,7.463,8.6706
592,2.0373,5.3147,2.3167,0.0373,17.9627,10.506,8.6527
593,-0.0445,5.4095,2.3308,0.0204,20.0445,11.2164,8.6691
594,8.9418,4.1464,2.3695,0.0121,31.0582,9.1123,9.6272
595,4.3955,3.3263,2.3867,0.0222,17.271,10.3129,9.0942
596,-1.1609,5.8827,2.3038,0.0291,21.1609,9.0062,8.9416
597,23.0364,5.1101,2.3524,0.0369,16.9636,13.9192,10.095633903464792
598,-0.7418,6.7855,2.2982,0.0415,20.7418,12.6972,8.7164
599,-2.1182,6.421,2.3207,0.0267,22.1182,15.0725,8.5801
600,-1.0445,4.6415,2.2939,0.0151,21.0445,4.4343,8.9036
601,25.8364,6.9102,2.3524,0.0188,14.1636,8.9009,9.2658
602,1.4727,5.654,2.2805,0.016,18.5273,6.6991,9.0606
603,-1.1527,5.3217,2.3654,0.0228,21.1527,14.1778,8.5615
604,-5.2327,5.8077,2.2757,0.0283,25.2327,8.4291,8.7401
605,0.5773,5.9787,2.2869,0.0346,19.4227,3.65,8.4768
606,-0.1209,10.4836,2.3044,0.0231,20.1209,5.9299,8.5987
607,5.5191,9.4815,2.2797,0.0257,14.4809,6.7595,8.4891
608,3.9309,4.7656,2.3654,0.0262,16.0691,9.555,8.5135
609,1.9491,9.2499,2.3991,0.0146,18.0509,8.7767,8.7932
610,23.1373,9.4939,2.3179,0.0253,16.8627,27.963788399291673,9.2007
611,-1.8809,2.3399,2.2392,0.0233,21.8809,6.3591,9.0744
612,22.7418,5.1423,2.3403,0.0351,17.2582,8.2157,9.1638
613,-2.2191,3.8687,2.2527,0.0331,22.2191,7.2009,8.6544
614,1.3718,4.313,2.298,0.0152,34.6363856549799,8.5394,9.2655
615,3.64,4.9673,2.2474,0.0281,16.36,14.6435,9.2064
616,-7.87,6.0516,2.2949,0.0169,27.87,10.3866,8.7556
617,1.0691,4.55,2.1919,0.0165,18.9309,12.6027,8.9833
618,-3.1909,5.9387,2.2555,0.02331276578188623,23.1909,5.4525,8.7786
619,8.9864,4.7606,2.2771,0.0169,11.0136,15.0731,8.5232
620,15.0182,4.8764,2.3583,0.0147,24.9818,11.8367,9.2658
621,20.4209,8.0698,2.3243,0.0449,19.5791,27.963788399291673,9.2007
622,0.2745,2.8753,2.2588,0.026,19.7255,5.3067,8.6611
623,0.9909,4.2708,2.2647,0.0201,19.0091,9.5072,8.3663
624,7.9755,4.2849,2.2728,0.015,12.0245,8.2256,8.7994
625,27.65796254974382,8.8454,2.3715,0.0167,12.1627,27.963788399291673,8.659
626,-0.9,4.7778,2.2596,0.0183,20.9,13.6251,9.1287
627,18.2809,4.5369,2.3221,0.0125,21.7191,11.4637,8.6324
628,15.8609,2.7354,2.3613,0.019,24.1391,3.1502,8.7599
629,-0.63,2.9179,2.212,0.0265,20.63,3.1195,8.8355
630,0.4982,7.2128,2.3283,0.018,19.5018,11.3805,8.1161
631,2.4173,7.1468,2.3695,0.0142,17.5827,3.27,8.5987
632,1.4982,6.528,2.3308,0.0247,18.5018,9.3023,9.0425
633,-2.5955,7.4952,2.2756,0.0256,22.5955,10.4507,8.897
634,0.4445,5.0272,2.3301,0.029,19.5555,10.972,8.7512
635,26.6582,4.8666,2.3592,0.0429,13.3418,14.271,8.7947
636,-0.17,5.2194,2.3341,0.0158,20.17,9.0318,8.77
637,2.1136,4.1174,2.4012,0.0214,17.8864,10.9105,8.7373
638,-1.7336,3.454,2.2434,0.0194,21.7336,19.2185,9.1526
639,2.23,2.0773,2.2445,0.0192,17.77,8.1584,8.7548
640,-0.4109,4.7785,2.2563,0.0393,20.4109,13.8012,8.7383
641,-6.2473,7.5956,2.2539,0.0251,26.2473,13.5435,8.3675
642,-0.0182,4.277,2.3106,0.0153,20.0182,4.0958,10.095633903464792
643,14.4382,9.8466,2.307,0.0222,25.5618,11.5636,8.5952
644,9.4864,4.1354,2.3162,0.0339,30.5136,13.5422,8.5687
645,-6.8627,7.2038,2.3573,0.0264,26.8627,6.6924,9.3335
646,0.5791,6.8827,2.3375,0.0251,19.4209,7.1156,8.3324
647,13.5518,5.5608,2.3984,0.0254,6.4482,18.1961,8.9562
648,-0.07,7.7911,2.2802,0.0299,20.07,11.8242,10.095633903464792
649,0.7591,4.3304,2.2928,0.025,19.2409,10.5929,8.828
650,17.9782,7.9506,2.3078,0.0183,22.0218,16.2076,8.5218
651,2.1982,6.1374,2.3499,0.0219,17.8018,5.133,8.7073
652,-1.31,8.1214,2.2474,0.0174,21.31,14.4984,8.1161
653,0.7482,6.6146,2.3331,0.022,19.2518,17.6191,8.2395
654,5.7309,8.1035,2.2377,0.0229,14.2691,16.8203,9.534
655,1.4845,6.1176,2.319,0.0275,18.5155,13.5466,9.193
656,27.65796254974382,3.7282,2.3592,0.0466,11.2936,7.2987,8.7947
657,4.92,7.7601,2.2965,0.019,15.08,13.8224,9.7324
658,4.7382,12.159886140272093,2.2858,0.0188,26.6443,12.4098,8.9541
659,-0.8173,4.5853,2.4172,0.0204,20.8173,7.2972,8.942
660,15.7936,3.4193,2.3583,0.0126,24.2064,4.7105,8.7495
661,-2.1,6.5737,2.4023,0.0324,22.1,10.7232,8.8546
662,4.4827,4.2433,2.3604,0.017,15.5173,11.0373,8.5855
663,-15.5318,3.3351,2.3171,0.0138,34.6363856549799,12.4031,8.8945
664,1.3555,4.8659,2.2892,0.0209,18.6445,7.6689,8.7782
665,22.2164,5.7072,2.3497,0.0167,17.7836,11.9132,9.2658
666,-4.9891,2.4393,2.2927,0.0205,24.9891,10.3886,8.8519
667,-0.3327,5.0396,2.3573,0.0173,20.3327,10.6721,8.8384
668,1.9255,6.0788,2.3402,0.0236,18.0745,8.466,9.0121
669,3.2182,5.0597,2.2948,0.0403,16.7818,8.4827,8.4092
670,27.65796254974382,11.8759,2.3437,0.0216,10.8691,12.1235,8.7289
671,7.03,6.4358,2.3883,0.0165,12.97,18.4897,8.6068
672,6.3691,3.5094,2.2773,0.0204,13.6309,12.2599,8.7897
673,-0.3518,4.7047,2.3323,0.0218,20.3518,14.8676,9.7836
674,-1.7155,4.2076,2.2527,0.0222,21.7155,9.9782,8.8519
675,18.1782,10.2601,2.3704,0.015,21.8218,8.3499,9.219
676,0.1082,8.686,2.2668,0.0225,19.8918,10.8611,9.2016
677,-0.5718,4.6034,2.3817,0.0227,20.5718,4.6283,9.0121
678,-0.7845,7.7185,2.3063,0.0325,20.7845,13.2491,8.5135
679,-2.1709,4.197,2.3883,0.016,22.1709,15.8431,8.6611
680,-3.2082,8.5892,2.3275,0.0231,23.2082,10.4555,8.3006
681,-1.3773,10.0272,2.2793,0.033,21.3773,6.4322,9.0425
682,-0.6727,6.8464,2.3708,0.0169,20.6727,6.2406,8.3436
683,5.4191,4.3832,2.3834,0.0304,14.5809,12.0587,8.6406
684,-5.1391,4.3478,2.2472,0.0142,25.1391,5.3001,9.2016
685,-4.9682,1.8685,2.2631,0.0232,24.9682,16.3329,8.5571
686,5.9945,3.4933,2.3704,0.02,14.0055,15.4759,8.8513
687,4.6891,6.0446,2.2216,0.0179,15.3109,7.2782,8.8355
688,-5.55,2.4673,2.1911,0.0226,25.55,17.3354,8.8215
689,-0.7391,5.1621,2.4196,0.0221,20.7391,8.2416,10.095633903464792
690,3.9291,4.1375,2.4012,0.0287,16.0709,9.3612,9.131
691,-1.4409,2.5745,2.2821,0.016,21.4409,14.099,8.942
692,0.7582,7.0841,2.3834,0.0273,19.2418,18.0558,9.219
693,12.5391,9.0303,2.3415,0.0395,27.4609,7.318,10.095633903464792
694,1.7791,8.0368,2.3056,0.0298,18.2209,8.398,8.9607
695,-0.2255,4.012,2.2453,0.0205,20.2255,6.1157,8.941
696,-1.4627,6.6101,2.2732,0.0252,21.4627,26.5403,9.7571
697,1.14,5.524,2.3672,0.0165,18.86,7.1599,8.6439
698,-4.3518,5.9175,2.2604,0.0236,24.3518,9.0452,8.947
699,-2.1264,4.5812,2.3021,0.0128,22.1264,27.963788399291673,8.6024
700,-2.1518,4.4519,2.2564,0.0187,22.1518,9.3443,8.4278
701,-4.5936,4.1924,2.2616,0.0181,24.5936,8.8668,8.7635
702,2.6345,4.0633,2.2445,0.0255,17.3655,10.9338,8.7932
703,0.5218,2.9002,2.2757,0.0214,19.4782,10.2662,8.287
704,-2.9491,3.5892,2.3932,0.0179,22.9491,8.7057,8.7402
705,22.1827,8.7564,2.3052,0.0331,17.8173,10.4241,8.5405
706,2.8627,9.2907,2.3604,0.0276,17.1373,10.608,9.0425
707,-1.8509,5.9273,2.2539,0.0148,21.8509,7.5226,8.4891
708,-8.3127,4.1397,2.3505,0.0178,34.6363856549799,27.963788399291673,8.7487
709,-1.0773,4.6703,2.3025,0.0336,21.0773,7.4472,9.2328
710,-0.0964,8.9009,2.3323,0.0338,20.0964,7.3831,8.5779
711,5.9282,4.936,2.2604,0.0198,14.0718,5.9424,8.3271
712,2.8618,6.4813,2.2967,0.0283,17.1382,8.3525,8.3324
713,-0.1191,2.8254,2.4151,0.0158,20.1191,10.7595,8.2832
714,18.7173,6.8555,2.3025,0.0179,21.2827,13.7619,8.5788
715,-5.0355,3.7746,2.3308,0.017,25.0355,10.6595,9.193
716,-0.7891,5.4846,2.3991,0.0267,20.7891,10.2643,8.3273
717,6.2755,3.2291,2.2726,0.0208,13.7245,8.6365,8.5735
718,-10.4455,5.4725,2.3479,0.0187,30.4455,5.7154,8.6556
719,25.4264,6.5942,2.3038,0.014,14.5736,14.3487,8.5155
720,-1.7264,5.8142,2.2967,0.0215,21.7264,10.0503,9.5126
721,3.2882,2.8136,2.3124,0.023053065922827277,16.7118,10.872,8.6382
722,0.0945,6.5727,2.3177,0.0318,19.9055,13.8458,8.5232
723,-1.0455,4.5404,2.2959,0.0138,21.0455,13.2262,8.5615
724,-0.1464,4.58,2.2726,0.023,20.1464,5.1829,8.662
725,5.6618,5.5285,2.4025,0.0218,14.3382,10.1452,8.6772
726,4.0736,5.5816,2.3193,0.0237,15.9264,9.9351,8.8105
727,-3.1227,3.3196,2.2527,0.0163,23.1227,12.1914,8.8581
728,5.6309,5.0146,2.3044,0.026,14.3691,15.8106,8.5288
729,18.8309,3.4336,2.3221,0.0191,21.1691,7.6206,8.7495
730,16.6036,4.1499,2.3403,0.0297,23.3964,14.7804,9.6272
731,8.4236,10.099,2.3704,0.0347,31.5764,8.6822,8.6013
732,9.6745,5.6653,2.3997,0.0421,30.3255,9.9647,9.0998
733,-1.8791,5.2597,2.3341,0.0276,21.8791,12.943,8.5891
734,6.25,4.275,2.2564,0.0441,13.75,10.733,8.3436
735,17.6373,5.0493,2.3532,0.0232,22.3627,11.467,8.7588
736,1.9145,6.2091,2.3194,0.0395,18.0855,4.9709,8.8513
737,-3.0055,4.3632,2.292,0.0217,23.0055,9.2914,8.7597
738,-0.5464,4.7047,2.3604,0.0239,20.5464,13.2845,8.7696
739,-2.8055,5.1201,2.2674,0.0318,22.8055,10.9199,9.6515
740,2.6373,6.0599,2.3604,0.0197,17.3627,8.5744,8.7568
741,6.5645,2.0751,2.2805,0.0228,13.4355,8.3981,8.9475
742,-9.2836,5.6813,2.3407,0.0174,29.2836,11.6781,9.043
743,5.9136,3.0996,2.3834,0.0297,14.0864,7.2867,9.2281
744,4.3055,6.2869,2.2881,0.0408,15.6945,4.4598,8.8513
745,3.9527,2.0008,2.2802,0.0228,16.0473,5.2621,8.3588
746,0.0955,4.9375,2.2337,0.0192,19.9045,13.3986,9.2064
747,-1.4227,4.6557,2.1911,0.0286,21.4227,10.1417,8.7326
748,-5.4145,8.1944,2.2216,0.0242,25.4145,13.8655,8.8215
749,1.4418,4.6325,2.2757,0.025,18.5582,14.0135,8.6149
750,-0.3136,9.1663,2.1996,0.0439,20.3136,12.1616,9.0447
751,0.1809,4.282,2.3331,0.0254,19.8191,17.6753,8.3179
752,1.91,9.243,2.3907,0.0217,18.09,3.1976,8.5003
753,2.6036,4.3881,2.2927,0.0161,17.3964,6.3492,8.942
754,-2.9791,4.6832,2.2732,0.0168,22.9791,14.2128,8.3271
755,-1.42,7.3182,2.3235,0.0119,21.42,7.7484,9.2281
756,-0.5127,4.7687,2.2717,0.0179,20.5127,12.9885,8.7037
757,2.44,6.0401,2.3301,0.0275,17.56,11.7962,8.3845
758,-2.8555,3.5169,2.3025,0.0279,22.8555,7.2993,8.7326
759,-2.5382,6.2289,2.2785,0.025,22.5382,14.374,9.2189
760,1.47,5.7143,2.2749,0.0168,18.53,11.8385,8.6544
761,0.1691,12.159886140272093,2.2967,0.0282,19.8309,9.1255,9.2047
762,27.65796254974382,9.2718,2.3596,0.016,10.2491,11.0101,8.6667
763,18.4,8.9202,2.3099,0.0257,21.6,14.1548,8.5405
764,-5.9336,6.0378,2.2564,0.0238,25.9336,6.4177,8.7199
765,-5.9273,5.2422,2.2725,0.0181,25.9273,12.1653,8.7635
766,0.0627,2.6068,2.2877,0.021332403133793316,19.9373,15.8597,8.3267
767,-2.6655,2.2386,2.2474,0.015,22.6655,9.7506,9.6136
768,-1.0409,4.9073,2.4439,0.019,21.0409,8.6439,9.0606
769,-5.3355,5.6449,2.3073,0.0347,25.3355,9.3385,8.536
770,-1.9682,10.2046,2.3401,0.0163,21.9682,5.6556,8.5334
771,23.7136,8.0391,2.3596,0.0471,16.2864,9.7837,10.095633903464792
772,3.2273,6.132,2.3331,0.0252,16.7727,9.5665,8.6068
773,0.3491,4.672,2.349,0.0235,19.6509,12.9186,8.897
774,-3.6564,4.4621,2.3124,0.0315,23.6564,6.6298,8.6397
775,18.3209,2.2849,2.3903,0.05007013477476258,21.6791,6.3174,8.7599
776,2.6218,5.5797,2.3391,0.0199,17.3782,10.9589,8.4896
777,2.5027,7.8622,2.3052,0.0187,17.4973,7.2854,9.5713
778,1.8318,4.2518,2.2757,0.026,18.1682,7.6665,8.6024
779,-11.4709,3.3268,2.3408,0.0242,31.4709,8.1297,9.8481
780,1.0145,3.6118,2.2553,0.0185,18.9855,12.7767,8.7073
781,2.5718,6.2216,2.3654,0.024,17.4282,11.1287,9.6938
782,0.2527,12.159886140272093,2.3991,0.0157,19.7473,8.375,8.7073
783,-3.1518,4.6772,2.4201,0.0171,23.1518,5.9819,9.22
784,-1.8736,4.2324,2.2826,0.0212,21.8736,8.4814,8.8973
785,1.5882,5.4022,2.2949,0.0266,18.4118,3.2361,8.6556
786,-7.5073,6.2009,2.3162,0.0267,27.5073,11.2751,8.9635
787,2.4718,6.6471,2.2771,0.0155,17.5282,6.3065,8.7283
788,26.8609,6.0001,2.3038,0.0162,13.1391,16.8906,8.6211
789,13.1136,5.8357,2.2931,0.05007013477476258,26.8864,9.4356,8.8388
790,22.7636,5.2072,2.3025,0.0426,17.2364,14.5221,8.7879
791,5.9491,6.4118,2.3881,0.0242,14.0509,6.1321,8.2823
792,-1.65,4.5493,2.2453,0.0209,21.65,11.7115,9.004
793,-6.6618,5.7503,2.2445,0.0215,26.6618,8.6924,8.3591
794,-0.3327,6.2662,2.3632,0.0265,20.3327,6.9297,8.8513
795,-2.67,7.8399,2.2634,0.0257,22.67,5.3615,9.0639
796,-4.5718,6.4959,2.2539,0.0172,24.5718,7.775,8.9607
797,4.9082,3.0357,2.4025,0.0132,15.0918,3.6114,8.8836
798,5.4209,7.0153,2.3042,0.0222,14.5791,16.6222,8.58
799,1.5218,4.3655,2.3207,0.0281,18.4782,11.8547,8.6074
800,9.2082,9.6042,2.3834,0.0375,30.7918,6.8115,8.6013
801,1.1655,3.6022,2.1995,0.0206,18.8345,9.4326,8.8105
802,-2.8727,3.7156,2.2954,0.0188,22.8727,14.6796,8.58
803,4.5918,3.8241,2.2989,0.0262,15.4082,14.4172,9.0145
804,0.2236,3.3124,2.212,0.019,19.7764,12.4243,8.3808
805,-0.2718,8.4926,2.4044,0.018,20.2718,17.2427,8.5615
806,-5.9682,3.8774,2.3914,0.0193,25.9682,10.3345,8.9132
807,-6.0636,4.5022,2.2392,0.02,26.0636,9.3076,8.9036
808,27.6182,6.3688,2.362,0.05007013477476258,12.3818,5.5833,9.3851
809,2.9545,5.7415,2.2886,0.015273423086070124,17.0455,10.2515,8.1728
810,-2.9182,5.7046,2.2527,0.0247,22.9182,10.3584,8.7779
811,2.75,3.8384,2.3573,0.022,17.25,13.8104,8.6439
812,0.7227,3.6395,2.2967,0.0141,19.2773,9.5046,8.7867
813,-8.64,8.846,2.3654,0.0295,28.64,2.6692,8.5788
814,-3.0909,7.2454,2.3106,0.021,23.0909,4.1618,8.7556
815,15.9527,3.614,2.3351,0.0397,24.0473,27.963788399291673,9.1784
816,14.9018,7.8561,2.3128,0.0175,25.0982,6.5315,9.5642
817,2.8727,5.1336,2.2726,0.0209,17.1273,10.1587,8.8355
818,3.1191,4.7727,2.3162,0.0191,16.8809,7.338,9.6938
819,-1.1255,6.3446,2.3244,0.0137,21.1255,13.2822,8.7418
820,-2.9727,5.8586,2.3867,0.0179,22.9727,8.9655,9.0942
821,2.2727,5.0108,2.2458,0.0203,17.7273,12.436,8.3159
822,25.0382,12.159886140272093,2.3326,0.0235,14.9618,16.1365,10.095633903464792
823,-0.0045,7.5303,2.2527,0.0269,20.0045,5.8286,8.1161
824,14.7345,5.0284,2.3737,0.023,25.2655,7.0865,9.4043
825,19.8,7.0096,2.3221,0.0137,20.2,8.4153,9.2658
826,3.97,6.5183,2.3122,0.0268,16.03,6.135,8.6572
827,-0.5045,2.8381,2.3797,0.0242,20.5045,10.0917,8.2776
828,3.3055,12.159886140272093,2.3149,0.044,16.6945,6.1081,8.9416
829,0.4382,5.5751,2.2569,0.0168,19.5618,9.3806,9.1287
830,-2.0309,3.7989,2.2247,0.0149,22.0309,9.0161,8.322
831,0.5364,4.1514,2.416,0.021,19.4636,7.5516,8.7609
832,4.7282,5.44,2.2718,0.0242,15.2718,17.9477,9.0447
833,0.2355,5.5748,2.3797,0.0157,19.7645,13.3436,8.7782
834,-1.9727,2.7865,2.1996,0.0175,21.9727,11.1132,8.3808
835,2.9964,4.3328,2.3073,0.0164,17.0036,12.946,9.2328
836,-0.3773,5.0724,2.3187,0.0251,20.3773,13.9517,8.7326
837,24.8064,7.1654,2.3596,0.0426,15.1936,8.8526,8.7947
838,0.4782,5.2546,2.3234,0.0437,19.5218,13.926,8.3591
839,2.5964,6.0507,2.3735,0.0222,17.4036,3.6986,8.659
840,1.4218,5.4321,2.3128,0.0275,18.5782,14.056,9.1757
841,1.4036,2.7193,2.3132,0.0257,18.5964,13.1282,8.4092
842,27.65796254974382,12.159886140272093,2.3312,0.023,34.6363856549799,13.5645,10.095633903464792
843,4.7864,3.9746,2.3737,0.0253,15.2136,8.647,9.043
844,-1.8827,3.4658,2.2726,0.03,21.8827,9.9252,8.8909
845,9.8418,4.8133,2.4067,0.0411,30.1582,6.4831,8.3754
846,18.63,3.6188,2.307,0.0221,21.37,12.4431,9.2433
847,-6.6464,4.6056,2.2247,0.0168,26.6464,7.9556,8.8215
848,27.65796254974382,8.5143,2.2932,0.0166,11.7045,7.2788,9.6484
849,-1.9827,3.8989,2.4349,0.015,21.9827,11.8362,8.5862
850,4.8127,2.9198,2.2802,0.0122,15.1873,5.2934,8.5003
851,-1.3227,11.7319,2.2937,0.0172,21.3227,9.3718,8.5232
852,1.4355,6.3172,2.3132,0.0374,18.5645,8.5025,8.9416
853,0.1155,5.1901,2.3406,0.0128,19.8845,10.1315,8.5788
854,-0.0509,3.5047,2.4253,0.0203,20.0509,10.3845,8.7609
855,1.89,3.255,2.3936,0.0171,18.11,5.2652,8.7373
856,2.6991,6.2357,2.1995,0.0285,17.3009,8.9749,8.1409
857,-2.9355,4.0987,2.3797,0.03,22.9355,6.5213,8.9979
858,1.5273,6.2217,2.2939,0.014,18.4727,8.8089,8.9036
859,1.5527,4.471,2.3391,0.0224,18.4473,9.0256,9.3851
860,-8.6982,6.9142,2.3402,0.0233,28.6982,11.9858,8.441
861,0.1491,5.4108,2.3323,0.0201,19.8509,12.7542,8.5891
862,-1.89,6.5694,2.4201,0.0232,21.89,10.9896,8.4855
863,1.0518,7.4639,2.3793,0.0144,18.9482,10.0078,8.8889
864,-1.5664,3.686,2.3997,0.05007013477476258,34.6363856549799,5.3904,9.2436
865,2.2518,4.0085,2.3044,0.0239,17.7482,14.5067,8.5855
866,3.9027,9.1554,2.3481,0.0217,16.0973,8.6892,8.3006
867,5.6382,7.1516,2.2604,0.0277,14.3618,9.9701,8.7609
868,4.8791,3.1537,2.2927,0.0185,15.1209,7.2152,8.942
869,4.4409,4.7966,2.3936,0.0162,15.5591,14.3156,8.2832
870,-2.2409,5.1201,2.2821,0.0138,22.2409,3.7001,8.8562
871,1.4464,4.7955,2.2771,0.0284,18.5536,6.0477,8.7812
872,-3.4191,4.1054,2.3079,0.0281,23.4191,5.6883,8.2914
873,-2.3391,4.2557,2.3402,0.023,22.3391,3.4169,8.7812
874,-2.4436,5.0766,2.2886,0.025115843571292797,22.4436,13.1569,8.1728
875,9.2827,4.1834,2.2773,0.0244,10.7173,11.4351,8.7994
876,1.0673,4.879,2.3805,0.0169,18.9327,9.522,8.5003
877,22.4382,6.1088,2.298,0.0176,17.5618,12.5659,8.5218
878,1.3009,5.1379,2.3331,0.0226,18.6991,9.0139,8.2395
879,0.23,7.5804,2.3323,0.0257,19.77,11.9012,8.5779
880,3.3882,3.9686,2.3797,0.022,16.6118,7.3437,9.7137
881,-0.5336,5.1598,2.2757,0.0213,20.5336,13.8143,8.7015
882,-7.6655,4.0743,2.2407,0.0209,27.6655,7.6482,8.6556
883,0.67,3.9365,2.1919,0.0188,19.33,8.7827,9.0402
884,15.6791,8.6597,2.303,0.0145,24.3209,12.7017,8.5788
885,0.4855,6.8579,2.3207,0.0243,19.5145,11.2084,8.3179
886,0.3209,3.7579,2.3797,0.0271,19.6791,11.4555,8.2832
887,17.5473,4.4298,2.3397,0.0433,22.4527,6.6372,8.9336
888,15.1509,5.1087,2.3397,0.0428,24.8491,13.7931,9.1585
889,2.8355,3.5958,2.3025,0.0431,17.1645,10.2145,9.4043
890,-3.3455,5.7818,2.2563,0.0205,23.3455,6.063,10.095633903464792
891,27.65796254974382,7.5726,2.3403,0.0208,10.8836,7.5703,10.095633903464792
892,-3.1382,3.4336,2.2407,0.0175,23.1382,8.1112,8.627
893,1.7036,4.4746,2.2737,0.0267,18.2964,12.547,9.088
894,24.9027,6.9238,2.3397,0.0433,15.0973,7.1001,8.659
895,0.8018,5.6521,2.3796,0.05007013477476258,19.1982,9.7212,8.4092
896,-0.2418,6.9587,2.4214,0.0193,20.2418,12.5191,8.7073
897,5.5782,4.5757,2.3646,0.0329,14.4218,10.2907,8.6406
898,3.8164,9.7437,2.4214,0.0162,16.1836,10.238202803277135,8.7144
899,-3.4964,6.2188,2.3867,0.0173,23.4964,11.1697,8.7646
900,3.4827,2.4138,2.2555,0.024682941082054287,16.5173,7.5507,8.436
901,-11.9682,7.0926,2.2928,0.0259,31.9682,14.4853,8.5218
902,-7.1518,3.2322,2.2247,0.0168,27.1518,10.8108,8.7556
903,-2.9973,6.1033,2.3161,0.0224,22.9973,13.0785,8.828
904,15.3073,5.9828,2.2771,0.0232,24.6927,16.485,8.6527
905,-0.0555,11.0059,2.3654,0.0307,20.0555,11.4983,8.7283
906,-2.6364,3.7718,2.2474,0.0167,22.6364,16.5112,8.8331
907,1.0309,5.1741,2.2631,0.0182,18.9691,10.4938,8.7401
908,13.8118,4.9417,2.3903,0.05007013477476258,26.1882,27.963788399291673,8.7588
909,2.4673,2.8374,2.3453,0.0233,17.5327,2.5497,8.7283
910,6.2636,8.6184,2.2752,0.0186,13.7364,15.1377,9.7571
911,-5.9573,5.1833,2.3883,0.024,25.9573,7.6413,8.3663
912,23.9555,4.3641,2.3248,0.012,16.0445,11.4286,10.095633903464792
913,1.5118,5.0366,2.2604,0.0226,18.4882,6.7809,8.4597
914,0.0327,2.5159,2.4196,0.0141,19.9673,12.0982,8.8519
915,-2.5027,4.6539,2.416,0.028,22.5027,4.4883,8.8562
916,2.0336,4.4464,2.3301,0.032,17.9664,5.7648,8.5615
917,5.4964,6.2816,2.4214,0.0248,14.5036,18.2726,8.2823
918,10.3745,6.9014,2.303,0.0135,29.6255,6.7783,9.2655
919,25.9591,8.6352,2.3524,0.0418,14.0409,9.3354,8.6667
920,-2.7936,5.9309,2.3796,0.05007013477476258,22.7936,10.0866,9.2291
921,-1.5991,6.0422,2.2569,0.0257,21.5991,14.4192,8.5571
922,4.7545,6.2911,2.2982,0.0254,15.2455,4.1346,8.9605
923,-0.84,7.4516,2.3038,0.0235,20.84,11.9343,8.828
924,25.5282,5.6325,2.366,0.0232,14.4718,13.4194,9.3998
925,20.6,4.3662,2.3756,0.0113,19.4,10.6011,8.9336
926,12.0945,5.2191,2.3179,0.0165,27.9055,27.963788399291673,8.7487
927,-4.9627,5.8746,2.2797,0.0255,24.9627,10.176,9.1526
928,3.4827,6.8368,2.3414,0.0368,16.5173,4.2986,8.8132
929,7.0273,3.7146,2.3817,0.0224,12.9727,8.7198,8.8624
930,-2.0555,5.2289,2.3306,0.0176,22.0555,9.0378,9.0776
931,-1.1627,3.975,2.2982,0.0255,21.1627,18.1147,9.193
932,2.1645,6.8985,2.4073,0.0247,17.8355,6.4815,8.2823
933,-5.8855,2.5985,2.1911,0.0225,25.8855,11.54,8.9541
934,2.5055,6.3005,2.3414,0.0196,17.4945,14.888,8.3331
935,3.1645,3.11,2.2458,0.0142,16.8355,12.1733,8.9818
936,0.7064,6.7658,2.2967,0.0179,19.2936,8.434,8.7418
937,0.1618,9.6091,2.3087,0.0176,19.8382,8.5382,8.5459
938,-1.2164,10.9187,2.2674,0.0234,21.2164,21.5771,9.6515
939,1.1891,6.2608,2.2809,0.0446,18.8109,12.4608,9.2064
940,3.4482,5.2947,2.3817,0.0201,16.5518,14.5497,8.5407
941,2.0909,4.8154,2.4079,0.0243,17.9091,17.2791,8.8909
942,24.4791,7.7394,2.3715,0.0146,15.5209,11.8458,9.2433
943,-0.3236,3.596,2.4073,0.028,20.3236,13.4513,9.3335
944,-1.5118,6.4179,2.2697,0.0259,21.5118,11.9724,8.6439
945,23.2655,5.8803,2.3715,0.0319,16.7345,4.452,8.7879
946,-2.6355,6.1127,2.2472,0.0162,22.6355,4.5889,9.0606
947,-1.9291,4.0911,2.4723,0.0195,21.9291,16.087,8.9979
948,1.3255,7.4533,2.2474,0.0201,18.6745,15.3453,8.7646
949,1.7909,5.1569,2.212,0.0226,18.2091,16.1771,9.534
950,3.0791,4.4853,2.3207,0.0295,16.9209,4.7106,8.3006
951,-5.76,3.5226,2.4023,0.0237,25.76,10.4328,9.6136
952,4.6209,5.9706,2.3499,0.0186,15.3791,6.2298,8.5801
953,3.8509,3.3876,2.3532,0.0189,16.1491,5.9725,9.1502
954,-6.6055,6.0071,2.2937,0.0139,26.6055,10.1006,8.7932
955,-4.8609,6.2351,2.2432,0.0308,24.8609,14.3189,9.6515
956,-3.2155,2.7452,2.3884,0.0132,23.2155,11.9887,8.8597
957,-1.67,6.8634,2.2553,0.0433,21.67,13.6462,8.9833
958,23.9018,8.4806,2.366,0.0318,16.0982,9.6376,8.8287
959,12.0627,5.309,2.3313,0.0286,27.9373,7.26,9.1784
960,3.1418,4.4095,2.2948,0.05007013477476258,16.8582,8.6665,9.2291
961,8.8173,8.7428,2.3808,0.0195,11.1827,9.7635,8.7851
962,5.5318,5.0629,2.349,0.0196,14.4682,13.663,8.3006
963,-1.4564,3.5747,2.2472,0.0209,21.4564,13.6201,9.0606
964,-0.7782,3.9458,2.3593,0.0256,20.7782,5.5057,8.7568
965,0.4591,4.2411,2.3025,0.0342,19.5409,7.0832,8.5177
966,1.8109,5.9964,2.2718,0.0273,18.1891,11.2432,9.1141
967,-6.3845,5.1659,2.2053,0.027,26.3845,7.9231,8.662
968,13.5955,8.3351,2.3132,0.026,26.4045,11.4492,9.7484
969,4.6227,3.6709,2.299058076160015,0.023461330826008826,15.3773,8.1508,8.1728
970,7.9373,3.0303,2.2588,0.0118,12.0627,3.624,8.5251
971,-0.6818,4.6431,2.2216,0.0154,20.6818,9.3702,8.7646
972,4.4209,5.5992,2.2453,0.0188,15.5791,9.8076,8.7552
973,1.4609,5.8149,2.4349,0.0208,18.5391,9.5776,8.897
974,6.0773,3.9105,2.2831,0.0212,13.9227,9.409,8.3436
975,7.7727,9.7235,2.3737,0.0164,12.2273,10.7051,8.7851
976,24.3791,6.4746,2.3802,0.0407,15.6209,5.176,8.6789
977,3.7555,7.5153,2.2797,0.027,16.2445,10.9782,9.2064
978,23.9945,3.61,2.3592,0.0397,16.0055,12.1712,9.2658
979,10.0236,8.1842,2.3314,0.0289,29.9764,4.5767,8.5155
980,-5.5327,4.2575,2.3243,0.0225,25.5327,3.4289,8.5762
981,3.1427,4.1328,2.2539,0.0235,16.8573,16.8157,9.0402
982,-8.3955,6.2134,2.3737,0.0392,28.3955,14.502,9.2328
983,-1.3127,4.3131,2.2892,0.0273,21.3127,9.0484,8.897
984,-1.5764,5.4363,2.3991,0.0158,21.5764,12.0255,8.7073
985,-2.6591,6.2544,2.2982,0.0264,22.6591,12.599,7.6032
986,-2.8845,2.406,2.2982,0.0222,22.8845,9.3939,9.004
987,23.3109,4.9295,2.3248,0.0217,16.6891,7.9706,8.7495
988,-6.0545,6.0601,2.3244,0.0187,26.0545,12.7563,8.7219
989,26.1536,7.7496,2.3025,0.0285,13.8464,11.0766,9.2655
990,-4.6109,6.1402,2.2646,0.0188,24.6109,4.44,9.0811
991,0.1982,2.5177,2.3867,0.0223,19.8018,12.6026,8.9818
992,-12.0473,10.8564,2.4,0.0251,32.0473,12.7305,8.5177
993,-6.4836,4.0269,2.3712,0.0106,26.4836,10.458,8.6942
994,-5.6018,5.7121,2.3796,0.03,25.6018,9.2278,8.3324
995,-0.0236,5.4204,2.4196,0.0191,20.0236,12.2597,8.7383
996,-0.7448415900980869,5.618312322342937,2.3124,0.0234,20.375778432751837,13.4957,8.6706
997,-6.0445,9.3679,2.3306,0.0161,26.0445,11.1652,9.0776
998,-2.1555,3.9525,2.3195,0.0365,22.1555,9.1963,8.4278
999,-3.8982,3.6575,2.2909,0.0222,23.8982,14.7695,9.0776
1000,2.0009,7.7429,2.3161,0.0413,17.9991,11.8418,8.7219
1001,-2.3109,7.9419,2.2858,0.0112,22.3109,27.963788399291673,8.6024
1002,27.4627,4.4594,2.3132,0.05007013477476258,12.5373,11.3706,9.3998
1003,2.7582,7.593,2.4214,0.0206,17.2418,5.2288,9.1156
1004,3.1727,3.742,2.2858,0.024,16.8273,6.4329,9.9095
1005,-1.2427,5.5738,2.2588,0.0234,21.2427,5.7722,9.2016
1006,-6.0845,5.4246,2.2634,0.0198,26.0845,7.8263,9.4336
1007,-1.7609,11.0497,2.3063,0.0191,21.7609,8.1917,8.7283
1008,3.3655,3.9414,2.2697,0.0139,16.6345,5.2092,8.8043
1009,0.8527,5.5495,2.2717,0.021,19.1473,4.3348,9.3868
1010,1.54,9.366,2.3414,0.0256,18.46,11.3373,8.7662
1011,-2.7845,2.6974,2.2805,0.0256,22.7845,11.0027,8.7635
1012,4.4036,4.6098,2.3416,0.027,15.5964,27.963788399291673,8.8249
1013,-5.3055,3.6862,2.3415,0.0173,25.3055,8.4137,8.9336
1014,1.63,6.7438,2.4201,0.0274,18.37,18.0325,8.324
1015,3.19,7.8401,2.3401,0.0286,16.81,7.7091,8.7283
1016,20.5864,4.7979,2.362,0.0428,19.4136,13.4741,10.095633903464792
1017,-1.1582,4.9308,2.3654,0.0331,21.1582,9.5141,8.9546
1018,-0.95,3.4077,2.2967,0.0218,20.95,14.0527,8.4896
1019,-1.86,4.7955,2.4167,0.0179,21.86,15.9843,8.322
1020,26.6136,4.4058,2.2928,0.0329,13.3864,11.9792,9.3998
1021,-3.2436,5.7353,2.2809,0.0351,23.2436,13.0477,9.1637
1022,0.59,2.3731,2.2726,0.0232,19.41,5.7869,8.4537
1023,-3.6155,2.9962,2.4172,0.0135,23.6155,7.9952,8.7383
1024,-1.6045,3.8038,2.3884,0.0155,21.6045,9.6329,8.9818
1025,3.0945,1.6872,2.2646,0.0285,16.9055,6.1017,8.3542
1026,0.5755,8.1897,2.3044,0.0176,19.4245,15.4162,9.7836
1027,1.2882,8.2318,2.3907,0.0212,18.7118,14.7806,8.5596
1028,16.8445,9.8085,2.3052,0.0151,23.1555,11.0474,9.2655
1029,-1.0545,9.2151,2.2864,0.0207,21.0545,11.6692,9.4336
1030,-0.1918,3.0794,2.2668,0.0195,20.1918,16.0093,8.4278
1031,2.6227,4.3681,2.2634,0.0294,17.3773,11.9203,8.897
1032,2.1973,3.7115,2.3817,0.0222,17.8027,11.5048,8.3179
1033,-9.4964,4.1991,2.3026,0.0173,29.4964,11.999,9.043
1034,-5.1255,3.6831,2.2668,0.031,25.1255,9.1918,8.3591
1035,0.2573,8.6821,2.2773,0.0196,19.7427,6.1991,8.659
1036,3.3955,6.8737,2.3073,0.0158,16.6045,11.2289,8.6915
1037,2.6873,3.6244,2.3503,0.0168,17.3127,15.9664,8.6005
1038,11.6818,6.6665,2.3221,0.05007013477476258,28.3182,6.1443,8.8033
1039,2.5336,4.8187,2.3301,0.0401,17.4664,13.3468,8.77
1040,22.3736,9.6886,2.3715,0.027,17.6264,12.5032,8.5405
1041,2.3855,6.7805,2.3481,0.0307,17.6145,4.4207,8.2638
1042,0.9991,4.7485,2.2965,0.022,19.0009,12.0624,10.095633903464792
1043,11.4855,5.4073,2.2697,0.0153,8.5145,11.8247,8.8043
1044,1.2109,3.1765,2.2718,0.0273,18.7891,7.1777,8.9818
1045,-0.5455,5.4201,2.2247,0.0248,20.5455,10.6687,8.8581
1046,2.74,4.2038,2.3414,0.0262,17.26,14.5194,8.7696
1047,-0.2173,3.1175,2.3144,0.0273,20.2173,16.7297,8.8505
1048,0.7355,4.7399,2.3499,0.0231,19.2645,2.9792,8.572
1049,-2.8245,2.9356,2.2908,0.0124,22.8245,11.1624,8.3845
1050,-3.7073,3.3667,2.3079,0.0326,23.7073,6.471,9.1637
1051,-5.1645,4.42,2.2732,0.0156,25.1645,27.963788399291673,8.6024
1052,-0.2618,12.159886140272093,2.3132,0.0236,20.2618,6.9274,9.0622
1053,-2.3127,4.7977,2.2604,0.0387,22.3127,11.9601,8.5615
1054,-1.99,6.1495,2.3079,0.0215,21.99,11.8954,9.534
1055,-0.2173,5.3996,2.2937,0.0225,20.2173,9.3225,8.77
1056,-3.9073,6.9496,2.2453,0.0233,23.9073,27.963788399291673,9.152
1057,2.0609,3.9852,2.3162,0.0124,17.9391,6.6084,8.89356241556912
1058,-1.9573,9.1321,2.3406,0.0238,21.9573,9.2935,8.6706
1059,17.6864,6.5423,2.3583,0.0134,22.3136,8.6264,8.9336
1060,2.1145,5.1912,2.2802,0.0289,17.8855,13.2046,8.7932
1061,5.17,6.4886,2.2674,0.015,14.83,10.9341,8.2061
1062,27.65796254974382,2.6817,2.3415,0.0188,11.3645,9.6658,8.6667
1063,0.9827,6.454,2.3519,0.0188,19.0173,10.4562,8.4896
1064,2.3182,8.4018,2.2831,0.0267,17.6818,7.0296,9.131
1065,20.0236,8.0814,2.3167,0.0223,19.9764,12.6679,8.872
1066,27.65796254974382,8.1183,2.3408,0.039,12.2718,8.7199,8.6667
1067,0.5609,12.159886140272093,2.276,0.0212,19.4391,6.4928,9.2016
1068,-0.5327,6.4537,2.2864,0.0238,20.5327,13.0401,8.6611
1069,-3.9045,5.3634,2.3938,0.05007013477476258,23.9045,12.3537,8.6149
1070,3.1382,7.8219,2.3481,0.0315,16.8618,12.383,8.8424
1071,24.2918,4.2267,2.3596,0.0389,15.7082,11.8771,9.1638
1072,-0.4173,9.9344,2.3063,0.0254,20.4173,13.019,9.7836
1073,24.8282,5.0971,2.3712,0.0481,15.1718,11.6225,9.1638
1074,1.7627,2.0193,2.3042,0.0184,18.2373,7.9331,8.4278
1075,1.5555,2.8002,2.2582,0.0165,18.4445,3.7383,8.6149
1076,2.5055,6.284,2.212,0.0157,17.4945,7.56,8.5298
1077,-3.4873,5.9222,2.2711,0.0151,23.4873,8.8116,8.662
1078,-2.7973,12.159886140272093,2.2789,0.028,34.6363856549799,11.0891,8.5735
1079,3.8964,3.7055,2.362,0.0311,16.1036,11.3069,8.6942
1080,5.0818,5.2405,2.2802,0.016,14.9182,8.1898,8.5003
1081,-0.0309,7.7416,2.2773,0.0304,20.0309,15.3022,8.659
1082,-1.0082,2.2394,2.3341,0.0203,21.0082,11.8519,8.7662
1083,18.6827,7.4078,2.3403,0.0475,21.3173,6.6192,8.8388
1084,25.4573,12.159886140272093,2.3403,0.0369,14.5427,10.8275,8.7599
1085,4.0555,6.1799,2.3207,0.0319,15.9445,12.5973,8.6074
1086,1.2209,9.3285,2.3695,0.0224,18.7791,6.2512,8.7219
1087,2.7764,7.4219,2.3704,0.0192,17.2236,10.2564,8.5266
1088,-4.0373,6.2882,2.2689,0.0267,24.0373,8.1044,9.0776
1089,-0.7109,3.1153,2.1996,0.0267,20.7109,12.3368,8.7037
1090,-4.7818,3.7689,2.4172,0.0225,24.7818,10.2251,8.8097
1091,-3.1227,4.6652,2.3499,0.0249,23.1227,17.9865,8.5862
1092,7.24,7.0695,2.3406,0.028,12.76,8.2118,8.5459
1093,-0.4636,3.5555,2.2757,0.0227,20.4636,9.3809,9.1141
1094,13.4891,6.9725,2.3397,0.0438,26.5109,5.2181,8.7588
1095,2.5827,8.3284,2.3997,0.0404,34.6363856549799,11.7188,9.4832
1096,1.2673,2.5672,2.3737,0.0281,18.7327,12.2843,9.3335
1097,-4.4882,4.3095,2.4439,0.0182,24.4882,7.6658,8.7548
1098,-10.68,2.5881,2.2931,0.016,30.68,8.2185,8.6384
1099,8.6927,3.0731,2.3532,0.0436,31.3073,27.963788399291673,9.1784
1100,3.1336,4.2996,2.1995,0.05007013477476258,16.8664,12.6922,8.7556
1101,-1.0927,8.8177,2.2728,0.0131,21.0927,12.0751,10.095633903464792
1102,20.5509,4.0288,2.3532,0.0178,19.4491,27.963788399291673,8.7487
1103,-3.09,4.5813,2.3025,0.0228,23.09,4.316,8.536
1104,-2.2364,4.0483,2.2954,0.0218,22.2364,7.8128,8.9857
1105,-1.9482,5.7,2.3932,0.0165,21.9482,10.5019,8.3159
1106,2.1173,6.5354,2.3207,0.0231,17.8827,9.6259,8.3179
1107,-0.3955,5.28,2.2216,0.0196,20.3955,12.7514,8.7326
1108,-4.89,2.9432,2.2472,0.0228,24.89,6.791,8.8078
1109,0.1773,6.3655,2.2474,0.0156,19.8227,12.9032,8.7646
1110,2.6473,3.2434,2.4167,0.0144,17.3527,10.4191,8.1166
1111,-0.0691,2.6536,2.2647,0.0184,20.0691,5.7228,8.7401
1112,2.8182,6.4263,2.2965,0.0244,17.1818,8.1192,8.5297
1113,-4.6227,5.7416,2.2588,0.05007013477476258,24.6227,7.6198,8.3591
1114,-3.8991,4.1392,2.2604,0.0153,23.8991,7.0817,9.004
1115,20.7782,12.0902,2.366,0.0281,19.2218,12.5801,8.5218
1116,-0.3918,5.6919,2.3625,0.0201,20.3918,3.8132,8.7932
1117,-3.0882,6.6096,2.2527,0.0222,23.0882,11.1987,8.7015
1118,2.6827,4.2653,2.2732,0.0252,17.3173,11.4331,9.0744
1119,-1.0827,5.5896,2.4253,0.0269,21.0827,5.6593,8.598
1120,-0.0636,6.5193,2.3259,0.0302,20.0636,6.3822,8.3324
1121,-9.4318,5.5267,2.2821,0.0156,29.4318,19.5793,8.8597
1122,1.1473,5.5049,2.394,0.0191,18.8527,12.0581,8.2776
1123,0.7382,5.8034,2.2445,0.0176,19.2618,3.5446,8.1161
1124,4.1455,4.3536,2.3402,0.0162,15.8545,3.0888,8.5288
1125,-2.5191,7.4066,2.2569,0.0234,22.5191,5.8119,8.9833
1126,-3.9218,6.2586,2.2527,0.0179,23.9218,7.2374,9.6136
1127,0.9427,4.6356,2.3081,0.0177,19.0573,2.9748,8.3383
1128,1.4409,5.942,2.2864,0.0158,18.5591,9.0592,8.8331
1129,-0.3182,5.8228,2.3296,0.027,20.3182,9.5584,8.6005
1130,13.7255,3.996,2.3646,0.0285,26.2745,16.314,8.6324
1131,-10.2673,9.8766,2.4,0.0204,30.2673,11.0855,8.5177
1132,4.4155,4.5129,2.3725,0.0345,15.5845,10.8652,8.828
1133,4.8373,3.1119,2.2965,0.0189,15.1627,7.8372,8.3324
1134,24.4727,4.8236,2.3596,0.0342,15.5273,8.612,9.3851
1135,-2.4345,3.6744,2.2616,0.0203,22.4345,10.1721,8.7635
1136,-4.4309,7.3228,2.2785,0.0216,24.4309,7.1513,8.3271
1137,5.0955,12.159886140272093,2.3519,0.0129,14.9045,15.5203,8.7662
1138,1.9855,7.0181,2.3672,0.0169,18.0145,7.9085,8.659
1139,27.65796254974382,4.7052,2.3646,0.0342,11.6873,7.5796,8.8287
1140,-2.2382,5.1526,2.2453,0.0237,22.2382,12.7081,8.7512
1141,17.7927,8.3238,2.4244,0.0317,22.2073,13.3071,9.2405
1142,-0.6609,2.6206,2.3654,0.0138,20.6609,11.9175,8.7812
1143,-4.72,5.7591,2.3081,0.0205,24.72,10.0056,8.3383
1144,27.65796254974382,10.2301,2.3712,0.038,12.2845,8.2673,9.094
1145,-1.1927,4.3639,2.3262,0.0473,21.1927,8.686,8.7977
1146,-4.3955,5.4073,2.4023,0.0199,24.3955,9.522,10.095633903464792
1147,11.5591,12.159886140272093,2.3532,0.0259,28.4409,27.963788399291673,8.7588
1148,-3.6509,3.9068,2.2785,0.0173,23.6509,5.6993,8.3271
1149,-3.9555,4.0088,2.4023,0.0305,23.9555,10.3455,8.6772
1150,3.5945,6.0911,2.3124,0.0252,16.4055,13.8656,9.131
1151,-0.4482,7.8704,2.3406,0.0191,20.4482,4.0919,8.6706
1152,-2.9573,5.1967,2.3075,0.0206,22.9573,12.0069,8.7779
1153,-1.71,5.8362,2.3453,0.0259,21.71,11.1657,8.6427
1154,6.1855,5.9842,2.3499,0.021,13.8145,6.5297,8.2981
1155,-2.1136,4.9854,2.2674,0.0215,22.1136,13.0056,8.451
1156,-10.1245,4.3614,2.3416,0.0337,30.1245,6.1387,10.0686
1157,-7.5382,3.5277,2.3389,0.0236,27.5382,4.7386,9.043
1158,-5.3318,3.9171,2.2749,0.0158,25.3318,12.7141,8.9818
1159,2.1927,6.1039,2.2678,0.0262,17.8073,8.1092,8.3267
1160,5.1345,3.1492,2.3592,0.0342,34.6363856549799,27.963788399291673,9.2007
1161,27.3227,3.0522,2.3128,0.0207,12.6773,9.4761,9.7484
1162,1.1591,7.1718,2.3101,0.024,18.8409,10.0,9.2171
1163,0.7136,4.1454,2.4023,0.0199,19.2864,7.4854,8.1161
1164,2.1918,5.3635,2.3312,0.0244,17.8082,9.2119,8.77
1165,18.8673,7.4999,2.3646,0.0299,21.1327,13.561,9.5642
1166,-6.0255,3.6401,2.4151,0.0225,26.0255,7.2464,8.9857
1167,-0.4091,7.7667,2.3735,0.0217,20.4091,12.3537,8.4421
1168,-0.4491,3.2363,2.2674,0.0219,20.4491,10.2033,8.8909
1169,1.2955,4.624,2.3867,0.0239,18.7045,11.0092,8.9818
1170,-0.95,4.3441,2.3234,0.0281,20.95,9.7899,8.662
1171,3.4318,5.2435,2.3797,0.0162,16.5682,16.0804,8.0787
1172,0.8827,7.1603,2.3805,0.0378,19.1173,10.0172,8.3006
1173,-2.5727,3.1585,2.3257,0.0232,22.5727,13.2424,10.095633903464792
1174,-2.1464,2.6374,2.2407,0.0206,22.1464,8.0978,8.3383
1175,1.3355,4.9672,2.2809,0.0254,18.6645,17.0064,8.1409
1176,-0.7236,7.7214,2.3766,0.0194,20.7236,2.2502,8.7897
1177,4.3136,5.1801,2.2831,0.0264,15.6864,16.7572,8.272
1178,3.4491,5.6384,2.3793,0.0144,16.5509,8.5283,8.8889
1179,-4.1018,4.0088,2.4196,0.0211,24.1018,7.5089,8.8097
1180,24.6118,2.9844,2.3712,0.0431,15.3882,11.6758,9.094
1181,3.6536,7.3859,2.3867,0.0299,16.3464,8.7386,8.9191
1182,-1.2336,4.0648,2.3984,0.0173,21.2336,8.6427,8.6068
1183,-0.3445,9.8065,2.3081,0.0139,20.3445,9.4258,9.7137
1184,0.1891,5.7327,2.2773,0.0273,19.8109,12.7389,8.659
1185,3.1382,9.1637,2.2967,0.0256,16.8618,10.6834,8.5788
1186,4.5382,4.351,2.2671,0.016,15.4618,14.3474,8.135
1187,-3.2882,4.5105,2.2527,0.0213,23.2882,7.4364,8.7997
1188,6.6,5.2891,2.3808,0.0151,13.4,9.5359,8.7851
1189,1.5018,10.8289,2.3052,0.0247,18.4982,9.3984,9.5713
1190,20.81,10.9632,2.3796,0.0251,19.19,10.274,8.6324
1191,-3.6345,4.6133,2.2718,0.0237,23.6345,13.8183,8.9605
1192,2.4209,4.2983,2.2705,0.019,17.5791,17.1047,8.7786
1193,-1.6864,5.5709,2.2563,0.027,21.6864,9.9834,8.0787
1194,-12.2945,6.1979,2.3715,0.0246,32.2945,11.4064,8.7677
1195,-1.66,1.942,2.2474,0.0231,21.66,19.209,8.9191
1196,-2.6682,4.3753,2.3353,0.0179,22.6682,7.0109,8.1409
1197,0.1973,5.9703,2.3797,0.0177,19.8027,5.878,8.8356
1198,-3.7773,2.2464,2.3079,0.0229,23.7773,5.527,8.3383
1199,-0.4527,5.7777,2.2604,0.0229,20.4527,4.191,9.152
1200,6.9082,8.6041,2.3715,0.0152,33.0918,11.3381,8.872
1201,7.3918,5.726,2.3025,0.0291,32.6082,11.8127,9.4043
1202,12.3073,12.159886140272093,2.3997,0.0305,27.6927,11.1177,9.1502
1203,-5.1618,4.881,2.3021,0.0244,25.1618,11.7272,8.4891
1204,-2.1009,4.1239,2.2732,0.0274,22.1009,7.2107,8.7556
1205,23.7709,5.1866,2.3101,0.05007013477476258,16.2291,12.5406,9.2655
1206,-2.5945,3.3232,2.2718,0.0376,22.5945,8.3383,9.6515
1207,-2.4709,2.5702,2.4025,0.0287,22.4709,12.4708,8.7015
1208,-0.8891,6.0573,2.3161,0.0321,20.8891,10.6216,9.0859
1209,26.9791,4.9673,2.3437,0.0103,13.0209,27.963788399291673,9.6234
1210,1.1991,4.6582,2.1995,0.0204,18.8009,9.3376,8.2345
1211,-2.81,4.4836,2.3936,0.0197,22.81,10.8485,8.3591
1212,17.3018,6.5557,2.3613,0.0129,22.6982,13.7193,9.2405
1213,22.9245,6.6984,2.3403,0.0403,17.0755,6.3987,8.7495
1214,15.3536,4.0729,2.3326,0.05007013477476258,24.6464,27.963788399291673,8.7487
1215,-0.3264,3.6306,2.3796,0.05007013477476258,20.3264,6.3355,9.5689
1216,0.5564,5.8414,2.3805,0.0259,19.4436,16.3297,8.3006
1217,-1.4191,8.0345,2.3985,0.0237,21.4191,10.1115,9.22
1218,2.78,10.4267,2.340020577496329,0.0231,17.22,9.3095,9.2291
1219,-5.9418,7.3721,2.2954,0.0228,25.9418,15.5677,8.7779
1220,-1.0473,4.6312,2.2864,0.0201,21.0473,5.879,9.4336
1221,2.5209,4.3093,2.3237,0.0168,34.6363856549799,27.963788399291673,8.7487
1222,-1.6545,6.5713,2.4132,0.0388,21.6545,10.8922,9.7997
1223,6.2045,11.9213,2.3715,0.0308,13.7955,14.6638,8.5459
1224,1.7273,3.4184,2.1919,0.0176,18.2727,13.0485,9.0402
1225,8.3018,5.8283,2.3672,0.0151,11.6982,9.9193,8.6915
1226,1.23,4.139,2.2881,0.0418,18.77,18.8923,8.6829
1227,2.4345,4.0485,2.3672,0.0169,17.5655,10.4241,9.396
1228,-6.4945,6.5708,2.2757,0.027,26.4945,5.0902,8.627
1229,12.1609,5.6767,2.3971,0.0325,27.8391,11.5838,8.6013
1230,3.7127,5.1701,2.2937,0.0204,16.2873,11.9372,8.4092
1231,-1.0982,3.6475,2.2247,0.0249,21.0982,16.3922,8.2914
1232,5.8727,4.7116,2.2881,0.0251,14.1273,26.3374,8.5266
1233,1.6309,6.4754,2.3481,0.0221,18.3691,15.4834,8.3006
1234,23.8745,5.5544,2.3403,0.0219,16.1255,8.7215,9.0998
1235,23.7109,6.3497,2.3167,0.0214,16.2891,11.2972,8.872
1236,-1.4973,4.486,2.394,0.0291,21.4973,17.0623,9.3868
1237,5.7182,7.5307,2.2668,0.0246,14.2818,9.4641,8.8546
1238,0.7218,4.1323,2.3038,0.0238,19.2782,6.6654,9.2171
1239,1.0345,4.9982,2.3695,0.0184,18.9655,8.1133,8.6439
1240,-2.0991,4.0262,2.2959,0.0155,22.0991,6.5302,8.1605
1241,-1.3073,4.8576,2.4284,0.0254,21.3073,6.6091,8.2638
1242,27.65796254974382,12.159886140272093,2.3437,0.0317,11.6882,8.4421,8.7289
1243,-5.6945,3.8017,2.292,0.0179,25.6945,5.2071,8.8331
1244,-0.9127,8.4692,2.3406,0.0154,20.9127,14.3223,8.441
1245,-2.15,8.2545,2.2674,0.0173,22.15,8.0847,8.1409
1246,-6.5282,3.8322,2.2553,0.0258,26.5282,7.0721,8.1166
1247,-2.7673,5.7891,2.2877,0.0217905222513027,22.7673,11.7647,9.2189
1248,3.2964,4.639,2.3323,0.0264,16.7036,10.2005,9.1156
1249,3.0345,6.674,2.2989,0.0183,16.9655,7.7608,8.4278
1250,11.4855,6.3958,2.3646,0.0268,28.5145,12.0903,8.5155
1251,-2.3109,4.3482,2.2886,0.021150674733777415,22.3109,3.455,9.065
1252,0.3764,2.9581,2.3997,0.0203,19.6236,9.683,8.6309
