,feature_60,feature_478,feature_421,feature_125,feature_349,feature_442,feature_332
0,0.6990999999999992,6.0266,1.8087,15.82,0.0237,0.9639,0.07909999999999999
1,-1.4172999999999998,4.8218,1.4549,15.73,0.0272,0.8427,0.10709999999999999
2,10.235500000000002,6.158899999999999,1.988,15.69,0.0163,0.9192999999999999,0.0852
3,9.8518,5.0612,2.8063,15.77,0.03,0.7158,0.09849999999999999
4,1.0336000000000007,7.4828,1.0932,15.95,0.0243,1.1255,0.08169999999999998
5,3.6808999999999985,4.181300000000001,0.7021,15.75,0.0205,0.4782,0.0318
6,2.8108999999999993,5.9339,2.6353999999999997,15.7,0.0245,0.656,0.0752
7,1.5035999999999992,3.5466000000000006,1.9699,15.61,0.0174,0.9319999999999999,0.0863
8,1.709022247846181,9.1221,2.2942999999999993,15.95,0.0105,1.2771,0.0243
9,1.5744999999999993,3.3971,1.3589,15.87,0.020209574023577048,0.5317,0.0975
10,2.9282000000000017,4.7353,1.4902,16.01,0.0339,0.565,0.0824
11,5.499099999999999,5.268599999999999,2.2458,15.99,0.0172,0.9361,0.0807
12,-2.5026999999999995,6.8676,2.5141999999999998,15.709999999999999,0.0198,0.9174999999999999,0.0368
13,0.34000000000000097,7.0359,0.9559000000000001,15.95,0.0116,0.7316,0.09289999999999998
14,4.169100000000002,6.8146,0.8172999999999999,15.79,0.0225,0.8531999999999998,0.0311
15,-3.7399999999999998,2.7876000000000003,1.653,15.709999999999999,0.0236,0.7032,0.0892
16,9.209093857737782,6.262023046235878,0.9921,15.84,0.0148,0.7139,0.09089999999999998
17,1.9482000000000006,9.1675,2.7501,15.73,0.0381,0.8222,0.09399999999999999
18,8.145499999999998,3.4324,0.5649,16.07,0.0253,0.6144,0.1011
19,4.9555,9.9444,3.0235,15.54,0.0184,0.9383,0.0622
20,9.188200000000002,5.9269,2.7521,15.92,0.014,0.5593,0.0968
21,2.285499999999998,10.1458,2.126,15.66,0.0162,0.5836,0.09539999999999998
22,0.6190999999999994,7.557099999999999,1.0582,15.79,0.0229,0.78,0.09289999999999998
23,-3.7509,3.369,1.6263999999999998,15.709999999999999,0.0209,0.6373,0.1043
24,4.911800000000001,4.8707,0.9130999999999999,15.73,0.0154,0.7655,0.08499999999999999
25,0.1199999999999996,5.817,2.3232,15.84,0.0241,0.9964999999999999,0.0883
26,1.8172999999999986,3.4949,2.6912,15.99,0.0445,0.7928,0.08479999999999999
27,2.7927000000000004,3.9522,1.1494,15.87,0.0245,0.7233,0.09109999999999999
28,2.1109000000000018,8.8016,2.5678,15.84,0.0177,0.6667,0.07779999999999998
29,-4.4109,3.706,0.8233000000000001,15.75,0.019900000000000004,0.6641,0.0842
30,8.9136,7.1799,1.9599,15.73,0.0373,0.7584,0.0224
31,-2.076399999999999,6.11,0.5995,15.95,0.0278,1.1255,0.0652
32,0.5517999999999992,6.0246,1.6993,15.75,0.0273,1.0541,0.08749999999999998
33,-0.936400000000001,2.9235,1.4106,15.73,0.017,0.442,0.08389999999999999
34,5.206400000000001,4.0558,2.4229,15.92,0.0207,0.9237999999999998,0.08709999999999998
35,1.2835999999999999,6.9101909481496095,1.9827,15.97,0.0319,0.6987,0.0775
36,1.0027000000000001,7.1443,1.9321,15.7,0.0221,0.656,0.08119999999999998
37,-2.656399999999999,2.3646,1.5853,15.74,0.0256,0.7534,0.0824
38,-0.06359999999999978,10.0705,1.3856,15.76,0.0253,0.8858999999999999,0.0699
39,3.905500000000001,6.1617,2.1897999999999995,15.68,0.0164,0.6901,0.0224
40,2.0317999999999983,4.358200000000001,0.758,15.77,0.0227,0.5317,0.1065
41,17.387300000000003,5.7628,2.0262,16.05,0.031636715919566995,1.0644,0.0247
42,-0.1545,4.319,0.8953999999999999,15.73,0.0241,0.6815,0.0381
43,-0.3308999999999994,3.2036,1.686,15.8,0.0169,0.7053,0.0699
44,-5.7182,6.747999999999999,1.9768999999999999,15.85,0.0144,0.5632,0.0969
45,3.6500000000000004,6.0536,0.8224999999999999,15.98,0.0247,0.8716,0.0833
46,6.341833554255476,5.1949,3.0263,15.639999999999999,0.0151,0.7613,0.07779999999999998
47,-5.6473,6.4204,0.9488999999999999,15.85,0.025199999999999997,1.1525,0.0254
48,1.8609000000000004,2.582,0.6982,15.75,0.0197,0.9136,0.08319999999999998
49,-4.492699999999999,4.579500000000001,1.8650000000000002,15.75,0.0141,0.684,0.0381
50,17.400000000000002,5.1848,2.9276,15.77,0.0256,0.9251,0.0964
51,1.6072999999999993,4.6249,1.6524000000000003,16.04,0.0232,0.7663,0.0623
52,0.8872999999999996,3.9097,2.2843,15.879999999999999,0.024556168756341545,0.9251,0.10029999999999999
53,-2.7136000000000013,6.014999999999999,0.7504,15.78,0.0211,0.5669,0.030600000000000002
54,5.3382,6.0748,0.6393,15.74,0.0162,0.7898,0.0779
55,1.637299999999999,6.026,1.0597,15.75,0.0236,0.8807,0.0813
56,2.969099999999998,3.4708,0.7677,15.96,0.0141,0.577,0.08169999999999998
57,-1.0991,6.1979,0.5105,15.63,0.0154,0.9588,0.0658
58,2.9517999999999995,4.885700000000001,1.9332,15.879999999999999,0.0194,0.8435,0.0813
59,-10.369999999999997,4.454400000000001,0.587,15.879999999999999,0.023370528710444392,0.8384,0.08229999999999998
60,1.3445,3.9991,0.7364,15.73,0.0208,1.0216,0.1044
61,1.1664000000000003,3.4878,1.3675853263481896,15.776707392625823,0.02301217714217421,0.7584,0.0706
62,0.18729999999999988,3.4793000000000003,1.5628,15.8,0.0248,0.6641,0.0686
63,0.4836000000000005,3.9691,2.2048,15.84,0.0185,0.9964999999999999,0.09139999999999998
64,4.0809000000000015,3.2357,3.4596,15.73,0.0208,0.7506,0.1061
65,18.3936,4.273200000000001,2.1093999999999995,16.03,0.0386,0.7015,0.08589999999999999
66,1.2809000000000004,4.392200000000001,1.8251,15.67,0.0208,0.9396,0.08599999999999998
67,0.5681999999999992,7.684,1.8930999999999998,15.879999999999999,0.0183,0.8435,0.0813
68,8.095499999999998,6.9474,3.6139000000000006,15.75,0.024084330069781522,0.7928,0.0998
69,-1.9699999999999995,2.8027,0.7325,15.75,0.0337,0.481,0.0863
70,-8.2255,5.2293,1.4955,15.815669813013098,0.0138,0.6302,0.07739814571435276
71,-0.7499999999999996,5.8268,1.7461,15.709999999999999,0.025,0.6641,0.08749999999999998
72,0.16270000000000104,3.2661999999999995,2.0227,15.75,0.0215,0.7611,0.034
73,-1.9554999999999991,7.154799999999999,2.6144,15.87,0.0201,0.7477,0.0241
74,-1.3018000000000007,5.6613999999999995,2.0111,15.51,0.0281,0.8470999999999999,0.0337
75,-0.019099999999999406,6.4234,0.6356,15.96,0.0149,0.6335,0.0599
76,-2.032700000000001,4.8172,2.1069999999999998,15.84,0.0229,0.4254,0.029999999999999995
77,3.098199999999999,4.8741,0.9782,15.82,0.0192,0.7337,0.08949999999999998
78,-2.960900000000001,7.3252,2.6641999999999997,15.57,0.013400000000000002,0.8136,0.0311
79,3.5436000000000005,4.3696,0.6798,15.7,0.019900000000000004,0.6927,0.0347
80,1.5127000000000006,8.4684,1.7616,15.97,0.0239,1.0189,0.08169999999999998
81,1.1700000000000002,4.533,0.8233000000000001,15.879999999999999,0.023400000000000004,0.8146,0.08709999999999998
82,-0.8044999999999999,5.2201,0.9967,15.74,0.015199999999999998,0.7258,0.1092
83,2.989999999999998,6.867399999999999,2.1239,15.87,0.020413747799236277,0.577,0.10119999999999998
84,9.214588787298174,6.7229,2.2423999999999995,15.7,0.013499999999999998,1.0959,0.07539999999999998
85,0.6999999999999997,3.952,1.0328,15.65,0.0175,0.8594999999999999,0.0858
86,10.9955,9.4756,3.0711,15.75,0.0306,1.1815,0.0937
87,1.7372999999999987,4.368200000000001,2.7535,15.77,0.026899999999999997,0.8751999999999999,0.09089999999999998
88,1.3793583503679339,6.6127,1.558,15.98,0.0323,0.8716,0.09109999999999999
89,0.9572999999999994,5.5044,1.8251,16.01,0.0219,0.5194,0.1067
90,-3.3555000000000006,6.5896,2.2185,15.87,0.024822998358603292,0.7392,0.07819999999999999
91,-0.6326999999999994,5.515,1.1295,15.709999999999999,0.0169,1.0143,0.1087
92,5.069099999999999,2.7352,2.2274,16.07,0.0193,0.745,0.1058
93,11.2909,10.7271,2.3212999999999995,15.91,0.021,0.8435,0.09249999999999999
94,-2.6109,2.5503,0.728,15.89,0.0151,0.7032,0.0841
95,-0.3736000000000008,5.7983,0.985,15.95,0.0127,0.7643,0.08479999999999999
96,-1.1390999999999998,3.3645000000000005,1.2846298184993012,15.94,0.0204,0.9078999999999999,0.061900000000000004
97,-4.99,4.3431,1.2342,15.72,0.020418451867020466,0.8229,0.08319999999999998
98,-0.9091000000000006,4.2125,2.1252,15.51,0.0176,0.7611,0.11110000000000002
99,1.816399999999998,5.801,1.9196,15.66,0.0226,0.9726000000000001,0.0685
100,0.12269999999999905,6.0602,1.8766,15.85,0.0262,0.7928,0.0998
101,0.8744999999999996,5.0466,2.2727,15.92,0.0125,0.8689999999999999,0.0264
102,-1.0181999999999998,6.2631,0.6018,15.75,0.0142,0.46599999999999997,0.0858
103,0.303599999999999,6.8782,0.8932,15.76,0.0189,1.062,0.0969
104,2.0509000000000017,8.3516,2.1523999999999996,15.84,0.026,0.6163,0.08449999999999999
105,5.960494636110567,8.4149,0.5819,15.77,0.0352,1.0551,0.0529
106,4.146400000000001,8.2175,1.8864,15.63,0.0202,0.6222,0.0865
107,0.3244999999999994,8.9509,0.8375999999999999,15.62,0.020270894243500426,0.6796,0.11139999999999999
108,6.152700000000001,2.6252,0.9826,15.85,0.0183,0.9639,0.0915
109,-1.8473000000000006,8.9647,2.3235999999999994,15.83,0.0249,0.8556,0.0946
110,-1.6436000000000006,7.076,1.4712,15.72,0.0202,0.8133,0.10709999999999999
111,2.298200000000002,4.252,0.9955,15.709999999999999,0.0171,0.593,0.0861
112,3.7541345477015513,3.626,0.6129,15.74,0.0395,0.6641,0.07849999999999999
113,3.8109,5.1132,1.2073,15.84,0.0146,0.9273999999999999,0.05740102728350237
114,-6.74,4.736,1.6664,15.61,0.0195,0.3973,0.0452
115,2.2617999999999996,8.7071,1.7749999999999997,15.709999999999999,0.0253,0.7852,0.0989
116,1.924499999999998,4.641700000000001,0.4866,15.99,0.0136,1.0918,0.0932
117,-0.440899999999999,6.1962,1.4757,15.7,0.0175,0.5779,0.1187
118,8.608656649779904,6.5265,1.836,15.76,0.04320000000000001,0.8446,0.0529
119,2.4208999999999987,6.6675,1.5360151882032753,15.82,0.0218,0.5478,0.11410000000000001
120,-0.8099999999999993,6.09720408608392,2.7056999999999998,15.74,0.0294,1.0135,0.09359999999999999
121,2.4339413356873854,3.8789908231724994,1.7405,15.82,0.0153,0.7093,0.08339999999999999
122,-1.1658245482952037,4.7846,1.7306000000000001,15.78,0.0237,0.7574,0.08709999999999998
123,-0.7154999999999991,2.1779,2.1812999999999994,15.73,0.0245,0.593,0.0939
124,4.150899999999999,5.0601,1.1449,15.85,0.0285,0.8342999999999999,0.084
125,3.9673000000000016,5.5115,0.6254,15.7,0.0171,1.1213,0.09096748225223435
126,-3.6500000000000004,4.6997,0.8176,15.77,0.0261,0.5779,0.11029999999999998
127,-1.985499999999999,7.921400000000001,0.4724,15.77,0.0197,0.8159,0.0855
128,-3.8799999999999994,4.8058,2.9509,15.73,0.0122,0.6268,0.0315
129,5.804499999999997,8.0418,1.2537,15.61,0.0248,0.8159,0.0824
130,-0.9944999999999993,6.5778,2.1511999999999993,15.82,0.0284,1.0541,0.1065
131,-4.663600000000001,4.3419,2.7453999999999996,15.8,0.0224,0.7477,0.08569999999999998
132,1.4748898449588723,3.4781,1.4538,15.861007228791431,0.0283,0.9835999999999999,0.05500022420950573
133,3.250899999999998,5.7289,0.7672,15.9,0.0222,0.9048,0.0932
134,2.3318000000000016,5.6591,1.4371,15.87,0.02129022379358347,0.9174999999999999,0.10509999999999999
135,5.4018000000000015,3.3141000000000003,3.5447,15.79,0.0146,0.8235,0.08479999999999999
136,-0.5690999999999996,3.3826,0.8435,15.73,0.0156,0.811,0.0939
137,-0.5828481730472451,6.0188,1.8808000000000002,15.75,0.03620000000000001,0.7574,0.0968
138,-1.057299999999999,3.3903,1.4503420388378327,15.97,0.024,0.7643,0.0775
139,-6.876400000000002,4.028500000000001,1.7813,15.98,0.0195,0.6163,0.0452
140,2.813600000000001,5.8022,1.9253,15.73,0.0164,0.7139,0.08969999999999999
141,-3.7245000000000004,5.115600000000001,2.6715,15.73,0.0307,0.9174999999999999,0.0368
142,-1.218200000000001,5.243,2.1351,15.87,0.0342,0.7477,0.09379999999999998
143,-5.68,8.4634,2.3414,15.85,0.0245,0.573,0.030100000000000002
144,1.251800000000001,4.0841,1.7749999999999997,15.61,0.0372,0.7532,0.08189999999999999
145,-0.11450000000000013,5.2041,1.02,15.85,0.0229,0.573,0.0323
146,19.560899999999997,6.634,2.4077999999999995,15.87,0.0243,0.7507,0.0969
147,-3.7673,5.8656,1.9112999999999998,15.74,0.0293,0.6787,0.0304
148,-3.6854999999999993,5.7486,1.3434,15.96,0.0291,0.9588,0.0852
149,3.3917999999999977,5.460600000000001,1.1369,15.97,0.022,0.3963,0.0849
150,-2.5036,5.4421,0.7179,15.73,0.0128,1.0186,0.0373
151,16.2418,6.1628,2.7813,15.85,0.0293,0.9683,0.0246
152,4.660899999999999,4.2114,2.0708,15.8,0.0386,1.0459,0.0786
153,1.5881999999999998,2.8513,2.6077999999999997,15.82,0.0169,0.7584,0.0734
154,12.773017350313445,8.171,3.1338999999999997,15.85,0.0187,0.7059,0.0969
155,0.15180000000000055,3.0125,1.0383,15.92,0.0239,0.7928,0.10029999999999999
156,8.063599999999997,6.2537,2.4535999999999993,15.72,0.0244,0.7524,0.0964
157,2.04975914567962,8.3929,3.4671,15.86,0.037,0.5955,0.07889999999999998
158,3.265499999999999,7.2471,2.3014,15.61,0.0145,0.577,0.0865
159,2.2008999999999994,3.9769999999999994,1.3672,15.639999999999999,0.0191,0.5194,0.1067
160,-6.640900000000001,2.9266000000000005,0.8620000000000001,15.7,0.0186,1.1623,0.0811
161,-3.7045000000000003,6.9715,2.2266999999999997,15.7,0.0264,0.8615999999999999,0.10169999999999998
162,-2.6299999999999994,4.9807,1.8963,15.91,0.0221,0.5377,0.08189999999999999
163,-2.7282,2.8666000000000005,1.0244,15.7,0.014300000000000002,0.7677,0.0939
164,2.6718,2.7091,1.7514,15.8,0.0213,0.9048,0.08676549112812079
165,1.0044999999999993,6.8317,0.8049,15.85,0.0264,0.8882999999999999,0.0932
166,1.6018,3.6851999999999996,2.1632999999999996,15.57,0.0151,0.7532,0.0792
167,20.7209,4.603200000000001,3.3969000000000005,15.8,0.02736449235229324,0.7408,0.0804
168,-3.1254999999999993,4.0177000000000005,0.6876,15.709999999999999,0.0203,0.9332,0.1088
169,4.0991,3.9273,2.3478,15.84,0.0289,0.6576,0.08729999999999999
170,-6.339100000000001,2.5684,1.3299,15.72,0.0158,0.8858999999999999,0.1087
171,6.245500000000002,5.0709,0.8251999999999999,15.85,0.0277,0.768,0.0915
172,10.210899999999999,4.8214,2.4317,15.8,0.0405,0.7162,0.0734
173,1.1821763904151406,5.766800000000001,2.1292,15.8,0.0371,1.0959,0.0729
174,-0.7245000000000001,4.6526,1.5148,15.74,0.014,1.0541,0.0841
175,-0.2708999999999996,3.3925,0.5628,15.56,0.0247,0.9066,0.0324
176,10.8955,4.3312,2.2772,15.77,0.0328,0.7524,0.1004
177,3.7778934606964825,6.056525283178984,1.8718,15.74,0.0162,0.8446,0.0786
178,-1.090900000000001,5.7275,2.5222,15.709999999999999,0.0177,0.8858999999999999,0.0686
179,-0.5654999999999997,4.8219,2.1378999999999997,15.73,0.0209,0.7277,0.0315
180,-2.8817999999999997,5.3451,2.3022,15.89,0.015,0.8146,0.065
181,3.1136,7.6393,1.1073,15.84,0.0296,0.9059,0.0257
182,-7.0082,7.8141,2.1375,15.69,0.0296,0.9276000000000001,0.1088
183,3.0717999999999988,6.275,1.955,15.75,0.0207,0.6385,0.0851
184,-1.5035999999999992,2.8462,2.0028,15.74,0.026899999999999997,0.7852,0.0863
185,3.184499999999998,5.4338,1.6881000000000002,15.93,0.018199999999999997,1.0189,0.0856
186,11.110937844031884,5.3468,2.7002,15.9,0.0219,0.8556,0.1013
187,-12.1527,5.096099999999999,1.6525,15.77,0.0132,1.148,0.0759
188,2.3199999999999985,4.7428,2.9692,15.76,0.0264,0.685,0.084
189,0.7863999999999994,5.0348,1.9954999999999998,15.69,0.021699999999999997,0.6796,0.0323
190,-2.481799999999999,3.3746,1.8234,16.01,0.0202,0.6385,0.0824
191,9.333599999999999,8.5107,1.4548,15.87,0.0153,0.7898,0.0366
192,2.042700000000001,8.6072,1.9924,15.72,0.0316,0.9087,0.0993
193,2.43,3.6629,1.0834,15.93,0.0163,0.9735,0.10169999999999998
194,0.303599999999999,7.5994,2.0297,15.95,0.021600000000000005,1.0078,0.09289999999999998
195,0.24639999999999915,6.4316,1.278,15.93,0.0241,0.8858999999999999,0.10169999999999998
196,1.2690999999999992,6.585700000000001,1.2354,15.78,0.0301,0.6257,0.062099999999999995
197,0.2818000000000001,4.416800000000001,1.4825,15.77,0.0261,0.5888,0.0852
198,-0.9236000000000011,6.5365,1.5611,15.709999999999999,0.0225,0.7954,0.10619999999999999
199,5.3782,5.5785,1.0077,15.83,0.0326,0.8235,0.08029999999999998
200,0.8044999999999999,7.499299999999999,1.8409,15.8,0.033,0.47490000000000004,0.0323
201,0.42000000000000065,6.8146,2.0961,15.82,0.0212,0.8615999999999999,0.08749999999999998
202,2.8235999999999986,7.901699999999999,1.9215,15.709999999999999,0.021600000000000005,0.9525000000000001,0.0328
203,1.3282000000000007,2.8024,0.8874,15.454196657788039,0.0277,0.6644,0.0337
204,1.9935999999999996,6.7038,1.5426,15.67,0.0247,0.4382,0.0662
205,2.585500000000001,3.1843,2.1252,15.62,0.0366,0.8197999999999999,0.0328
206,16.407300000000003,6.6161,2.6824,15.9,0.0411,0.7158,0.08229999999999998
207,6.682700000000002,5.5553,1.8492000000000002,15.8,0.0247,0.9237999999999998,0.08709999999999998
208,2.824499999999999,4.281300000000001,0.7962,15.9,0.0205,0.7928,0.08479999999999999
209,7.3164,3.2839,1.1332,15.8,0.0169,0.713,0.0896
210,7.070899999999997,5.7825,1.9733,15.99,0.0205,0.4389,0.082
211,-2.5435999999999996,5.4237,2.1247999999999996,15.709999999999999,0.0192,0.4817,0.08139999999999999
212,4.632699999999998,3.6741,2.4001,15.879999999999999,0.019703799059405308,0.9725,0.09769999999999998
213,-0.6935999999999998,5.2008,1.1627,15.94,0.0196,0.832,0.0664
214,-0.9408999999999994,6.4924,0.7652,15.83,0.0122,0.7681,0.0652
215,-5.3264000000000005,5.4535,0.9079000000000002,15.73,0.0163,0.6268,0.0356
216,2.8009000000000013,4.0832,1.297,15.93,0.023644477142376896,0.7865,0.0818
217,-10.6036,6.8752,0.6016,15.82,0.0176,0.9059,0.0969
218,-5.9045,6.2047,3.2785000000000006,15.92,0.0272,0.811,0.0747
219,-4.768199999999999,3.8697,1.0596,15.56,0.0238,1.026,0.10049999999999999
220,12.8982,8.285,0.9323000000000001,15.79,0.0341,0.7015,0.0746
221,5.650000000000002,9.0309,0.9712000000000001,15.85,0.0165,1.0393,0.09289999999999998
222,0.6054999999999995,4.2645,1.4585,15.56,0.0264,0.9525000000000001,0.1104
223,1.0291000000000001,6.679,1.7501,15.75,0.0208,0.78,0.08479999999999999
224,-2.5345000000000004,2.7794,1.5833,15.77,0.0228,0.6373,0.1187
225,15.717604760972963,8.8334,2.7268999999999997,15.83,0.0116,0.596,0.0946
226,1.7017999999999995,4.1438,1.3701,15.6,0.0211,0.7611,0.10550000000000001
227,-3.0100000000000002,2.7758,0.5965,15.69,0.0243,0.9091,0.0851
228,5.029999999999999,4.593071320615546,2.2180999999999997,15.83,0.013,0.7584,0.0779
229,0.2335999999999992,4.257300000000001,1.3857,15.74,0.0172,0.6163,0.0935
230,-1.7900000000000003,2.2725,1.5165,15.77,0.0151,0.7558,0.0841
231,-0.18820000000000042,4.4714,0.8135000000000001,15.72,0.0273,0.8451999999999998,0.1104
232,-3.9509,4.133500000000001,1.1642,15.93,0.0236,0.9074999999999999,0.1088
233,-8.4836,6.991799999999999,2.7878,15.92,0.0175,0.8384,0.08229999999999998
234,3.8800000000000017,4.6953,0.7131,15.77,0.0381,0.687,0.097
235,0.6782000000000008,4.7511,2.543,15.9,0.0184,0.6302,0.077
236,5.794499999999999,6.0735,1.3642,15.86,0.0242,0.9444,0.0894
237,1.5644999999999993,6.6138,1.0315,15.76,0.021138839361507827,0.8569,0.1104
238,6.849100000000002,4.3849,1.2181,15.82,0.0272,0.5374,0.0901
239,4.9335999999999975,5.8227,1.2591,15.73,0.0284,0.4782,0.08327603469803653
240,-3.865500000000001,6.381,1.8574,15.709999999999999,0.0203,0.7719,0.1033
241,5.12833315471449,5.7213,0.7752,15.8,0.011,0.7613,0.07759999999999999
242,1.7317999999999993,3.7079,2.3521999999999994,15.65,0.028,0.6641,0.0686
243,-5.5200000000000005,3.7167,3.1517999999999997,15.79,0.033,0.684,0.10169999999999998
244,-0.6326999999999994,3.0271,0.8157,15.65,0.0197,0.6373,0.084
245,5.1773,4.8457,1.2656,15.72,0.0247,0.9726000000000001,0.1047
246,1.1526999999999998,5.4141,1.7824,15.91,0.0162,1.1248,0.105
247,-2.5345000000000004,2.8331000000000004,0.4774,15.709999999999999,0.0163,0.9332,0.1088
248,-3.9618,4.9627,1.9589,15.66,0.0132,0.47439999999999993,0.0569
249,0.6999999999999997,7.0696,0.9041,15.84,0.0257,0.481,0.04730153799900272
250,-1.8045000000000007,7.2043,2.896,15.73,0.0205,0.5329,0.0272
251,5.981061407371033,3.1529,2.6733,15.79,0.0263,0.5593,0.1004
252,-3.192699999999999,3.0517,2.2056,15.61,0.0156,0.9186,0.1024
253,10.310747240636449,5.9742,3.1110999999999995,15.74,0.0175,0.8735,0.07539999999999998
254,-0.7035999999999997,4.8678,1.5064,15.99,0.025100000000000004,1.1638,0.0806
255,-4.2326999999999995,7.7983,1.5364,15.7,0.0184,0.7337,0.10169999999999998
256,6.7391,6.9887,1.4232,15.68,0.0392,0.7584,0.0779
257,3.217299999999998,5.4916,2.4854,15.69,0.0192,0.8658999999999999,0.10029999999999999
258,3.9382,4.8265,1.0244,15.73,0.0308,0.9251,0.10189999999999999
259,1.1617999999999993,10.5293,1.4587,15.709999999999999,0.0276,0.6805,0.0607
260,-3.4500000000000006,5.9053,1.7749999999999997,15.54,0.018,0.9707000000000001,0.0334
261,1.1273000000000009,2.8783999999999996,3.4979,15.79,0.0315,0.9254999999999999,0.10029999999999999
262,0.795500000000001,2.4776,0.7925,16.09,0.0224,0.6815,0.1045
263,3.5263999999999984,6.2851,1.2446,16.0,0.022,0.57,0.08499999999999999
264,-3.2718000000000003,4.0368,1.5641,15.77,0.0151,0.7032,0.11029999999999998
265,-2.3890999999999996,5.9176,1.9608,15.65,0.0255,0.6332,0.084
266,-5.7373,6.2186,1.6343,15.709999999999999,0.0116,0.3512,0.0336
267,-0.1545,4.426300000000001,1.0407,15.96,0.0183,0.9525000000000001,0.1045
268,1.178199999999999,6.4326,1.4277,15.9,0.0228,0.9192999999999999,0.0804
269,-0.22820000000000026,5.327713938503876,1.0676,15.93,0.028,0.9715000000000001,0.0856
270,0.3417999999999999,4.5494,0.9587,15.97,0.014300000000000002,0.8336,0.0887
271,9.592699999999999,4.018600000000001,3.455,15.85,0.034,0.7121,0.08599999999999998
272,-1.1454999999999997,4.1182,0.995,15.87,0.021600000000000005,0.6611,0.034
273,0.5609000000000007,2.8961,1.9302,15.75,0.019999999999999997,0.8716,0.09129999999999999
274,4.535500000000001,4.1739,1.5435,15.709999999999999,0.0145,0.6644,0.0692
275,-1.9899999999999995,5.941,2.1488999999999994,15.66,0.0157,0.7663,0.0299
276,-0.9917999999999998,3.4182,1.35,16.02,0.026899999999999997,0.768,0.0849
277,-2.5682000000000005,3.2156,0.7577,15.7,0.0171,0.593,0.0811
278,2.969099999999998,3.4776,2.6027,15.67,0.03186444173011163,0.9066,0.0312
279,-0.016399999999999942,4.2753,1.472,15.7,0.0192,0.6903,0.0858
280,2.9864,3.95,1.6735,15.79,0.0327,0.8089,0.1257
281,0.08549999999999917,7.3841,2.1118999999999994,15.95,0.0222,0.9072,0.028300000000000002
282,0.5764000000000001,4.142500000000001,1.2718,15.81,0.0245,0.8704999999999999,0.08999999999999998
283,3.336400000000001,4.5331,1.3634,15.79,0.0187,0.9735,0.0887
284,-4.919100000000002,5.6678,0.8958999999999999,15.66,0.0204,0.6787,0.0336
285,1.7081999999999995,4.001,1.9193999999999998,15.709999999999999,0.018199999999999997,0.8149999999999998,0.0858
286,-9.1,6.1557,0.9013,15.75,0.0176,1.0765,0.0338
287,12.4309,10.2688,1.6419,15.78,0.0147,0.8007,0.0779
288,15.81,5.8984,2.9613,15.879999999999999,0.0368,1.1869,0.09849999999999999
289,-4.15,3.8611,0.887,15.78,0.0188,0.714,0.08189999999999999
290,1.405500000000001,7.1475,1.3566,15.66,0.0168,0.8658999999999999,0.09969999999999998
291,4.801799999999999,6.4164,2.1945999999999994,15.84,0.0262,1.0047,0.08599999999999998
292,5.915500000000001,5.5662,1.7398000000000002,15.82,0.0317,0.7664,0.08949999999999998
293,-2.3364000000000003,3.2527,0.697,15.66,0.0284,0.8571,0.10029999999999999
294,-2.115500000000001,4.6677,1.5606,15.75,0.024,1.0918,0.079
295,2.2799999999999985,7.5564,2.7213999999999996,15.97,0.0161,0.7153,0.10189999999999999
296,1.9335999999999998,3.6107,1.612,15.709999999999999,0.021699999999999997,0.6857,0.0337
297,5.615500000000002,2.9642,1.5762,15.8,0.0208,0.7674,0.09559999999999999
298,-10.8745,3.8138,0.9173999999999999,15.8,0.0155,0.8384,0.07849999999999999
299,13.3709,5.449375411980228,1.5739,15.99,0.0116,0.7316,0.0852
300,13.3745,5.0984,3.1758999999999995,15.879999999999999,0.032457743106846175,0.7059,0.08229999999999998
301,0.15359999999999946,7.5974,0.9381,15.78,0.0259,1.1623,0.1092
302,4.1591,2.9657,0.8528,15.77,0.017,0.7724,0.1011
303,-5.0245,8.7115,3.3517,15.73,0.0309,0.8962,0.0937
304,7.059099999999998,5.8522,1.8691999999999998,15.92,0.0141,0.8689999999999999,0.0856
305,2.1045000000000016,10.5022,1.9806000000000001,15.89,0.0308,0.9729,0.0775
306,2.5490999999999993,5.603699999999999,1.739,15.67,0.026899999999999997,0.8160999999999999,0.0662
307,0.598199999999999,3.1248999999999993,1.603,15.74,0.0242,0.5066,0.084
308,-0.17729999999999993,6.41,2.1100999999999996,15.63,0.0131,0.6222,0.0658
309,3.2799999999999994,3.5925,2.0531,15.72,0.0224,1.0803,0.0993
310,16.0155,8.5333,1.9620000000000002,15.89,0.0263,0.5677,0.0257
311,3.3691000000000004,5.0427,0.6811,15.73,0.0278,0.5858,0.089
312,2.197084097915627,4.525800000000001,2.4636,15.84,0.0156,1.1054,0.0243
313,1.379100000000001,9.2809,0.9467,16.04,0.025097955166607636,0.9826,0.08679999999999999
314,-3.181800000000001,6.16,0.5997,15.72,0.0239,0.9329000000000001,0.0324
315,-4.617299999999999,5.0841,1.757,15.77,0.0208,0.9707000000000001,0.0829
316,-0.8963999999999991,4.4311,1.2101,15.91,0.019999999999999997,0.604,0.0924
317,3.7892427130174684,5.061893736351381,1.6621999999999997,15.74,0.016,0.687,0.097
318,-1.4608999999999996,7.3778,2.1459,15.73,0.0156,0.9329000000000001,0.0311
319,4.974500000000003,3.4412,0.6991,15.73,0.0344,1.0551,0.0821
320,5.907299999999999,5.579899999999999,0.9218,15.75,0.0316,0.7642,0.09089999999999998
321,0.9027000000000006,3.8619,1.1523,15.77,0.0208,0.7532,0.08999999999999998
322,0.9591000000000004,3.1241,1.6313,15.75,0.0247,0.8336,0.0881
323,-3.2509,7.3364,1.8787,15.79,0.0272,1.148,0.0746
324,3.2590999999999988,6.047581616887923,0.7543,15.75,0.0264,1.0338,0.0921
325,-0.8727000000000007,4.3145,0.8444,15.7,0.0195,1.0359,0.0858
326,4.409100000000001,6.7011,0.9225,15.73,0.0149,1.0323,0.09759999999999999
327,-4.659099999999999,5.8666,0.5484,15.58,0.0205,1.0478,0.1043
328,2.012699999999999,4.571,0.5202,15.77,0.0227,0.8435,0.0813
329,1.0217999999999996,3.4914000000000005,2.06,15.91,0.0168,0.8807,0.07909999999999999
330,4.042699999999998,5.4374,2.1482999999999994,15.96,0.0179,0.7643,0.0775
331,6.561112410987524,3.0761,3.2684000000000006,15.82,0.0259,1.0459,0.0759
332,4.456400000000001,5.814017840486101,0.8538,15.75,0.0289,1.0338,0.09089999999999998
333,1.858199999999999,6.818,1.1948,15.87,0.0221,0.9074999999999999,0.1067
334,4.310899999999998,4.502500000000001,2.6818999999999997,15.74,0.0266,0.8681,0.08499999999999999
335,0.2535999999999991,5.7431,1.2137,15.96,0.0257,0.577,0.08479999999999999
336,0.6573000000000004,7.111699999999999,2.1677,16.07,0.0242,0.9276000000000001,0.0352
337,-1.5091000000000006,6.8431,1.585,15.81,0.0277,0.8154999999999999,0.10049999999999999
338,-5.7473,2.6227,1.6569999999999998,15.78,0.0242,0.7677,0.0811
339,7.7745000000000015,3.4881,3.4495000000000005,15.93,0.0231,0.7747,0.0964
340,1.4372999999999998,9.2986,1.2794,16.04,0.0232,0.8230999999999999,0.0855
341,20.711799999999997,4.7381,2.9175,15.92,0.0315,0.7507,0.0257
342,2.4217999999999993,5.6564000000000005,2.5844,15.73,0.0232,0.9332,0.0615
343,-3.2373,4.4719,1.7994,15.73,0.0305,0.9174999999999999,0.0368
344,10.770899999999997,8.6732,2.7769,15.85,0.027642710119574185,0.9059,0.09419999999999999
345,2.211800000000002,3.3887,1.9091,15.92,0.0131,0.8689999999999999,0.105
346,-9.768199999999998,6.4163,0.8401,15.62,0.0154,0.3973,0.0321
347,2.1472999999999995,2.5138,2.7411,15.73,0.028699999999999996,0.8041,0.08599999999999998
348,-3.1454999999999993,8.0986,0.7289,16.04,0.0246,1.0189,0.0623
349,-4.25,5.000099999999999,2.0969999999999995,15.73,0.021,0.47439999999999993,0.05729999999999999
350,1.0636000000000005,7.3977,2.7709999999999995,15.73,0.0144,0.8807,0.07909999999999999
351,-0.5393149517847421,4.406530508184775,1.6154,15.75,0.0213,0.6644,0.0337
352,4.590989657878994,6.068814340599879,2.0192,15.74,0.013,0.8435,0.0835
353,8.6673,3.5482,2.5299999999999994,15.74,0.0195,1.0891,0.077
354,-1.432700000000001,3.8467,0.7463,15.69,0.0125,0.685,0.0851
355,-5.856400000000001,4.6662,1.2939,15.7,0.0153,0.7719,0.1043
356,-1.1173000000000008,5.1698,1.932,15.87,0.0259,0.768,0.08679999999999999
357,-4.814499999999999,5.678,0.9046,15.97,0.0238,0.8159,0.0639
358,-1.1945000000000006,6.4728,1.7227,15.7,0.021,1.0631,0.0861
359,5.471799999999999,6.0985,1.1061,15.74,0.031,1.0216,0.0615
360,6.5191,6.4151,1.1436,15.93,0.021,0.8344999999999999,0.09759999999999999
361,3.176400000000002,4.071300000000001,0.6872,15.73,0.0183,0.8047,0.0381
362,14.75,9.9885,2.8023,15.82,0.0298,1.0323,0.1013
363,2.191800000000002,4.8167,2.4189,15.79,0.021,1.0216,0.062099999999999995
364,5.080899999999998,8.4171,1.1171,15.85,0.019360936336380172,0.9413000000000001,0.0946
365,6.991799999999998,5.2587,1.7634,15.639999999999999,0.0441,0.9393,0.0224
366,-3.9318000000000004,3.8097000000000003,1.317,15.83,0.013400000000000002,1.0393,0.06130000000000001
367,1.2799999999999998,8.226,0.5958,15.66,0.0188,0.745,0.045
368,-17.3591,6.8912,2.5187999999999997,15.8,0.0325,0.6302,0.0792
369,6.336399999999999,4.6662,2.7418999999999993,15.879999999999999,0.02506657207653397,1.062,0.097
370,4.564500000000002,8.1722,0.6868,15.85,0.023222597753535548,1.0338,0.07649999999999998
371,0.13639999999999952,4.6148,2.091,15.77,0.0208,0.5194,0.0352
372,-0.5954999999999996,2.1151,1.4633,15.68,0.0137,0.593,0.0838
373,0.3391000000000004,8.6037,1.8734999999999997,15.78,0.0231,0.6222,0.1044
374,-2.2636000000000007,3.5046,1.4747,15.76,0.0198,0.587,0.1065
375,3.8936000000000015,4.8816,2.5589,15.85,0.02475106655893043,0.687,0.09379999999999998
376,-0.007300000000000505,6.733599999999999,1.9701000000000002,15.83,0.0208,0.7506,0.1061
377,0.4836000000000005,6.411,0.9044,15.73,0.0413,1.0803,0.077
378,-2.3264000000000005,3.253,1.7826999999999997,15.76,0.0238,0.47439999999999993,0.0863
379,1.4744999999999997,5.6832,2.8894,15.85,0.04009999999999999,0.9361,0.08479999999999999
380,1.2326999999999995,4.0468,1.553,15.65,0.0256,0.713,0.10099999999999999
381,-4.901799999999999,4.0905000000000005,1.0624,15.82,0.019,0.7159,0.10169999999999998
382,-2.665500000000001,5.533,1.1577,15.95,0.0144,0.5836,0.0764
383,2.0663999999999993,7.1405,0.9758,15.82,0.033,0.687,0.09379999999999998
384,0.765499999999999,5.7586,1.0766,15.97,0.0162,0.9826,0.09089999999999998
385,-7.4155,4.3502,0.7881,15.67,0.0177,0.5677,0.0248
386,-0.45000000000000057,5.1544,1.2624,15.74,0.0223,0.46599999999999997,0.08589999999999999
387,-0.2482000000000002,5.6555,1.5908,15.72,0.0164,0.6066,0.08499999999999999
388,17.1745,9.4912,2.7855999999999996,15.83,0.0394,0.9683,0.1013
389,3.888199999999998,3.9964999999999997,1.6534,16.01,0.044599999999999994,0.6242,0.1067
390,4.398199999999998,3.2659,1.3198,15.77,0.0203,0.587,0.0932
391,13.059632211144125,9.1891,1.8891,15.75,0.0255783399522982,1.0323,0.0969
392,8.450205257088852,3.8906,2.4727999999999994,15.91,0.015,1.0323,0.0937
393,-4.236400000000001,3.5871000000000004,2.6303999999999994,15.82,0.0249,0.7159,0.1065
394,-3.4445000000000014,4.7695,2.155,15.709999999999999,0.0255,1.0541,0.1043
395,3.1372999999999984,5.3052,1.8990000000000002,15.77,0.0266,0.8076,0.0851
396,5.934499999999999,3.6369,1.3708,15.72,0.024118850403053622,0.9232,0.08999999999999998
397,0.9091000000000006,3.4436000000000004,0.8669,15.69,0.025,0.9251,0.10189999999999999
398,2.4845000000000006,4.0141,1.2213,15.9,0.013,0.6903,0.0932
399,17.6382,5.096,2.2359,15.8,0.0428,0.7015,0.08589999999999999
400,-1.332699999999999,8.9143,1.9062,15.54,0.0218,0.8296999999999999,0.0272
401,1.1681999999999992,4.7835,0.9006,15.9,0.023400000000000004,1.0393,0.08479999999999999
402,-1.3727000000000011,5.2717,1.456,15.89,0.0186,0.9735,0.0822
403,8.144500000000003,8.3032,2.2752999999999997,15.78,0.0179,1.0135,0.09249999999999999
404,4.999100000000001,6.723499999999999,0.9237999999999998,15.815352134416178,0.0257,0.8342999999999999,0.084
405,7.703376920515032,6.5836,2.3814,15.85,0.0379,0.7507,0.09429999999999998
406,3.093329664651935,8.1065,2.2570999999999994,15.84,0.03,0.7059,0.08049999999999999
407,-2.5417999999999985,3.965,1.9623999999999997,15.469999999999999,0.0262,0.5967,0.1104
408,3.625500000000002,5.26894770782571,2.718,15.709999999999999,0.0265,0.6796,0.0311
409,-2.920900000000001,1.9674,1.7729,15.75,0.0207,1.0541,0.0841
410,-3.5726999999999998,6.4423,1.8911,16.01,0.0206,0.7534,0.0326
411,9.049999999999999,6.364,1.229,15.78,0.0193,1.1086,0.08088436119275927
412,6.3435999999999995,3.7264,1.0635,15.67,0.02218494360159194,0.9725,0.07649999999999998
413,8.286925467714454,3.5796,2.8607,15.74,0.03691129556175018,0.4221,0.0538
414,2.874500000000001,9.7565,1.0277,15.85,0.0257,0.8751999999999999,0.097
415,0.9736000000000009,5.3740000000000006,0.7342,15.57,0.013,0.8229,0.10029999999999999
416,-3.1827000000000014,4.2716,1.8462,15.73,0.0121,0.8136,0.0336
417,5.809100000000001,4.358900000000001,3.3147000000000006,15.85,0.0378,0.8556,0.09419999999999999
418,5.615500000000002,4.7003,1.8069999999999997,15.73,0.0204,0.713,0.08599999999999998
419,-3.5400000000000005,4.8902,2.3879,15.86,0.026999999999999996,0.5742,0.029999999999999995
420,3.989999999999999,4.0074,1.189,15.81,0.0111,0.8689999999999999,0.0264
421,0.7699999999999995,3.9461999999999997,0.7803,15.75,0.018199999999999997,0.9136,0.0851
422,2.0673,6.3906,0.832,15.69,0.0156,0.9091,0.10029999999999999
423,-2.4373000000000005,3.6829000000000005,0.6956,15.78,0.0154,0.7258,0.0811
424,3.1526999999999994,5.1688,2.1811,15.98,0.0139,0.4685,0.0353
425,-1.9891000000000012,5.3999,1.8713,15.61,0.0248,0.9735,0.06099999999999999
426,0.9517999999999999,5.8937,1.6621999999999997,15.98,0.0203,0.7681,0.0623
427,-4.9336,5.0456,2.3409,15.57,0.0242,0.6056,0.029999999999999995
428,1.707300000000001,5.6009,3.0977999999999994,15.74,0.0258,0.6066,0.1044
429,6.453546805128901,6.0666,1.948,15.83,0.0431,1.0407,0.0759
430,-3.4991000000000003,4.392600000000001,1.9708,15.89,0.017,0.8149999999999998,0.1065
431,-0.46819999999999945,4.8846,0.6983,15.77,0.0184,0.4817,0.0381
432,-5.709100000000001,5.605,2.4153999999999995,16.07,0.020288588904137636,0.4817,0.0867
433,8.3045,4.665,2.2507999999999995,15.83,0.0189,0.9368,0.0779
434,-6.0455,3.5785,0.8838,15.76,0.0167,0.6161,0.08159999999999999
435,-0.2627000000000007,2.7083,0.8834,15.83,0.0162,0.5284,0.1058
436,-3.7535999999999996,4.8003,2.3408,15.89,0.0208,1.0631,0.0713
437,-1.1836000000000002,4.1362,1.1907,15.75,0.0184,0.7032,0.09109999999999999
438,-10.1291,7.744200000000001,2.9397,15.79,0.0324,0.6302,0.07779999999999998
439,-1.2954999999999992,7.9285,1.4669,15.84,0.0322,0.573,0.0323
440,-12.1373,3.406,2.5438,15.73,0.0229,0.7574,0.09379999999999998
441,-8.6082,5.2385,2.678,15.85,0.026899999999999997,0.9254999999999999,0.0248
442,-0.8044999999999999,4.134400000000001,2.1508,15.97,0.0297,0.9588,0.0887
443,-1.5944999999999994,7.0549,1.2443,15.7,0.0205,0.8149999999999998,0.0861
444,-1.7381999999999993,8.3401,2.6000999999999994,15.51,0.0215,0.4254,0.0311
445,3.068200000000001,4.9841,1.3881,15.76,0.0272,0.9273999999999999,0.0329
446,2.163571110519131,6.010320255553358,2.6257999999999995,15.99,0.0172,0.714,0.08279999999999998
447,-2.6635999999999993,3.9721,2.4894999999999996,15.87,0.0128,1.2223,0.0768
448,6.615787475947095,5.3992,2.8986999999999994,15.87,0.021,0.7613,0.07539999999999998
449,1.702664614248993,2.5653,1.9756,15.709999999999999,0.0338,1.0216,0.062099999999999995
450,-2.4636,3.3684,2.367,15.87,0.0161,0.7162,0.0759
451,-3.1427000000000014,4.191000000000001,1.0595,15.57,0.0147,0.6254,0.07909999999999999
452,0.9408999999999994,4.885599999999999,0.6399,16.01,0.023400000000000004,0.577,0.0623
453,-0.18910000000000093,2.3933,1.6908,16.07,0.0229,0.6385,0.08499999999999999
454,-1.1764000000000001,2.9801,2.8605999999999994,15.76,0.0214,0.8163,0.0858
455,4.055500000000002,4.363400000000001,1.6004,15.9,0.0416,0.3963,0.1036
456,-7.9627,3.7271,1.0962,15.8,0.013499999999999998,0.8384,0.0801
457,-1.9382000000000008,4.8264,1.4419,15.66,0.025199999999999997,0.6611,0.034
458,-2.1308999999999996,6.4533,1.2413,15.73,0.0177,1.0359,0.10619999999999999
459,16.6491,6.467977697541889,2.4279,15.9,0.0185,0.8146,0.0804
460,1.3663999999999996,6.427199999999999,0.5766,15.99,0.0231,0.9873,0.08479999999999999
461,1.1136000000000004,5.5958,1.157,15.73,0.0263,1.0216,0.062099999999999995
462,2.3091,5.1075,1.5466,15.73,0.0276,0.9174999999999999,0.10509999999999999
463,9.656400000000001,8.3146,2.4707,15.8,0.0311,0.9109,0.1013
464,0.5536000000000002,3.1414,2.1924,15.98,0.0223,0.7193,0.10169999999999998
465,-4.6582,4.7022,3.0676999999999994,15.84,0.0205,0.6259,0.029999999999999995
466,-0.3455000000000004,6.373429326913468,1.1075,15.99,0.0317,0.604,0.0855
467,11.696399999999997,7.259999999999999,2.5488999999999997,15.9,0.0321,1.1869,0.1021
468,-1.7817999999999992,4.0694,1.0099,15.75,0.0302,0.47439999999999993,0.0319
469,0.16639999999999944,8.6404,2.8592,15.89,0.0352,0.7153,0.0932
470,-3.9927000000000006,2.5272,2.1598,15.74,0.0257,0.47439999999999993,0.0571
471,-0.279999999999999,8.9449,1.9915,15.73,0.0231,0.7392,0.029999999999999995
472,-2.1172999999999997,6.2891,1.1194,15.63,0.021,0.6927,0.10709999999999999
473,-3.8690999999999987,5.1033,1.8116,15.74,0.0313,0.7392,0.0304
474,4.938200000000001,4.6676,2.3202999999999996,15.75,0.021600000000000005,0.6242,0.0851
475,-0.9617999999999999,9.4501,1.2173,16.04,0.019900000000000004,1.1255,0.0623
476,-6.855500000000001,6.4508,2.6482999999999994,15.73,0.0159,0.8041,0.08599999999999998
477,0.7735999999999995,7.4113,2.5456,15.77,0.0213,0.7506,0.0344
478,4.531451674986642,4.8968,2.7681,15.76,0.03796405876718237,0.6641,0.07619999999999999
479,-2.029100000000001,7.4351,1.4224,15.62,0.0248,0.8704999999999999,0.0263
480,-2.6673,6.047541054954927,0.9264,15.95,0.0237,0.8230999999999999,0.0855
481,0.7899999999999994,4.9118,0.672,15.9,0.0168,0.8163,0.08749999999999998
482,13.9782,6.0235,1.8612000000000002,15.93,0.036013434670085775,0.4996,0.0247
483,-5.4691,4.6156,0.6466,15.93,0.0213820274243348,0.656,0.11119999999999998
484,-5.2427,8.0432,2.2141,15.84,0.0167,0.9136,0.0452
485,-1.2336,4.646000000000001,1.1571,15.99,0.0256,0.9588,0.0639
486,-7.1564000000000005,7.9407,2.348,15.73,0.018,0.687,0.097
487,6.282545573335768,2.6882,2.3357999999999994,15.96,0.0309,0.5279,0.077
488,0.6326999999999994,5.3109,1.0153,15.86,0.0207,0.7849,0.0319
489,16.458199999999998,4.943500000000001,2.4937999999999994,15.76,0.0439,0.6901,0.08159999999999999
490,-7.814500000000002,7.7685,2.4646,15.66,0.0255,0.5858,0.0308
491,-0.09450000000000021,4.0299,1.3717,15.68,0.0179,0.7337,0.0335
492,-5.165500000000001,3.6904,0.7392,15.98,0.025199999999999997,0.768,0.0639
493,12.4258345138421,5.2902,2.1268,15.81,0.0418,1.0407,0.0759
494,2.0063999999999993,5.3257,2.0934,15.85,0.0127,0.6576,0.08729999999999999
495,1.5755000000000003,8.0824,0.8622000000000001,16.02,0.0258,0.8716,0.0833
496,-3.181800000000001,2.9339,1.6597999999999997,15.73,0.0228,0.7719,0.0807
497,1.5444999999999995,7.4055,0.6586,15.74,0.0322,0.7663,0.061900000000000004
498,-0.22270000000000081,4.416800000000001,2.3634,15.81,0.0262,1.0631,0.08339999999999999
499,-2.0209,2.5282,1.8565,15.69,0.018199999999999997,0.9186,0.0353
500,13.141728231603285,6.2376,2.3237,15.87,0.0227,0.7613,0.07539999999999998
501,-3.1963999999999997,4.4213000000000005,3.0101999999999998,15.74,0.0291,0.5742,0.0874
502,-1.1236000000000004,3.8851,1.6141,15.54,0.018199999999999997,0.9048999999999999,0.079
503,-1.2209000000000005,5.873,1.8176999999999999,15.75,0.0232,0.5377,0.08479999999999999
504,4.199567658538895,6.8027,2.4234,15.68,0.0385,0.7613,0.07759999999999999
505,-0.6599999999999998,6.643200000000001,0.538,15.77,0.019,0.7643,0.0806
506,3.439099999999998,6.067904366299326,1.5418,15.82,0.023400000000000004,1.0478,0.0662
507,1.0400000000000007,3.251,0.6022,15.75,0.0179,0.8571,0.0353
508,-6.502700000000001,3.3019,1.3063,15.73,0.0176,0.4443,0.0979
509,3.9982,4.4321,0.6648,15.83,0.0218,0.7611,0.1067
510,-0.24359999999999915,6.4864,1.0496,15.7,0.0247,1.0143,0.1087
511,6.349099999999999,3.6306,1.8594,15.81,0.0206,0.5284,0.1058
512,0.7635999999999995,4.7589,1.3665,15.91,0.021699999999999997,0.6335,0.09129999999999999
513,6.172699999999997,10.920300000000001,1.8174,15.67,0.0197,0.8230999999999999,0.0622
514,0.45270000000000005,7.173,1.0406,15.84,0.0209,1.0631,0.0713
515,18.604500000000005,6.886759900854995,3.0613999999999995,15.73,0.0173,1.1815,0.0937
516,-1.610899999999999,5.824000000000001,2.0403,15.69,0.0178,0.9186,0.09969999999999998
517,1.489999999999999,4.0638,0.5466,15.96,0.0208,1.0189,0.105
518,1.7618000000000014,5.5131,1.8423,15.79,0.0137,0.9725,0.10800000000000001
519,0.42640000000000067,3.7573,1.0205,15.87,0.0196,0.6144,0.0989
520,2.940900000000001,3.9315999999999995,0.6502,15.77,0.0278,0.6987,0.0775
521,16.5255,3.6188,2.6725999999999996,15.74,0.0397,0.6901,0.0734
522,1.818199999999999,5.0858,2.8938,15.87,0.021600000000000005,0.9725,0.10029999999999999
523,-1.1926999999999996,4.5513,1.4161,15.99,0.0224,1.0918,0.0806
524,2.869100000000002,9.6984,1.483,15.73,0.0239,0.8615999999999999,0.0892
525,1.7699999999999982,3.7064,1.1472,15.82,0.0316,0.7663,0.07819999999999999
526,3.359999999999999,7.030199999999999,0.9051,15.77,0.0225,0.5799,0.0811
527,2.649099999999999,9.8527,1.0316,15.91,0.0228,0.8882999999999999,0.08479999999999999
528,3.716909004609207,9.9046,2.7891,15.83,0.0129,0.9251,0.0937
529,-3.4617999999999998,2.3936,1.6051,15.73,0.024,0.8076,0.0579
530,-2.3590999999999998,5.7786,1.6001,15.66,0.0191,0.5284,0.034
531,-8.1182,4.147700000000001,1.9115,15.82,0.0113,0.6783,0.09139999999999998
532,0.6854999999999992,4.425600000000001,1.0169,16.09,0.0309,0.6163,0.1124
533,3.6808999999999985,3.5974,1.2569,15.93,0.020305637572012362,0.746,0.0818
534,0.5081999999999993,4.7158,0.7179,15.98,0.0168,0.832,0.08169999999999998
535,6.188199999999999,7.0742,2.1878,15.79,0.0194,0.8704999999999999,0.08709999999999998
536,-0.17449999999999993,5.679999999999999,1.6209,15.9,0.0184,0.7316,0.08189999999999999
537,1.9273000000000002,6.2851,2.3703999999999996,15.709999999999999,0.0185,0.7664,0.08949999999999998
538,5.596399999999997,4.8447,1.9710999999999999,15.709999999999999,0.0196,0.8833999999999999,0.0979
539,4.920899999999999,5.3264,1.4202,15.81,0.0347,0.8757999999999999,0.0329
540,-0.8435999999999992,6.6223,2.0739,15.73,0.0192,0.6161,0.10169999999999998
541,5.319100000000001,4.8468,2.5600999999999994,15.68,0.0221,0.5765,0.0881
542,7.8264000000000005,10.4973,1.0012,15.99,0.0295,1.1869,0.09769999999999998
543,4.444499999999998,2.9431000000000003,2.0891,15.73,0.0202,0.7093,0.09089999999999998
544,13.680900000000003,4.676,1.1041,15.75,0.023400000000000004,0.7408,0.0257
545,-3.879100000000001,5.1665,1.3339,15.75,0.0206,1.0765,0.0338
546,1.1845000000000008,7.7836,0.8483,15.65,0.0167,0.9916000000000001,0.0263
547,13.148199999999996,4.6964,2.3871,16.01,0.02876850908354554,0.662,0.0915
548,0.23089999999999974,5.9349,2.7939999999999996,15.8,0.0288,0.7162,0.077
549,3.249100000000001,6.1087,0.6691,15.95,0.0254,0.8882999999999999,0.097
550,1.518048296420933,5.47601236970979,1.8749999999999998,15.56,0.0266,0.7516,0.036
551,1.5927000000000004,5.0804,0.8336,15.65,0.022,0.78,0.10169999999999998
552,-3.614500000000001,3.0022,0.6746,15.75,0.0165,0.9276000000000001,0.0807
553,-1.7909000000000008,8.2849,1.7491,15.75,0.0177,0.7233,0.0323
554,-13.3573,2.8962,0.9649,15.83,0.0129,1.148,0.08159999999999999
555,5.779999999999999,7.2905,2.9300999999999995,15.9,0.034,0.8235,0.07649999999999998
556,2.2335999999999987,3.9954,1.6928,15.92,0.021600000000000005,0.7093,0.08339999999999999
557,1.4791000000000007,3.9117,0.9467,15.69,0.0355,0.4254,0.0374
558,1.2264,6.140778851056808,0.7931,15.76,0.0273,0.8751999999999999,0.097
559,-1.2490999999999994,3.8315000000000006,1.7883999999999998,15.75,0.0173,0.9186,0.0894
560,1.1626999999999996,7.231,1.2346,15.72,0.0155,0.9726000000000001,0.0656
561,19.102699999999995,6.9064,2.9137999999999997,15.75,0.027994851145258126,0.9413000000000001,0.0249
562,-1.0200000000000007,3.5485999999999995,2.0522,15.6,0.0193,0.5194,0.0894
563,3.484500000000001,3.5149,1.8977999999999997,15.62,0.028600000000000004,0.647,0.0935
564,0.8072999999999999,5.8042,2.1196,15.879999999999999,0.0142,1.2364,0.07779999999999998
565,10.080000000000002,9.4293,1.0849,15.8,0.041,1.0551,0.07759999999999999
566,3.666400000000002,3.6807,2.2043999999999997,15.63,0.0153,0.7532,0.08189999999999999
567,-0.28449999999999953,6.1134,1.3458,15.77,0.0255,0.7153,0.0786
568,-2.4609000000000005,4.291800000000001,1.1158,15.94,0.0206,0.5355,0.087
569,-1.7136000000000005,4.3599,1.1474,15.51,0.0228,0.4382,0.1047
570,-3.3863999999999987,5.3197,1.9996,15.87,0.0311,0.6783,0.0759
571,8.416055774017378,5.7399,3.1065,15.73,0.024387223581531173,0.7408,0.0804
572,4.502700000000001,5.7879,2.5827,15.76,0.028,1.1815,0.09939999999999999
573,19.3136,7.128,2.0985999999999994,16.1,0.027543972054645028,0.7584,0.0224
574,2.6173,5.9411,2.9552,15.83,0.0214,1.062,0.09769999999999998
575,5.047299999999998,4.320700000000001,2.8844999999999996,15.67,0.02958542170264557,0.5632,0.08599999999999998
576,-1.1726999999999996,4.338,1.1543,15.77,0.021699999999999997,0.8262999999999999,0.0339
577,0.5373000000000008,3.4170000000000003,0.8182,15.8,0.0206,1.1525,0.0939
578,17.7327,9.9305,3.4401,15.85,0.0385,1.0803,0.0253
579,4.381800000000001,6.953799999999999,1.03,15.95,0.0291,0.5799,0.08769999999999999
580,-0.24910000000000074,3.1226000000000003,0.7871,15.8,0.0256,0.4782,0.084
581,2.9536000000000002,4.0489,1.204,15.77,0.0237,0.7808,0.09419999999999999
582,-3.943599999999999,6.9,2.2852,15.99,0.023499999999999997,0.5377,0.08479999999999999
583,5.113600000000002,7.7186,0.7564,15.709999999999999,0.0183,0.8336,0.0878120757446488
584,5.470900000000003,5.2009,1.197,15.84,0.0133,1.0478,0.0894
585,-2.3617999999999992,4.0841,1.7257999999999998,15.74,0.0183,0.5742,0.0935
586,4.907300000000003,5.4231,0.6984,15.96,0.0162,0.9826,0.0887
587,3.5335999999999985,8.9725,0.5509,15.77,0.0429,0.7121,0.08599999999999998
588,0.8235999999999993,6.2963,1.4308,15.62,0.0159,0.6222,0.0658
589,0.8535999999999991,5.771599999999999,0.9352,15.73,0.0301,0.9729,0.10390000000000002
590,3.306399999999999,5.1124,2.0366,15.69,0.021699999999999997,0.5066,0.07686646407198924
591,4.8364,9.3323,1.3143,15.95,0.0148,0.5836,0.10169999999999998
592,2.037300000000002,5.3147,1.0451,15.85,0.0373,1.1869,0.0969
593,-0.04450000000000038,5.4095,1.8497,15.57,0.0204,0.7942,0.030999999999999996
594,8.941800000000002,4.1464,1.7069000000000003,15.65,0.0121,0.4184,0.07922235829218803
595,4.395500000000001,3.3263,1.1911,15.77,0.0222,0.7677,0.10680000000000002
596,-1.1609000000000007,5.8827,2.5850999999999997,15.79,0.0291,0.7121,0.0969
597,6.750624246851438,5.1101,2.442,15.7,0.0369,0.8735,0.07759999999999999
598,-0.7418000000000006,6.7855,1.7682999999999998,15.56,0.0415,0.8569,0.0272
599,-2.1182000000000003,6.421,1.5238,15.78,0.0267,0.8304,0.0685
600,-1.044499999999999,4.641500000000001,1.7167999999999999,15.74,0.0151,0.8089,0.109
601,12.707758203602907,6.9102,2.2453,15.7,0.0188,0.8007,0.077
602,1.4727000000000008,5.654,1.2187,15.89,0.016,0.9163,0.091
603,-1.1526999999999998,5.3217,1.6270000000000002,15.8,0.0228,0.832,0.0263
604,-5.2327,5.8077,1.205,15.75,0.0283,0.7159,0.10169999999999998
605,0.5773000000000007,5.9787,1.9994000000000003,15.75,0.0346,0.8122,0.07689999999999998
606,-0.12090000000000012,10.4836,1.8438,15.9,0.0231,0.8807,0.07689999999999998
607,5.5191,9.4815,1.6612999999999998,15.8,0.0257,0.7674,0.0311
608,3.9309,4.7656,1.8336,15.8,0.0262,1.0393,0.1036
609,1.9491000000000012,9.2499,0.8831999999999999,15.65,0.0146,0.8159,0.0272
610,17.874866683340073,9.493900000000002,3.2341,15.9,0.0253,0.7015,0.08589999999999999
611,-1.8809000000000005,2.3398999999999996,1.0259,15.8,0.0233,0.4782,0.084
612,3.9967386076661753,5.1423,1.511,15.8,0.0351,0.6641,0.07849999999999999
613,-2.2191000000000005,3.8687,0.9729000000000001,15.79,0.0331,0.6641,0.10169999999999998
614,1.3718000000000006,4.313,3.0916999999999994,15.85,0.015199999999999998,0.7747,0.0964
615,3.639999999999998,4.9673,3.6308999999999996,15.87,0.0281,0.5066,0.0374
616,-7.87,6.0516,1.7691,15.62,0.0169,0.8531999999999998,0.0867
617,1.0691,4.550000000000001,1.4994818945634487,16.08,0.0165,0.8149999999999998,0.08589999999999999
618,-3.1909,5.938699999999999,1.1934,15.72,0.024774119818328475,0.8184,0.0378
619,8.986400000000001,4.7606,0.9455,15.97,0.0169,1.0338,0.0944
620,15.0182,4.876400000000001,1.6386,15.74,0.0147,0.8007,0.0734
621,20.4209,8.0698,1.889,15.82,0.03209593960855847,0.7015,0.0792
622,0.2744999999999996,2.8753,0.8871000000000001,15.9,0.026,0.7719,0.0892
623,0.9908999999999992,4.2708,2.0896,15.709999999999999,0.0201,0.5779,0.08749999999999998
624,7.975500000000002,4.2849,1.6903999999999997,15.99,0.015,0.8435,0.0807
625,3.440814633555197,8.8454,3.6955,15.709999999999999,0.0167,1.2771,0.05700181052750365
626,-0.899999999999999,4.7778,2.0934,15.709999999999999,0.0183,0.8163,0.091
627,18.2809,4.5369,1.1153,15.83,0.0125,1.0803,0.0714
628,15.860899999999999,2.7354,2.3247999999999998,15.68,0.019,1.0407,0.07489999999999998
629,-0.63,2.9179,1.6281,16.01,0.0265,0.8571,0.10029999999999999
630,0.49819999999999937,7.2128,1.3143,15.62,0.018,0.8594999999999999,0.0363
631,2.417300000000001,7.1468,1.7921,15.73,0.0142,0.8807,0.07819999999999999
632,1.4982000000000002,6.528,1.6581,16.0,0.0247,0.6335,0.0833
633,-2.595499999999999,7.4952,2.5263,15.82,0.0256,0.4685,0.10169999999999998
634,0.444499999999999,5.0272,2.15,15.81,0.029,0.5317,0.10509999999999999
635,13.37348630983818,4.866600000000001,2.6892999999999994,15.74,0.0429,0.8446,0.0529
636,-0.1699999999999994,5.2194,2.0475,16.02,0.0158,0.7593,0.0822
637,2.113599999999999,4.1174,1.0202,15.77,0.0214,0.587,0.09107332886405868
638,-1.7336000000000005,3.454,1.7324,15.74,0.0194,0.4254,0.084
639,2.230000000000001,2.0773,0.715,15.65,0.0192,0.7954,0.08589999999999999
640,-0.4108999999999991,4.7785,1.8189999999999997,15.69,0.0393,1.0186,0.08159999999999999
641,-6.2473,7.595600000000001,0.8372000000000002,15.77,0.025100000000000004,0.6268,0.11569999999999998
642,-0.018200000000000997,4.277000000000001,1.4936,15.69,0.0153,0.4129,0.09969999999999998
643,14.438200000000002,9.8466,2.5071,15.9,0.0222,1.0047,0.0257
644,9.4864,4.1354,1.0073,15.77,0.0339,0.8222,0.0969
645,-6.862700000000001,7.2038,2.9949,15.879999999999999,0.0264,0.7642,0.0937
646,0.5790999999999996,6.8827,1.528431564137346,15.98,0.025100000000000004,1.1638,0.0786
647,13.551800000000002,5.5607999999999995,0.6376,15.82,0.0254,0.9444,0.08949999999999998
648,-0.06999999999999976,7.7911,1.6625,15.73,0.0299,0.7681,0.09289999999999998
649,0.759099999999999,4.330400000000001,0.9567,15.92,0.025,0.8344999999999999,0.0969
650,17.9782,7.9506,1.2778,15.84,0.0183,1.0323,0.0969
651,2.198200000000002,6.1374,1.2559,15.54,0.0219,0.6066,0.1044
652,-1.3099999999999998,8.1214,2.2326,15.7,0.0174,0.8594999999999999,0.08589999999999999
653,0.7482000000000006,6.6146,1.3435,15.73,0.022,1.0216,0.062099999999999995
654,5.730899999999997,8.1035,1.4456,15.87,0.0229,0.565,0.08449999999999999
655,1.4844999999999997,6.1176,1.9317999999999997,15.63,0.0275,0.4722,0.0786
656,4.4938671036632645,3.7282,2.9165,15.74,0.03729647721267864,0.8446,0.0529
657,4.920000000000002,7.7601,0.9322,15.91,0.019,0.8751999999999999,0.0921
658,4.738200000000002,4.486436722635222,1.6347,15.76,0.0188,0.47490000000000004,0.0874
659,-0.8172999999999998,4.5853,0.6099,15.69,0.0204,0.9142999999999999,0.1088
660,15.793599999999998,3.4192999999999993,2.6983,15.74,0.012599999999999998,1.1086,0.0713
661,-2.099999999999999,6.5737,1.587,15.93,0.0324,0.7337,0.0699
662,4.482700000000001,4.2433000000000005,0.882,15.87,0.017,0.9588,0.0887
663,-15.5318,3.3351,0.8442999999999999,15.709999999999999,0.0138,0.8384,0.0801
664,1.355499999999999,4.8659,1.2886,15.639999999999999,0.0209,0.745,0.034
665,5.952026799297162,5.7072,1.5437,15.74,0.0167,0.8007,0.07849999999999999
666,-4.9891,2.4393,1.5268,15.75,0.0205,0.6927,0.11119999999999998
667,-0.33270000000000044,5.0396,1.9872,15.879999999999999,0.0173,0.768,0.07909999999999999
668,1.925499999999999,6.0788,1.88,15.879999999999999,0.0236,0.8716,0.09109999999999999
669,3.2181999999999986,5.0597,3.1063999999999994,15.67,0.0403,0.9251,0.084
670,6.474753102401264,5.969664819763179,3.306,15.8,0.021600000000000005,0.9753,0.07889999999999998
671,7.030000000000001,6.4358,0.7854,15.82,0.0165,0.9812,0.08011525550390106
672,6.369100000000003,3.5094,1.6774,15.99,0.0204,0.5377,0.08159999999999999
673,-0.35179999999999984,4.7047,1.9934999999999998,15.97,0.0218,0.6987,0.0806
674,-1.7155,4.2076,0.9185,15.7,0.0222,0.6927,0.08749999999999998
675,18.1782,10.2601,3.4342,15.83,0.015,0.9109,0.0969
676,0.10820000000000068,8.686,0.8819,15.73,0.0225,0.9072,0.091
677,-0.5717999999999991,4.6034,1.6325,15.92,0.0227,0.8716,0.0881
678,-0.7845,7.7185,0.5518,15.96,0.0325,1.0393,0.08479999999999999
679,-2.1708999999999996,4.197,0.7061,15.82,0.016,0.7719,0.0892
680,-3.2082000000000006,8.5892,1.0601,15.74,0.0231,0.8427,0.08189999999999999
681,-1.3773,10.0272,1.4887,15.74,0.033,0.6335,0.065
682,-0.6726999999999993,6.8464,1.8949,15.89,0.0169,0.9725,0.10800000000000001
683,5.4191,4.383200000000001,0.8852,15.83,0.030399999999999996,0.8235,0.08029999999999998
684,-5.139100000000001,4.3478,1.9199000000000002,15.74,0.0142,0.9072,0.10619999999999999
685,-4.968200000000001,1.8685,1.232,15.77,0.0232,0.7032,0.0841
686,5.994499999999999,3.4933,0.6053,15.83,0.019999999999999997,1.062,0.10189999999999999
687,4.689100000000001,6.044600000000001,1.7303,15.98,0.0179,0.8571,0.1011
688,-5.55,2.4673,2.2370999999999994,16.07,0.0226,0.573,0.0867
689,-0.7390999999999991,5.1621,0.8569,15.73,0.0221,0.8229,0.0699
690,3.9290999999999987,4.1375,1.4173109558554593,15.77,0.028699999999999996,0.7139,0.08339999999999999
691,-1.4408999999999998,2.5744999999999996,1.3356,15.709999999999999,0.016,0.9142999999999999,0.0939
692,0.7582000000000005,7.0841,0.8939999999999999,15.83,0.0273,0.9109,0.0246
693,12.539100000000001,9.0303,1.7575000000000003,15.83,0.0395,0.7584,0.0224
694,1.7790999999999997,8.0368,2.1254,15.75,0.0298,0.7392,0.029999999999999995
695,-0.2255000000000008,4.012,1.539,15.77,0.0205,1.026,0.0336
696,-1.4627000000000008,6.6101,1.7453,15.73,0.025199999999999997,0.7852,0.08029999999999998
697,1.1400000000000003,5.524,1.7577,15.85,0.0165,1.0135,0.07819999999999999
698,-4.351799999999999,5.9175,2.116,15.72,0.0236,0.757,0.0378
699,-2.126399999999999,4.5812,2.0669,15.73,0.0128,0.5329,0.0315
700,-2.1518,4.4519,1.7126,15.709999999999999,0.0187,0.7558,0.0841
701,-4.593600000000001,4.1924,1.4096,15.8,0.018100000000000005,0.7053,0.1092
702,2.634499999999998,4.0633,1.0008,15.65,0.0255,1.0631,0.09159165464252877
703,0.5217999999999993,2.9002,0.732,15.75,0.0214,1.0541,0.08749999999999998
704,-2.9491,3.5892,0.7352,15.709999999999999,0.0179,0.7724,0.10029999999999999
705,6.731477956055967,8.7564,2.1733999999999996,15.89,0.0331,0.9059,0.1013
706,2.862699999999998,9.2907,1.2086,15.87,0.0276,0.6335,0.0833
707,-1.8509000000000004,5.9273,1.7003999999999997,15.77,0.0148,0.7674,0.0324
708,-8.3127,4.1397,2.4780999999999995,15.79,0.0178,1.0459,0.0779
709,-1.077299999999999,4.670299999999999,2.2147,15.84,0.0336,0.8041,0.0937
710,-0.09639999999999967,8.9009,0.9875000000000002,15.97,0.0338,1.0189,0.0652
711,5.9281999999999995,4.936,1.3999,15.72,0.0198,0.8469,0.10099999999999999
712,2.861800000000002,6.4813,1.5744,15.89,0.0283,1.1638,0.0775
713,-0.11909999999999905,2.8254,0.6881,15.73,0.0158,0.7664,0.0838
714,18.717299999999998,6.8555,2.7782,15.84,0.0179,0.9683,0.0249
715,-5.035499999999999,3.7746,2.3915999999999995,15.57,0.017,0.4722,0.0786
716,-0.789100000000001,5.484600000000001,1.575,15.65,0.0267,0.8704999999999999,0.0658
717,6.275499999999999,3.2291,1.6291999999999998,15.7,0.0208,0.9074999999999999,0.1058
718,-10.4455,5.4725,1.9158,15.454196657788039,0.0187,0.6163,0.0312
719,4.3784515268613164,6.5942,2.6543999999999994,15.79,0.014,0.9794,0.09429999999999998
720,-1.7264000000000004,5.8142000000000005,3.4641,15.93,0.0215,0.8692999999999999,0.0752
721,3.2882000000000002,2.8136,1.233,15.93,0.019646771632605822,0.746,0.0818
722,0.09450000000000021,6.5727,0.8662,15.76,0.0318,1.0338,0.0932
723,-1.0455,4.540400000000001,2.5296,15.709999999999999,0.0138,0.8296999999999999,0.09559999999999999
724,-0.1463999999999995,4.58,0.5662,15.7,0.023,0.6605,0.0328
725,5.6618,5.5285,2.0337,15.91,0.0218,0.9048,0.0932
726,4.073600000000001,5.5816,0.9581,15.58,0.0237,0.4817,0.1011
727,-3.122699999999999,3.3196,1.2317,15.79,0.0163,0.6373,0.1043
728,5.630899999999998,5.014599999999999,2.2145,15.9,0.026,0.9361,0.09249999999999999
729,18.8309,3.4336,1.2707,15.83,0.0191,1.1086,0.082
730,16.603599999999997,4.1499,1.7307,15.8,0.0297,0.4184,0.0714
731,8.4236,10.099,2.7848,15.83,0.0347,1.1815,0.0937
732,9.674499999999998,5.6653,1.6686000000000003,15.8,0.0421,1.0551,0.0786
733,-1.8790999999999993,5.2597,1.3113,16.02,0.0276,1.1255,0.08679999999999999
734,6.25,4.275,1.6247,15.709999999999999,0.0441,0.9725,0.08339999999999999
735,17.6373,5.0493,2.1130999999999998,15.83,0.0232,0.4996,0.0734
736,1.9145000000000003,6.2091,2.8483,15.9,0.0395,1.062,0.10029999999999999
737,-3.0054999999999996,4.363200000000001,0.5608,15.69,0.021699999999999997,0.8658999999999999,0.11119999999999998
738,-0.5464000000000002,4.7047,0.8348,15.87,0.0239,0.3963,0.0786
739,-2.8055000000000003,5.120099999999999,1.7086000000000001,15.84,0.0318,0.5669,0.0989
740,2.6372999999999998,6.0599,0.9273,15.87,0.0197,0.5799,0.08499999999999999
741,6.564499999999999,2.0751,0.7452,15.89,0.0228,1.0697,0.0894
742,-9.2836,5.6813,1.8601,15.78,0.0174,0.7574,0.08709999999999998
743,5.913599999999999,3.0996,2.8715,15.83,0.0297,1.0147,0.08029999999999998
744,4.305499999999999,6.2869,3.325,15.92,0.0408,1.062,0.09759999999999999
745,3.9527000000000005,2.0008,1.6111,15.73,0.0228,0.713,0.08339999999999999
746,0.09549999999999914,4.9375,1.3919,15.87,0.0192,0.5066,0.0374
747,-1.422700000000001,4.655700000000001,1.7238999999999998,16.07,0.028600000000000004,0.6259,0.0991
748,-5.414500000000001,8.1944,2.2587,15.98,0.0242,0.573,0.0324
749,1.4418000000000004,4.632500000000001,0.6708,15.75,0.025,1.0359,0.08633565305138939
750,-0.31360000000000104,9.1663,2.2008,16.07,0.0439,0.7534,0.0326
751,0.1808999999999999,4.282000000000001,1.4463,15.73,0.0254,0.6257,0.087
752,1.910000000000002,9.243,2.0481,15.75,0.021699999999999997,0.8638,0.0653
753,2.6035999999999997,4.3881,1.1262,15.75,0.0161,0.9142999999999999,0.0381
754,-2.9791,4.6832,0.7081,15.73,0.0168,0.8469,0.0311
755,-1.4199999999999993,7.3182,0.743,15.879999999999999,0.0119,1.0147,0.10189999999999999
756,-0.5126999999999998,4.7687,0.995,15.77,0.0179,0.6242,0.0827
757,2.440000000000002,6.0401,1.706,15.81,0.0275,0.6787,0.0328
758,-2.8555,3.5169,0.8507,15.469999999999999,0.0279,0.6259,0.0572
759,-2.5382000000000007,6.2289,0.701,15.75,0.025,0.7447,0.0378
760,1.469999999999999,5.7143,1.1604,15.709999999999999,0.0168,0.6641,0.0345
761,0.169100000000001,6.659163326054616,1.5163,15.89,0.0282,0.7153,0.0806
762,3.9815044304525755,9.2718,1.476,15.76,0.016,1.0959,0.07539999999999998
763,18.4,8.9202,2.4881999999999995,15.85,0.0257,0.9059,0.0246
764,-5.933599999999998,6.0378,1.5231,15.709999999999999,0.0238,0.714,0.08569999999999998
765,-5.927299999999999,5.2422,1.4566,15.75,0.018100000000000005,0.7053,0.1092
766,0.06269999999999926,2.6068,0.9350999999999999,15.87,0.02248949430083593,0.9329000000000001,0.0975
767,-2.665500000000001,2.2386,1.5274,15.7,0.015,0.8387,0.10139999999999999
768,-1.040899999999999,4.9073,1.352,15.58,0.019,0.9163,0.1087
769,-5.335500000000001,5.6449,2.0007666006935243,15.75,0.0347,1.1525,0.0254
770,-1.9682000000000006,10.2046,0.8953999999999999,15.95,0.0163,0.9826,0.0688
771,1.3342774078954414,8.0391,1.0062,15.76,0.03317900153743064,0.8735,0.07759999999999999
772,3.2273,6.132,1.2274,15.73,0.025199999999999997,0.9812,0.07509999999999999
773,0.3491000000000004,4.672,2.6773999999999996,15.67,0.023499999999999997,0.4685,0.1044
774,-3.6564,4.4621,2.9692999999999996,15.879999999999999,0.0315,0.9964999999999999,0.09139999999999998
775,18.3209,2.2849,0.6396,15.73,0.022112467023063784,1.0407,0.0734
776,2.6217999999999986,5.579699999999999,1.8783,15.9,0.019900000000000004,0.9735,0.0652
777,2.5026999999999995,7.8622,2.2025,15.89,0.0187,0.7928,0.0939
778,1.831799999999999,4.2518,1.9453000000000003,15.66,0.026,0.5329,0.0315
779,-11.470900000000002,3.3268,0.9243,15.83,0.0242,0.764,0.0724
780,1.014499999999999,3.6118,1.3286,15.7,0.0185,0.6066,0.0921
781,2.5718000000000005,6.2216,1.4149,15.8,0.024,0.9729,0.0813
782,0.2527000000000007,6.8163248967904435,1.3297,15.65,0.0157,0.6066,0.08499999999999999
783,-3.1518000000000006,4.6772,0.4834,15.61,0.0171,0.9916000000000001,0.10390000000000002
784,-1.8736,4.2324,0.9393,15.75,0.0212,0.6796,0.1045
785,1.5881999999999998,5.402199999999999,1.6989,15.62,0.0266,0.6163,0.1257
786,-7.5073,6.2009,1.988,15.77,0.0267,0.7643,0.07909999999999999
787,2.471800000000001,6.6471,0.9692,15.97,0.0155,0.604,0.08479999999999999
788,9.657444944646965,6.0001,2.2397,15.79,0.0162,0.7408,0.1007
789,13.1136,5.8357,2.4863,16.01,0.02818871047594868,0.9835999999999999,0.0247
790,2.2412241708034064,5.2072,2.2325,15.84,0.0426,0.8556,0.09429999999999998
791,5.9491000000000005,6.4118,2.3659999999999997,15.78,0.0242,0.8133,0.0656
792,-1.6500000000000006,4.549300000000001,1.0956,15.77,0.0209,0.6254,0.07909999999999999
793,-6.661800000000001,5.7503,1.5479,15.65,0.0215,0.5765,0.11029999999999998
794,-0.33270000000000044,6.2662,2.8743999999999996,15.87,0.0265,1.062,0.09769999999999998
795,-2.6699999999999995,7.839900000000001,1.3428,15.72,0.0257,0.9091,0.1092
796,-4.5718000000000005,6.4959,1.7615,15.77,0.0172,0.7392,0.029999999999999995
797,4.908199999999999,3.0357,1.3763,15.91,0.0132,0.7511,0.08949999999999998
798,5.4209000000000005,7.0153,1.2677,15.709999999999999,0.0222,0.684,0.08949999999999998
799,1.5218,4.3655,2.0185,15.78,0.0281,0.8786999999999999,0.1044
800,9.208200000000001,9.6042,3.4227,15.83,0.0375,1.1815,0.0946
801,1.1654999999999998,3.6022,1.6513000000000002,16.09,0.0206,0.4817,0.1061
802,-2.8727,3.7156,2.1074,15.68,0.0188,0.684,0.08319999999999998
803,4.591800000000002,3.8241000000000005,2.4924999999999997,15.8,0.0262,0.5478,0.0622
804,0.22359999999999924,3.3124,0.8445,16.01,0.019,0.8076,0.1
805,-0.2718000000000001,8.4926,1.1587,15.62,0.018,0.832,0.0626
806,-5.9681999999999995,3.8774,0.6414,15.76,0.0193,0.656,0.0861
807,-6.0636,4.502200000000001,1.9149,15.8,0.019999999999999997,0.8089,0.1045
808,7.262861376908851,6.3688,2.7636,15.66,0.034745458997723154,0.4221,0.0529
809,2.954500000000001,5.7415,1.9269,15.67,0.025890411270124387,0.7584,0.1002
810,-2.9181999999999997,5.704600000000001,2.0837,15.7,0.0247,0.46599999999999997,0.10169999999999998
811,2.749999999999999,3.8383999999999996,1.7883999999999998,15.879999999999999,0.022,1.0135,0.0813
812,0.7226999999999991,3.6395,0.5385,15.89,0.0141,0.78,0.0858
813,-8.64,8.846,1.9641,15.8,0.0295,0.9715000000000001,0.0625
814,-3.0909000000000004,7.2454,0.8215,15.69,0.021,0.8531999999999998,0.1124
815,15.952700000000002,3.614,2.047,15.709999999999999,0.0397,0.7898,0.09469999999999999
816,14.901799999999998,7.8561,2.3814,15.87,0.0175,0.5593,0.0246
817,2.8727,5.1336,0.6788,15.7,0.0209,0.8571,0.10029999999999999
818,3.1190999999999995,4.7727,0.6308,15.77,0.0191,0.9729,0.0915
819,-1.1254999999999997,6.3446,1.6873,15.69,0.0137,0.9192999999999999,0.08249999999999999
820,-2.9726999999999997,5.8586,1.2182,15.77,0.0179,0.7677,0.0326
821,2.272699999999998,5.0108,0.9596,15.73,0.0203,0.74,0.0363
822,-1.0107697673795901,4.894753771276014,2.2266999999999997,15.96,0.023499999999999997,0.5279,0.07689999999999998
823,-0.004500000000000514,7.5303,1.6441999999999999,15.7,0.026899999999999997,0.8594999999999999,0.0861
824,14.734500000000002,5.0284,0.9892999999999998,15.85,0.023,0.5677,0.08229999999999998
825,19.8,7.0096,1.7207,15.83,0.0137,0.8007,0.077
826,3.969999999999999,6.518300000000001,2.3943,15.84,0.026800000000000004,1.1404,0.0883
827,-0.504500000000001,2.8381,0.8859000000000001,15.78,0.0242,0.6857,0.0851
828,3.3054999999999986,6.010727305888344,3.1679999999999997,15.85,0.044,0.7121,0.09939999999999999
829,0.43819999999999953,5.575100000000001,2.2863,15.76,0.0168,0.8163,0.0858
830,-2.0309,3.7989,1.008,15.96,0.0149,0.7506,0.1124
831,0.5364000000000003,4.1514,0.5575,15.78,0.021,1.0404,0.10029999999999999
832,4.728199999999999,5.44,1.8981,15.86,0.0242,0.7534,0.0323
833,0.2355000000000008,5.574799999999999,1.8483000000000003,15.78,0.0157,0.745,0.045
834,-1.972699999999999,2.7865,2.2150999999999996,16.07,0.0175,0.8076,0.1
835,2.996399999999998,4.3328,1.8511000000000002,15.75,0.0164,0.8041,0.0998
836,-0.37729999999999925,5.072399999999999,0.6791,15.77,0.025100000000000004,0.6259,0.0336
837,4.241784697653569,7.1654,1.8744,15.76,0.0426,0.8446,0.0529
838,0.4781999999999994,5.254600000000001,1.7421000000000002,15.52,0.0437,0.5765,0.0881
839,2.5963999999999996,6.0507,2.2691999999999997,15.73,0.0222,0.9873,0.07819999999999999
840,1.4218000000000004,5.4321,3.3167,15.87,0.0275,0.7059,0.08599999999999998
841,1.4035999999999995,2.7193,2.9543,15.879999999999999,0.0257,0.9251,0.10189999999999999
842,1.7134780965419822,6.077605949223508,1.0063,15.99,0.023,0.7681,0.0944
843,4.786399999999999,3.9746,2.4219,15.85,0.0253,0.7574,0.08599999999999998
844,-1.8826999999999994,3.4658,1.2726,15.7,0.03,0.6815,0.1061
845,9.8418,4.8133,2.4446,15.73,0.0411,0.7808,0.0952
846,18.63,3.6188,2.6101999999999994,15.9,0.0221,0.7162,0.09429999999999998
847,-6.646400000000001,4.6056,1.7424999999999997,15.96,0.0168,0.573,0.10370000000000001
848,-0.006686016629062863,8.5143,1.4577,15.879999999999999,0.0166,0.7384,0.07889999999999998
849,-1.982699999999999,3.8989,1.1976,15.7,0.015,0.9332,0.0842
850,4.812700000000002,2.9198,1.937,15.73,0.0122,0.8638,0.10099999999999999
851,-1.322699999999999,6.017935770687145,2.4327,15.95,0.0172,1.0338,0.0623
852,1.4355000000000009,6.317200000000001,1.3955,15.77,0.0374,0.7121,0.09769999999999998
853,0.11549999999999908,5.1901,1.0931,15.98,0.0128,0.9715000000000001,0.0652
854,-0.050900000000000355,3.5047,0.6889,15.75,0.0203,1.0404,0.10029999999999999
855,1.8899999999999977,3.255,1.0785,15.89,0.0171,0.587,0.0932
856,2.699100000000001,6.2357000000000005,0.5373,16.09,0.0285,0.7663,0.10169999999999998
857,-2.9354999999999998,4.0987,1.003,15.78,0.03,0.7258,0.0381
858,1.5272999999999994,6.221700000000001,3.3827999999999996,15.74,0.014,0.8089,0.1016
859,1.5527000000000004,4.471,1.3856,15.9,0.0224,0.4221,0.0272
860,-8.6982,6.9142,0.8375999999999999,15.879999999999999,0.0233,0.9383,0.07943721633493801
861,0.14909999999999896,5.4108,2.2504,15.97,0.0201,1.1255,0.08679999999999999
862,-1.89,6.5694,1.5576,15.61,0.0232,0.8144999999999999,0.10709999999999999
863,1.0517999999999996,7.4639,0.8125000000000001,15.82,0.0144,1.0478,0.0662
864,-1.566400000000001,3.686,2.0681,15.8,0.03524823937188375,0.8926,0.09379999999999998
865,2.2518000000000016,4.0085,1.2405,15.9,0.0239,0.9588,0.0924
866,3.902699999999999,9.1554,2.4360999999999997,15.66,0.021699999999999997,0.8160999999999999,0.0662
867,5.6381999999999985,7.1516,0.7218,15.72,0.0277,1.0404,0.0312
868,4.879100000000002,3.1537,0.7659,15.75,0.0185,0.9142999999999999,0.0335
869,4.4409,4.7966,0.7117,15.89,0.0162,0.7664,0.08949999999999998
870,-2.240899999999999,5.120099999999999,0.9161,15.709999999999999,0.0138,0.6179,0.0807
871,1.4463999999999992,4.7955,0.9116,15.97,0.0284,0.8230999999999999,0.09289999999999998
872,-3.4191000000000003,4.105400000000001,2.2375,15.61,0.0281,0.6385,0.1
873,-2.3390999999999997,4.2557,2.5263,15.879999999999999,0.023,0.8230999999999999,0.08679999999999999
874,-2.4436,5.0766,1.2142,15.67,0.026363990347430016,0.7584,0.0706
875,9.282700000000002,4.1834,1.9656,15.99,0.0244,0.8435,0.0835
876,1.067299999999999,4.879,0.6788,15.73,0.0169,0.8638,0.1047
877,13.106985262131161,6.1088,3.0222,15.85,0.0176,1.0323,0.09429999999999998
878,1.3009000000000004,5.1379,2.5347,15.73,0.0226,1.0216,0.062099999999999995
879,0.2299999999999992,7.5804,2.4707,15.97,0.0257,1.0189,0.0623
880,3.3882,3.9686,0.9575,15.78,0.022,0.3973,0.1011
881,-0.5336000000000003,5.1598,2.4949999999999997,15.75,0.0213,0.8336,0.0881
882,-7.665500000000001,4.0743,1.424,15.79,0.0209,0.6163,0.0989
883,0.6699999999999998,3.9364999999999997,0.8891,16.08,0.0188,0.647,0.0864
884,15.679100000000002,8.6597,3.1476,15.82,0.0145,0.9683,0.08229999999999998
885,0.48549999999999993,6.857899999999999,1.5273,15.78,0.0243,0.6257,0.0622
886,0.3208999999999994,3.7579,2.5602999999999994,15.78,0.0271,0.7664,0.0851
887,17.5473,4.4298,0.6586,15.93,0.0433,1.0644,0.0241
888,15.1509,5.1087,0.5325,15.93,0.0428,0.9368,0.0247
889,2.8355000000000024,3.5958,2.5,15.84,0.0431,0.5677,0.08599999999999998
890,-3.345500000000001,5.7818,2.0931,15.69,0.0205,0.8229,0.0807
891,-4.654194215524808,7.5726,1.8393,15.8,0.0208,0.8735,0.07779999999999998
892,-3.1381999999999985,3.4336,2.1009999999999995,15.79,0.0175,0.5742,0.05669999999999999
893,1.7036000000000004,4.4746,2.7909999999999995,15.86,0.0267,0.481,0.08029999999999998
894,16.946314304853455,6.9238,1.7573,15.93,0.0433,1.2771,0.0243
895,0.8018000000000004,5.6521,2.483,15.73,0.02900396693515175,0.9251,0.0969
896,-0.24180000000000024,6.958699999999999,1.9366999999999999,15.63,0.0193,0.6066,0.08679999999999999
897,5.578199999999999,4.5757,0.9436,15.96,0.0329,0.8235,0.08029999999999998
898,3.8164,9.743700000000002,2.6656999999999997,15.63,0.0162,1.2672,0.0865
899,-3.496400000000001,6.2188,1.2336,15.77,0.0173,0.8262999999999999,0.0326
900,3.4827000000000004,2.4138,2.486,15.72,0.01981034389324612,1.0765,0.08049999999999999
901,-11.9682,7.092599999999999,0.9374,15.92,0.0259,1.0323,0.0248
902,-7.1518,3.2322,2.0215,15.96,0.0168,0.8531999999999998,0.0822
903,-2.997300000000001,6.1033,3.3551,15.87,0.0224,0.8344999999999999,0.0969
904,15.307300000000001,5.9828,2.9436999999999998,15.97,0.0232,1.1869,0.08229999999999998
905,-0.05549999999999928,11.0059,2.3549999999999995,15.8,0.0307,0.604,0.0652
906,-2.636399999999999,3.7718,1.0289,15.7,0.0167,0.9358999999999998,0.11119999999999998
907,1.030899999999999,5.1741,1.6671000000000002,15.77,0.018199999999999997,0.7159,0.0892
908,13.8118,4.9417,1.2128,15.73,0.029392395227984588,0.4996,0.0224
909,2.4672999999999985,2.8374,1.8983,15.93,0.0233,0.604,0.087
910,6.263599999999999,8.6184,0.7065,15.78,0.0186,0.7852,0.1016
911,-5.957300000000001,5.1833,1.8340000000000003,15.82,0.024,0.5779,0.10529999999999999
912,4.497446716186184,4.3641,2.1588999999999996,15.83,0.012,0.5279,0.08159999999999999
913,1.5118,5.0366,1.4853,15.72,0.0226,0.7832,0.07689999999999998
914,0.032699999999999355,2.5159,0.6053,15.73,0.0141,0.6927,0.11119999999999998
915,-2.5026999999999995,4.6539,1.0695,15.78,0.028,0.6179,0.1092
916,2.0335999999999994,4.4464,1.6919000000000002,15.97,0.032,0.832,0.0252
917,5.496400000000002,6.2816,0.9823,15.63,0.0248,0.8133,0.0401
918,10.374500000000001,6.901400000000001,3.0420999999999996,15.82,0.013499999999999998,0.7747,0.1004
919,7.009075718155956,8.6352,2.2327999999999997,15.7,0.0418,1.0959,0.07539999999999998
920,-2.793600000000001,5.9309,0.8949,15.73,0.027815385573453148,0.811,0.0939
921,-1.5991000000000004,6.0422,1.49,15.76,0.0257,0.7032,0.0861
922,4.754499999999999,6.2911,1.3574,15.56,0.0254,0.9273999999999999,0.0315
923,-0.8399999999999992,7.451599999999999,3.075,15.9,0.023499999999999997,0.8344999999999999,0.027000000000000003
924,3.920935738105081,5.632499999999999,2.7607,15.91,0.0232,0.596,0.0968
925,20.599999999999998,4.3662,1.4611,15.639999999999999,0.0113,1.0644,0.0792
926,12.0945,5.2191,2.7486999999999995,15.9,0.0165,1.0459,0.0768
927,-4.962699999999999,5.8746,0.8082,15.75,0.0255,0.4254,0.030600000000000002
928,3.4827000000000004,6.8368,2.4361999999999995,15.95,0.0368,0.8146,0.09109999999999999
929,7.027299999999999,3.7146,0.6901,15.92,0.0224,0.7655,0.08499999999999999
930,-2.0555000000000008,5.2289,0.6429,16.01,0.0176,0.5888,0.0643
931,-1.1626999999999996,3.9750000000000005,0.6182,15.56,0.0255,0.4722,0.0953
932,2.1645000000000016,6.8985,2.3047,15.72,0.0247,0.8133,0.10709999999999999
933,-5.8855,2.5985000000000005,2.0192,16.07,0.0225,0.47490000000000004,0.10169999999999998
934,2.5055000000000014,6.3005,1.662,15.95,0.0196,0.9396,0.028300000000000002
935,3.164499999999998,3.11,0.8265999999999999,15.73,0.0142,1.0199,0.0851
936,0.7063999999999997,6.7658,2.7946999999999997,15.89,0.0179,0.9192999999999999,0.105
937,0.1618000000000005,9.609100000000002,2.5422999999999996,15.78,0.0176,1.0918,0.10119999999999998
938,-1.2164000000000001,10.9187,1.3597,15.84,0.023400000000000004,0.5669,0.0989
939,1.1890999999999996,6.2608,1.3728,15.74,0.044599999999999994,0.5066,0.0374
940,3.4482,5.2947,0.7328,15.92,0.0201,0.4382,0.0685
941,2.0909000000000018,4.8154,0.7829,15.73,0.0243,0.6815,0.0381
942,6.113590631028548,7.7394,2.9313,15.8,0.0146,0.7162,0.09419999999999999
943,-0.323600000000001,3.596,1.1041,15.72,0.028,0.7642,0.0658
944,-1.5118,6.4178999999999995,1.5816,15.91,0.0259,1.0135,0.08279999999999998
945,6.395789441286049,5.8803,3.1409,15.8,0.0319,0.8556,0.1013
946,-2.635499999999999,6.1127,0.9610999999999998,15.74,0.0162,0.9163,0.10619999999999999
947,-1.9290999999999991,4.091100000000001,0.6942,15.57,0.0195,0.7258,0.0381
948,1.3254999999999992,7.4533,3.102,15.87,0.0201,0.8262999999999999,0.1016
949,1.7908999999999986,5.1569,1.6897,16.01,0.0226,0.565,0.0326
950,3.0790999999999995,4.4853,1.3926,15.78,0.0295,0.8427,0.0615
951,-5.759999999999999,3.5226000000000006,0.5373,15.93,0.0237,0.8387,0.10139999999999999
952,4.6209,5.9706,2.7155,15.54,0.0186,0.8304,0.0832118750193195
953,3.8508999999999998,3.3876,1.8941999999999999,15.83,0.0189,0.7162,0.08159999999999999
954,-6.6055,6.0071,0.9619000000000001,15.95,0.0139,0.8159,0.0643
955,-4.860899999999998,6.2351,1.7139000000000002,15.91,0.0308,0.5669,0.084
956,-3.215500000000001,2.7452,1.2307,15.7,0.0132,0.8933999999999999,0.0861
957,-1.6700000000000006,6.863400000000001,1.7975,15.7,0.0433,0.8149999999999998,0.0858
958,4.415252902320146,8.4806,2.2259999999999995,15.91,0.0318,0.9251,0.09489999999999998
959,12.0627,5.309,2.7403,15.87,0.028600000000000004,0.7898,0.0366
960,3.141800000000001,4.4095,0.8916000000000001,15.67,0.02755172761258611,0.811,0.10189999999999999
961,8.8173,8.7428,1.5748,15.84,0.0195,0.4389,0.0841
962,5.531799999999999,5.062900000000001,1.7550999999999999,15.67,0.0196,0.8160999999999999,0.0615
963,-1.4563999999999993,3.5747,1.4288,15.74,0.0209,0.9163,0.0858
964,-0.7782000000000004,3.9458,1.3322,15.86,0.0256,0.5799,0.0786
965,0.4591,4.2411,0.6912,15.84,0.0342,0.8384,0.09089999999999998
966,1.8108999999999986,5.9963999999999995,0.984,15.86,0.0273,0.7193,0.089
967,-6.3845,5.1659,0.8355000000000001,16.02,0.026999999999999996,0.6605,0.10370000000000001
968,13.5955,8.3351,3.4668,15.879999999999999,0.026,0.9413000000000001,0.0968
969,4.622700000000001,3.6709000000000005,1.8824,15.746695653499595,0.02385595209321075,0.7584,0.1002
970,7.937299999999999,3.0303,1.6372,15.92,0.0118,0.8689999999999999,0.0856
971,-0.6818000000000008,4.6431,1.0078,15.98,0.0154,0.8262999999999999,0.0333
972,4.4209000000000005,5.5992,2.1116999999999995,15.77,0.0188,0.9066,0.0329
973,1.4608999999999996,5.8149,0.6259,15.7,0.0208,0.4685,0.1092
974,6.077300000000001,3.9105,0.7922,15.709999999999999,0.0212,0.9725,0.10800000000000001
975,7.7727,9.723500000000001,2.4383,15.85,0.0164,0.4389,0.07739999999999998
976,2.157771775081541,6.474599999999999,1.9689,15.59,0.0407,1.1054,0.0243
977,3.755499999999999,7.5153,0.7995,15.75,0.026999999999999996,0.5066,0.0374
978,6.662984985669465,3.61,1.9549000000000003,15.74,0.0397,0.8007,0.0768
979,10.0236,8.1842,3.0165999999999995,15.72,0.0289,0.9794,0.0964
980,-5.532699999999999,4.2575,2.0135,15.82,0.0225,0.8226999999999999,0.09139999999999998
981,3.1427000000000014,4.1328000000000005,1.2951,15.77,0.023499999999999997,0.647,0.030600000000000002
982,-8.3955,6.2134,2.2551,15.85,0.0392,0.8041,0.0969
983,-1.312699999999999,4.3131,0.8033,15.639999999999999,0.0273,0.4685,0.0353
984,-1.576400000000001,5.436299999999999,2.1404999999999994,15.65,0.0158,0.6066,0.0658
985,-2.659100000000001,6.2544,1.4465,15.56,0.0264,1.0918,0.0272
986,-2.884499999999999,2.406,1.7027,15.56,0.0222,0.6254,0.07909999999999999
987,6.049388615307158,4.9295,2.7460999999999998,15.83,0.021699999999999997,1.1086,0.0779
988,-6.054499999999999,6.0601,0.9103,15.69,0.0187,0.7663,0.0921
989,11.476664563129809,7.7496,2.975,15.84,0.0285,0.7747,0.09419999999999999
990,-4.610899999999999,6.140200000000001,1.3093,15.81,0.0188,1.1213,0.0733
991,0.19820000000000038,2.5177,0.7557,15.77,0.0223,1.0199,0.0838
992,-12.0473,10.8564,2.2584999999999997,15.83,0.025100000000000004,0.8384,0.09399999999999999
993,-6.483599999999999,4.0269,2.2474999999999996,15.68,0.0106,1.0891,0.07432924234169182
994,-5.601800000000001,5.7121,3.0453,15.73,0.03,1.1638,0.0969
995,-0.02359999999999992,5.4204,0.5999,15.73,0.0191,1.0186,0.08389999999999999
996,1.008127909993891,5.3298667258828445,2.5906999999999996,15.79,0.023400000000000004,0.5836,0.09089999999999998
997,-6.044500000000001,9.3679,0.7016,16.01,0.0161,0.5888,0.0664
998,-2.1555000000000004,3.9525,2.4515,15.68,0.036500000000000005,0.7558,0.0881
999,-3.8982000000000006,3.6575,1.0594,15.85,0.0222,0.5888,0.0643
1000,2.0009,7.7429,1.0304,15.87,0.0413,0.7663,0.07819999999999999
1001,-2.310900000000001,7.9419,1.8608,15.76,0.0112,0.5329,0.0315
1002,7.369473016042012,4.4594000000000005,2.7761,15.879999999999999,0.027969313777410583,0.596,0.09419999999999999
1003,2.7582,7.593,1.1861,15.63,0.0206,0.8216999999999999,0.10619999999999999
1004,3.172699999999999,3.742,2.0421,15.76,0.024,0.3512,0.0356
1005,-1.2426999999999995,5.5738,0.8475,15.9,0.023400000000000004,0.9072,0.10619999999999999
1006,-6.084500000000001,5.4246,0.5768,15.72,0.0198,1.1623,0.0686
1007,-1.7609000000000008,5.609314871403101,1.2625,15.96,0.0191,0.604,0.08679999999999999
1008,3.3654999999999986,3.9414,2.0924,15.91,0.0139,0.7316,0.08279999999999998
1009,0.8527000000000008,5.5495,1.76,15.77,0.021,0.8197999999999999,0.0328
1010,1.5400000000000011,9.366,2.008,15.95,0.0256,0.57,0.028300000000000002
1011,-2.7844999999999995,2.6974,1.7859,15.89,0.0256,0.7053,0.0699
1012,4.403600000000002,4.6098,0.5602,15.87,0.026999999999999996,0.6302,0.077
1013,-5.3055,3.6862,2.9892,15.83,0.0173,1.0644,0.07710100080764547
1014,1.6300000000000008,6.7438,2.0389,15.83,0.0274,0.7849,0.10680000000000002
1015,3.1900000000000017,7.8401,0.9802,15.95,0.028600000000000004,0.604,0.08709999999999998
1016,20.5864,4.7979,2.2536,15.66,0.0428,0.8735,0.07779999999999998
1017,-1.1581999999999992,4.9308,0.9469999999999998,15.8,0.0331,0.8882999999999999,0.0849
1018,-0.950000000000001,3.4077000000000006,1.3254,15.89,0.0218,0.9735,0.08679999999999999
1019,-1.8599999999999999,4.7955,1.0705,15.709999999999999,0.0179,0.7506,0.0363
1020,9.505585729391672,4.4058,2.6333,15.92,0.0329,0.596,0.0968
1021,-3.2435999999999994,5.7353,1.1209,15.74,0.0351,0.5858,0.030600000000000002
1022,0.5900000000000001,2.3731,1.7127,15.7,0.0232,0.9186,0.0353
1023,-3.6155,2.9962,0.8965,15.69,0.013499999999999998,1.0186,0.0861
1024,-1.6044999999999991,3.8038,0.9678,15.7,0.0155,1.0199,0.0939
1025,3.0945000000000005,1.6872,1.1936,15.81,0.0285,0.8230999999999999,0.0916
1026,0.5754999999999996,8.1897,1.978,15.9,0.0176,0.6987,0.0806
1027,1.288200000000001,8.2318,2.0521,15.75,0.0212,0.6805,0.07509999999999999
1028,16.844500000000004,9.8085,2.132,15.89,0.0151,0.7747,0.1013
1029,-1.054499999999999,9.2151,1.5532,15.7,0.0207,1.1623,0.0684
1030,-0.1918000000000004,3.0794,1.3467,15.73,0.0195,0.7558,0.0903
1031,2.6226999999999987,4.368100000000001,1.5221,15.72,0.0294,0.4685,0.0847
1032,2.1973000000000016,3.7114999999999996,0.7521,15.92,0.0222,0.6257,0.09089999999999998
1033,-9.4964,4.1991,2.1482999999999994,15.8,0.0173,0.7574,0.09379999999999998
1034,-5.125500000000001,3.6831,1.2085,15.73,0.031,0.5765,0.0881
1035,0.25729999999999964,8.6821,1.802,15.99,0.0196,0.9873,0.105
1036,3.3955000000000006,6.8737,0.6371,15.75,0.0158,0.9639,0.097
1037,2.687300000000002,3.6244,1.3187,15.83,0.0168,1.1248,0.0263
1038,11.6818,6.666499999999999,1.2701,15.83,0.03279894522842501,0.662,0.0366
1039,2.5335999999999976,4.818700000000001,1.1293,15.97,0.04009999999999999,0.7593,0.027799999999999995
1040,10.317107540121782,9.6886,0.9441999999999999,15.8,0.026999999999999996,0.9059,0.0969
1041,2.3855000000000017,6.7805,1.619,15.66,0.0307,0.9726000000000001,0.07509999999999999
1042,0.9991000000000003,4.7485,0.8594000000000002,15.91,0.022,0.7681,0.0932
1043,11.4855,5.4073,1.4773,15.91,0.0153,0.7316,0.0835
1044,1.2109000000000005,3.1765,0.989,15.86,0.0273,1.0199,0.0851
1045,-0.5454999999999998,5.4201,1.9521,15.96,0.0248,0.6373,0.08589999999999999
1046,2.740000000000001,4.2038,0.7693,15.95,0.0262,0.3963,0.027799999999999995
1047,-0.21729999999999977,3.1175,1.194,15.82,0.0273,0.687,0.09379999999999998
1048,0.735499999999999,4.7399,2.8690999999999995,15.54,0.0231,0.9237999999999998,0.08599999999999998
1049,-2.824499999999999,2.9356,2.3768999999999996,15.67,0.0124,0.6787,0.0324
1050,-3.7073000000000005,3.3667000000000002,1.7963,15.61,0.0326,0.5858,0.10169999999999998
1051,-5.164499999999999,4.42,0.7671,15.73,0.0156,0.5329,0.09559999999999999
1052,-0.26180000000000014,6.31089786423732,0.6072,15.879999999999999,0.0236,0.8342999999999999,0.0937
1053,-2.3127,4.7977,1.1789,15.72,0.0387,0.8296999999999999,0.0324
1054,-1.9899999999999995,6.149500000000001,0.7514,15.61,0.0215,0.565,0.0924
1055,-0.21729999999999977,5.3996,1.7229,15.95,0.0225,0.7593,0.0855
1056,-3.9072999999999998,6.949600000000001,1.0917,15.77,0.0233,0.8757999999999999,0.10049999999999999
1057,2.0608999999999997,3.9852,1.969,15.77,0.0124,0.7832859155028669,0.07909999999999999
1058,-1.9573,9.1321,1.7245,15.98,0.0238,0.5836,0.0639
1059,17.6864,6.542300000000001,1.827,15.74,0.013400000000000002,1.0644,0.0779
1060,2.1144999999999996,5.1912,2.016,15.73,0.0289,1.0631,0.0878
1061,5.169999999999999,6.4886,0.8682000000000001,15.84,0.015,0.47439999999999993,0.0319
1062,-0.134763005011205,2.6817,2.1363999999999996,15.83,0.0188,1.0959,0.07539999999999998
1063,0.9827000000000004,6.454,1.2488,15.85,0.0188,0.9735,0.0652
1064,2.3182000000000014,8.4018,0.7825,15.709999999999999,0.0267,0.7139,0.0631
1065,20.0236,8.0814,3.1606999999999994,15.85,0.0223,0.7524,0.0969
1066,6.594307256499372,8.1183,2.7193999999999994,15.83,0.039,1.0959,0.0729
1067,0.5609000000000007,7.225825272460884,0.6284,15.66,0.0212,0.9072,0.0713
1068,-0.5326999999999997,6.4537,1.3597,15.7,0.0238,0.7719,0.10169999999999998
1069,-3.9044999999999996,5.3634,0.7296,15.84,0.022497447548390646,1.0359,0.0733
1070,3.1381999999999985,7.8219,2.4133,15.66,0.0315,0.5284,0.062099999999999995
1071,5.083204428017334,4.2267,2.8445,15.76,0.0389,0.6641,0.07849999999999999
1072,-0.4172999999999991,9.934400000000002,1.6039,15.96,0.0254,0.6987,0.0806
1073,6.474926453306099,5.0971,2.4780999999999995,15.68,0.03899518840411201,0.6641,0.07849999999999999
1074,1.762700000000002,2.0193,1.9753999999999998,15.709999999999999,0.0184,0.7558,0.0903
1075,1.5555000000000005,2.8002,1.5322,15.87,0.0165,1.0359,0.0861
1076,2.5055000000000014,6.284,0.6345,16.01,0.0157,0.9276000000000001,0.034
1077,-3.487299999999999,5.9222,2.3159,15.73,0.0151,0.6605,0.0304
1078,-2.7972999999999995,3.827939904271393,1.5726,15.709999999999999,0.028,0.9074999999999999,0.0353
1079,3.8963999999999994,3.7055,2.6404999999999994,15.66,0.0311,1.0891,0.0683
1080,5.081800000000003,5.2405,1.8986,15.73,0.016,0.8638,0.0622
1081,-0.030900000000000424,7.7416,1.492,15.99,0.030399999999999996,0.9873,0.09289999999999998
1082,-1.0081999999999998,2.2394,2.364,16.02,0.0203,0.57,0.08769999999999999
1083,18.682700000000004,7.4078,1.7603000000000002,15.74,0.020158192499017905,0.9835999999999999,0.08159999999999999
1084,8.773386963899453,5.962080838653335,1.5173,15.74,0.0369,1.0407,0.0759
1085,4.055500000000002,6.1799,1.0491,15.78,0.0319,0.8786999999999999,0.0622
1086,1.2209000000000005,9.3285,1.7087906051529849,15.73,0.0224,0.7663,0.08479999999999999
1087,2.776399999999999,7.4219,2.1255999999999995,15.83,0.0192,0.9725,0.09759999999999999
1088,-4.037299999999999,6.288199999999999,0.6191,15.99,0.0267,0.5888,0.0643
1089,-0.7109000000000002,3.1152999999999995,0.9149,16.07,0.0267,0.6242,0.0328
1090,-4.7818,3.7688999999999995,1.0475,15.69,0.0225,0.9136,0.0363
1091,-3.122699999999999,4.6652000000000005,0.8783,15.54,0.0249,0.9332,0.08189999999999999
1092,7.240000000000003,7.0695,2.619,15.98,0.028,1.0918,0.07649999999999998
1093,-0.4636000000000005,3.5555,3.241,15.66,0.0227,0.7193,0.089
1094,13.489099999999999,6.9725,1.9840000000000002,15.93,0.0438,0.4996,0.0915
1095,2.582699999999999,8.3284,1.6743,15.8,0.0404,0.7507,0.0993
1096,1.2673000000000003,2.5672,2.9171999999999993,15.85,0.0281,0.7642,0.10119999999999998
1097,-4.488200000000001,4.3095,1.4505,15.58,0.018199999999999997,0.7954,0.08479999999999999
1098,-10.68,2.5881,1.4941,15.61,0.016,0.7532,0.08189999999999999
1099,8.692700000000002,3.0731,3.6025000000000005,15.83,0.0436,0.7898,0.0366
1100,3.1336,4.2996,0.9231,16.09,0.02309771463010632,0.8531999999999998,0.1124
1101,-1.0927,8.8177,1.037,15.99,0.0131,0.7681,0.105
1102,20.5509,4.028800000000001,2.1852999999999994,15.83,0.0178,1.0459,0.0759
1103,-3.09,4.5813,1.891,15.84,0.0228,1.1525,0.10189999999999999
1104,-2.2364000000000006,4.048300000000001,0.9969999999999999,15.68,0.0218,1.0765,0.0939
1105,-1.9482000000000006,5.700000000000001,1.927,15.709999999999999,0.0165,0.74,0.0362
1106,2.1173000000000015,6.5354,1.8703000000000003,15.78,0.0231,0.6257,0.062099999999999995
1107,-0.39550000000000024,5.28,2.2365,15.98,0.0196,0.6259,0.0822
1108,-4.89,2.9432000000000005,1.7338999999999998,15.74,0.0228,1.0143,0.1043
1109,0.17729999999999993,6.3655,0.9347,15.87,0.0156,0.8262999999999999,0.1016
1110,2.6472999999999978,3.2434,1.9248000000000003,15.709999999999999,0.0144,0.8047,0.08679999999999999
1111,-0.06909999999999923,2.6536000000000004,1.7727000000000002,15.709999999999999,0.0184,0.7159,0.1187
1112,2.8182,6.4263,1.723832621802368,15.91,0.0244,0.8721,0.0856
1113,-4.622700000000001,5.7416,1.3972,15.9,0.02076309608996918,0.5765,0.11029999999999998
1114,-3.8991000000000007,4.1392,1.2724,15.72,0.0153,0.6254,0.0829
1115,20.7782,6.817988534233789,2.6750999999999996,15.91,0.0281,1.0323,0.0937
1116,-0.3917999999999997,5.6919,1.4734,15.79,0.0201,0.8159,0.08499999999999999
1117,-3.088200000000001,6.609600000000001,0.6732,15.7,0.0222,0.8336,0.0713
1118,2.6826999999999988,4.2653,1.4506,15.73,0.025199999999999997,0.4782,0.084
1119,-1.0827,5.589600000000001,1.217,15.75,0.026899999999999997,0.6161,0.0686
1120,-0.06359999999999978,6.5193,2.0605,15.75,0.0302,1.1638,0.10119999999999998
1121,-9.4318,5.5267,1.225,15.709999999999999,0.0156,0.8933999999999999,0.08319999999999998
1122,1.1473000000000009,5.5049,1.7835,15.77,0.0191,0.6857,0.1061
1123,0.7382000000000006,5.8034,1.1547,15.65,0.0176,0.8594999999999999,0.091
1124,4.1455,4.353600000000001,1.9589,15.879999999999999,0.0162,0.9361,0.0858
1125,-2.5190999999999995,7.4066,0.4913,15.76,0.023400000000000004,0.8149999999999998,0.1033
1126,-3.9218,6.2586,1.9774000000000003,15.79,0.0179,0.8387,0.10139999999999999
1127,0.9427000000000004,4.6356,1.8428,15.61,0.0177,0.9319999999999999,0.0299
1128,1.4408999999999998,5.942,0.8117,15.7,0.0158,0.9358999999999998,0.10029999999999999
1129,-0.3182,5.8228,2.1730999999999994,15.74,0.026999999999999996,1.1248,0.0813
1130,13.7255,3.996,2.8588,15.96,0.0285,1.0803,0.09399999999999999
1131,-10.2673,9.876600000000002,3.2941,15.83,0.0204,0.8384,0.09399999999999999
1132,4.4155000000000015,4.5129,0.8986,15.77,0.0345,0.8344999999999999,0.0998
1133,4.837300000000001,3.1119,0.7799,15.91,0.0189,1.1638,0.0921
1134,10.988575379720649,4.823600000000001,1.8653,15.76,0.0342,0.4221,0.0529
1135,-2.4345000000000008,3.6744,1.5612,15.8,0.0203,0.7053,0.0699
1136,-4.4309,7.322800000000001,1.7778,15.75,0.021600000000000005,0.8469,0.0272
1137,5.095499999999999,5.961462406487125,2.6275,15.85,0.0129,0.57,0.1036
1138,1.985499999999999,7.0181,2.1282,15.85,0.0169,0.9873,0.0813
1139,1.6547474250863057,4.7052,2.7511,15.96,0.0342,0.9251,0.1004
1140,-2.2381999999999995,5.1526,1.7298,15.77,0.0237,0.5317,0.10509999999999999
1141,17.7927,8.3238,1.9952,15.77,0.0317,0.6901,0.0786
1142,-0.6609000000000004,2.6206,1.2299,15.8,0.0138,0.8230999999999999,0.0652
1143,-4.719999999999999,5.7591,1.5487,15.61,0.0205,0.9319999999999999,0.0299
1144,5.070317578973162,10.2301,2.6183,15.68,0.038,0.7613,0.07779999999999998
1145,-1.1926999999999996,4.363900000000001,3.6515,15.8,0.02367707174426494,0.8987,0.0741
1146,-4.395500000000001,5.4073,2.002,15.93,0.019900000000000004,0.8229,0.11119999999999998
1147,11.559099999999999,6.613096298360797,2.196,15.83,0.0259,0.4996,0.0224
1148,-3.6509000000000005,3.9068,1.1361,15.75,0.0173,0.8469,0.10509999999999999
1149,-3.9554999999999985,4.0088,1.1701,15.93,0.0305,0.9048,0.0733
1150,3.5944999999999987,6.0911,2.7615999999999996,15.79,0.025199999999999997,0.7139,0.0622
1151,-0.44819999999999954,7.8704,1.358,15.98,0.0191,0.5836,0.0764
1152,-2.9572999999999987,5.196699999999999,1.3706,15.57,0.0206,0.46599999999999997,0.10169999999999998
1153,-1.7100000000000004,5.8362,0.9974,15.93,0.0259,0.9078999999999999,0.0855
1154,6.185500000000001,5.9842,1.1368,15.54,0.021,0.7093,0.08599999999999998
1155,-2.113599999999999,4.9854,0.7404,15.79,0.0215,0.7516,0.09559999999999999
1156,-10.1245,4.3614,2.6753,15.87,0.0337,0.9393,0.0788
1157,-7.538200000000001,3.5277,2.4532,15.78,0.0236,0.7574,0.09379999999999998
1158,-5.331799999999999,3.9171,2.2332,15.709999999999999,0.0158,1.0199,0.10550000000000001
1159,2.192699999999998,6.1039,2.0732,15.75,0.0262,0.9329000000000001,0.036
1160,5.134500000000002,3.1492,0.6918,15.74,0.0342,0.7015,0.0759
1161,2.573013014716194,3.0522,0.8416,15.87,0.0207,0.9413000000000001,0.0968
1162,1.1590999999999998,7.1718,0.8735000000000002,15.82,0.024,0.9254999999999999,0.09939999999999999
1163,0.7135999999999997,4.1454,1.7232,15.93,0.019900000000000004,0.8594999999999999,0.091
1164,2.191800000000002,5.3635,0.7908,15.99,0.0244,0.7593,0.0822
1165,18.867299999999997,7.499900000000001,1.9541,15.96,0.0299,0.5593,0.09489999999999998
1166,-6.0255,3.6401,0.8209,15.73,0.0225,1.0765,0.0851
1167,-0.4091000000000002,7.7667,2.4155999999999995,15.73,0.021699999999999997,1.2471,0.07909999999999999
1168,-0.44910000000000005,3.2363,1.6506,15.79,0.0219,0.6815,0.08449999999999999
1169,1.2954999999999992,4.624,2.3713999999999995,15.77,0.0239,1.0199,0.10680000000000002
1170,-0.950000000000001,4.344100000000001,1.7839,15.52,0.0281,0.6605,0.0328
1171,3.4317999999999977,5.2435,0.8908999999999999,15.78,0.0162,0.6644,0.0362
1172,0.8827000000000007,7.160300000000001,1.3099,15.73,0.0378,0.8160999999999999,0.0662
1173,-2.572700000000001,3.1584999999999996,0.7417,16.04,0.0232,0.7681,0.0688
1174,-2.146399999999999,2.6374,1.8328999999999998,15.79,0.0206,0.9319999999999999,0.0863
1175,1.335499999999999,4.967200000000001,2.9122,15.74,0.0254,0.7663,0.08029999999999998
1176,-0.7235999999999996,7.7214,2.4801999999999995,15.82,0.0194,0.5377,0.08279999999999998
1177,4.3136,5.1801,2.8041999999999994,15.709999999999999,0.0264,0.8833999999999999,0.11159999999999999
1178,3.4491000000000005,5.6384,1.1021,15.82,0.0144,1.0478,0.0662
1179,-4.1018,4.0088,1.5517,15.73,0.0211,0.9136,0.0838
1180,14.628593119982604,2.9844,2.7079,15.68,0.0431,0.7613,0.07539999999999998
1181,3.653600000000002,7.3859,0.7478,15.77,0.0299,0.8858999999999999,0.0345
1182,-1.2336,4.0648,0.8709,15.82,0.0173,0.9812,0.0713
1183,-0.34449999999999936,9.8065,2.7014999999999993,15.61,0.0139,0.3973,0.0319
1184,0.18910000000000093,5.7327,1.858,15.99,0.0273,0.9873,0.08479999999999999
1185,3.1381999999999985,9.1637,1.2847,15.89,0.0256,0.9715000000000001,0.105
1186,4.538199999999998,4.351,0.8479000000000001,15.66,0.016,0.9489,0.0342
1187,-3.2882000000000002,4.5105,1.9043000000000003,15.7,0.0213,1.0959,0.10169999999999998
1188,6.6000000000000005,5.2891,1.8825999999999998,15.84,0.0151,0.4389,0.0841
1189,1.5018,10.8289,0.6238,15.89,0.0247,0.7928,0.0998
1190,20.81,10.9632,2.8741,15.73,0.025100000000000004,1.0803,0.0969
1191,-3.6345000000000005,4.6133,2.3904,15.86,0.0237,0.9273999999999999,0.0571
1192,2.4208999999999987,4.2983,0.798,15.85,0.019,0.8184,0.0864
1193,-1.6864000000000006,5.5709,0.736,15.69,0.026999999999999996,0.6644,0.0342
1194,-12.2945,6.1979,2.5046,15.709999999999999,0.0246,0.6672,0.0822
1195,-1.6600000000000006,1.942,2.5123,15.7,0.0231,0.8858999999999999,0.0699
1196,-2.6682,4.3753,2.0508,15.77,0.0179,0.7663,0.08029999999999998
1197,0.19729999999999984,5.9703,1.3663,15.78,0.0177,0.5194,0.1058
1198,-3.7773000000000003,2.2464,1.5642,15.61,0.0229,0.9319999999999999,0.0863
1199,-0.45270000000000005,5.7777,1.2192,15.72,0.0229,0.8757999999999999,0.0786
1200,6.908200000000001,8.6041,2.5991,15.8,0.015199999999999998,0.7524,0.09419999999999999
1201,7.391800000000001,5.726,2.0961,15.84,0.0291,0.5677,0.0257
1202,12.307300000000003,5.345995058808944,0.8885000000000001,15.8,0.0305,0.7162,0.0746
1203,-5.1618,4.880999999999999,1.6783999999999997,15.73,0.0244,0.7674,0.0324
1204,-2.1008999999999998,4.123900000000001,0.8292,15.69,0.0274,0.8531999999999998,0.0869
1205,7.2752241477682835,5.1866,2.6108999999999996,15.82,0.026248822978190693,0.7747,0.09429999999999998
1206,-2.5945,3.3232,1.4333,15.86,0.0376,0.5669,0.08449999999999999
1207,-2.4709000000000003,2.5702,0.5489,15.91,0.028699999999999996,0.8336,0.0733
1208,-0.8891000000000007,6.0573,0.854,15.87,0.0321,0.7445,0.027000000000000003
1209,2.6054744969775556,4.9673,3.1426999999999996,15.8,0.0103,0.5955,0.07889999999999998
1210,1.1990999999999996,4.6582,0.8532999999999998,16.09,0.0204,0.7233,0.08499999999999999
1211,-2.8099999999999987,4.483600000000001,0.682,15.89,0.0197,0.5765,0.10529999999999999
1212,17.3018,6.5557,2.0982,15.68,0.0129,0.6901,0.0713
1213,16.58928972323932,6.6984,2.7066,15.74,0.0403,1.1086,0.0759
1214,15.3536,4.0729,0.5889,15.7,0.03430737199472439,1.0459,0.0869
1215,-0.326400000000001,3.6306,2.8424,15.73,0.024426038898416103,0.8962,0.09769999999999998
1216,0.5564000000000002,5.8414,2.0996,15.73,0.0259,0.8427,0.08189999999999999
1217,-1.419100000000001,8.0345,1.186,15.68,0.0237,0.9916000000000001,0.0272
1218,2.780000000000001,10.4267,1.0338,15.801620847030035,0.0231,0.811,0.10189999999999999
1219,-5.9418,7.3721,1.2098,15.68,0.0228,0.46599999999999997,0.0807
1220,-1.047299999999999,4.631200000000001,0.654,15.7,0.0201,1.1623,0.1087
1221,2.5208999999999984,4.3093,2.2759,15.82,0.0168,1.0459,0.08159999999999999
1222,-1.6545000000000012,6.5713,2.5986999999999996,15.72,0.0388,1.2364,0.08159999999999999
1223,6.2045,4.490358582343439,2.691,15.8,0.0308,1.0918,0.07649999999999998
1224,1.727300000000001,3.4184,0.9652000000000001,16.08,0.0176,0.647,0.0864
1225,8.3018,5.828299999999999,1.0134,15.85,0.0151,0.9639,0.0915
1226,1.23,4.139000000000001,2.543,15.92,0.0418,0.7158,0.09939999999999999
1227,2.4344999999999986,4.0485,1.5766,15.85,0.0169,0.6576,0.08729999999999999
1228,-6.494500000000001,6.570799999999999,3.7141,15.66,0.026999999999999996,0.5742,0.0299
1229,12.160899999999998,5.6767,2.7625,15.73,0.0325,1.1815,0.0937
1230,3.7127000000000017,5.1701,1.6451000000000002,15.95,0.0204,0.9251,0.07959999999999999
1231,-1.0981999999999994,3.6475,2.3702,15.96,0.0249,0.6385,0.08499999999999999
1232,5.872700000000003,4.7116,0.8209,15.92,0.025100000000000004,0.9725,0.07649999999999998
1233,1.6308999999999991,6.4754,1.2612,15.66,0.0221,0.8160999999999999,0.0662
1234,3.7570799617655704,5.5544,1.038,15.8,0.0219,1.0551,0.0714
1235,6.000288155525882,6.3497,0.8793,15.85,0.0214,0.7524,0.09429999999999998
1236,-1.4972999999999996,4.486,1.8657,15.77,0.0291,0.8197999999999999,0.1011
1237,5.718199999999999,7.5307,0.9529,15.73,0.0246,0.7337,0.0932
1238,0.7218000000000007,4.1323,3.3334000000000006,15.9,0.0238,0.9254999999999999,0.10029999999999999
1239,1.034499999999999,4.9982,1.7752,15.73,0.0184,1.0135,0.07959999999999999
1240,-2.099100000000001,4.0262,2.6411999999999995,15.709999999999999,0.0155,0.9174999999999999,0.10509999999999999
1241,-1.3073000000000004,4.8576,2.3088,15.51,0.0254,0.9726000000000001,0.0685
1242,2.8931250994275457,7.560006981824309,3.6422,15.8,0.0317,0.9753,0.07889999999999998
1243,-5.6945,3.8017,1.2371,15.69,0.0179,0.9358999999999998,0.0807
1244,-0.9127000000000005,8.4692,2.0107,15.98,0.0154,0.9383,0.0887
1245,-2.1500000000000012,8.2545,0.812,15.84,0.0173,0.7663,0.030600000000000002
1246,-6.5282,3.8322,1.483,15.7,0.0258,0.8047,0.1043
1247,-2.7672999999999996,5.7891,1.0568,15.87,0.031899821369290926,0.7447,0.0333
1248,3.2964000000000016,4.639,1.2235,15.95,0.0264,0.8216999999999999,0.10169999999999998
1249,3.034500000000001,6.674,1.175,15.8,0.0183,0.7558,0.08499999999999999
1250,11.4855,6.3958,3.1136,15.96,0.026800000000000004,0.9794,0.0968
1251,-2.310900000000001,4.3482,2.3419,15.67,0.01907289813105355,0.8451999999999998,0.1104
1252,0.37640000000000085,2.9581,0.852,15.8,0.0203,1.148,0.0529
