,feature_60,feature_478,feature_133,feature_65,feature_349,feature_435,feature_34,feature_511,feature_442,feature_124
0,0.6991,6.0266,2.3766,19.3009,0.0237,9.9805,8.6915,84.9279,0.9639,15.83
1,-1.4173,4.8218,2.3805,21.4173,0.0272,12.5349,8.3006,25.2308,0.8427,15.75
2,10.2355,6.1589,2.3244,9.7645,0.0163,12.8413,8.7418,46.2963,0.9193,15.69
3,9.8518,5.0612,2.3725,30.1482,0.03,10.5202,8.6829,114.2857,0.7158,15.81
4,1.0336,7.4828,2.3401,18.9664,0.0243,11.1054,8.5891,36.2869,1.1255,15.94
5,3.6809,4.1813,2.2797,16.3191,0.0205,4.3896,9.0744,32.9718,0.4782,15.86
6,2.8109,5.9339,2.2864,17.1891,0.0245,11.5102,8.9132,58.9023,0.656,15.79
7,1.5036,3.5466,2.3081,18.4964,0.0174,14.6852,8.3383,51.3291,0.932,15.69
8,23.8245,9.1221,2.2592,16.1755,0.0105,14.2503,8.659,133.29193306761312,1.2771,15.94
9,1.5745,3.3971,2.2877,18.4255,0.01980311064353519,8.041,8.7512,46.022,0.5317,15.91
10,2.9282,4.7353,2.212,17.0718,0.0339,18.972,9.534,52.0231,0.565,15.98
11,5.4991,5.2686,2.2773,14.5009,0.0172,19.7531,8.5288,29.4537,0.9361,15.97
12,-2.5027,6.8676,2.2959,22.5027,0.0198,5.9122,8.1605,133.29193306761312,0.9175,15.73
13,0.34,7.0359,2.3323,19.66,0.0116,8.9372,8.8043,54.6154,0.7316,15.98
14,4.1691,6.8146,2.2674,15.8309,0.0225,10.0583,8.7556,39.6285,0.8532,15.84
15,-3.74,2.7876,2.2564,23.74,0.0236,9.6358,8.5571,34.7826,0.7032,15.81
16,3.969906523068129,5.623331123803992,2.2784,19.753660125097745,0.0148,8.919,9.131,42.3963,0.7139,15.89
17,1.9482,9.1675,2.3735,34.62999992554279,0.0381,14.1928,8.5687,91.9861,0.8222,15.8
18,8.1455,3.4324,2.1911,11.8545,0.0253,5.9052,8.7187,51.8112,0.6144,16.1
19,4.9555,9.9444,2.3499,15.0445,0.0184,24.40700322285261,8.441,48.329,0.9383,15.61
20,9.1882,5.9269,2.2928,30.8118,0.014,13.8036,9.5642,45.152,0.5593,15.91
21,2.2855,10.1458,2.3146,17.7145,0.0162,2.7861,8.6706,42.0202,0.5836,15.7
22,0.6191,7.5571,2.3386,19.3809,0.0229,9.2987,8.7867,71.028,0.78,15.81
23,-3.7509,3.369,2.272,23.7509,0.0209,13.1301,8.8581,39.708,0.6373,15.75
24,4.9118,4.8707,2.2802,15.0882,0.0154,8.2562,8.8624,30.837,0.7655,15.8
25,0.12,5.817,2.3122,19.88,0.0241,9.9237,8.6397,64.3929,0.9965,15.87
26,1.8173,3.4949,2.2728,18.1827,0.0445,13.2642,9.5713,50.7439,0.7928,15.99
27,2.7927,3.9522,2.2474,17.2073,0.0245,10.9953,8.2345,56.044,0.7233,15.92
28,2.1109,8.8016,2.3216,17.8891,0.0177,8.6069,9.1502,133.29193306761312,0.6667,15.89
29,-4.4109,3.706,2.4241,24.4109,0.0199,16.4288,8.6544,34.6535,0.6641,15.88
30,8.9136,7.1799,2.3684,31.0864,0.0373,4.7491,10.063204409341335,93.9683,0.7584,15.77
31,-2.0764,6.11,2.2937,22.0764,0.0278,14.5455,8.5891,33.2449,1.1255,15.98
32,0.5518,6.0246,2.2757,19.4482,0.0273,4.7256,8.287,44.8065,1.0541,15.86
33,-0.9364,2.9235,2.2658,20.9364,0.017,14.3617,8.5851,25.3365,0.442,15.77
34,5.2064,4.0558,2.3817,14.7936,0.0207,12.1562,8.572,37.3464,0.9238,15.85
35,1.2836,12.070534706053035,2.2771,18.7164,0.0319,11.6714,9.7836,28.3333,0.6987,16.01
36,1.0027,7.1443,2.2864,18.9973,0.0221,2.5787,8.9132,38.9189,0.656,15.79
37,-2.6564,2.3646,2.2434,22.6564,0.0256,19.2454,9.0447,44.3778,0.7534,15.78
38,-0.0636,10.0705,2.2569,20.0636,0.0253,4.3531,8.9191,55.9242,0.8859,15.84
39,3.9055,6.1617,2.3712,34.62999992554279,0.0164,5.645,9.2405,61.7647,0.6901,15.75
40,2.0318,4.3582,2.3187,17.9682,0.0227,5.1253,8.7512,23.7037,0.5317,15.8
41,17.3873,5.7628,2.2887,22.6127,0.0461,6.7048,8.9336,69.6774,1.0644,15.99
42,-0.1545,4.319,2.4151,20.1545,0.0241,6.4061,8.8909,21.3577,0.6815,15.84
43,-0.3309,3.2036,2.2616,20.3309,0.0169,13.1777,8.7635,42.4178,0.7053,15.86
44,-5.7182,6.748,2.3672,25.7182,0.0144,7.9905,9.1855,49.0251,0.5632,15.87
45,3.65,6.0536,2.3375,16.35,0.0247,6.3029,9.0121,46.2312,0.8716,15.99
46,25.5127,5.1949,2.3756,14.4873,0.0151,7.6279,9.094,77.2727,0.7613,15.72
47,-5.6473,6.4204,2.3099,25.6473,0.0252,16.1069,8.536,26.8344,1.1525,15.84
48,1.8609,2.582,2.2826,18.1391,0.0197,20.1799,8.8097,61.8725,0.9136,15.79
49,-4.4927,4.5795,2.4241,24.4927,0.0141,10.4381,8.58,34.0852,0.684,15.88
50,17.4,5.1848,2.3275,22.6,0.0256,14.361,8.8287,133.29193306761312,0.9251,15.8
51,1.6073,4.6249,2.3257,18.3927,0.0232,2.4696,8.7219,43.7856,0.7663,16.01
52,0.8873,3.9097,2.3132,19.1127,0.05001404392542416,13.239,8.4092,60.3015,0.9251,15.91
53,-2.7136,6.015,2.2752,22.7136,0.0211,10.1682,9.6515,16.3107,0.5669,15.89
54,5.3382,6.0748,2.3497,34.62999992554279,0.0162,24.40700322285261,9.1784,56.4706,0.7898,15.77
55,1.6373,6.026,2.3259,18.3627,0.0236,10.6195,8.5987,24.6154,0.8807,15.75
56,2.9691,3.4708,2.3063,17.0309,0.0141,7.4002,9.754,67.0391,0.577,15.96
57,-1.0991,6.1979,2.4214,21.0991,0.0154,5.5035,8.5855,35.2423,0.9588,15.62
58,2.9518,4.8857,2.3573,17.0482,0.0194,8.5058,8.7994,42.4178,0.8435,15.87
59,-10.37,4.4544,2.295,30.37,0.05001404392542416,7.1982,8.5177,44.3497,0.8384,15.88
60,1.3445,3.9991,2.2808,18.6555,0.0208,12.9923,8.2395,34.4322,1.0216,15.82
61,1.1664,3.4878,2.2935935783150496,18.8336,0.021929198863950512,8.43,8.1728,54.833,0.7584,15.830614464076529
62,0.1873,3.4793,2.3923,19.8127,0.0248,8.8156,8.6544,27.8134,0.6641,15.9
63,0.4836,3.9691,2.3122,19.5164,0.0185,8.177,8.6397,102.9126,0.9965,15.87
64,4.0809,3.2357,2.4079,15.9191,0.0208,6.3871,8.322,31.7181,0.7506,15.79
65,18.3936,4.2732,2.2936,21.6064,0.0386,24.40700322285261,9.2007,60.1156,0.7015,16.04
66,1.2809,4.3922,2.349,18.7191,0.0208,10.8354,8.3331,41.9175,0.9396,15.71
67,0.5682,7.684,2.3573,19.4318,0.0183,14.9271,8.7994,36.7722,0.8435,15.87
68,8.0955,6.9474,2.3865,11.9045,0.05001404392542416,13.2003,9.5713,33.8425,0.7928,15.78
69,-1.97,2.8027,2.2797,21.97,0.0337,15.6194,9.088,27.8652,0.481,15.86
70,-8.2255,5.2293,2.3366446934572704,28.2255,0.0138,15.2786,8.8249,76.815,0.6302,15.814569606570712
71,-0.75,5.8268,2.2647,20.75,0.025,13.3543,8.6544,57.1429,0.6641,15.83
72,0.1627,3.2662,2.2826,19.8373,0.0215,2.2511,8.6472,35.2941,0.7611,15.79
73,-1.9555,7.1548,2.3161,21.9555,0.0201,13.7654,9.9964,114.5263,0.7477,15.89
74,-1.3018,5.6614,2.2915,21.3018,0.0281,8.4459,8.7538,50.9091,0.8471,15.54
75,-0.0191,6.4234,2.3063,20.0191,0.0149,16.5013,9.0425,18.1303,0.6335,15.96
76,-2.0327,4.8172,2.2563,22.0327,0.0229,5.6548,9.1526,33.0312,0.4254,15.83
77,3.0982,4.8741,2.3883,16.9018,0.0192,13.9335,8.8546,25.3968,0.7337,15.91
78,-2.9609,7.3252,2.2859,22.9609,0.0134,10.1575,8.2963,17.6991,0.8136,15.72
79,3.5436,4.3696,2.2726,16.4564,0.0199,18.9251,8.8519,43.9407,0.6927,15.76
80,1.5127,8.4684,2.3323,18.4873,0.0239,16.4479,8.5779,40.4669,1.0189,15.97
81,1.17,4.533,2.3402,18.83,0.0234,9.7785,8.8132,45.5516,0.8146,15.88
82,-0.8045,5.2201,2.2472,20.8045,0.0152,14.3598,8.9979,61.2903,0.7258,15.72
83,2.99,6.8674,2.3604,17.01,0.0461,10.8833,9.754,20.6769,0.577,15.86
84,27.3427,6.7229,2.3524,12.6573,0.0135,10.9924,8.6667,85.7645,1.0959,15.74
85,0.7,3.952,2.2445,19.3,0.0175,15.2516,8.1161,48.9412,0.8595,15.79
86,10.9955,9.4756,2.3073,29.0045,0.0306,6.2156,8.6013,64.6204,1.1815,15.76
87,1.7373,4.3682,2.3162,18.2627,0.0269,15.5645,9.7324,53.4954,0.8752,15.75
88,-19.9927,6.6127,2.3375,34.62999992554279,0.0323,8.36,9.0121,58.9474,0.8716,15.99
89,0.9573,5.5044,2.212,19.0427,0.0219,11.9272,8.8356,63.4409,0.5194,15.98
90,-3.3555,6.5896,2.2877,23.3555,0.020790329615660047,5.0598,8.9607,29.4372,0.7392,15.91
91,-0.6327,5.515,2.4167,20.6327,0.0169,2.8641,8.8078,26.1328,1.0143,15.83
92,5.0691,2.7352,2.1996,14.9309,0.0193,12.605,8.7782,43.9462,0.745,16.09
93,11.2909,10.7271,2.2697,8.7091,0.021,7.0512,8.7994,39.5062,0.8435,15.94
94,-2.6109,2.5503,2.3936,22.6109,0.0151,8.9998,8.5571,31.7073,0.7032,15.87
95,-0.3736,5.7983,2.2937,20.3736,0.0127,9.2971,8.9635,62.9108,0.7643,15.98
96,-1.1391,3.3645,2.3289,21.1391,0.0204,7.7824,8.6427,69.12,0.9079,15.94
97,-4.99,4.3431,2.2555,24.99,0.02011198984856056,6.0282,10.063204409341335,31.7101,0.8229,15.74
98,-0.9091,4.2125,2.2915,20.9091,0.0176,9.2494,8.6472,47.2761,0.7611,15.54
99,1.8164,5.801,2.3481,18.1836,0.0226,14.0172,8.2638,46.0028,0.9726,15.74
100,0.1227,6.0602,2.3099,19.8773,0.0262,9.1776,9.5713,51.4745,0.7928,15.84
101,0.8745,5.0466,2.2588,19.1255,0.0125,12.9555,8.5251,47.4506,0.869,15.95
102,-1.0182,6.2631,2.2725,21.0182,0.0142,16.2183,8.7779,38.6555,0.466,15.82
103,0.3036,6.8782,2.3177,19.6964,0.0189,7.6823,8.8513,46.9294,1.062,15.8
104,2.0509,8.3516,2.2674,17.9491,0.026,15.4171,8.6556,60.6593,0.6163,15.85
105,22.7927,8.4149,2.4244,17.2073,0.0352,10.6846,9.0998,133.29193306761312,1.0551,15.78
106,4.1464,8.2175,2.4214,15.8536,0.0202,5.7493,8.5889,62.7054,0.6222,15.62
107,0.3245,8.9509,2.2949,19.6755,0.05001404392542416,5.4458,8.8973,58.8556,0.6796,15.7
108,6.1527,2.6252,2.3672,13.8473,0.0183,4.1104,8.6915,54.8792,0.9639,15.87
109,-1.8473,8.9647,2.4,34.62999992554279,0.0249,10.717,8.7879,108.9974,0.8556,15.79
110,-1.6436,7.076,2.4073,21.6436,0.0202,7.8761,8.2823,47.36,0.8133,15.72
111,2.2982,4.252,2.2821,17.7018,0.0171,4.2138,8.6799,55.7971,0.593,15.8
112,23.8864,3.626,2.3471,16.1136,0.0395,9.3799,9.1638,83.3747,0.6641,15.75
113,3.8109,5.1132,2.2674,16.1891,0.0146,10.6545,8.9605,69.7789,0.9274,15.85
114,-6.74,4.736,2.3079,26.74,0.0195,11.4899,9.7137,41.543,0.3973,15.71
115,2.2618,8.7071,2.2789,17.7382,0.0253,12.2203,9.7571,39.8804,0.7852,15.67
116,1.9245,4.6417,2.2728,18.0755,0.0136,10.3977,8.5459,54.9102,1.0918,15.99
117,-0.4409,6.1962,2.2474,20.4409,0.0175,12.1517,8.3663,55.0265,0.5779,15.77
118,27.652799664750972,6.5265,2.3596,11.5773,0.0432,13.9178,8.7947,116.5829,0.8446,15.79
119,2.4209,6.6675,2.3984,17.5791,0.0218,3.0036,9.0145,38.2222,0.5478,15.92
120,-0.81,12.070534706053035,2.3296,20.81,0.0294,14.0369,8.6439,133.29193306761312,1.0135,15.71
121,-3.1246962445657793,5.6205293824675495,2.3883,20.39598976831199,0.0153,9.5164,8.2981,24.3013,0.7093,15.91
122,-17.9336,4.7846,2.3407,34.62999992554279,0.0237,7.1685,9.043,103.8674,0.7574,15.84
123,-0.7155,2.1779,2.4151,20.7155,0.0245,8.3029,8.6799,34.7032,0.593,15.84
124,4.1509,5.0601,2.3099,15.8491,0.0285,17.1637,9.0622,122.7273,0.8343,15.84
125,3.9673,5.5115,2.2527,16.0327,0.0171,7.2727,9.0811,66.881,1.1213,15.81
126,-3.65,4.6997,2.2631,23.65,0.0261,10.5841,8.3663,18.7755,0.5779,15.81
127,-1.9855,7.9214,2.3495,21.9855,0.0197,8.8526,8.7932,25.3968,0.8159,15.81
128,-3.88,4.8058,2.2711,23.88,0.0122,4.6438,8.3675,36.999,0.6268,15.77
129,5.8045,8.0418,2.4201,14.1955,0.0248,7.1704,8.7932,36.8825,0.8159,15.56
130,-0.9945,6.5778,2.3883,20.9945,0.0284,14.686,8.287,24.3115,1.0541,15.91
131,-4.6636,4.3419,2.2989,24.6636,0.0224,7.9362,9.9964,42.6036,0.7477,15.84
132,-19.1518,3.4781,2.3321272719547927,34.62999992554279,0.0283,8.6154,8.8388,52.0179,0.9836,15.812378282854908
133,3.2509,5.7289,2.2588,16.7491,0.0222,17.0732,8.6772,34.5158,0.9048,15.95
134,2.3318,5.6591,2.2877,17.6682,0.02570377880247817,4.9712,8.1605,40.0932,0.9175,15.91
135,5.4018,3.3141,2.3038,14.5982,0.0146,12.4288,8.6406,94.6565,0.8235,15.85
136,-0.5691,3.3826,2.3978,20.5691,0.0156,13.6743,9.2291,76.6551,0.811,15.76
137,-21.830849350044517,6.0188,2.3073,34.62999992554279,0.0362,13.7095,9.043,133.29193306761312,0.7574,15.76
138,-1.0573,3.3903,2.2771,21.0573,0.024,12.0108,8.9635,62.7615,0.7643,16.01
139,-6.8764,4.0285,2.2216,26.8764,0.0195,5.3435,8.6556,76.1221,0.6163,16.0
140,2.8136,5.8022,2.2802,17.1864,0.0164,6.6705,9.131,30.7311,0.7139,15.8
141,-3.7245,5.1156,2.3021,23.7245,0.0307,11.7508,8.1605,40.2721,0.9175,15.77
142,-1.2182,5.243,2.3161,21.2182,0.0342,8.3418,9.9964,54.3689,0.7477,15.89
143,-5.68,8.4634,2.2705,25.68,0.0245,16.715,8.8215,26.4901,0.573,15.83
144,1.2518,4.0841,2.2931,18.7482,0.0372,7.3519,8.6384,50.7795,0.7532,15.71
145,-0.1145,5.2041,2.2705,20.1145,0.0229,12.8,8.8215,31.9202,0.573,15.83
146,19.5609,6.634,2.3128,20.4391,0.0243,12.2271,9.4832,63.621,0.7507,15.9
147,-3.7673,5.8656,2.2809,23.7673,0.0293,9.5832,8.3845,24.2152,0.6787,15.79
148,-3.6855,5.7486,2.3063,23.6855,0.0291,12.6008,8.5855,36.036,0.9588,15.96
149,3.3918,5.4606,2.3301,16.6082,0.022,13.7056,8.7696,28.0193,0.3963,16.0
150,-2.5036,5.4421,2.4196,22.5036,0.0128,9.2481,8.7383,61.7391,1.0186,15.86
151,16.2418,6.1628,2.298,23.7582,0.0293,9.3071,8.5788,43.739,0.9683,15.86
152,4.6609,4.2114,2.3997,34.62999992554279,0.0386,24.40700322285261,8.7487,133.29193306761312,1.0459,15.77
153,1.5882,2.8513,2.3237,34.62999992554279,0.0169,12.6824,10.063204409341335,67.8869,0.7584,15.85
154,24.14,8.171,2.298,15.86,0.0187,15.1561,9.1757,32.2078,0.7059,15.86
155,0.1518,3.0125,2.2928,19.8482,0.0239,8.6891,9.5713,47.5524,0.7928,15.91
156,8.0636,6.2537,2.3314,31.9364,0.0244,7.2643,8.872,56.7164,0.7524,15.77
157,25.0836,8.3929,2.2764,14.9164,0.037,7.9778,9.6234,67.9406,0.5955,15.89
158,3.2655,7.2471,2.4201,16.7345,0.0145,11.6345,9.754,133.29193306761312,0.577,15.56
159,2.2009,3.977,2.2892,17.7991,0.0191,13.3617,8.8356,31.8804,0.5194,15.69
160,-6.6409,2.9266,2.3884,26.6409,0.0186,18.1344,9.4336,22.4168,1.1623,15.85
161,-3.7045,6.9715,2.2553,23.7045,0.0264,9.6578,8.6695,22.6562,0.8616,15.76
162,-2.63,4.9807,2.2697,22.63,0.0221,3.1931,8.7897,67.7419,0.5377,15.94
163,-2.7282,2.8666,2.4349,22.7282,0.0143,5.6402,9.0942,31.8756,0.7677,15.77
164,2.6718,2.7091,2.2616,17.3282,0.0213,13.6712,8.6772,36.534,0.9048,15.86
165,1.0045,6.8317,2.2909,18.9955,0.0264,11.2676,8.9546,49.5495,0.8883,15.89
166,1.6018,3.6852,2.2859,18.3982,0.0151,6.6253,8.6384,28.1938,0.7532,15.72
167,20.7209,4.6032,2.3715,19.2791,0.0462,13.3739,8.6211,63.3782,0.7408,15.81
168,-3.1255,4.0177,2.4167,23.1255,0.0203,8.2055,8.5862,20.9709,0.9332,15.83
169,4.0991,3.9273,2.3025,15.9009,0.0289,9.0308,9.396,27.9509,0.6576,15.81
170,-6.3391,2.5684,2.2634,26.3391,0.0158,11.9812,8.9191,35.3201,0.8859,15.76
171,6.2455,5.0709,2.3099,13.7545,0.0277,13.4393,8.8384,57.732,0.768,15.84
172,10.2109,4.8214,2.3403,29.7891,0.0405,16.5962,9.1502,93.3333,0.7162,15.85
173,26.7745,5.7668,2.3403,13.2255,0.0371,12.4561,8.6667,68.7631,1.0959,15.85
174,-0.7245,4.6526,2.4108,20.7245,0.014,5.3177,8.287,26.2056,1.0541,15.84
175,-0.2709,3.3925,2.2954,20.2709,0.0247,4.2496,8.7552,35.8056,0.9066,15.59
176,10.8955,4.3312,2.3132,29.1045,0.0328,10.3967,8.872,62.6826,0.7524,15.84
177,27.652799664750972,12.070534706053035,2.3471,10.8082,0.0162,10.6416,8.7947,88.665,0.8446,15.75
178,-1.0909,5.7275,2.2596,21.0909,0.0177,14.5916,8.9191,100.0,0.8859,15.74
179,-0.5655,4.8219,2.2711,20.5655,0.0209,8.2409,9.2036,37.9822,0.7277,15.77
180,-2.8818,5.3451,2.2967,22.8818,0.015,3.7139,8.8132,59.5136,0.8146,15.94
181,3.1136,7.6393,2.3078,34.62999992554279,0.0296,14.206,8.5405,50.0,0.9059,15.88
182,-7.0082,7.8141,2.292,27.0082,0.0296,7.4839,8.5298,48.1416,0.9276,15.79
183,3.0718,6.275,2.2826,16.9282,0.0207,18.5003,8.2914,34.6667,0.6385,15.79
184,-1.5036,2.8462,2.2809,21.5036,0.0269,8.2035,9.7571,25.5591,0.7852,15.79
185,3.1845,5.4338,2.3453,16.8155,0.0182,10.9164,8.5779,35.518,1.0189,15.92
186,22.7173,5.3468,2.3194,17.2827,0.0219,17.2293,8.7879,23.8651,0.8556,15.9
187,-12.1527,5.0961,2.3378,32.1527,0.0132,8.4243,8.6309,133.29193306761312,1.148,15.81
188,2.32,4.7428,2.2569,17.68,0.0264,9.8035,8.7646,49.7132,0.685,15.84
189,0.7864,5.0348,2.2732,19.2136,0.0217,6.8992,8.8973,64.3815,0.6796,15.73
190,-2.4818,3.3746,2.212,22.4818,0.0202,8.6837,8.2914,49.2476,0.6385,15.98
191,9.3336,8.5107,2.3313,30.6664,0.0153,4.5545,9.1784,39.2906,0.7898,15.91
192,2.0427,8.6072,2.3314,34.62999992554279,0.0316,7.6458,9.2362,101.8182,0.9087,15.77
193,2.43,3.6629,2.3453,17.57,0.0163,7.0539,8.4896,48.5584,0.9735,15.92
194,0.3036,7.5994,2.3401,19.6964,0.0216,3.3128,9.308,48.1807,1.0078,15.94
195,0.2464,6.4316,2.4023,19.7536,0.0241,6.0,8.9191,27.9518,0.8859,16.04
196,1.2691,6.5857,2.3207,18.7309,0.0301,15.1735,8.3179,47.5034,0.6257,15.83
197,0.2818,4.4168,2.3162,19.7182,0.0261,8.6348,9.0776,49.2462,0.5888,15.75
198,-0.9236,6.5365,2.2647,20.9236,0.0225,12.0312,8.7548,59.6882,0.7954,15.83
199,5.3782,5.5785,2.3834,14.6218,0.0326,15.3377,8.6406,34.7826,0.8235,15.83
200,0.8045,7.4993,2.2392,19.1955,0.033,15.5651,8.9541,73.6706,0.4749,15.83
201,0.42,6.8146,2.3883,19.58,0.0212,10.2941,8.6695,50.4298,0.8616,15.91
202,2.8236,7.9017,2.2959,17.1764,0.0216,10.9202,9.4749,29.0353,0.9525,15.73
203,1.3282,2.8024,2.3479,18.6718,0.0277,11.4441,8.0787,70.4663,0.6644,15.58
204,1.9936,6.7038,2.349,18.0064,0.0247,8.2886,8.5407,68.2667,0.4382,15.71
205,2.5855,3.1843,2.2949,17.4145,0.0366,7.4233,9.3868,50.1458,0.8198,15.7
206,16.4073,6.6161,2.3038,23.5927,0.0411,12.9262,8.6829,124.3902,0.7158,15.91
207,6.6827,5.5553,2.2989,13.3173,0.0247,11.8804,8.572,59.4059,0.9238,15.84
208,2.8245,4.2813,2.307,17.1755,0.0205,9.3094,9.5713,36.0,0.7928,15.9
209,7.3164,3.2839,2.2989,12.6836,0.0169,7.4868,8.3588,75.9193,0.713,15.84
210,7.0709,5.7825,2.2773,12.9291,0.0205,11.0769,8.7851,34.709,0.4389,15.97
211,-2.5436,5.4237,2.2749,22.5436,0.0192,11.4566,8.8105,45.8015,0.4817,15.79
212,4.6327,3.6741,2.295,15.3673,0.05001404392542416,13.2949,8.5266,34.4615,0.9725,15.88
213,-0.6936,5.2008,2.3289,20.6936,0.0196,4.3299,8.5615,55.0206,0.832,15.94
214,-0.9409,6.4924,2.3503,20.9409,0.0122,5.3625,10.063204409341335,70.8688,0.7681,15.87
215,-5.3264,5.4535,2.2732,25.3264,0.0163,9.0909,8.3675,40.4332,0.6268,15.71
216,2.8009,4.0832,2.3124,17.1991,0.02005994866032143,3.8016,8.5494,37.4312,0.7865,15.93
217,-10.6036,6.8752,2.3144,30.6036,0.0176,10.9506,8.5405,56.4972,0.9059,15.522238946287386
218,-5.9045,6.2047,2.2881,25.9045,0.0272,10.1149,9.2291,11.8019,0.811,15.87
219,-4.7682,3.8697,2.2982,24.7682,0.0238,7.0079,8.941,30.5677,1.026,15.57
220,12.8982,8.285,2.3954,27.1018,0.0341,24.40700322285261,9.2007,74.6667,0.7015,15.78
221,5.65,9.0309,2.2909,14.35,0.0165,10.038,8.5135,33.3709,1.0393,15.89
222,0.6055,4.2645,2.2982,19.3945,0.0264,5.6135,9.4749,64.5161,0.9525,15.57
223,1.0291,6.679,2.3259,18.9709,0.0208,11.0173,8.7867,46.1825,0.78,15.75
224,-2.5345,2.7794,2.2631,22.5345,0.0228,8.6499,8.8581,37.0137,0.6373,15.81
225,27.3,8.8334,2.3834,12.7,0.0116,12.7975,9.3998,111.3924,0.596,15.83
226,1.7018,4.1438,2.3138,18.2982,0.0211,8.3608,8.6472,82.2346,0.7611,15.71
227,-3.01,2.7758,2.4172,23.01,0.0243,10.3768,9.0639,47.2441,0.9091,15.86
228,5.03,12.070534706053035,2.3248,34.62999992554279,0.013,5.2018,10.063204409341335,113.0045,0.7584,15.9
229,0.2336,4.2573,2.2939,19.7664,0.0172,3.5769,8.6556,38.5852,0.6163,15.83
230,-1.79,2.2725,2.2631,21.79,0.0151,5.6567,8.4278,30.0366,0.7558,15.81
231,-0.1882,4.4714,2.2604,20.1882,0.0273,12.6799,9.065,35.9788,0.8452,15.76
232,-3.9509,4.1335,2.4023,23.9509,0.0236,10.6927,8.5735,19.0476,0.9075,16.04
233,-8.4836,6.9918,2.2881,28.4836,0.0175,9.4368,8.5177,57.4257,0.8384,15.87
234,3.88,4.6953,2.3132,16.12,0.0381,11.0064,8.8505,58.7065,0.687,15.84
235,0.6782,4.7511,2.3179,19.3218,0.0184,9.4233,8.8249,50.0803,0.6302,15.92
236,5.7945,6.0735,2.418,14.2055,0.0242,4.6779,8.9562,28.8867,0.9444,15.86
237,1.5645,6.6138,2.2868,18.4355,0.018697433193347962,6.5303,8.7164,30.0107,0.8569,15.78
238,6.8491,4.3849,2.3984,13.1509,0.0272,1.6555,9.0061,21.6822,0.5374,15.92
239,4.9336,5.8227,2.2729,15.0664,0.0284,10.7754,9.0744,62.9442,0.4782,15.79
240,-3.8655,6.381,2.2647,23.8655,0.0203,10.1236,8.6611,20.4629,0.7719,15.83
241,21.7573,5.7213,2.3997,18.2427,0.011,9.3946,9.094,133.29193306761312,0.7613,15.77
242,1.7318,3.7079,2.2445,18.2682,0.028,15.1889,8.6544,38.6768,0.6641,15.79
243,-5.52,3.7167,2.2527,25.52,0.033,13.5463,8.58,52.6523,0.684,15.91
244,-0.6327,3.0271,2.2445,20.6327,0.0197,8.4502,8.8581,40.0409,0.6373,15.79
245,5.1773,4.8457,2.4073,14.8227,0.0247,8.2024,8.2638,60.1002,0.9726,15.72
246,1.1527,5.4141,2.2697,18.8473,0.0162,11.148,8.6005,60.1058,1.1248,15.94
247,-2.5345,2.8331,2.4167,22.5345,0.0163,10.2916,8.5862,47.7495,0.9332,15.83
248,-3.9618,4.9627,2.2757,23.9618,0.0132,6.3862,8.2061,24.3442,0.4744,15.71
249,0.7,7.0696,2.2674,19.3,0.0257,4.9411,9.088,36.2301,0.481,15.85
250,-1.8045,7.2043,2.2544,21.8045,0.0205,24.40700322285261,8.6024,42.0438,0.5329,15.77
251,27.652799664750972,3.1529,2.3038,11.5991,0.0263,14.4516,9.5642,41.4458,0.5593,15.85
252,-3.1927,3.0517,2.3079,23.1927,0.0156,12.8856,8.4537,40.7932,0.9186,15.71
253,27.652799664750972,5.9742,2.3592,12.2636,0.0175,11.012,10.063204409341335,85.3333,0.8735,15.78
254,-0.7036,4.8678,2.2728,20.7036,0.0251,4.0297,8.3324,39.2894,1.1638,15.99
255,-4.2327,7.7983,2.2474,24.2327,0.0184,8.0406,8.8546,54.3791,0.7337,15.77
256,6.7391,6.9887,2.4153,33.2609,0.0392,7.8312,10.063204409341335,102.6316,0.7584,15.75
257,3.2173,5.4916,2.292,16.7827,0.0192,6.1938,8.7597,44.3149,0.8659,15.79
258,3.9382,4.8265,2.3796,16.0618,0.0308,8.1946,8.4092,94.6746,0.9251,15.74
259,1.1618,10.5293,2.2831,18.8382,0.0276,7.0886,8.5596,55.814,0.6805,15.8
260,-3.45,5.9053,2.3058,23.45,0.018,8.7262,8.886,26.4808,0.9707,15.59
261,1.1273,2.8784,2.3038,18.8727,0.0315,9.6115,9.2171,43.3666,0.9255,15.85
262,0.7955,2.4776,2.1995,19.2045,0.0224,12.973,8.8909,41.8605,0.6815,16.09
263,3.5264,6.2851,2.3308,16.4736,0.022,13.751,8.7662,75.5245,0.57,15.95
264,-3.2718,4.0368,2.4012,23.2718,0.0151,11.8376,8.5571,30.9963,0.7032,15.87
265,-2.3891,5.9176,2.2445,22.3891,0.0255,10.2938,8.9221,45.6641,0.6332,15.79
266,-5.7373,6.2186,2.2959,25.7373,0.0116,11.3945,9.9095,44.8845,0.3512,15.73
267,-0.1545,4.4263,2.2247,20.1545,0.0183,13.9517,9.4749,62.5,0.9525,15.96
268,1.1782,6.4326,2.3044,18.8218,0.0228,11.6311,8.7418,90.5109,0.9193,15.9
269,-0.2282,11.8879,2.3453,20.2282,0.028,8.8934,8.5788,59.2255,0.9715,15.92
270,0.3418,4.5494,2.3323,19.6582,0.0143,6.5945,9.4257,33.0579,0.8336,15.97
271,9.5927,4.0186,2.3149,10.4073,0.034,9.1085,8.9416,52.4138,0.7121,15.88
272,-1.1455,4.1182,2.2337,21.1455,0.0216,9.1068,9.3181,33.8028,0.6611,15.91
273,0.5609,2.8961,2.2868,19.4391,0.02,7.3815,9.0121,19.2308,0.8716,15.77
274,4.5355,4.1739,2.3932,15.4645,0.0145,4.7138,8.0787,70.8333,0.6644,15.81
275,-1.99,5.941,2.2757,21.99,0.0157,7.3959,8.1409,33.1852,0.7663,15.71
276,-0.9918,3.4182,2.3341,20.9918,0.0269,10.2278,8.8384,47.4674,0.768,15.98
277,-2.5682,3.2156,2.4349,22.5682,0.0171,9.8216,8.6799,62.5938,0.593,15.77
278,2.9691,3.4776,2.2886,17.0309,0.029293291808572403,9.0043,8.7552,36.715,0.9066,15.73
279,-0.0164,4.2753,2.2474,20.0164,0.0192,5.074,8.8548,43.849,0.6903,15.77
280,2.9864,3.95,2.2674,17.0136,0.0327,4.9943,8.9036,38.0242,0.8089,15.84
281,0.0855,7.3841,2.3323,19.9145,0.0222,12.0598,9.2016,77.6014,0.9072,15.98
282,0.5764,4.1425,2.2646,19.4236,0.0245,11.4223,8.3273,46.5608,0.8705,15.89
283,3.3364,4.5331,2.3625,16.6636,0.0187,8.6737,8.4896,56.7089,0.9735,15.8
284,-4.9191,5.6678,2.2757,24.9191,0.0204,8.4929,8.3845,23.8379,0.6787,15.71
285,1.7082,4.001,2.2647,18.2918,0.0182,6.7146,8.9833,77.8325,0.815,15.83
286,-9.1,6.1557,2.4241,29.1,0.0176,6.8322,8.9857,66.2857,1.0765,15.88
287,12.4309,10.2688,2.3348,27.5691,0.0147,11.6408,9.2658,68.6627,0.8007,15.84
288,15.81,5.8984,2.3573,24.19,0.0368,12.9662,8.6527,66.6667,1.1869,15.87
289,-4.15,3.8611,2.416,24.15,0.0188,12.0743,8.7199,51.6129,0.714,15.89
290,1.4055,7.1475,2.2671,18.5945,0.0168,13.4302,8.7597,41.5902,0.8659,15.73
291,4.8018,6.4164,2.3025,15.1982,0.0262,9.8228,8.5952,29.3878,1.0047,15.81
292,5.9155,5.5662,2.3984,14.0845,0.0317,11.8631,8.2832,35.6998,0.7664,15.92
293,-2.3364,3.2527,2.2671,22.3364,0.0284,6.6022,8.8355,41.6961,0.8571,15.73
294,-2.1155,4.6677,2.2785,22.1155,0.024,10.9516,7.6032,47.6089,1.0918,15.77
295,2.28,7.5564,2.2771,17.72,0.0161,10.4826,9.2047,26.8108,0.7153,16.01
296,1.9336,3.6107,2.3932,18.0664,0.0217,11.4422,8.2776,46.1388,0.6857,15.81
297,5.6155,2.9642,2.2797,14.3845,0.0208,6.9778,8.4891,29.9137,0.7674,15.84
298,-10.8745,3.8138,2.3997,30.8745,0.0155,5.2933,8.8945,41.6185,0.8384,15.77
299,13.3709,11.778,2.2773,6.6291,0.0116,13.3333,8.8043,46.4912,0.7316,15.97
300,13.3745,5.0984,2.3132,26.6255,0.05001404392542416,14.1398,9.1757,59.4752,0.7059,15.91
301,0.1536,7.5974,2.416,19.8464,0.0259,10.556,9.4336,32.1285,1.1623,15.89
302,4.1591,2.9657,2.2717,15.8409,0.017,13.5528,8.7402,55.0,0.7724,15.85
303,-5.0245,8.7115,2.3695,25.0245,0.0309,11.4742,9.5689,113.3333,0.8962,15.79
304,7.0591,5.8522,2.2588,12.9409,0.0141,14.464,8.5251,44.4902,0.869,15.95
305,2.1045,10.5022,2.2967,17.8955,0.0308,13.4359,9.6938,44.6247,0.9729,15.94
306,2.5491,5.6037,2.349,17.4509,0.0269,9.3205,8.3006,38.9294,0.8161,15.71
307,0.5982,3.1249,2.2939,19.4018,0.0242,9.7144,9.2064,35.2381,0.5066,15.83
308,-0.1773,6.41,2.4214,20.1773,0.0131,7.863,8.5889,31.5789,0.6222,15.62
309,3.28,3.5925,2.3314,34.62999992554279,0.0224,8.5837,8.6324,133.29193306761312,1.0803,15.77
310,16.0155,8.5333,2.3052,23.9845,0.0263,13.6329,9.4043,54.0707,0.5677,15.89
311,3.3691,5.0427,2.2729,16.6309,0.0278,11.2843,9.1637,52.1348,0.5858,15.79
312,22.6227,4.5258,2.3216,17.3773,0.0156,6.2859,8.6789,94.8247,1.1054,15.89
313,1.3791,9.2809,2.3257,18.6209,0.05001404392542416,12.6761,8.5334,36.6791,0.9826,16.01
314,-3.1818,6.16,2.2604,23.1818,0.0239,13.2001,8.3267,46.3768,0.9329,15.76
315,-4.6173,5.0841,2.2453,24.6173,0.0208,4.293,8.886,58.5885,0.9707,15.8
316,-0.8964,4.4311,2.2965,20.8964,0.02,19.1088,8.7283,59.8226,0.604,15.96
317,27.652799664750972,12.070534706053035,2.3296,16.63,0.016,11.4227,8.8505,68.2803,0.687,15.71
318,-1.4609,7.3778,2.2711,21.4609,0.0156,13.9827,8.3267,38.6555,0.9329,15.77
319,4.9745,3.4412,2.4067,34.62999992554279,0.0344,12.0969,9.0998,65.996,1.0551,15.75
320,5.9073,5.5799,2.3073,14.0927,0.0316,9.613,9.3335,85.7909,0.7642,15.76
321,0.9027,3.8619,2.3187,19.0973,0.0208,2.2341,8.6384,50.2564,0.7532,15.8
322,0.9591,3.1241,2.2868,19.0409,0.0247,12.8627,8.7015,51.2418,0.8336,15.77
323,-3.2509,7.3364,2.3505,23.2509,0.0272,9.3259,8.6309,133.29193306761312,1.148,15.85
324,3.2591,12.070534706053035,2.3073,16.7409,0.0264,12.7453,8.5232,49.3724,1.0338,15.76
325,-0.8727,4.3145,2.2553,20.8727,0.0195,6.8925,8.6149,46.7991,1.0359,15.76
326,4.4091,6.7011,2.3796,15.5909,0.0149,10.5318,8.531,71.1744,1.0323,15.74
327,-4.6591,5.8666,2.4439,24.6591,0.0205,14.5314,8.8889,30.7988,1.0478,15.57
328,2.0127,4.571,2.3162,17.9873,0.0227,7.955,8.7994,28.6885,0.8435,15.75
329,1.0218,3.4914,2.2697,18.9782,0.0168,14.1988,8.5987,35.5739,0.8807,15.94
330,4.0427,5.4374,2.3063,15.9573,0.0179,11.4698,8.9635,69.7051,0.7643,15.96
331,21.39,3.0761,2.3237,18.61,0.0259,24.40700322285261,8.7487,90.4847,1.0459,15.85
332,4.4564,11.5187,2.3073,15.5436,0.0289,5.9293,8.5232,59.3577,1.0338,15.76
333,1.8582,6.818,2.2337,18.1418,0.0221,10.4708,8.5735,46.1126,0.9075,15.91
334,4.3109,4.5025,2.3583,15.6891,0.0266,9.9123,8.8741,126.5993,0.8681,15.89
335,0.2536,5.7431,2.3063,19.7464,0.0257,5.1272,9.754,69.1162,0.577,15.96
336,0.6573,7.1117,2.1996,19.3427,0.0242,10.3715,8.5298,42.9161,0.9276,16.09
337,-1.5091,6.8431,2.3301,21.5091,0.0277,7.4951,8.3823,23.816,0.8155,15.9
338,-5.7473,2.6227,2.3797,25.7473,0.0242,7.3024,9.0942,90.8475,0.7677,15.88
339,7.7745,3.4881,2.31,32.2255,0.0231,10.7527,9.2655,106.383,0.7747,15.92
340,1.4373,9.2986,2.3257,18.5627,0.0232,11.3179,8.7812,79.8859,0.8231,16.01
341,20.7118,4.7381,2.2928,19.2882,0.0315,9.0979,9.4832,39.8385,0.7507,15.91
342,2.4218,5.6564,2.3331,17.5782,0.0232,13.4925,8.5862,41.7391,0.9332,15.75
343,-3.2373,4.4719,2.3021,23.2373,0.0305,5.8488,8.1605,52.6708,0.9175,15.77
344,10.7709,8.6732,2.3149,29.2291,0.05001404392542416,13.7896,8.5405,43.4568,0.9059,15.88
345,2.2118,3.3887,2.2588,17.7882,0.0131,7.4956,8.5251,67.884,0.869,15.95
346,-9.7682,6.4163,2.2949,29.7682,0.0154,8.5156,9.7137,59.2593,0.3973,15.7
347,2.1473,2.5138,2.3978,17.8527,0.0287,11.9006,9.2328,49.6945,0.8041,15.76
348,-3.1455,8.0986,2.3257,23.1455,0.0246,10.6256,8.5779,35.6627,1.0189,16.01
349,-4.25,5.0001,2.3021,24.25,0.021,14.6037,8.2061,42.2243,0.4744,15.77
350,1.0636,7.3977,2.3695,18.9364,0.0144,12.278,8.5987,35.6979,0.8807,15.79
351,-2.318192803982793,5.658607272210838,2.4241,22.68530805759722,0.0213,11.2687,8.0787,104.8544,0.6644,15.88
352,27.652799664750972,12.070534706053035,2.3296,34.17,0.013,8.0047,8.7994,68.75,0.8435,15.71
353,8.6673,3.5482,2.3403,11.3327,0.0195,24.40700322285261,8.6942,76.5957,1.0891,15.76
354,-1.4327,3.8467,2.2563,21.4327,0.0125,3.7433,8.7646,41.3519,0.685,15.75
355,-5.8564,4.6662,2.2527,25.8564,0.0153,7.1496,8.6611,133.29193306761312,0.7719,15.81
356,-1.1173,5.1698,2.3604,21.1173,0.0259,12.9708,8.8384,45.9016,0.768,15.86
357,-4.8145,5.678,2.3323,24.8145,0.0238,6.2955,8.7932,68.0628,0.8159,15.97
358,-1.1945,6.4728,2.2553,21.1945,0.021,5.8892,8.7932,40.423,1.0631,15.76
359,5.4718,6.0985,2.3275,14.5282,0.031,19.0222,8.2395,52.3364,1.0216,15.84
360,6.5191,6.4151,2.31,13.4809,0.021,11.4578,8.828,70.7483,0.8345,15.92
361,3.1764,4.0713,2.4151,16.8236,0.0183,7.3634,8.1166,43.9169,0.8047,15.84
362,14.75,9.9885,2.3101,25.25,0.0298,13.8141,8.531,105.4264,1.0323,15.88
363,2.1918,4.8167,2.3124,17.8082,0.021,15.1666,8.2395,29.6984,1.0216,15.87
364,5.0809,8.4171,2.3099,34.62999992554279,0.0499,11.1349,9.7484,53.4918,0.9413,15.84
365,6.9918,5.2587,2.3756,33.0082,0.0441,8.0308,10.063204409341335,58.1498,0.9393,15.72
366,-3.9318,3.8097,2.3503,23.9318,0.0134,7.9018,8.5135,35.0168,1.0393,15.87
367,1.28,8.226,2.2671,18.72,0.0188,7.8356,8.7782,39.1505,0.745,15.73
368,-17.3591,6.8912,2.3026,34.62999992554279,0.0325,24.40700322285261,8.8249,33.383,0.6302,15.81
369,6.3364,4.6662,2.3132,13.6636,0.05001404392542416,9.2833,8.8513,22.6415,1.062,15.91
370,4.5645,8.1722,2.3672,15.4355,0.05001404392542416,6.3286,8.5232,64.1115,1.0338,15.87
371,0.1364,4.6148,2.2717,19.8636,0.0208,12.7731,8.8356,28.4987,0.5194,15.85
372,-0.5955,2.1151,2.2954,20.5955,0.0137,6.6332,8.6799,37.0766,0.593,15.71
373,0.3391,8.6037,2.3207,19.6609,0.0231,8.6303,8.5889,37.0861,0.6222,15.83
374,-2.2636,3.5046,2.2569,22.2636,0.0198,4.5339,8.7373,45.8537,0.587,15.84
375,3.8936,4.8816,2.3099,16.1064,0.0493,10.3166,8.8505,72.8713,0.687,15.84
376,-0.0073,6.7336,2.4201,20.0073,0.0208,22.054,8.322,51.9016,0.7506,15.9
377,0.4836,6.411,2.4067,34.62999992554279,0.0413,9.4136,8.6324,126.8966,1.0803,15.75
378,-2.3264,3.253,2.2858,22.3264,0.0238,11.3837,8.2061,32.6882,0.4744,15.8
379,1.4745,5.6832,2.2909,18.5255,0.0401,2.5181,8.5288,71.9723,0.9361,15.89
380,1.2327,4.0468,2.3036,18.7673,0.0256,11.8348,8.3588,27.0205,0.713,15.8
381,-4.9018,4.0905,2.2756,24.9018,0.019,6.4478,8.7401,28.2139,0.7159,15.85
382,-2.6655,5.533,2.3378,22.6655,0.0144,9.4615,8.6706,72.2222,0.5836,15.96
383,2.0664,7.1405,2.3144,17.9336,0.033,15.0619,8.8505,41.3605,0.687,15.522238946287386
384,0.7655,5.7586,2.2771,19.2345,0.0162,10.4313,8.5334,63.6872,0.9826,16.01
385,-7.4155,4.3502,2.2948,27.4155,0.0177,8.7074,9.4043,39.5506,0.5677,15.7
386,-0.45,5.1544,2.2472,20.45,0.0223,16.1892,8.7779,37.3396,0.466,15.72
387,-0.2482,5.6555,2.4073,20.2482,0.0164,17.5632,8.7073,30.2895,0.6066,15.72
388,17.1745,9.4912,2.4,22.8255,0.0394,14.4529,8.5788,46.7043,0.9683,15.79
389,3.8882,3.9965,2.212,16.1118,0.0446,9.42,8.7037,33.2871,0.6242,15.98
390,4.3982,3.2659,2.4012,15.6018,0.0203,11.9586,8.7373,45.6244,0.587,15.87
391,22.6936,9.1891,2.3865,17.3064,0.05001404392542416,12.3513,8.531,65.1584,1.0323,15.78
392,24.26,3.8906,2.3805,15.74,0.015,9.1157,8.5218,125.2396,1.0323,15.9
393,-4.2364,3.5871,2.3883,24.2364,0.0249,3.8873,8.7401,32.9502,0.7159,15.91
394,-3.4445,4.7695,2.2564,23.4445,0.0255,8.8065,8.287,39.005,1.0541,15.81
395,3.1373,5.3052,2.2717,16.8627,0.0266,18.4014,8.3808,43.6578,0.8076,15.85
396,5.9345,3.6369,2.2555,14.0655,0.02845375063420056,6.5649,8.4509,44.9761,0.9232,15.74
397,0.9091,3.4436,2.3244,19.0909,0.025,10.1977,8.4092,54.7009,0.9251,15.69
398,2.4845,4.0141,2.2588,17.5155,0.013,10.7268,8.8548,27.2646,0.6903,15.95
399,17.6382,5.096,2.3262,22.3618,0.0428,24.40700322285261,9.2007,125.5385,0.7015,15.81
400,-1.3327,8.9143,2.3058,21.3327,0.0218,7.4074,8.5615,64.9573,0.8297,15.59
401,1.1682,4.7835,2.3044,18.8318,0.0234,11.5987,8.5135,56.5998,1.0393,15.9
402,-1.3727,5.2717,2.3708,21.3727,0.0186,11.1895,8.4896,42.6966,0.9735,15.89
403,8.1445,8.3032,2.3087,11.8555,0.0179,11.2093,8.6439,58.5143,1.0135,15.81
404,4.9991,6.7235,2.3078,15.0009,0.0257,10.1325,9.0622,109.2896,0.8343,15.971477511371239
405,22.1027,6.5836,2.3099,17.8973,0.0379,13.7432,9.4832,60.0791,0.7507,15.84
406,25.2736,8.1065,2.3808,14.7264,0.03,11.8192,9.1757,45.3515,0.7059,15.84
407,-2.5418,3.965,2.3025,22.5418,0.0262,11.2084,8.8054,67.907,0.5967,15.54
408,3.6255,12.070534706053035,2.2959,16.3745,0.0265,16.2204,8.8973,21.5278,0.6796,15.73
409,-2.9209,1.9674,2.2725,22.9209,0.0207,12.7438,8.287,12.6512,1.0541,15.82
410,-3.5727,6.4423,2.212,23.5727,0.0206,19.3819,9.0447,62.0061,0.7534,15.98
411,9.05,6.364,2.3348,30.95,0.0193,10.5424,8.7495,74.7826,1.1086,15.84
412,6.3436,3.7264,2.2948,13.6564,0.05001404392542416,4.3759,8.5266,54.6154,0.9725,15.7
413,27.652799664750972,3.5796,2.3592,11.8809,0.0455,9.7611,9.3851,122.7621,0.4221,15.78
414,2.8745,9.7565,2.2909,17.1255,0.0257,6.3396,9.7324,31.9645,0.8752,15.89
415,0.9736,5.374,2.4723,19.0264,0.013,6.6798,10.063204409341335,30.2976,0.8229,15.67
416,-3.1827,4.2716,2.3021,23.1827,0.0121,17.109,8.2963,51.1082,0.8136,15.77
417,5.8091,4.3589,2.3167,34.1909,0.0378,9.954512175152203,8.7879,48.6957,0.8556,15.87
418,5.6155,4.7003,2.2802,14.3845,0.0204,6.1634,8.3588,51.358,0.713,15.8
419,-3.54,4.8902,2.2737,23.54,0.027,6.7214,8.627,51.5254,0.5742,15.84
420,3.99,4.0074,2.2622,16.01,0.0111,1.3503,8.5251,51.6432,0.869,15.85
421,0.77,3.9462,2.2927,19.23,0.0182,11.6402,8.8097,21.7391,0.9136,15.8
422,2.0673,6.3906,2.2563,17.9327,0.0156,2.2625,9.0639,32.0,0.9091,15.75
423,-2.4373,3.6829,2.416,22.4373,0.0154,15.6512,8.9979,30.205,0.7258,15.89
424,3.1527,5.1688,2.2216,16.8473,0.0139,6.2488,8.897,59.5041,0.4685,16.0
425,-1.9891,5.3999,2.4201,21.9891,0.0248,11.3453,8.4896,63.5579,0.9735,15.56
426,0.9518,5.8937,2.3406,19.0482,0.0203,13.8346,10.063204409341335,67.7249,0.7681,15.9
427,-4.9336,5.0456,2.2799,24.9336,0.0242,6.4642,8.7441,67.6923,0.6056,15.68
428,1.7073,5.6009,2.3275,18.2927,0.0258,10.1886,8.7073,45.4545,0.6066,15.84
429,22.4345,6.0666,2.3221,17.5655,0.0431,8.2854,8.7599,102.3256,1.0407,15.88
430,-3.4991,4.3926,2.2805,23.4991,0.017,9.0787,8.9833,38.3562,0.815,15.92
431,-0.4682,4.8846,2.3867,20.4682,0.0184,12.2441,8.8105,36.6667,0.4817,15.89
432,-5.7091,5.605,2.1996,25.7091,0.05001404392542416,8.3879,8.8105,95.8606,0.4817,16.09
433,8.3045,4.665,2.3248,31.6955,0.0189,24.40700322285261,9.1585,76.8946,0.9368,15.9
434,-6.0455,3.5785,2.3914,26.0455,0.0167,7.8802,8.598,30.1733,0.6161,15.81
435,-0.2627,2.7083,2.4201,20.2627,0.0162,7.6522,8.8424,39.0033,0.5284,15.9
436,-3.7536,4.8003,2.3936,23.7536,0.0208,10.3733,8.7932,19.4211,1.0631,15.87
437,-1.1836,4.1362,2.2757,21.1836,0.0184,13.17,8.5571,15.5897,0.7032,15.86
438,-10.1291,7.7442,2.3505,30.1291,0.0324,24.40700322285261,8.8249,86.7725,0.6302,15.85
439,-1.2955,7.9285,2.2674,21.2955,0.0322,13.5319,8.8215,54.8223,0.573,15.85
440,-12.1373,3.406,2.4067,32.1373,0.0229,6.9047,9.043,63.8037,0.7574,15.75
441,-8.6082,5.2385,2.3167,28.6082,0.0269,8.2453,9.2171,41.3959,0.9255,15.87
442,-0.8045,4.1344,2.3323,20.8045,0.0297,13.8213,8.5855,55.1432,0.9588,15.97
443,-1.5945,7.0549,2.2474,21.5945,0.0205,8.4008,8.9833,32.4094,0.815,15.77
444,-1.7382,8.3401,2.2915,21.7382,0.0215,12.4472,9.1526,20.6349,0.4254,15.54
445,3.0682,4.9841,2.2868,16.9318,0.0272,14.4074,8.9605,42.1053,0.9274,15.78
446,-2.6801952523728225,5.584399737512966,2.2689,22.28316533835769,0.0172,5.6701,8.7199,26.1723,0.714,16.04
447,-2.6636,3.9721,2.3416,22.6636,0.0128,8.017,8.6074,21.9709,1.2223,15.85
448,24.3509,5.3992,2.3313,15.6491,0.021,12.5935,9.094,90.0,0.7613,15.91
449,22.4673,2.5653,2.2564,21.38,0.0338,23.9056,8.2395,36.3151,1.0216,15.81
450,-2.4636,3.3684,2.3416,22.4636,0.0161,4.571,9.1502,70.5167,0.7162,15.85
451,-3.1427,4.191,2.3308,23.1427,0.0147,8.2043,9.004,54.7804,0.6254,15.58
452,0.9409,4.8856,2.3306,19.0591,0.0234,1.596,9.754,57.971,0.577,15.97
453,-0.1891,2.3933,2.1911,20.1891,0.0229,18.8715,8.2914,46.3636,0.6385,16.1
454,-1.1764,2.9801,2.2569,21.1764,0.0214,10.4535,9.1287,19.4647,0.8163,15.84
455,4.0555,4.3634,2.3391,15.9445,0.0416,9.7688,8.7696,58.0357,0.3963,15.83
456,-7.9627,3.7271,2.3026,27.9627,0.0135,9.2726,8.8945,124.5614,0.8384,15.81
457,-1.9382,4.8264,2.2671,21.9382,0.0252,6.0298,9.3181,37.0291,0.6611,15.73
458,-2.1309,6.4533,2.2668,22.1309,0.0177,13.1084,8.6149,34.1048,1.0359,15.81
459,16.6491,12.070534706053035,2.3391,17.239,0.0185,5.3219,8.8132,39.8754,0.8146,15.83
460,1.3664,6.4272,2.2689,18.6336,0.0231,13.263,8.659,35.5995,0.9873,16.04
461,1.1136,5.5958,2.3331,18.8864,0.0263,15.7824,8.2395,58.5366,1.0216,15.75
462,2.3091,5.1075,2.3021,17.6909,0.0276,7.8905,8.1605,32.287,0.9175,15.77
463,9.6564,8.3146,2.3911,30.3436,0.0311,11.2062,9.219,37.5,0.9109,15.75
464,0.5536,3.1414,2.2216,19.4464,0.0223,7.7892,9.1141,29.4551,0.7193,16.0
465,-4.6582,4.7022,2.2674,24.6582,0.0205,9.4926,8.7326,38.9452,0.6259,15.85
466,-0.3455,12.070534706053035,2.2728,20.3455,0.0317,14.3755,8.7283,45.7338,0.604,15.99
467,11.6964,7.26,2.3038,28.3036,0.0321,8.0449,8.6527,133.29193306761312,1.1869,15.91
468,-1.7818,4.0694,2.2797,21.7818,0.0302,11.5629,8.2061,21.8258,0.4744,15.86
469,0.1664,8.6404,2.2967,19.8336,0.0352,12.6539,9.2047,41.9251,0.7153,15.94
470,-3.9927,2.5272,2.2809,23.9927,0.0257,6.0807,8.2061,53.584,0.4744,15.79
471,-0.28,8.9449,2.2732,20.28,0.0231,9.0411,8.9607,41.0735,0.7392,15.71
472,-2.1173,6.2891,2.4214,22.1173,0.021,23.5524,8.8519,48.1283,0.6927,15.62
473,-3.8691,5.1033,2.2809,23.8691,0.0313,5.9647,8.9607,46.5544,0.7392,15.79
474,4.9382,4.6676,2.2826,15.0618,0.0216,12.8258,8.7037,39.7094,0.6242,15.79
475,-0.9618,9.4501,2.3257,20.9618,0.0199,10.7836,8.5891,70.7368,1.1255,16.01
476,-6.8555,6.4508,2.3978,26.8555,0.0159,7.3021,9.2328,22.268,0.8041,15.76
477,0.7736,7.4113,2.2717,19.2264,0.0213,7.9924,8.322,23.8914,0.7506,15.85
478,23.7864,4.8968,2.3596,16.2136,0.0447,12.9198,9.1638,49.8168,0.6641,15.79
479,-2.0291,7.4351,2.4044,22.0291,0.0248,11.6306,8.3273,133.29193306761312,0.8705,15.67
480,-2.6673,12.070534706053035,2.3414,22.6673,0.0237,9.8188,8.7812,65.9039,0.8231,15.97
481,0.79,4.9118,2.2588,19.21,0.0168,5.7982,9.1287,17.0758,0.8163,15.95
482,13.9782,6.0235,2.3397,26.0218,0.0466,24.40700322285261,8.7588,75.513,0.4996,15.96
483,-5.4691,4.6156,2.4023,25.4691,0.05001404392542416,7.8852,8.9132,28.1843,0.656,16.04
484,-5.2427,8.0432,2.2674,25.2427,0.0167,6.0083,8.8097,34.8936,0.9136,15.85
485,-1.2336,4.646,2.3312,21.2336,0.0256,11.3772,8.5855,103.1289,0.9588,15.94
486,-7.1564,7.9407,2.3735,27.1564,0.018,10.3173,8.8505,62.7451,0.687,15.8
487,23.4736,2.6882,2.3326,16.5264,0.0309,11.7009,10.063204409341335,40.7507,0.5279,16.01
488,0.6327,5.3109,2.2737,19.3673,0.0207,12.0992,8.324,59.0164,0.7849,15.84
489,16.4582,4.9435,2.4035,23.5418,0.0439,7.0868,9.2405,87.7193,0.6901,15.78
490,-7.8145,7.7685,2.2757,27.8145,0.0255,5.9368,9.1637,22.3602,0.5858,15.71
491,-0.0945,4.0299,2.2954,20.0945,0.0179,6.8323,8.8546,24.5315,0.7337,15.71
492,-5.1655,3.6904,2.3375,25.1655,0.0252,8.4759,8.8384,47.3804,0.768,15.99
493,22.8809,5.2902,2.3417,17.1191,0.0418,5.7621,8.7599,111.9454,1.0407,15.84
494,2.0064,5.3257,2.3672,17.9936,0.0127,10.7088,9.396,20.8514,0.6576,15.87
495,1.5755,8.0824,2.3297,18.4245,0.0258,6.7148,9.0121,129.0807,0.8716,15.97
496,-3.1818,2.9339,2.4196,23.1818,0.0228,7.5428,8.6611,46.5339,0.7719,15.86
497,1.5445,7.4055,2.2793,18.4555,0.0322,9.4344,8.7219,38.143,0.7663,15.74
498,-0.2227,4.4168,2.2646,20.2227,0.0262,13.7931,8.7932,44.5313,1.0631,15.89
499,-2.0209,2.5282,2.2563,22.0209,0.0182,11.8736,8.4537,27.8607,0.9186,15.75
500,25.4427,6.2376,2.3313,14.5573,0.0227,11.7403,9.094,76.0181,0.7613,15.91
501,-3.1964,4.4213,2.2809,23.1964,0.0291,5.7982,8.627,45.0512,0.5742,15.79
502,-1.1236,3.8851,2.3058,21.1236,0.0182,11.9526,9.0355,48.2173,0.9049,15.59
503,-1.2209,5.873,2.3259,21.2209,0.0232,9.815,8.7897,26.2425,0.5377,15.75
504,27.652799664750972,6.8027,2.3712,10.9736,0.0385,10.9363,9.094,42.5721,0.7613,15.75
505,-0.66,6.6432,2.3495,20.66,0.019,11.9089,8.9635,63.8498,0.7643,15.81
506,3.4391,12.070534706053035,2.3793,16.5609,0.0234,10.6055,8.8889,34.2688,1.0478,15.94
507,1.04,3.251,2.2826,18.96,0.0179,9.2876,8.8355,36.8126,0.8571,15.79
508,-6.5027,3.3019,2.2729,26.5027,0.0176,11.1474,8.7286,37.422,0.4443,15.79
509,3.9982,4.4321,2.4201,16.0018,0.0218,15.0348,8.6472,59.0799,0.7611,15.9
510,-0.2436,6.4864,2.2864,20.2436,0.0247,6.8477,8.8078,45.4721,1.0143,15.79
511,6.3491,3.6306,2.4237,13.6509,0.0206,9.4045,8.8424,48.8095,0.5284,15.94
512,0.7636,4.7589,2.4025,19.2364,0.0217,4.5995,9.0425,35.3846,0.6335,15.84
513,6.1727,10.9203,2.349,13.8273,0.0197,8.6989,8.3542,36.8758,0.8231,15.71
514,0.4527,7.173,2.3938,19.5473,0.0209,10.1002,8.7932,45.741,1.0631,15.84
515,18.6045,12.070534706053035,2.3971,21.3955,0.0173,4.5224,8.6013,73.6196,1.1815,15.79
516,-1.6109,5.824,2.292,21.6109,0.0178,9.0197,8.4537,62.4319,0.9186,15.79
517,1.49,4.0638,2.3063,18.51,0.0208,13.3836,8.5779,50.2513,1.0189,15.96
518,1.7618,5.5131,2.3625,18.2382,0.0137,8.7768,8.3436,45.6576,0.9725,15.8
519,0.4264,3.7573,2.2474,19.5736,0.0196,9.5906,8.7187,73.253,0.6144,15.92
520,2.9409,3.9316,2.3162,17.0591,0.0278,12.6381,9.7836,35.0663,0.6987,15.75
521,16.5255,3.6188,2.3583,23.4745,0.0397,11.2608,9.2405,133.29193306761312,0.6901,15.89
522,1.8182,5.0858,2.3128,18.1818,0.0216,10.2504,8.5266,39.7059,0.9725,15.91
523,-1.1927,4.5513,2.2689,21.1927,0.0224,8.1097,8.5459,63.6364,1.0918,16.04
524,2.8691,9.6984,2.2732,17.1309,0.0239,13.1313,8.6695,133.29193306761312,0.8616,15.71
525,1.77,3.7064,2.3144,18.23,0.0316,3.8156,8.7219,53.406,0.7663,15.522238946287386
526,3.36,7.0302,2.3495,16.64,0.0225,13.1636,8.7568,45.8732,0.5799,15.81
527,2.6491,9.8527,2.2965,17.3509,0.0228,11.3689,8.9546,37.3576,0.8883,15.96
528,25.43,9.9046,2.4,14.57,0.0129,10.4108,8.8287,46.1825,0.9251,15.79
529,-3.4618,2.3936,2.2732,23.4618,0.024,17.2094,8.3808,44.4886,0.8076,15.71
530,-2.3591,5.7786,2.2671,22.3591,0.0191,16.0405,8.8424,33.2657,0.5284,15.73
531,-8.1182,4.1477,2.3243,28.1182,0.0113,9.8078,9.1283,68.5315,0.6783,15.85
532,0.6855,4.4256,2.1995,19.3145,0.0309,11.476,8.6556,108.0169,0.6163,16.09
533,3.6809,3.5974,2.3124,16.3191,0.023701867515246826,16.5373,8.6382,41.5902,0.746,15.93
534,0.5082,4.7158,2.3406,19.4918,0.0168,13.8093,8.5615,88.2521,0.832,15.9
535,6.1882,7.0742,2.3124,13.8118,0.0194,6.8576,8.3273,53.7659,0.8705,15.87
536,-0.1745,5.68,2.3044,20.1745,0.0184,8.6375,8.8043,63.3245,0.7316,15.9
537,1.9273,6.2851,2.3042,18.0727,0.0185,11.5593,8.2832,41.6912,0.7664,15.76
538,5.5964,4.8447,2.2831,16.067,0.0196,13.7247,8.272,49.4624,0.8834,15.8
539,4.9209,5.3264,2.3301,15.0791,0.0347,24.40700322285261,9.152,24.948,0.8758,15.9
540,-0.8436,6.6223,2.4196,20.8436,0.0192,12.6027,8.598,15.8103,0.6161,15.86
541,5.3191,4.8468,2.3195,14.6809,0.0221,10.3341,8.3591,46.3158,0.5765,15.73
542,7.8264,10.4973,2.2689,12.1736,0.0295,4.2846,8.6527,70.1754,1.1869,16.04
543,4.4445,2.9431,2.2802,15.5555,0.0202,13.7285,8.2981,54.5882,0.7093,15.8
544,13.6809,4.676,2.3865,26.3191,0.0234,4.7854,8.6211,74.7875,0.7408,15.78
545,-3.8791,5.1665,2.4241,23.8791,0.0206,13.1563,8.9857,41.3793,1.0765,15.88
546,1.1845,7.7836,2.3991,18.8155,0.0167,5.7537,9.22,31.769,0.9916,15.72
547,13.1482,4.6964,2.2931,26.8518,0.0463,12.5025,8.8033,59.4595,0.662,16.04
548,0.2309,5.9349,2.3403,19.7691,0.0288,10.1334,9.1502,65.1163,0.7162,15.85
549,3.2491,6.1087,2.2937,16.7509,0.0254,9.6348,8.9546,37.9691,0.8883,15.98
550,26.9709,12.070534706053035,2.2982,16.775,0.0266,19.8378,8.451,29.5931,0.7516,15.57
551,1.5927,5.0804,2.3991,18.4073,0.022,13.1348,8.7867,44.5033,0.78,15.72
552,-3.6145,3.0022,2.4253,23.6145,0.0165,14.5991,8.5298,39.6694,0.9276,15.77
553,-1.7909,8.2849,2.2678,21.7909,0.0177,8.4427,8.2345,27.0636,0.7233,15.75
554,-13.3573,2.8962,2.3408,33.3573,0.0129,10.9375,8.6309,84.5666,1.148,15.85
555,5.78,7.2905,2.3194,14.22,0.034,10.2564,8.6406,39.3296,0.8235,15.9
556,2.2336,3.9954,2.3817,17.7664,0.0216,7.4174,8.2981,49.8094,0.7093,15.85
557,1.4791,3.9117,2.2779,18.5209,0.0355,7.7812,9.1526,23.8411,0.4254,15.74
558,1.2264,11.173,2.3177,18.7736,0.0273,7.7103,9.7324,55.0607,0.8752,15.8
559,-1.2491,3.8315,2.2927,21.2491,0.0173,14.0258,8.4537,18.8889,0.9186,15.8
560,1.1627,7.231,2.4073,18.8373,0.0155,10.9792,8.2638,37.3333,0.9726,15.72
561,19.1027,6.9064,2.3865,20.8973,0.05001404392542416,7.1457,9.7484,26.546,0.9413,15.78
562,-1.02,3.5486,2.3138,21.02,0.0193,11.592,8.8356,64.7727,0.5194,15.71
563,3.4845,3.5149,2.2949,16.5155,0.0286,11.4286,9.0402,49.1835,0.647,15.7
564,0.8073,5.8042,2.2932,19.1927,0.0142,8.6336,9.7997,133.29193306761312,1.2364,15.91
565,10.08,9.4293,2.3403,29.92,0.041,7.9559,9.0998,82.243,1.0551,15.85
566,3.6664,3.6807,2.319,16.3336,0.0153,3.7149,8.6384,30.1288,0.7532,15.69
567,-0.2845,6.1134,2.3162,20.2845,0.0255,15.0278,9.2047,60.5678,0.7153,15.75
568,-2.4609,4.2918,2.3289,22.4609,0.0206,7.141,8.6895,66.2144,0.5355,15.94
569,-1.7136,4.3599,2.4284,21.7136,0.0228,11.6647,8.5407,103.2609,0.4382,15.522238946287386
570,-3.3864,5.3197,2.3416,23.3864,0.0311,2.812,9.1283,67.6218,0.6783,15.85
571,21.1082,5.7399,2.3796,18.8918,0.05001404392542416,13.23,8.6211,47.9401,0.7408,15.74
572,4.5027,5.7879,2.3177,15.4973,0.028,5.6178,8.6013,54.0305,1.1815,15.8
573,19.3136,7.128,2.3006,20.6864,0.05001404392542416,8.9095,10.063204409341335,42.1053,0.7584,15.95
574,2.6173,5.9411,2.3704,17.3827,0.0214,8.5206,8.8513,68.8372,1.062,15.85
575,5.0473,4.3207,2.2948,14.9527,0.0472,5.0468,9.1855,48.1046,0.5632,15.7
576,-1.1727,4.338,2.3867,21.1727,0.0217,11.0557,8.7646,64.8412,0.8263,15.89
577,0.5373,3.417,2.3715,19.4627,0.0206,6.6358,8.536,36.0265,1.1525,15.81
578,17.7327,9.9305,2.3167,22.2673,0.0385,11.341,8.6324,23.9748,1.0803,15.87
579,4.3818,6.9538,2.3414,15.6182,0.0291,9.3144,8.7568,90.2486,0.5799,15.97
580,-0.2491,3.1226,2.2797,20.2491,0.0256,7.4788,9.0744,75.0345,0.4782,15.84
581,2.9536,4.0489,2.3725,17.0464,0.0237,5.2358,8.3754,18.6047,0.7808,15.81
582,-3.9436,6.9,2.2689,23.9436,0.0235,12.0078,8.7897,49.6552,0.5377,16.04
583,5.1136,7.7186,2.2647,14.8864,0.0183,11.0694,8.7015,43.8923,0.8336,15.83
584,5.4709,5.2009,2.3938,14.5291,0.0133,4.3402,8.8889,23.6735,1.0478,15.84
585,-2.3618,4.0841,2.2809,22.3618,0.0183,8.0527,8.627,38.8215,0.5742,15.79
586,4.9073,5.4231,2.3063,15.0927,0.0162,12.7401,8.5334,68.1739,0.9826,15.96
587,3.5336,8.9725,2.3132,16.4664,0.0429,6.4309,8.9416,68.8608,0.7121,15.84
588,0.8236,6.2963,2.4044,19.1764,0.0159,12.8686,8.5889,35.5556,0.6222,15.67
589,0.8536,5.7716,2.3805,19.1464,0.0301,3.6151,9.6938,61.4439,0.9729,15.75
590,3.3064,5.1124,2.2732,16.6936,0.0217,9.5701,9.2064,34.4725,0.5066,15.73
591,4.8364,9.3323,2.3378,15.1636,0.0148,7.463,8.6706,47.1204,0.5836,15.96
592,2.0373,5.3147,2.3167,17.9627,0.0373,10.506,8.6527,87.7419,1.1869,15.87
593,-0.0445,5.4095,2.3308,20.0445,0.0204,11.2164,8.6691,23.3364,0.7942,15.58
594,8.9418,4.1464,2.3695,31.0582,0.0121,9.1123,9.6272,133.29193306761312,0.4184,15.73
595,4.3955,3.3263,2.3867,17.271,0.0222,10.3129,9.0942,29.4288,0.7677,15.89
596,-1.1609,5.8827,2.3038,21.1609,0.0291,9.0062,8.9416,73.6,0.7121,15.85
597,23.0364,5.1101,2.3524,16.9636,0.0369,13.9192,10.063204409341335,56.0886,0.8735,15.74
598,-0.7418,6.7855,2.2982,20.7418,0.0415,12.6972,8.7164,43.418,0.8569,15.57
599,-2.1182,6.421,2.3207,22.1182,0.0267,15.0725,8.5801,64.4362,0.8304,15.83
600,-1.0445,4.6415,2.2939,21.0445,0.0151,4.4343,8.9036,43.3873,0.8089,15.83
601,25.8364,6.9102,2.3524,14.1636,0.0188,8.9009,9.2658,46.9751,0.8007,15.74
602,1.4727,5.654,2.2805,18.5273,0.016,6.6991,9.0606,42.9119,0.9163,15.92
603,-1.1527,5.3217,2.3654,21.1527,0.0228,14.1778,8.5615,37.4846,0.832,15.85
604,-5.2327,5.8077,2.2757,25.2327,0.0283,8.4291,8.7401,35.6275,0.7159,15.86
605,0.5773,5.9787,2.2869,19.4227,0.0346,3.65,8.4768,21.646,0.8122,15.76
606,-0.1209,10.4836,2.3044,20.1209,0.0231,5.9299,8.5987,67.3267,0.8807,15.9
607,5.5191,9.4815,2.2797,14.4809,0.0257,6.7595,8.4891,33.4786,0.7674,15.84
608,3.9309,4.7656,2.3654,16.0691,0.0262,9.555,8.5135,48.1532,1.0393,15.85
609,1.9491,9.2499,2.3991,18.0509,0.0146,8.7767,8.7932,32.3497,0.8159,15.72
610,23.1373,9.4939,2.3179,16.8627,0.0253,24.40700322285261,9.2007,42.7002,0.7015,15.92
611,-1.8809,2.3399,2.2392,21.8809,0.0233,6.3591,9.0744,46.4122,0.4782,15.83
612,22.7418,5.1423,2.3403,17.2582,0.0351,8.2157,9.1638,46.9636,0.6641,15.85
613,-2.2191,3.8687,2.2527,22.2191,0.0331,7.2009,8.6544,20.3144,0.6641,15.91
614,1.3718,4.313,2.298,34.62999992554279,0.0152,8.5394,9.2655,62.0321,0.7747,15.86
615,3.64,4.9673,2.2474,16.36,0.0281,14.6435,9.2064,63.6542,0.5066,15.92
616,-7.87,6.0516,2.2949,27.87,0.0169,10.3866,8.7556,89.7959,0.8532,15.7
617,1.0691,4.55,2.1919,18.9309,0.0165,12.6027,8.9833,84.3982,0.815,16.07
618,-3.1909,5.9387,2.2555,23.1909,0.022623248009571564,5.4525,8.7786,88.6747,0.8184,15.74
619,8.9864,4.7606,2.2771,11.0136,0.0169,15.0731,8.5232,76.8769,1.0338,16.01
620,15.0182,4.8764,2.3583,24.9818,0.0147,11.8367,9.2658,62.5793,0.8007,15.89
621,20.4209,8.0698,2.3243,19.5791,0.0449,24.40700322285261,9.2007,133.29193306761312,0.7015,15.85
622,0.2745,2.8753,2.2588,19.7255,0.026,5.3067,8.6611,52.3457,0.7719,15.95
623,0.9909,4.2708,2.2647,19.0091,0.0201,9.5072,8.3663,54.1799,0.5779,15.83
624,7.9755,4.2849,2.2728,12.0245,0.015,8.2256,8.7994,50.1253,0.8435,15.99
625,27.652799664750972,8.8454,2.3715,12.1627,0.0167,24.40700322285261,8.659,87.1111,1.2771,15.73
626,-0.9,4.7778,2.2596,20.9,0.0183,13.6251,9.1287,70.7965,0.8163,15.74
627,18.2809,4.5369,2.3221,21.7191,0.0125,11.4637,8.6324,89.9297,1.0803,15.88
628,15.8609,2.7354,2.3613,24.1391,0.019,3.1502,8.7599,86.8035,1.0407,15.71
629,-0.63,2.9179,2.212,20.63,0.0265,3.1195,8.8355,24.5077,0.8571,15.98
630,0.4982,7.2128,2.3283,19.5018,0.018,11.3805,8.1161,78.5597,0.8595,15.69
631,2.4173,7.1468,2.3695,17.5827,0.0142,3.27,8.5987,40.4949,0.8807,15.79
632,1.4982,6.528,2.3308,18.5018,0.0247,9.3023,9.0425,54.7579,0.6335,15.95
633,-2.5955,7.4952,2.2756,22.5955,0.0256,10.4507,8.897,37.3507,0.4685,15.85
634,0.4445,5.0272,2.3301,19.5555,0.029,10.972,8.7512,52.0885,0.5317,15.9
635,26.6582,4.8666,2.3592,13.3418,0.0429,14.271,8.7947,62.6959,0.8446,15.78
636,-0.17,5.2194,2.3341,20.17,0.0158,9.0318,8.77,77.193,0.7593,15.98
637,2.1136,4.1174,2.4012,17.8864,0.0214,10.9105,8.7373,22.5705,0.587,15.87
638,-1.7336,3.454,2.2434,21.7336,0.0194,19.2185,9.1526,40.9731,0.4254,15.78
639,2.23,2.0773,2.2445,17.77,0.0192,8.1584,8.7548,55.4572,0.7954,15.79
640,-0.4109,4.7785,2.2563,20.4109,0.0393,13.8012,8.7383,44.2831,1.0186,15.75
641,-6.2473,7.5956,2.2539,26.2473,0.0251,13.5435,8.3675,36.9942,0.6268,15.78
642,-0.0182,4.277,2.3106,20.0182,0.0153,4.0958,10.063204409341335,49.9257,0.4129,15.74
643,14.4382,9.8466,2.307,25.5618,0.0222,11.5636,8.5952,73.5254,1.0047,15.9
644,9.4864,4.1354,2.3162,30.5136,0.0339,13.5422,8.5687,39.1179,0.8222,15.75
645,-6.8627,7.2038,2.3573,26.8627,0.0264,6.6924,9.3335,32.3316,0.7642,15.87
646,0.5791,6.8827,2.3375,19.4209,0.0251,7.1156,8.3324,32.6975,1.1638,15.99
647,13.5518,5.5608,2.3984,6.4482,0.0254,18.1961,8.9562,28.4698,0.9444,15.92
648,-0.07,7.7911,2.2802,20.07,0.0299,11.8242,10.063204409341335,13.6674,0.7681,15.8
649,0.7591,4.3304,2.2928,19.2409,0.025,10.5929,8.828,56.6802,0.8345,15.91
650,17.9782,7.9506,2.3078,22.0218,0.0183,16.2076,8.5218,57.0629,1.0323,15.88
651,2.1982,6.1374,2.3499,17.8018,0.0219,5.133,8.7073,73.9181,0.6066,15.61
652,-1.31,8.1214,2.2474,21.31,0.0174,14.4984,8.1161,64.0,0.8595,15.77
653,0.7482,6.6146,2.3331,19.2518,0.022,17.6191,8.2395,37.3464,1.0216,15.75
654,5.7309,8.1035,2.2377,14.2691,0.0229,16.8203,9.534,60.6414,0.565,15.89
655,1.4845,6.1176,2.319,18.5155,0.0275,13.5466,9.193,52.4053,0.4722,15.69
656,27.652799664750972,3.7282,2.3592,11.2936,0.0466,7.2987,8.7947,77.2118,0.8446,15.78
657,4.92,7.7601,2.2965,15.08,0.019,13.8224,9.7324,35.9955,0.8752,15.96
658,4.7382,12.070534706053035,2.2858,26.6443,0.0188,12.4098,8.9541,53.4759,0.4749,15.8
659,-0.8173,4.5853,2.4172,20.8173,0.0204,7.2972,8.942,50.7937,0.9143,15.86
660,15.7936,3.4193,2.3583,24.2064,0.0126,4.7105,8.7495,89.6861,1.1086,15.89
661,-2.1,6.5737,2.4023,22.1,0.0324,10.7232,8.8546,26.7841,0.7337,16.04
662,4.4827,4.2433,2.3604,15.5173,0.017,11.0373,8.5855,82.3848,0.9588,15.86
663,-15.5318,3.3351,2.3171,34.62999992554279,0.0138,12.4031,8.8945,133.29193306761312,0.8384,15.77
664,1.3555,4.8659,2.2892,18.6445,0.0209,7.6689,8.7782,20.4651,0.745,15.69
665,22.2164,5.7072,2.3497,17.7836,0.0167,11.9132,9.2658,104.2424,0.8007,15.77
666,-4.9891,2.4393,2.2927,24.9891,0.0205,10.3886,8.8519,43.7557,0.6927,15.8
667,-0.3327,5.0396,2.3573,20.3327,0.0173,10.6721,8.8384,73.6634,0.768,15.87
668,1.9255,6.0788,2.3402,18.0745,0.0236,8.466,9.0121,60.1093,0.8716,15.88
669,3.2182,5.0597,2.2948,16.7818,0.0403,8.4827,8.4092,87.4751,0.9251,15.7
670,27.652799664750972,11.8759,2.3437,10.8691,0.0216,12.1235,8.7289,79.1209,0.9753,15.86
671,7.03,6.4358,2.3883,12.97,0.0165,18.4897,8.6068,19.2192,0.9812,15.91
672,6.3691,3.5094,2.2773,13.6309,0.0204,12.2599,8.7897,74.5149,0.5377,15.97
673,-0.3518,4.7047,2.3323,20.3518,0.0218,14.8676,9.7836,61.4458,0.6987,15.97
674,-1.7155,4.2076,2.2527,21.7155,0.0222,9.9782,8.8519,35.1531,0.6927,15.81
675,18.1782,10.2601,2.3704,21.8218,0.015,8.3499,9.219,38.4,0.9109,15.85
676,0.1082,8.686,2.2668,19.8918,0.0225,10.8611,9.2016,50.7104,0.9072,15.81
677,-0.5718,4.6034,2.3817,20.5718,0.0227,4.6283,9.0121,58.6982,0.8716,15.85
678,-0.7845,7.7185,2.3063,20.7845,0.0325,13.2491,8.5135,66.0793,1.0393,15.96
679,-2.1709,4.197,2.3883,22.1709,0.016,15.8431,8.6611,47.8016,0.7719,15.91
680,-3.2082,8.5892,2.3275,23.2082,0.0231,10.4555,8.3006,69.4476,0.8427,15.84
681,-1.3773,10.0272,2.2793,21.3773,0.033,6.4322,9.0425,45.9096,0.6335,15.74
682,-0.6727,6.8464,2.3708,20.6727,0.0169,6.2406,8.3436,29.3333,0.9725,15.89
683,5.4191,4.3832,2.3834,14.5809,0.0304,12.0587,8.6406,44.3243,0.8235,15.83
684,-5.1391,4.3478,2.2472,25.1391,0.0142,5.3001,9.2016,53.211,0.9072,15.72
685,-4.9682,1.8685,2.2631,24.9682,0.0232,16.3329,8.5571,36.7521,0.7032,15.81
686,5.9945,3.4933,2.3704,14.0055,0.02,15.4759,8.8513,0.0,1.062,15.85
687,4.6891,6.0446,2.2216,15.3109,0.0179,7.2782,8.8355,52.4964,0.8571,16.0
688,-5.55,2.4673,2.1911,25.55,0.0226,17.3354,8.8215,39.6166,0.573,16.1
689,-0.7391,5.1621,2.4196,20.7391,0.0221,8.2416,10.063204409341335,48.2986,0.8229,15.86
690,3.9291,4.1375,2.4012,16.0709,0.0287,9.3612,9.131,60.9524,0.7139,15.87
691,-1.4409,2.5745,2.2821,21.4409,0.016,14.099,8.942,44.3051,0.9143,15.8
692,0.7582,7.0841,2.3834,19.2418,0.0273,18.0558,9.219,61.3699,0.9109,15.83
693,12.5391,9.0303,2.3415,27.4609,0.0395,7.318,10.063204409341335,56.6372,0.7584,15.9
694,1.7791,8.0368,2.3056,18.2209,0.0298,8.398,8.9607,32.7485,0.7392,15.75
695,-0.2255,4.012,2.2453,20.2255,0.0205,6.1157,8.941,26.8757,1.026,15.8
696,-1.4627,6.6101,2.2732,21.4627,0.0252,24.40700322285261,9.7571,25.3846,0.7852,15.71
697,1.14,5.524,2.3672,18.86,0.0165,7.1599,8.6439,58.891,1.0135,15.87
698,-4.3518,5.9175,2.2604,24.3518,0.0236,9.0452,8.947,36.036,0.757,15.76
699,-2.1264,4.5812,2.3021,22.1264,0.0128,24.40700322285261,8.6024,29.899,0.5329,15.77
700,-2.1518,4.4519,2.2564,22.1518,0.0187,9.3443,8.4278,41.2289,0.7558,15.81
701,-4.5936,4.1924,2.2616,24.5936,0.0181,8.8668,8.7635,45.1193,0.7053,15.86
702,2.6345,4.0633,2.2445,17.3655,0.0255,10.9338,8.7932,76.9716,1.0631,15.79
703,0.5218,2.9002,2.2757,19.4782,0.0214,10.2662,8.287,49.1979,1.0541,15.86
704,-2.9491,3.5892,2.3932,22.9491,0.0179,8.7057,8.7402,37.4026,0.7724,15.81
705,22.1827,8.7564,2.3052,17.8173,0.0331,10.4241,8.5405,64.7975,0.9059,15.89
706,2.8627,9.2907,2.3604,17.1373,0.0276,10.608,9.0425,58.2659,0.6335,15.86
707,-1.8509,5.9273,2.2539,21.8509,0.0148,7.5226,8.4891,28.3114,0.7674,15.78
708,-8.3127,4.1397,2.3505,34.62999992554279,0.0178,24.40700322285261,8.7487,77.7494,1.0459,15.85
709,-1.0773,4.6703,2.3025,21.0773,0.0336,7.4472,9.2328,19.8582,0.8041,15.81
710,-0.0964,8.9009,2.3323,20.0964,0.0338,7.3831,8.5779,61.8847,1.0189,15.97
711,5.9282,4.936,2.2604,14.0718,0.0198,5.9424,8.3271,45.3001,0.8469,15.76
712,2.8618,6.4813,2.2967,17.1382,0.0283,8.3525,8.3324,29.4004,1.1638,15.94
713,-0.1191,2.8254,2.4151,20.1191,0.0158,10.7595,8.2832,40.6647,0.7664,15.84
714,18.7173,6.8555,2.3025,21.2827,0.0179,13.7619,8.5788,64.0,0.9683,15.81
715,-5.0355,3.7746,2.3308,25.0355,0.017,10.6595,9.193,36.5442,0.4722,15.58
716,-0.7891,5.4846,2.3991,20.7891,0.0267,10.2643,8.3273,66.941,0.8705,15.72
717,6.2755,3.2291,2.2726,13.7245,0.0208,8.6365,8.5735,37.0299,0.9075,15.76
718,-10.4455,5.4725,2.3479,30.4455,0.0187,5.7154,8.6556,36.2225,0.6163,15.58
719,25.4264,6.5942,2.3038,14.5736,0.014,14.3487,8.5155,57.7049,0.9794,15.85
720,-1.7264,5.8142,2.2967,21.7264,0.0215,10.0503,9.5126,64.6707,0.8693,15.94
721,3.2882,2.8136,2.3124,16.7118,0.023227524694049692,10.872,8.6382,23.221,0.746,15.93
722,0.0945,6.5727,2.3177,19.9055,0.0318,13.8458,8.5232,48.0,1.0338,15.8
723,-1.0455,4.5404,2.2959,21.0455,0.0138,13.2262,8.5615,42.0627,0.8297,15.73
724,-0.1464,4.58,2.2726,20.1464,0.023,5.1829,8.662,30.4118,0.6605,15.76
725,5.6618,5.5285,2.4025,14.3382,0.0218,10.1452,8.6772,35.3266,0.9048,15.84
726,4.0736,5.5816,2.3193,15.9264,0.0237,9.9351,8.8105,33.7812,0.4817,15.66
727,-3.1227,3.3196,2.2527,23.1227,0.0163,12.1914,8.8581,27.464,0.6373,15.91
728,5.6309,5.0146,2.3044,14.3691,0.026,15.8106,8.5288,26.943,0.9361,15.9
729,18.8309,3.4336,2.3221,21.1691,0.0191,7.6206,8.7495,54.5809,1.1086,15.88
730,16.6036,4.1499,2.3403,23.3964,0.0297,14.7804,9.6272,77.1084,0.4184,15.85
731,8.4236,10.099,2.3704,31.5764,0.0347,8.6822,8.6013,132.5301,1.1815,15.85
732,9.6745,5.6653,2.3997,30.3255,0.0421,9.9647,9.0998,133.29193306761312,1.0551,15.77
733,-1.8791,5.2597,2.3341,21.8791,0.0276,12.943,8.5891,52.8833,1.1255,15.98
734,6.25,4.275,2.2564,13.75,0.0441,10.733,8.3436,38.4236,0.9725,15.81
735,17.6373,5.0493,2.3532,22.3627,0.0232,11.467,8.7588,65.3386,0.4996,15.83
736,1.9145,6.2091,2.3194,18.0855,0.0395,4.9709,8.8513,133.29193306761312,1.062,15.9
737,-3.0055,4.3632,2.292,23.0055,0.0217,9.2914,8.7597,52.8402,0.8659,15.79
738,-0.5464,4.7047,2.3604,20.5464,0.0239,13.2845,8.7696,22.6221,0.3963,15.86
739,-2.8055,5.1201,2.2674,22.8055,0.0318,10.9199,9.6515,48.5651,0.5669,15.85
740,2.6373,6.0599,2.3604,17.3627,0.0197,8.5744,8.7568,36.1991,0.5799,15.86
741,6.5645,2.0751,2.2805,13.4355,0.0228,8.3981,8.9475,80.6366,1.0697,15.92
742,-9.2836,5.6813,2.3407,29.2836,0.0174,11.6781,9.043,133.29193306761312,0.7574,15.84
743,5.9136,3.0996,2.3834,14.0864,0.0297,7.2867,9.2281,57.4713,1.0147,15.83
744,4.3055,6.2869,2.2881,15.6945,0.0408,4.4598,8.8513,112.7148,1.062,15.87
745,3.9527,2.0008,2.2802,16.0473,0.0228,5.2621,8.3588,35.5363,0.713,15.8
746,0.0955,4.9375,2.2337,19.9045,0.0192,13.3986,9.2064,29.7521,0.5066,15.91
747,-1.4227,4.6557,2.1911,21.4227,0.0286,10.1417,8.7326,65.6115,0.6259,16.1
748,-5.4145,8.1944,2.2216,25.4145,0.0242,13.8655,8.8215,72.3099,0.573,16.0
749,1.4418,4.6325,2.2757,18.5582,0.025,14.0135,8.6149,24.2845,1.0359,15.86
750,-0.3136,9.1663,2.1996,20.3136,0.0439,12.1616,9.0447,63.5641,0.7534,16.09
751,0.1809,4.282,2.3331,19.8191,0.0254,17.6753,8.3179,75.2656,0.6257,15.75
752,1.91,9.243,2.3907,18.09,0.0217,3.1976,8.5003,59.9034,0.8638,15.7
753,2.6036,4.3881,2.2927,17.3964,0.0161,6.3492,8.942,30.9392,0.9143,15.8
754,-2.9791,4.6832,2.2732,22.9791,0.0168,14.2128,8.3271,62.6653,0.8469,15.71
755,-1.42,7.3182,2.3235,21.42,0.0119,7.7484,9.2281,133.29193306761312,1.0147,15.89
756,-0.5127,4.7687,2.2717,20.5127,0.0179,12.9885,8.7037,35.7424,0.6242,15.85
757,2.44,6.0401,2.3301,17.56,0.0275,11.7962,8.3845,45.6853,0.6787,15.9
758,-2.8555,3.5169,2.3025,22.8555,0.0279,7.2993,8.7326,51.3761,0.6259,15.54
759,-2.5382,6.2289,2.2785,22.5382,0.025,14.374,9.2189,30.8582,0.7447,15.77
760,1.47,5.7143,2.2749,18.53,0.0168,11.8385,8.6544,33.3333,0.6641,15.79
761,0.1691,12.070534706053035,2.2967,19.8309,0.0282,9.1255,9.2047,42.7141,0.7153,15.94
762,27.652799664750972,9.2718,2.3596,10.2491,0.016,11.0101,8.6667,133.29193306761312,1.0959,15.79
763,18.4,8.9202,2.3099,21.6,0.0257,14.1548,8.5405,26.7658,0.9059,15.84
764,-5.9336,6.0378,2.2564,25.9336,0.0238,6.4177,8.7199,39.4231,0.714,15.81
765,-5.9273,5.2422,2.2725,25.9273,0.0181,12.1653,8.7635,34.2289,0.7053,15.82
766,0.0627,2.6068,2.2877,19.9373,0.021033741163023013,15.8597,8.3267,55.4855,0.9329,15.91
767,-2.6655,2.2386,2.2474,22.6655,0.015,9.7506,9.6136,47.3684,0.8387,15.77
768,-1.0409,4.9073,2.4439,21.0409,0.019,8.6439,9.0606,26.5836,0.9163,15.57
769,-5.3355,5.6449,2.3073,25.3355,0.0347,9.3385,8.536,74.3935,1.1525,15.76
770,-1.9682,10.2046,2.3401,21.9682,0.0163,5.6556,8.5334,52.2003,0.9826,15.94
771,23.7136,8.0391,2.3596,16.2864,0.0471,9.7837,10.063204409341335,68.5714,0.8735,15.79
772,3.2273,6.132,2.3331,16.7727,0.0252,9.5665,8.6068,87.4172,0.9812,15.75
773,0.3491,4.672,2.349,19.6509,0.0235,12.9186,8.897,42.6288,0.4685,15.71
774,-3.6564,4.4621,2.3124,23.6564,0.0315,6.6298,8.6397,42.9066,0.9965,15.91
775,18.3209,2.2849,2.3903,21.6791,0.05001404392542416,6.3174,8.7599,66.5208,1.0407,15.71
776,2.6218,5.5797,2.3391,17.3782,0.0199,10.9589,8.4896,61.3861,0.9735,15.83
777,2.5027,7.8622,2.3052,17.4973,0.0187,7.2854,9.5713,32.7177,0.7928,15.89
778,1.8318,4.2518,2.2757,18.1682,0.026,7.6665,8.6024,51.3919,0.5329,15.71
779,-11.4709,3.3268,2.3408,31.4709,0.0242,8.1297,9.8481,133.29193306761312,0.764,15.85
780,1.0145,3.6118,2.2553,18.9855,0.0185,12.7767,8.7073,51.0451,0.6066,15.76
781,2.5718,6.2216,2.3654,17.4282,0.024,11.1287,9.6938,23.2558,0.9729,15.85
782,0.2527,12.070534706053035,2.3991,19.7473,0.0157,8.375,8.7073,32.1142,0.6066,15.72
783,-3.1518,4.6772,2.4201,23.1518,0.0171,5.9819,9.22,14.1113,0.9916,15.56
784,-1.8736,4.2324,2.2826,21.8736,0.0212,8.4814,8.8973,31.0811,0.6796,15.79
785,1.5882,5.4022,2.2949,18.4118,0.0266,3.2361,8.6556,41.2371,0.6163,15.7
786,-7.5073,6.2009,2.3162,27.5073,0.0267,11.2751,8.9635,37.3749,0.7643,15.75
787,2.4718,6.6471,2.2771,17.5282,0.0155,6.3065,8.7283,37.7104,0.604,16.01
788,26.8609,6.0001,2.3038,13.1391,0.0162,16.8906,8.6211,43.7659,0.7408,15.85
789,13.1136,5.8357,2.2931,26.8864,0.05001404392542416,9.4356,8.8388,60.6581,0.9836,16.04
790,22.7636,5.2072,2.3025,17.2364,0.0426,14.5221,8.7879,35.5828,0.8556,15.81
791,5.9491,6.4118,2.3881,14.0509,0.0242,6.1321,8.2823,32.491,0.8133,15.85
792,-1.65,4.5493,2.2453,21.65,0.0209,11.7115,9.004,40.5157,0.6254,15.8
793,-6.6618,5.7503,2.2445,26.6618,0.0215,8.6924,8.3591,33.9061,0.5765,15.79
794,-0.3327,6.2662,2.3632,20.3327,0.0265,6.9297,8.8513,103.5971,1.062,15.92
795,-2.67,7.8399,2.2634,22.67,0.0257,5.3615,9.0639,56.7164,0.9091,15.76
796,-4.5718,6.4959,2.2539,24.5718,0.0172,7.775,8.9607,48.4848,0.7392,15.78
797,4.9082,3.0357,2.4025,15.0918,0.0132,3.6114,8.8836,33.1688,0.7511,15.84
798,5.4209,7.0153,2.3042,14.5791,0.0222,16.6222,8.58,24.9541,0.684,15.76
799,1.5218,4.3655,2.3207,18.4782,0.0281,11.8547,8.6074,37.1184,0.8787,15.83
800,9.2082,9.6042,2.3834,30.7918,0.0375,6.8115,8.6013,133.29193306761312,1.1815,15.83
801,1.1655,3.6022,2.1995,18.8345,0.0206,9.4326,8.8105,41.0256,0.4817,16.09
802,-2.8727,3.7156,2.2954,22.8727,0.0188,14.6796,8.58,44.0889,0.684,15.71
803,4.5918,3.8241,2.2989,15.4082,0.0262,14.4172,9.0145,73.4247,0.5478,15.84
804,0.2236,3.3124,2.212,19.7764,0.019,12.4243,8.3808,73.5202,0.8076,15.98
805,-0.2718,8.4926,2.4044,20.2718,0.018,17.2427,8.5615,53.076,0.832,15.67
806,-5.9682,3.8774,2.3914,25.9682,0.0193,10.3345,8.9132,21.4286,0.656,15.81
807,-6.0636,4.5022,2.2392,26.0636,0.02,9.3076,8.9036,68.0315,0.8089,15.83
808,27.6182,6.3688,2.362,12.3818,0.05001404392542416,5.5833,9.3851,92.2034,0.4221,15.7
809,2.9545,5.7415,2.2886,17.0455,0.016060081985868863,10.2515,8.1728,35.094,0.7584,15.73
810,-2.9182,5.7046,2.2527,22.9182,0.0247,10.3584,8.7779,44.5993,0.466,15.81
811,2.75,3.8384,2.3573,17.25,0.022,13.8104,8.6439,70.4545,1.0135,15.87
812,0.7227,3.6395,2.2967,19.2773,0.0141,9.5046,8.7867,37.2712,0.78,15.94
813,-8.64,8.846,2.3654,28.64,0.0295,2.6692,8.5788,93.3333,0.9715,15.85
814,-3.0909,7.2454,2.3106,23.0909,0.021,4.1618,8.7556,81.3239,0.8532,15.74
815,15.9527,3.614,2.3351,24.0473,0.0397,24.40700322285261,9.1784,31.6049,0.7898,15.7
816,14.9018,7.8561,2.3128,25.0982,0.0175,6.5315,9.5642,34.6667,0.5593,15.91
817,2.8727,5.1336,2.2726,17.1273,0.0209,10.1587,8.8355,27.1311,0.8571,15.76
818,3.1191,4.7727,2.3162,16.8809,0.0191,7.338,9.6938,49.8468,0.9729,15.75
819,-1.1255,6.3446,2.3244,21.1255,0.0137,13.2822,8.7418,25.9811,0.9193,15.69
820,-2.9727,5.8586,2.3867,22.9727,0.0179,8.9655,9.0942,44.3077,0.7677,15.89
821,2.2727,5.0108,2.2458,17.7273,0.0203,12.436,8.3159,31.3498,0.74,15.79
822,25.0382,12.070534706053035,2.3326,14.9618,0.0235,16.1365,10.063204409341335,96.9697,0.5279,16.01
823,-0.0045,7.5303,2.2527,20.0045,0.0269,5.8286,8.1161,32.1788,0.8595,15.81
824,14.7345,5.0284,2.3737,25.2655,0.023,7.0865,9.4043,68.0614,0.5677,15.87
825,19.8,7.0096,2.3221,20.2,0.0137,8.4153,9.2658,53.6913,0.8007,15.88
826,3.97,6.5183,2.3122,16.03,0.0268,6.135,8.6572,87.8049,1.1404,15.87
827,-0.5045,2.8381,2.3797,20.5045,0.0242,10.0917,8.2776,28.0702,0.6857,15.88
828,3.3055,12.070534706053035,2.3149,16.6945,0.044,6.1081,8.9416,50.6627,0.7121,15.88
829,0.4382,5.5751,2.2569,19.5618,0.0168,9.3806,9.1287,18.7755,0.8163,15.84
830,-2.0309,3.7989,2.2247,22.0309,0.0149,9.0161,8.322,77.4704,0.7506,15.96
831,0.5364,4.1514,2.416,19.4636,0.021,7.5516,8.7609,45.4115,1.0404,15.89
832,4.7282,5.44,2.2718,15.2718,0.0242,17.9477,9.0447,50.8728,0.7534,15.9
833,0.2355,5.5748,2.3797,19.7645,0.0157,13.3436,8.7782,65.733,0.745,15.88
834,-1.9727,2.7865,2.1996,21.9727,0.0175,11.1132,8.3808,53.3333,0.8076,16.09
835,2.9964,4.3328,2.3073,17.0036,0.0164,12.946,9.2328,51.4412,0.8041,15.76
836,-0.3773,5.0724,2.3187,20.3773,0.0251,13.9517,8.7326,38.7824,0.6259,15.8
837,24.8064,7.1654,2.3596,15.1936,0.0426,8.8526,8.7947,45.0704,0.8446,15.79
838,0.4782,5.2546,2.3234,19.5218,0.0437,13.926,8.3591,45.6641,0.5765,15.67
839,2.5964,6.0507,2.3735,17.4036,0.0222,3.6986,8.659,66.9951,0.9873,15.8
840,1.4218,5.4321,2.3128,18.5782,0.0275,14.056,9.1757,41.0876,0.7059,15.91
841,1.4036,2.7193,2.3132,18.5964,0.0257,13.1282,8.4092,84.1202,0.9251,15.91
842,27.652799664750972,12.070534706053035,2.3312,34.62999992554279,0.023,13.5645,10.063204409341335,133.29193306761312,0.7681,15.94
843,4.7864,3.9746,2.3737,15.2136,0.0253,8.647,9.043,55.04,0.7574,15.87
844,-1.8827,3.4658,2.2726,21.8827,0.03,9.9252,8.8909,27.758,0.6815,15.76
845,9.8418,4.8133,2.4067,30.1582,0.0411,6.4831,8.3754,68.046,0.7808,15.75
846,18.63,3.6188,2.307,21.37,0.0221,12.4431,9.2433,85.8639,0.7162,15.9
847,-6.6464,4.6056,2.2247,26.6464,0.0168,7.9556,8.8215,42.2222,0.573,15.96
848,27.652799664750972,8.5143,2.2932,11.7045,0.0166,7.2788,9.6484,68.7351,0.7384,15.91
849,-1.9827,3.8989,2.4349,21.9827,0.015,11.8362,8.5862,29.927,0.9332,15.77
850,4.8127,2.9198,2.2802,15.1873,0.0122,5.2934,8.5003,47.5728,0.8638,15.8
851,-1.3227,11.7319,2.2937,21.3227,0.0172,9.3718,8.5232,46.4957,1.0338,15.98
852,1.4355,6.3172,2.3132,18.5645,0.0374,8.5025,8.9416,40.8912,0.7121,15.84
853,0.1155,5.1901,2.3406,19.8845,0.0128,10.1315,8.5788,64.455,0.9715,15.9
854,-0.0509,3.5047,2.4253,20.0509,0.0203,10.3845,8.7609,45.7447,1.0404,15.77
855,1.89,3.255,2.3936,18.11,0.0171,5.2652,8.7373,26.7431,0.587,15.87
856,2.6991,6.2357,2.1995,17.3009,0.0285,8.9749,8.1409,47.3265,0.7663,16.09
857,-2.9355,4.0987,2.3797,22.9355,0.03,6.5213,8.9979,38.6473,0.7258,15.88
858,1.5273,6.2217,2.2939,18.4727,0.014,8.8089,8.9036,31.09,0.8089,15.83
859,1.5527,4.471,2.3391,18.4473,0.0224,9.0256,9.3851,51.0638,0.4221,15.83
860,-8.6982,6.9142,2.3402,28.6982,0.0233,11.9858,8.441,26.4059,0.9383,15.88
861,0.1491,5.4108,2.3323,19.8509,0.0201,12.7542,8.5891,27.154,1.1255,15.97
862,-1.89,6.5694,2.4201,21.89,0.0232,10.9896,8.4855,78.8235,0.8145,15.56
863,1.0518,7.4639,2.3793,18.9482,0.0144,10.0078,8.8889,60.0791,1.0478,15.94
864,-1.5664,3.686,2.3997,34.62999992554279,0.05001404392542416,5.3904,9.2436,117.2237,0.8926,15.77
865,2.2518,4.0085,2.3044,17.7482,0.0239,14.5067,8.5855,57.7227,0.9588,15.9
866,3.9027,9.1554,2.3481,16.0973,0.0217,8.6892,8.3006,33.9223,0.8161,15.74
867,5.6382,7.1516,2.2604,14.3618,0.0277,9.9701,8.7609,49.3827,1.0404,15.76
868,4.8791,3.1537,2.2927,15.1209,0.0185,7.2152,8.942,37.9101,0.9143,15.8
869,4.4409,4.7966,2.3936,15.5591,0.0162,14.3156,8.2832,113.9706,0.7664,15.87
870,-2.2409,5.1201,2.2821,22.2409,0.0138,3.7001,8.8562,27.4779,0.6179,15.8
871,1.4464,4.7955,2.2771,18.5536,0.0284,6.0477,8.7812,65.1163,0.8231,16.01
872,-3.4191,4.1054,2.3079,23.4191,0.0281,5.6883,8.2914,52.7009,0.6385,15.71
873,-2.3391,4.2557,2.3402,22.3391,0.023,3.4169,8.7812,133.29193306761312,0.8231,15.88
874,-2.4436,5.0766,2.2886,22.4436,0.02499243411952893,13.1569,8.1728,37.684,0.7584,15.73
875,9.2827,4.1834,2.2773,10.7173,0.0244,11.4351,8.7994,38.3901,0.8435,15.97
876,1.0673,4.879,2.3805,18.9327,0.0169,9.522,8.5003,52.5469,0.8638,15.75
877,22.4382,6.1088,2.298,17.5618,0.0176,12.5659,8.5218,48.8372,1.0323,15.86
878,1.3009,5.1379,2.3331,18.6991,0.0226,9.0139,8.2395,19.6721,1.0216,15.75
879,0.23,7.5804,2.3323,19.77,0.0257,11.9012,8.5779,39.7516,1.0189,15.97
880,3.3882,3.9686,2.3797,16.6118,0.022,7.3437,9.7137,54.9865,0.3973,15.88
881,-0.5336,5.1598,2.2757,20.5336,0.0213,13.8143,8.7015,30.0806,0.8336,15.86
882,-7.6655,4.0743,2.2407,27.6655,0.0209,7.6482,8.6556,35.8108,0.6163,15.75
883,0.67,3.9365,2.1919,19.33,0.0188,8.7827,9.0402,60.5042,0.647,16.07
884,15.6791,8.6597,2.303,24.3209,0.0145,12.7017,8.5788,40.4938,0.9683,15.84
885,0.4855,6.8579,2.3207,19.5145,0.0243,11.2084,8.3179,48.0874,0.6257,15.83
886,0.3209,3.7579,2.3797,19.6791,0.0271,11.4555,8.2832,58.2716,0.7664,15.88
887,17.5473,4.4298,2.3397,22.4527,0.0433,6.6372,8.9336,78.7062,1.0644,15.96
888,15.1509,5.1087,2.3397,24.8491,0.0428,13.7931,9.1585,75.2941,0.9368,15.96
889,2.8355,3.5958,2.3025,17.1645,0.0431,10.2145,9.4043,52.3977,0.5677,15.81
890,-3.3455,5.7818,2.2563,23.3455,0.0205,6.063,10.063204409341335,64.5503,0.8229,15.75
891,27.652799664750972,7.5726,2.3403,10.8836,0.0208,7.5703,10.063204409341335,66.5169,0.8735,15.85
892,-3.1382,3.4336,2.2407,23.1382,0.0175,8.1112,8.627,44.044,0.5742,15.75
893,1.7036,4.4746,2.2737,18.2964,0.0267,12.547,9.088,44.2037,0.481,15.84
894,24.9027,6.9238,2.3397,15.0973,0.0433,7.1001,8.659,133.29193306761312,1.2771,15.96
895,0.8018,5.6521,2.3796,19.1982,0.05001404392542416,9.7212,8.4092,41.8462,0.9251,15.74
896,-0.2418,6.9587,2.4214,20.2418,0.0193,12.5191,8.7073,57.7947,0.6066,15.62
897,5.5782,4.5757,2.3646,14.4218,0.0329,10.2907,8.6406,75.5906,0.8235,15.97
898,3.8164,9.7437,2.4214,16.1836,0.0162,10.812748171447016,8.7144,94.8454,1.2672,15.62
899,-3.4964,6.2188,2.3867,23.4964,0.0173,11.1697,8.7646,51.1577,0.8263,15.89
900,3.4827,2.4138,2.2555,16.5173,0.025604571854507437,7.5507,8.436,49.9452,1.0765,15.74
901,-11.9682,7.0926,2.2928,31.9682,0.0259,14.4853,8.5218,37.276,1.0323,15.91
902,-7.1518,3.2322,2.2247,27.1518,0.0168,10.8108,8.7556,52.7859,0.8532,15.96
903,-2.9973,6.1033,2.3161,22.9973,0.0224,13.0785,8.828,51.3369,0.8345,15.89
904,15.3073,5.9828,2.2771,24.6927,0.0232,16.485,8.6527,69.8851,1.1869,16.01
905,-0.0555,11.0059,2.3654,20.0555,0.0307,11.4983,8.7283,36.773,0.604,15.85
906,-2.6364,3.7718,2.2474,22.6364,0.0167,16.5112,8.8331,52.1739,0.9359,15.77
907,1.0309,5.1741,2.2631,18.9691,0.0182,10.4938,8.7401,40.1575,0.7159,15.81
908,13.8118,4.9417,2.3903,26.1882,0.05001404392542416,24.40700322285261,8.7588,133.29193306761312,0.4996,15.71
909,2.4673,2.8374,2.3453,17.5327,0.0233,2.5497,8.7283,53.092,0.604,15.92
910,6.2636,8.6184,2.2752,13.7364,0.0186,15.1377,9.7571,29.2571,0.7852,15.89
911,-5.9573,5.1833,2.3883,25.9573,0.024,7.6413,8.3663,34.3096,0.5779,15.91
912,23.9555,4.3641,2.3248,16.0445,0.012,11.4286,10.063204409341335,49.0667,0.5279,15.9
913,1.5118,5.0366,2.2604,18.4882,0.0226,6.7809,8.4597,27.0153,0.7832,15.76
914,0.0327,2.5159,2.4196,19.9673,0.0141,12.0982,8.8519,32.2981,0.6927,15.86
915,-2.5027,4.6539,2.416,22.5027,0.028,4.4883,8.8562,30.3935,0.6179,15.89
916,2.0336,4.4464,2.3301,17.9664,0.032,5.7648,8.5615,32.57,0.832,16.0
917,5.4964,6.2816,2.4214,14.5036,0.0248,18.2726,8.2823,53.6082,0.8133,15.62
918,10.3745,6.9014,2.303,29.6255,0.0135,6.7783,9.2655,35.378,0.7747,15.84
919,25.9591,8.6352,2.3524,14.0409,0.0418,9.3354,8.6667,64.1711,1.0959,15.74
920,-2.7936,5.9309,2.3796,22.7936,0.05001404392542416,10.0866,9.2291,20.1198,0.811,15.74
921,-1.5991,6.0422,2.2569,21.5991,0.0257,14.4192,8.5571,72.0801,0.7032,15.84
922,4.7545,6.2911,2.2982,15.2455,0.0254,4.1346,8.9605,39.4521,0.9274,15.57
923,-0.84,7.4516,2.3038,20.84,0.0235,11.9343,8.828,60.0375,0.8345,15.91
924,25.5282,5.6325,2.366,14.4718,0.0232,13.4194,9.3998,65.3061,0.596,15.91
925,20.6,4.3662,2.3756,19.4,0.0113,10.6011,8.9336,127.4827,1.0644,15.72
926,12.0945,5.2191,2.3179,27.9055,0.0165,24.40700322285261,8.7487,41.0619,1.0459,15.92
927,-4.9627,5.8746,2.2797,24.9627,0.0255,10.176,9.1526,23.0523,0.4254,15.86
928,3.4827,6.8368,2.3414,16.5173,0.0368,4.2986,8.8132,42.3707,0.8146,15.97
929,7.0273,3.7146,2.3817,12.9727,0.0224,8.7198,8.8624,25.4835,0.7655,15.85
930,-2.0555,5.2289,2.3306,22.0555,0.0176,9.0378,9.0776,41.8733,0.5888,15.97
931,-1.1627,3.975,2.2982,21.1627,0.0255,18.1147,9.193,32.7345,0.4722,15.57
932,2.1645,6.8985,2.4073,17.8355,0.0247,6.4815,8.2823,69.5103,0.8133,15.72
933,-5.8855,2.5985,2.1911,25.8855,0.0225,11.54,8.9541,42.1637,0.4749,16.1
934,2.5055,6.3005,2.3414,17.4945,0.0196,14.888,8.3331,74.277,0.9396,15.97
935,3.1645,3.11,2.2458,16.8355,0.0142,12.1733,8.9818,53.3333,1.0199,15.79
936,0.7064,6.7658,2.2967,19.2936,0.0179,8.434,8.7418,43.5233,0.9193,15.94
937,0.1618,9.6091,2.3087,19.8382,0.0176,8.5382,8.5459,39.7838,1.0918,15.81
938,-1.2164,10.9187,2.2674,21.2164,0.0234,21.5771,9.6515,45.5814,0.5669,15.85
939,1.1891,6.2608,2.2809,18.8109,0.0446,12.4608,9.2064,65.9409,0.5066,15.79
940,3.4482,5.2947,2.3817,16.5518,0.0201,14.5497,8.5407,30.3318,0.4382,15.85
941,2.0909,4.8154,2.4079,17.9091,0.0243,17.2791,8.8909,19.5976,0.6815,15.79
942,24.4791,7.7394,2.3715,15.5209,0.0146,11.8458,9.2433,71.7428,0.7162,15.81
943,-0.3236,3.596,2.4073,20.3236,0.028,13.4513,9.3335,33.9703,0.7642,15.72
944,-1.5118,6.4179,2.2697,21.5118,0.0259,11.9724,8.6439,67.8967,1.0135,15.94
945,23.2655,5.8803,2.3715,16.7345,0.0319,4.452,8.7879,75.6219,0.8556,15.81
946,-2.6355,6.1127,2.2472,22.6355,0.0162,4.5889,9.0606,51.5188,0.9163,15.72
947,-1.9291,4.0911,2.4723,21.9291,0.0195,16.087,8.9979,50.675533407691205,0.7258,15.67
948,1.3255,7.4533,2.2474,18.6745,0.0201,15.3453,8.7646,31.6109,0.8263,15.92
949,1.7909,5.1569,2.212,18.2091,0.0226,16.1771,9.534,34.0645,0.565,15.98
950,3.0791,4.4853,2.3207,16.9209,0.0295,4.7106,8.3006,35.1931,0.8427,15.83
951,-5.76,3.5226,2.4023,25.76,0.0237,10.4328,9.6136,71.6787,0.8387,16.04
952,4.6209,5.9706,2.3499,15.3791,0.0186,6.2298,8.5801,49.5289,0.8304,15.61
953,3.8509,3.3876,2.3532,16.1491,0.0189,5.9725,9.1502,99.389,0.7162,15.83
954,-6.6055,6.0071,2.2937,26.6055,0.0139,10.1006,8.7932,36.715,0.8159,15.98
955,-4.8609,6.2351,2.2432,24.8609,0.0308,14.3189,9.6515,35.6522,0.5669,15.9
956,-3.2155,2.7452,2.3884,23.2155,0.0132,11.9887,8.8597,20.7885,0.8934,15.85
957,-1.67,6.8634,2.2553,21.67,0.0433,13.6462,8.9833,47.9042,0.815,15.76
958,23.9018,8.4806,2.366,16.0982,0.0318,9.6376,8.8287,106.136,0.9251,15.91
959,12.0627,5.309,2.3313,27.9373,0.0286,7.26,9.1784,79.292,0.7898,15.91
960,3.1418,4.4095,2.2948,16.8582,0.05001404392542416,8.6665,9.2291,70.8738,0.811,15.7
961,8.8173,8.7428,2.3808,11.1827,0.0195,9.7635,8.7851,62.439,0.4389,15.84
962,5.5318,5.0629,2.349,14.4682,0.0196,13.663,8.3006,44.0461,0.8161,15.71
963,-1.4564,3.5747,2.2472,21.4564,0.0209,13.6201,9.0606,56.5086,0.9163,15.72
964,-0.7782,3.9458,2.3593,20.7782,0.0256,5.5057,8.7568,45.6345,0.5799,15.8
965,0.4591,4.2411,2.3025,19.5409,0.0342,7.0832,8.5177,86.9565,0.8384,15.81
966,1.8109,5.9964,2.2718,18.1891,0.0273,11.2432,9.1141,45.4012,0.7193,15.9
967,-6.3845,5.1659,2.2053,26.3845,0.027,7.9231,8.662,66.6667,0.6605,16.08
968,13.5955,8.3351,2.3132,26.4045,0.026,11.4492,9.7484,57.2146,0.9413,15.91
969,4.6227,3.6709,2.2995235186099956,15.3773,0.02400105460764676,8.1508,8.1728,38.2022,0.7584,15.83679869195757
970,7.9373,3.0303,2.2588,12.0627,0.0118,3.624,8.5251,46.6586,0.869,15.95
971,-0.6818,4.6431,2.2216,20.6818,0.0154,9.3702,8.7646,47.3755,0.8263,16.0
972,4.4209,5.5992,2.2453,15.5791,0.0188,9.8076,8.7552,55.0206,0.9066,15.8
973,1.4609,5.8149,2.4349,18.5391,0.0208,9.5776,8.897,47.7752,0.4685,15.77
974,6.0773,3.9105,2.2831,13.9227,0.0212,9.409,8.3436,66.0194,0.9725,15.8
975,7.7727,9.7235,2.3737,12.2273,0.0164,10.7051,8.7851,73.0964,0.4389,15.87
976,24.3791,6.4746,2.3802,15.6209,0.0407,5.176,8.6789,113.5593,1.1054,15.61
977,3.7555,7.5153,2.2797,16.2445,0.027,10.9782,9.2064,44.3497,0.5066,15.86
978,23.9945,3.61,2.3592,16.0055,0.0397,12.1712,9.2658,66.7932,0.8007,15.78
979,10.0236,8.1842,2.3314,29.9764,0.0289,4.5767,8.5155,60.1626,0.9794,15.77
980,-5.5327,4.2575,2.3243,25.5327,0.0225,3.4289,8.5762,89.7338,0.8227,15.85
981,3.1427,4.1328,2.2539,16.8573,0.0235,16.8157,9.0402,43.0108,0.647,15.78
982,-8.3955,6.2134,2.3737,28.3955,0.0392,14.502,9.2328,59.2058,0.8041,15.87
983,-1.3127,4.3131,2.2892,21.3127,0.0273,9.0484,8.897,30.3233,0.4685,15.69
984,-1.5764,5.4363,2.3991,21.5764,0.0158,12.0255,8.7073,28.6674,0.6066,15.72
985,-2.6591,6.2544,2.2982,22.6591,0.0264,12.599,7.6032,43.2133,1.0918,15.57
986,-2.8845,2.406,2.2982,22.8845,0.0222,9.3939,9.004,57.2133,0.6254,15.57
987,23.3109,4.9295,2.3248,16.6891,0.0217,7.9706,8.7495,18.0064,1.1086,15.9
988,-6.0545,6.0601,2.3244,26.0545,0.0187,12.7563,8.7219,17.7986,0.7663,15.69
989,26.1536,7.7496,2.3025,13.8464,0.0285,11.0766,9.2655,45.2579,0.7747,15.81
990,-4.6109,6.1402,2.2646,24.6109,0.0188,4.44,9.0811,25.3521,1.1213,15.89
991,0.1982,2.5177,2.3867,19.8018,0.0223,12.6026,8.9818,33.6207,1.0199,15.89
992,-12.0473,10.8564,2.4,32.0473,0.0251,12.7305,8.5177,99.5475,0.8384,15.79
993,-6.4836,4.0269,2.3712,26.4836,0.0106,10.458,8.6942,115.3488,1.0891,15.75
994,-5.6018,5.7121,2.3796,25.6018,0.03,9.2278,8.3324,133.29193306761312,1.1638,15.74
995,-0.0236,5.4204,2.4196,20.0236,0.0191,12.2597,8.7383,27.1055,1.0186,15.86
996,-0.580207482234993,5.618380388539222,2.3124,20.13612123358967,0.0234,13.4957,8.6706,50.8235,0.5836,15.87
997,-6.0445,9.3679,2.3306,26.0445,0.0161,11.1652,9.0776,48.5584,0.5888,15.97
998,-2.1555,3.9525,2.3195,22.1555,0.0365,9.1963,8.4278,50.6232,0.7558,15.73
999,-3.8982,3.6575,2.2909,23.8982,0.0222,14.7695,9.0776,35.2542,0.5888,15.89
1000,2.0009,7.7429,2.3161,17.9991,0.0413,11.8418,8.7219,59.596,0.7663,15.89
1001,-2.3109,7.9419,2.2858,22.3109,0.0112,24.40700322285261,8.6024,55.5891,0.5329,15.8
1002,27.4627,4.4594,2.3132,12.5373,0.05001404392542416,11.3706,9.3998,36.8618,0.596,15.91
1003,2.7582,7.593,2.4214,17.2418,0.0206,5.2288,9.1156,80.4829,0.8217,15.62
1004,3.1727,3.742,2.2858,16.8273,0.024,6.4329,9.9095,34.1679,0.3512,15.8
1005,-1.2427,5.5738,2.2588,21.2427,0.0234,5.7722,9.2016,35.272,0.9072,15.95
1006,-6.0845,5.4246,2.2634,26.0845,0.0198,7.8263,9.4336,65.557,1.1623,15.76
1007,-1.7609,11.0497,2.3063,21.7609,0.0191,8.1917,8.7283,22.4404,0.604,15.96
1008,3.3655,3.9414,2.2697,16.6345,0.0139,5.2092,8.8043,35.3222,0.7316,15.94
1009,0.8527,5.5495,2.2717,19.1473,0.021,4.3348,9.3868,56.3492,0.8198,15.85
1010,1.54,9.366,2.3414,18.46,0.0256,11.3373,8.7662,120.603,0.57,15.97
1011,-2.7845,2.6974,2.2805,22.7845,0.0256,11.0027,8.7635,35.7942,0.7053,15.92
1012,4.4036,4.6098,2.3416,15.5964,0.027,24.40700322285261,8.8249,37.9822,0.6302,15.85
1013,-5.3055,3.6862,2.3415,25.3055,0.0173,8.4137,8.9336,46.62,1.0644,15.9
1014,1.63,6.7438,2.4201,18.37,0.0274,18.0325,8.324,27.2228,0.7849,15.9
1015,3.19,7.8401,2.3401,16.81,0.0286,7.7091,8.7283,45.4756,0.604,15.94
1016,20.5864,4.7979,2.362,19.4136,0.0428,13.4741,10.063204409341335,70.6306,0.8735,15.7
1017,-1.1582,4.9308,2.3654,21.1582,0.0331,9.5141,8.9546,66.4962,0.8883,15.85
1018,-0.95,3.4077,2.2967,20.95,0.0218,14.0527,8.4896,61.9718,0.9735,15.94
1019,-1.86,4.7955,2.4167,21.86,0.0179,15.9843,8.322,52.7919,0.7506,15.83
1020,26.6136,4.4058,2.2928,13.3864,0.0329,11.9792,9.3998,45.478,0.596,15.91
1021,-3.2436,5.7353,2.2809,23.2436,0.0351,13.0477,9.1637,30.2267,0.5858,15.79
1022,0.59,2.3731,2.2726,19.41,0.0232,5.7869,8.4537,23.3236,0.9186,15.76
1023,-3.6155,2.9962,2.4172,23.6155,0.0135,7.9952,8.7383,63.3557,1.0186,15.86
1024,-1.6045,3.8038,2.3884,21.6045,0.0155,9.6329,8.9818,35.604,1.0199,15.85
1025,3.0945,1.6872,2.2646,16.9055,0.0285,6.1017,8.3542,91.9861,0.8231,15.89
1026,0.5755,8.1897,2.3044,19.4245,0.0176,15.4162,9.7836,31.8408,0.6987,15.9
1027,1.2882,8.2318,2.3907,18.7118,0.0212,14.7806,8.5596,49.8778,0.6805,15.7
1028,16.8445,9.8085,2.3052,23.1555,0.0151,11.0474,9.2655,57.9439,0.7747,15.89
1029,-1.0545,9.2151,2.2864,21.0545,0.0207,11.6692,9.4336,23.0415,1.1623,15.79
1030,-0.1918,3.0794,2.2668,20.1918,0.0195,16.0093,8.4278,22.3423,0.7558,15.81
1031,2.6227,4.3681,2.2634,17.3773,0.0294,11.9203,8.897,38.5542,0.4685,15.76
1032,2.1973,3.7115,2.3817,17.8027,0.0222,11.5048,8.3179,28.8462,0.6257,15.85
1033,-9.4964,4.1991,2.3026,29.4964,0.0173,11.999,9.043,86.8217,0.7574,15.81
1034,-5.1255,3.6831,2.2668,25.1255,0.031,9.1918,8.3591,47.1035,0.5765,15.81
1035,0.2573,8.6821,2.2773,19.7427,0.0196,6.1991,8.659,57.971,0.9873,15.97
1036,3.3955,6.8737,2.3073,16.6045,0.0158,11.2289,8.6915,57.8209,0.9639,15.76
1037,2.6873,3.6244,2.3503,17.3127,0.0168,15.9664,8.6005,48.4441,1.1248,15.87
1038,11.6818,6.6665,2.3221,28.3182,0.05001404392542416,6.1443,8.8033,68.8172,0.662,15.88
1039,2.5336,4.8187,2.3301,17.4664,0.0401,13.3468,8.77,41.6851,0.7593,16.0
1040,22.3736,9.6886,2.3715,17.6264,0.027,12.5032,8.5405,69.9259,0.9059,15.81
1041,2.3855,6.7805,2.3481,17.6145,0.0307,4.4207,8.2638,72.0627,0.9726,15.74
1042,0.9991,4.7485,2.2965,19.0009,0.022,12.0624,10.063204409341335,55.5053,0.7681,15.96
1043,11.4855,5.4073,2.2697,8.5145,0.0153,11.8247,8.8043,29.932,0.7316,15.94
1044,1.2109,3.1765,2.2718,18.7891,0.0273,7.1777,8.9818,16.5589,1.0199,15.9
1045,-0.5455,5.4201,2.2247,20.5455,0.0248,10.6687,8.8581,50.2857,0.6373,15.96
1046,2.74,4.2038,2.3414,17.26,0.0262,14.5194,8.7696,56.445,0.3963,15.97
1047,-0.2173,3.1175,2.3144,20.2173,0.0273,16.7297,8.8505,47.8571,0.687,15.522238946287386
1048,0.7355,4.7399,2.3499,19.2645,0.0231,2.9792,8.572,46.9861,0.9238,15.61
1049,-2.8245,2.9356,2.2908,22.8245,0.0124,11.1624,8.3845,29.8507,0.6787,15.68
1050,-3.7073,3.3667,2.3079,23.7073,0.0326,6.471,9.1637,25.2632,0.5858,15.71
1051,-5.1645,4.42,2.2732,25.1645,0.0156,24.40700322285261,8.6024,38.512,0.5329,15.71
1052,-0.2618,12.070534706053035,2.3132,20.2618,0.0236,6.9274,9.0622,88.8889,0.8343,15.91
1053,-2.3127,4.7977,2.2604,22.3127,0.0387,11.9601,8.5615,61.0086,0.8297,15.76
1054,-1.99,6.1495,2.3079,21.99,0.0215,11.8954,9.534,64.1711,0.565,15.71
1055,-0.2173,5.3996,2.2937,20.2173,0.0225,9.3225,8.77,29.0909,0.7593,15.98
1056,-3.9073,6.9496,2.2453,23.9073,0.0233,24.40700322285261,9.152,55.814,0.8758,15.8
1057,2.0609,3.9852,2.3162,17.9391,0.0124,6.6084,8.892623909672198,77.707,0.8006107389133019,15.75
1058,-1.9573,9.1321,2.3406,21.9573,0.0238,9.2935,8.6706,55.0169,0.5836,15.9
1059,17.6864,6.5423,2.3583,22.3136,0.0134,8.6264,8.9336,113.0667,1.0644,15.89
1060,2.1145,5.1912,2.2802,17.8855,0.0289,13.2046,8.7932,33.871,1.0631,15.8
1061,5.17,6.4886,2.2674,14.83,0.015,10.9341,8.2061,48.4048,0.4744,15.85
1062,27.652799664750972,2.6817,2.3415,11.3645,0.0188,9.6658,8.6667,68.2464,1.0959,15.9
1063,0.9827,6.454,2.3519,19.0173,0.0188,10.4562,8.4896,63.0588,0.9735,15.78
1064,2.3182,8.4018,2.2831,17.6818,0.0267,7.0296,9.131,48.6293,0.7139,15.8
1065,20.0236,8.0814,2.3167,19.9764,0.0223,12.6679,8.872,51.2418,0.7524,15.87
1066,27.652799664750972,8.1183,2.3408,12.2718,0.039,8.7199,8.6667,133.29193306761312,1.0959,15.85
1067,0.5609,12.070534706053035,2.276,19.4391,0.0212,6.4928,9.2016,29.2596,0.9072,15.75
1068,-0.5327,6.4537,2.2864,20.5327,0.0238,13.0401,8.6611,41.9175,0.7719,15.79
1069,-3.9045,5.3634,2.3938,23.9045,0.05001404392542416,12.3537,8.6149,27.3504,1.0359,15.84
1070,3.1382,7.8219,2.3481,16.8618,0.0315,12.383,8.8424,44.1219,0.5284,15.74
1071,24.2918,4.2267,2.3596,15.7082,0.0389,11.8771,9.1638,133.29193306761312,0.6641,15.79
1072,-0.4173,9.9344,2.3063,20.4173,0.0254,13.019,9.7836,34.1801,0.6987,15.96
1073,24.8282,5.0971,2.3712,15.1718,0.0481,11.6225,9.1638,64.6809,0.6641,15.75
1074,1.7627,2.0193,2.3042,18.2373,0.0184,7.9331,8.4278,38.7824,0.7558,15.76
1075,1.5555,2.8002,2.2582,18.4445,0.0165,3.7383,8.6149,27.2489,1.0359,15.98
1076,2.5055,6.284,2.212,17.4945,0.0157,7.56,8.5298,29.6774,0.9276,15.98
1077,-3.4873,5.9222,2.2711,23.4873,0.0151,8.8116,8.662,35.4571,0.6605,15.77
1078,-2.7973,12.070534706053035,2.2789,34.62999992554279,0.028,11.0891,8.5735,30.727,0.9075,15.67
1079,3.8964,3.7055,2.362,16.1036,0.0311,11.3069,8.6942,64.9652,1.0891,15.7
1080,5.0818,5.2405,2.2802,14.9182,0.016,8.1898,8.5003,46.6472,0.8638,15.8
1081,-0.0309,7.7416,2.2773,20.0309,0.0304,15.3022,8.659,40.8387,0.9873,15.97
1082,-1.0082,2.2394,2.3341,21.0082,0.0203,11.8519,8.7662,67.9245,0.57,15.98
1083,18.6827,7.4078,2.3403,21.3173,0.0475,6.6192,8.8388,51.4469,0.9836,15.76
1084,25.4573,12.070534706053035,2.3403,14.5427,0.0369,10.8275,8.7599,111.4754,1.0407,15.76
1085,4.0555,6.1799,2.3207,15.9445,0.0319,12.5973,8.6074,59.2593,0.8787,15.83
1086,1.2209,9.3285,2.3695,18.7791,0.0224,6.2512,8.7219,33.7514,0.7663,15.79
1087,2.7764,7.4219,2.3704,17.2236,0.0192,10.2564,8.5266,0.0,0.9725,15.85
1088,-4.0373,6.2882,2.2689,24.0373,0.0267,8.1044,9.0776,52.6674,0.5888,16.04
1089,-0.7109,3.1153,2.1996,20.7109,0.0267,12.3368,8.7037,44.0036,0.6242,16.09
1090,-4.7818,3.7689,2.4172,24.7818,0.0225,10.2251,8.8097,44.0529,0.9136,15.86
1091,-3.1227,4.6652,2.3499,23.1227,0.0249,17.9865,8.5862,45.9459,0.9332,15.61
1092,7.24,7.0695,2.3406,12.76,0.028,8.2118,8.5459,87.2521,1.0918,15.9
1093,-0.4636,3.5555,2.2757,20.4636,0.0227,9.3809,9.1141,29.8217,0.7193,15.71
1094,13.4891,6.9725,2.3397,26.5109,0.0438,5.2181,8.7588,57.2246,0.4996,15.96
1095,2.5827,8.3284,2.3997,34.62999992554279,0.0404,11.7188,9.4832,111.7043,0.7507,15.77
1096,1.2673,2.5672,2.3737,18.7327,0.0281,12.2843,9.3335,37.0221,0.7642,15.87
1097,-4.4882,4.3095,2.4439,24.4882,0.0182,7.6658,8.7548,29.6041,0.7954,15.57
1098,-10.68,2.5881,2.2931,30.68,0.016,8.2185,8.6384,24.4009,0.7532,15.71
1099,8.6927,3.0731,2.3532,31.3073,0.0436,24.40700322285261,9.1784,85.5346,0.7898,15.83
1100,3.1336,4.2996,2.1995,16.8664,0.05001404392542416,12.6922,8.7556,53.2258,0.8532,16.09
1101,-1.0927,8.8177,2.2728,21.0927,0.0131,12.0751,10.063204409341335,48.5126,0.7681,15.99
1102,20.5509,4.0288,2.3532,19.4491,0.0178,24.40700322285261,8.7487,133.29193306761312,1.0459,15.83
1103,-3.09,4.5813,2.3025,23.09,0.0228,4.316,8.536,46.5649,1.1525,15.81
1104,-2.2364,4.0483,2.2954,22.2364,0.0218,7.8128,8.9857,34.0587,1.0765,15.71
1105,-1.9482,5.7,2.3932,21.9482,0.0165,10.5019,8.3159,62.4434,0.74,15.81
1106,2.1173,6.5354,2.3207,17.8827,0.0231,9.6259,8.3179,43.3018,0.6257,15.83
1107,-0.3955,5.28,2.2216,20.3955,0.0196,12.7514,8.7326,50.9735,0.6259,16.0
1108,-4.89,2.9432,2.2472,24.89,0.0228,6.791,8.8078,32.8205,1.0143,15.72
1109,0.1773,6.3655,2.2474,19.8227,0.0156,12.9032,8.7646,43.6941,0.8263,15.92
1110,2.6473,3.2434,2.4167,17.3527,0.0144,10.4191,8.1166,35.122,0.8047,15.83
1111,-0.0691,2.6536,2.2647,20.0691,0.0184,5.7228,8.7401,44.1014,0.7159,15.83
1112,2.8182,6.4263,2.2965,17.1818,0.0244,8.1192,8.5297,53.265,0.8721,15.96
1113,-4.6227,5.7416,2.2588,24.6227,0.05001404392542416,7.6198,8.3591,36.6972,0.5765,15.95
1114,-3.8991,4.1392,2.2604,23.8991,0.0153,7.0817,9.004,32.4723,0.6254,15.76
1115,20.7782,12.070534706053035,2.366,19.2218,0.0281,12.5801,8.5218,81.6327,1.0323,15.91
1116,-0.3918,5.6919,2.3625,20.3918,0.0201,3.8132,8.7932,26.5089,0.8159,15.8
1117,-3.0882,6.6096,2.2527,23.0882,0.0222,11.1987,8.7015,50.7463,0.8336,15.81
1118,2.6827,4.2653,2.2732,17.3173,0.0252,11.4331,9.0744,32.8558,0.4782,15.71
1119,-1.0827,5.5896,2.4253,21.0827,0.0269,5.6593,8.598,39.9247,0.6161,15.77
1120,-0.0636,6.5193,2.3259,20.0636,0.0302,6.3822,8.3324,32.4528,1.1638,15.75
1121,-9.4318,5.5267,2.2821,29.4318,0.0156,19.5793,8.8597,37.149,0.8934,15.8
1122,1.1473,5.5049,2.394,18.8527,0.0191,12.0581,8.2776,15.2493,0.6857,15.79
1123,0.7382,5.8034,2.2445,19.2618,0.0176,3.5446,8.1161,33.9343,0.8595,15.79
1124,4.1455,4.3536,2.3402,15.8545,0.0162,3.0888,8.5288,92.4623,0.9361,15.88
1125,-2.5191,7.4066,2.2569,22.5191,0.0234,5.8119,8.9833,36.404,0.815,15.84
1126,-3.9218,6.2586,2.2527,23.9218,0.0179,7.2374,9.6136,31.0148,0.8387,15.91
1127,0.9427,4.6356,2.3081,19.0573,0.0177,2.9748,8.3383,38.6813,0.932,15.69
1128,1.4409,5.942,2.2864,18.5591,0.0158,9.0592,8.8331,48.1328,0.9359,15.79
1129,-0.3182,5.8228,2.3296,20.3182,0.027,9.5584,8.6005,133.29193306761312,1.1248,15.71
1130,13.7255,3.996,2.3646,26.2745,0.0285,16.314,8.6324,92.6503,1.0803,15.97
1131,-10.2673,9.8766,2.4,30.2673,0.0204,11.0855,8.5177,57.4163,0.8384,15.79
1132,4.4155,4.5129,2.3725,15.5845,0.0345,10.8652,8.828,30.6748,0.8345,15.81
1133,4.8373,3.1119,2.2965,15.1627,0.0189,7.8372,8.3324,119.174,1.1638,15.96
1134,24.4727,4.8236,2.3596,15.5273,0.0342,8.612,9.3851,100.7557,0.4221,15.79
1135,-2.4345,3.6744,2.2616,22.4345,0.0203,10.1721,8.7635,52.6708,0.7053,15.86
1136,-4.4309,7.3228,2.2785,24.4309,0.0216,7.1513,8.3271,26.2741,0.8469,15.77
1137,5.0955,12.070534706053035,2.3519,14.9045,0.0129,15.5203,8.7662,62.5337,0.57,15.78
1138,1.9855,7.0181,2.3672,18.0145,0.0169,7.9085,8.659,39.3443,0.9873,15.87
1139,27.652799664750972,4.7052,2.3646,11.6873,0.0342,7.5796,8.8287,133.29193306761312,0.9251,15.97
1140,-2.2382,5.1526,2.2453,22.2382,0.0237,12.7081,8.7512,43.2184,0.5317,15.8
1141,17.7927,8.3238,2.4244,22.2073,0.0317,13.3071,9.2405,133.29193306761312,0.6901,15.78
1142,-0.6609,2.6206,2.3654,20.6609,0.0138,11.9175,8.7812,43.6236,0.8231,15.85
1143,-4.72,5.7591,2.3081,24.72,0.0205,10.0056,8.3383,21.5517,0.932,15.69
1144,27.652799664750972,10.2301,2.3712,12.2845,0.038,8.2673,9.094,27.8607,0.7613,15.75
1145,-1.1927,4.3639,2.3262,21.1927,0.0473,8.686,8.7977,55.0265,0.8987,15.81
1146,-4.3955,5.4073,2.4023,24.3955,0.0199,9.522,10.063204409341335,42.7316,0.8229,16.04
1147,11.5591,12.070534706053035,2.3532,28.4409,0.0259,24.40700322285261,8.7588,117.8744,0.4996,15.83
1148,-3.6509,3.9068,2.2785,23.6509,0.0173,5.6993,8.3271,39.9202,0.8469,15.77
1149,-3.9555,4.0088,2.4023,23.9555,0.0305,10.3455,8.6772,58.7571,0.9048,16.04
1150,3.5945,6.0911,2.3124,16.4055,0.0252,13.8656,9.131,32.6316,0.7139,15.87
1151,-0.4482,7.8704,2.3406,20.4482,0.0191,4.0919,8.6706,107.0994,0.5836,15.9
1152,-2.9573,5.1967,2.3075,22.9573,0.0206,12.0069,8.7779,26.3104,0.466,15.67
1153,-1.71,5.8362,2.3453,21.71,0.0259,11.1657,8.6427,38.4088,0.9079,15.92
1154,6.1855,5.9842,2.3499,13.8145,0.021,6.5297,8.2981,62.5938,0.7093,15.61
1155,-2.1136,4.9854,2.2674,22.1136,0.0215,13.0056,8.451,44.0529,0.7516,15.84
1156,-10.1245,4.3614,2.3416,30.1245,0.0337,6.1387,10.063204409341335,95.0,0.9393,15.85
1157,-7.5382,3.5277,2.3389,27.5382,0.0236,4.7386,9.043,66.4311,0.7574,15.92
1158,-5.3318,3.9171,2.2749,25.3318,0.0158,12.7141,8.9818,53.5059,1.0199,15.79
1159,2.1927,6.1039,2.2678,17.8073,0.0262,8.1092,8.3267,29.2027,0.9329,15.75
1160,5.1345,3.1492,2.3592,34.62999992554279,0.0342,24.40700322285261,9.2007,103.3333,0.7015,15.78
1161,27.3227,3.0522,2.3128,12.6773,0.0207,9.4761,9.7484,34.7826,0.9413,15.91
1162,1.1591,7.1718,2.3101,18.8409,0.024,10.0,9.2171,56.6372,0.9255,15.88
1163,0.7136,4.1454,2.4023,19.2864,0.0199,7.4854,8.1161,24.5059,0.8595,16.04
1164,2.1918,5.3635,2.3312,17.8082,0.0244,9.2119,8.77,67.9452,0.7593,15.94
1165,18.8673,7.4999,2.3646,21.1327,0.0299,13.561,9.5642,37.594,0.5593,15.97
1166,-6.0255,3.6401,2.4151,26.0255,0.0225,7.2464,8.9857,63.1579,1.0765,15.84
1167,-0.4091,7.7667,2.3735,20.4091,0.0217,12.3537,8.4421,44.1472,1.2471,15.8
1168,-0.4491,3.2363,2.2674,20.4491,0.0219,10.2033,8.8909,48.0349,0.6815,15.84
1169,1.2955,4.624,2.3867,18.7045,0.0239,11.0092,8.9818,22.2997,1.0199,15.89
1170,-0.95,4.3441,2.3234,20.95,0.0281,9.7899,8.662,40.118,0.6605,15.67
1171,3.4318,5.2435,2.3797,16.5682,0.0162,16.0804,8.0787,47.0588,0.6644,15.88
1172,0.8827,7.1603,2.3805,19.1173,0.0378,10.0172,8.3006,87.7583,0.8161,15.75
1173,-2.5727,3.1585,2.3257,22.5727,0.0232,13.2424,10.063204409341335,47.7612,0.7681,16.01
1174,-2.1464,2.6374,2.2407,22.1464,0.0206,8.0978,8.3383,33.5766,0.932,15.75
1175,1.3355,4.9672,2.2809,18.6645,0.0254,17.0064,8.1409,61.3995,0.7663,15.79
1176,-0.7236,7.7214,2.3766,20.7236,0.0194,2.2502,8.7897,47.2973,0.5377,15.83
1177,4.3136,5.1801,2.2831,15.6864,0.0264,16.7572,8.272,29.8507,0.8834,15.8
1178,3.4491,5.6384,2.3793,16.5509,0.0144,8.5283,8.8889,59.3438,1.0478,15.94
1179,-4.1018,4.0088,2.4196,24.1018,0.0211,7.5089,8.8097,53.12,0.9136,15.86
1180,24.6118,2.9844,2.3712,15.3882,0.0431,11.6758,9.094,73.0097,0.7613,15.75
1181,3.6536,7.3859,2.3867,16.3464,0.0299,8.7386,8.9191,36.8664,0.8859,15.89
1182,-1.2336,4.0648,2.3984,21.2336,0.0173,8.6427,8.6068,36.7816,0.9812,15.92
1183,-0.3445,9.8065,2.3081,20.3445,0.0139,9.4258,9.7137,46.493,0.3973,15.69
1184,0.1891,5.7327,2.2773,19.8109,0.0273,12.7389,8.659,42.6117,0.9873,15.97
1185,3.1382,9.1637,2.2967,16.8618,0.0256,10.6834,8.5788,37.8022,0.9715,15.94
1186,4.5382,4.351,2.2671,15.4618,0.016,14.3474,8.135,20.4255,0.9489,15.73
1187,-3.2882,4.5105,2.2527,23.2882,0.0213,7.4364,8.7997,59.9287,1.0959,15.81
1188,6.6,5.2891,2.3808,13.4,0.0151,9.5359,8.7851,44.3213,0.4389,15.84
1189,1.5018,10.8289,2.3052,18.4982,0.0247,9.3984,9.5713,61.4357,0.7928,15.89
1190,20.81,10.9632,2.3796,19.19,0.0251,10.274,8.6324,37.4269,1.0803,15.74
1191,-3.6345,4.6133,2.2718,23.6345,0.0237,13.8183,8.9605,40.2286,0.9274,15.9
1192,2.4209,4.2983,2.2705,17.5791,0.019,17.1047,8.7786,25.4882,0.8184,15.83
1193,-1.6864,5.5709,2.2563,21.6864,0.027,9.9834,8.0787,23.569,0.6644,15.75
1194,-12.2945,6.1979,2.3715,32.2945,0.0246,11.4064,8.7677,133.29193306761312,0.6672,15.73
1195,-1.66,1.942,2.2474,21.66,0.0231,19.209,8.9191,49.4325,0.8859,15.77
1196,-2.6682,4.3753,2.3353,22.6682,0.0179,7.0109,8.1409,48.6772,0.7663,15.75
1197,0.1973,5.9703,2.3797,19.8027,0.0177,5.878,8.8356,68.3473,0.5194,15.88
1198,-3.7773,2.2464,2.3079,23.7773,0.0229,5.527,8.3383,56.25,0.932,15.71
1199,-0.4527,5.7777,2.2604,20.4527,0.0229,4.191,9.152,29.8795,0.8758,15.76
1200,6.9082,8.6041,2.3715,33.0918,0.0152,11.3381,8.872,62.3377,0.7524,15.81
1201,7.3918,5.726,2.3025,32.6082,0.0291,11.8127,9.4043,53.9629,0.5677,15.81
1202,12.3073,12.070534706053035,2.3997,27.6927,0.0305,11.1177,9.1502,123.5443,0.7162,15.77
1203,-5.1618,4.881,2.3021,25.1618,0.0244,11.7272,8.4891,40.3361,0.7674,15.77
1204,-2.1009,4.1239,2.2732,22.1009,0.0274,7.2107,8.7556,77.0138,0.8532,15.73
1205,23.7709,5.1866,2.3101,16.2291,0.05001404392542416,12.5406,9.2655,47.8261,0.7747,15.88
1206,-2.5945,3.3232,2.2718,22.5945,0.0376,8.3383,9.6515,44.4444,0.5669,15.9
1207,-2.4709,2.5702,2.4025,22.4709,0.0287,12.4708,8.7015,31.0536,0.8336,15.84
1208,-0.8891,6.0573,2.3161,20.8891,0.0321,10.6216,9.0859,44.9612,0.7445,15.89
1209,26.9791,4.9673,2.3437,13.0209,0.0103,24.40700322285261,9.6234,133.29193306761312,0.5955,15.86
1210,1.1991,4.6582,2.1995,18.8009,0.0204,9.3376,8.2345,51.0386,0.7233,16.09
1211,-2.81,4.4836,2.3936,22.81,0.0197,10.8485,8.3591,27.1885,0.5765,15.87
1212,17.3018,6.5557,2.3613,22.6982,0.0129,13.7193,9.2405,116.5563,0.6901,15.71
1213,22.9245,6.6984,2.3403,17.0755,0.0403,6.3987,8.7495,98.3607,1.1086,15.76
1214,15.3536,4.0729,2.3326,24.6464,0.05001404392542416,24.40700322285261,8.7487,60.3279,1.0459,15.73
1215,-0.3264,3.6306,2.3796,20.3264,0.05001404392542416,6.3355,9.5689,19.802,0.8962,15.74
1216,0.5564,5.8414,2.3805,19.4436,0.0259,16.3297,8.3006,43.1206,0.8427,15.75
1217,-1.4191,8.0345,2.3985,21.4191,0.0237,10.1115,9.22,36.8715,0.9916,15.66
1218,2.78,10.4267,2.3390353010178853,17.22,0.0231,9.3095,9.2291,32.1168,0.811,15.790467558472836
1219,-5.9418,7.3721,2.2954,25.9418,0.0228,15.5677,8.7779,19.6118,0.466,15.71
1220,-1.0473,4.6312,2.2864,21.0473,0.0201,5.879,9.4336,34.2531,1.1623,15.79
1221,2.5209,4.3093,2.3237,34.62999992554279,0.0168,24.40700322285261,8.7487,101.1287,1.0459,15.85
1222,-1.6545,6.5713,2.4132,21.6545,0.0388,10.8922,9.7997,80.0,1.2364,15.77
1223,6.2045,11.9213,2.3715,13.7955,0.0308,14.6638,8.5459,133.29193306761312,1.0918,15.81
1224,1.7273,3.4184,2.1919,18.2727,0.0176,13.0485,9.0402,21.8402,0.647,16.07
1225,8.3018,5.8283,2.3672,11.6982,0.0151,9.9193,8.6915,37.8517,0.9639,15.87
1226,1.23,4.139,2.2881,18.77,0.0418,18.8923,8.6829,97.5124,0.7158,15.87
1227,2.4345,4.0485,2.3672,17.5655,0.0169,10.4241,9.396,20.4122,0.6576,15.87
1228,-6.4945,6.5708,2.2757,26.4945,0.027,5.0902,8.627,38.6266,0.5742,15.71
1229,12.1609,5.6767,2.3971,27.8391,0.0325,11.5838,8.6013,60.1073,1.1815,15.79
1230,3.7127,5.1701,2.2937,16.2873,0.0204,11.9372,8.4092,133.29193306761312,0.9251,15.98
1231,-1.0982,3.6475,2.2247,21.0982,0.0249,16.3922,8.2914,44.4444,0.6385,15.96
1232,5.8727,4.7116,2.2881,14.1273,0.0251,24.40700322285261,8.5266,97.0149,0.9725,15.87
1233,1.6309,6.4754,2.3481,18.3691,0.0221,15.4834,8.3006,41.8919,0.8161,15.74
1234,23.8745,5.5544,2.3403,16.1255,0.0219,8.7215,9.0998,110.5691,1.0551,15.85
1235,23.7109,6.3497,2.3167,16.2891,0.0214,11.2972,8.872,56.9395,0.7524,15.87
1236,-1.4973,4.486,2.394,21.4973,0.0291,17.0623,9.3868,41.1429,0.8198,15.79
1237,5.7182,7.5307,2.2668,14.2818,0.0246,9.4641,8.8546,39.0698,0.7337,15.81
1238,0.7218,4.1323,2.3038,19.2782,0.0238,6.6654,9.2171,56.1743,0.9255,15.91
1239,1.0345,4.9982,2.3695,18.9655,0.0184,8.1133,8.6439,35.6636,1.0135,15.79
1240,-2.0991,4.0262,2.2959,22.0991,0.0155,6.5302,8.1605,40.8889,0.9175,15.73
1241,-1.3073,4.8576,2.4284,21.3073,0.0254,6.6091,8.2638,57.8313,0.9726,15.522238946287386
1242,27.652799664750972,12.070534706053035,2.3437,11.6882,0.0317,8.4421,8.7289,86.0068,0.9753,15.86
1243,-5.6945,3.8017,2.292,25.6945,0.0179,5.2071,8.8331,23.8683,0.9359,15.79
1244,-0.9127,8.4692,2.3406,20.9127,0.0154,14.3223,8.441,64.5341,0.9383,15.9
1245,-2.15,8.2545,2.2674,22.15,0.0173,8.0847,8.1409,65.9207,0.7663,15.85
1246,-6.5282,3.8322,2.2553,26.5282,0.0258,7.0721,8.1166,19.1126,0.8047,15.76
1247,-2.7673,5.7891,2.2877,22.7673,0.0209616297464335,11.7647,9.2189,21.9931,0.7447,15.91
1248,3.2964,4.639,2.3323,16.7036,0.0264,10.2005,9.1156,52.9323,0.8217,15.98
1249,3.0345,6.674,2.2989,16.9655,0.0183,7.7608,8.4278,34.8964,0.7558,15.84
1250,11.4855,6.3958,2.3646,28.5145,0.0268,12.0903,8.5155,62.3377,0.9794,15.97
1251,-2.3109,4.3482,2.2886,22.3109,0.02083909687663641,3.455,9.065,46.6586,0.8452,15.73
1252,0.3764,2.9581,2.3997,19.6236,0.0203,9.683,8.6309,69.0647,1.148,15.77
