,feature_60,feature_478,feature_1,feature_125,feature_349,feature_442,feature_421
0,0.6990999999999996,6.0266,3079.7700000000004,15.82,0.0237,0.9639,1.8087
1,-1.4173000000000002,4.8218,3001.36,15.73,0.0272,0.8427,1.4549
2,10.235499999999998,6.158899999999999,3042.78,15.689999999999998,0.0163,0.9192999999999999,1.988
3,9.851799999999997,5.0612,3018.64,15.770000000000001,0.03,0.7158,2.8063
4,1.0335999999999994,7.4828,3020.29,15.95,0.024299999999999995,1.1255,1.0932
5,3.6809000000000003,4.181300000000001,2964.69,15.75,0.0205,0.4782,0.7021
6,2.810900000000001,5.9339,2940.74,15.7,0.0245,0.656,2.6353999999999997
7,1.5036000000000005,3.5466000000000006,3043.08,15.61,0.0174,0.9319999999999999,1.9699
8,1.7059434265762685,9.1221,2932.61,15.95,0.0105,1.2771,2.2942999999999993
9,1.5745,3.3971,3031.78,15.870000000000001,0.020214475111672407,0.5317,1.3589
10,2.9281999999999995,4.7353,3028.08,16.01,0.0339,0.565,1.4902
11,5.499100000000002,5.268599999999999,3003.82,15.99,0.0172,0.9361,2.2458
12,-2.5027,6.8676,2990.57,15.71,0.0198,0.9174999999999999,2.5141999999999998
13,0.3400000000000003,7.0359,2986.5,15.95,0.0116,0.7316,0.9559000000000001
14,4.169100000000002,6.8146,3022.3984643061212,15.79,0.0225,0.8531999999999998,0.8172999999999999
15,-3.7400000000000015,2.7876000000000003,2913.4,15.71,0.0236,0.7032,1.653
16,5.296290737598978,6.156143005103512,3018.8,15.84,0.0148,0.7139,0.9921
17,1.948199999999999,9.1675,2942.41,15.73,0.0381,0.8222,2.7501
18,8.1455,3.4324,2848.46,16.07,0.0253,0.6144,0.5649
19,4.955499999999999,9.9444,3010.26,15.54,0.0184,0.9383,3.0235
20,9.1882,5.9269,3033.29,15.92,0.014,0.5593,2.7521
21,2.2855000000000008,10.1458,2941.23,15.66,0.0162,0.5836,2.126
22,0.6191000000000008,7.557099999999999,3043.22,15.79,0.0229,0.78,1.0582
23,-3.7508999999999992,3.369,3021.61,15.71,0.0209,0.6373,1.6263999999999998
24,4.9118,4.8707,3048.76,15.73,0.0154,0.7655,0.9130999999999999
25,0.11999999999999918,5.817,3002.751581264771,15.84,0.0241,0.9964999999999999,2.3232
26,1.8173000000000001,3.4949,2943.9,15.99,0.0445,0.7928,2.6912
27,2.792699999999998,3.9522,2965.41,15.870000000000001,0.0245,0.7233,1.1494
28,2.110899999999999,8.8016,3030.27,15.84,0.0177,0.6667,2.5678
29,-4.410900000000001,3.706,3035.89,15.75,0.0199,0.6641,0.8233000000000001
30,8.9136,7.1799,2943.58,15.73,0.0373,0.7584,1.9599
31,-2.0763999999999996,6.11,3006.39,15.95,0.0278,1.1255,0.5995
32,0.5518000000000003,6.0246,3007.75,15.75,0.0273,1.0541,1.6993
33,-0.9363999999999992,2.9235,2936.51,15.73,0.017,0.442,1.4106
34,5.2063999999999995,4.0558,3021.83,15.92,0.0207,0.9237999999999998,2.4229
35,1.2835999999999994,7.044743468406401,3033.29,15.97,0.0319,0.6987,1.9827
36,1.0027000000000004,7.1443,3003.5131690005524,15.7,0.0221,0.656,1.9321
37,-2.6564,2.3646,2951.06,15.74,0.0256,0.7534,1.5853
38,-0.06360000000000048,10.0705,2994.06,15.76,0.0253,0.8858999999999999,1.3856
39,3.9054999999999995,6.1617,2955.3,15.680000000000001,0.0164,0.6901,2.1897999999999995
40,2.031800000000001,4.358200000000001,2996.65,15.770000000000001,0.0227,0.5317,0.758
41,17.387299999999996,5.7628,2988.99,16.05,0.0316574083257564,1.0644,2.0262
42,-0.15449999999999908,4.319,3054.52,15.73,0.0241,0.6815,0.8953999999999999
43,-0.3309000000000009,3.2036,3032.0543852371,15.8,0.0169,0.7053,1.686
44,-5.718200000000001,6.747999999999999,2977.43,15.85,0.0144,0.5632,1.9768999999999999
45,3.649999999999999,6.0536,3017.87,15.98,0.0247,0.8716,0.8224999999999999
46,6.303762568284248,5.1949,2981.1639164622625,15.64,0.0151,0.7613,3.0263
47,-5.647300000000002,6.4204,3002.888589186683,15.85,0.0252,1.1525,0.9488999999999999
48,1.8608999999999993,2.582,3182.8699999999994,15.75,0.0197,0.9136,0.6982
49,-4.4927,4.579500000000001,3037.2,15.75,0.0141,0.684,1.8650000000000002
50,17.399999999999995,5.1848,3024.15,15.770000000000001,0.0256,0.9251,2.9276
51,1.6073000000000006,4.6249,3004.71,16.04,0.0232,0.7663,1.6524000000000003
52,0.8872999999999995,3.9097,2894.04,15.88,0.02455797703910183,0.9251,2.2843
53,-2.7136,6.014999999999999,2997.45,15.779999999999998,0.0211,0.5669,0.7504
54,5.3382000000000005,6.0748,2950.0,15.74,0.0162,0.7898,0.6393
55,1.6372999999999993,6.026,2997.15,15.75,0.0236,0.8807,1.0597
56,2.9690999999999983,3.4708,3058.6,15.96,0.0141,0.577,0.7677
57,-1.0990999999999995,6.1979,2940.26,15.63,0.0154,0.9588,0.5105
58,2.9517999999999995,4.885700000000001,3053.49,15.88,0.019400000000000004,0.8435,1.9332
59,-10.37,4.454400000000001,3035.75,15.88,0.023381932936369827,0.8384,0.587
60,1.3444999999999991,3.9991,3017.39,15.73,0.0208,1.0216,0.7364
61,1.1664,3.4878,2978.81,15.801662156830712,0.02299658219937003,0.7584,1.4452389972392574
62,0.1872999999999997,3.4793000000000003,2994.22,15.8,0.0248,0.6641,1.5628
63,0.4835999999999996,3.9691,3040.34,15.84,0.0185,0.9964999999999999,2.2048
64,4.0809,3.2357,3171.5399999999995,15.73,0.0208,0.7506,3.4596
65,18.3936,4.273200000000001,2884.74,16.03,0.0386,0.7015,2.1093999999999995
66,1.2809000000000006,4.392200000000001,3045.07,15.67,0.0208,0.9396,1.8251
67,0.5682000000000006,7.684,3085.57,15.88,0.0183,0.8435,1.8930999999999998
68,8.095500000000001,6.9474,2954.36,15.75,0.024082082126681535,0.7928,3.6139000000000006
69,-1.9700000000000006,2.8027,2908.47,15.75,0.0337,0.481,0.7325
70,-8.2255,5.2293,3031.9,15.81580893649526,0.0138,0.6302,1.4955
71,-0.7499999999999998,5.8268,3084.23,15.71,0.025,0.6641,1.7461
72,0.16270000000000023,3.2661999999999995,2914.04,15.75,0.0215,0.7611,2.0227
73,-1.9555,7.154799999999999,2993.48,15.870000000000001,0.0201,0.7477,2.6144
74,-1.3018,5.6613999999999995,2990.46,15.51,0.028099999999999997,0.8470999999999999,2.0111
75,-0.01910000000000096,6.4234,3064.81,15.96,0.0149,0.6335,0.6356
76,-2.032700000000001,4.8172,3019.44,15.84,0.0229,0.4254,2.1069999999999998
77,3.098199999999999,4.8741,3058.91,15.82,0.0192,0.7337,0.9782
78,-2.960900000000001,7.3252,2963.26,15.57,0.0134,0.8136,2.6641999999999997
79,3.5435999999999983,4.3696,3010.75,15.7,0.0199,0.6927,0.6798
80,1.5127,8.4684,2939.6,15.97,0.0239,1.0189,1.7616
81,1.1699999999999988,4.533,2965.52,15.88,0.0234,0.8146,0.8233000000000001
82,-0.8045000000000009,5.2201,3188.9,15.74,0.0152,0.7258,0.9967
83,2.9900000000000015,6.867399999999999,3025.81,15.870000000000001,0.021365636082625285,0.577,2.1239
84,6.69135202047855,6.7229,3049.19,15.7,0.0135,1.0959,2.2423999999999995
85,0.6999999999999998,3.952,3033.11,15.65,0.0175,0.8594999999999999,1.0328
86,10.9955,9.4756,2917.09,15.75,0.030600000000000002,1.1815,3.0711
87,1.7372999999999994,4.368200000000001,3072.41,15.770000000000001,0.026900000000000004,0.8751999999999999,2.7535
88,1.3769076412828138,6.6127,3041.23,15.98,0.0323,0.8716,1.558
89,0.9573000000000007,5.5044,3045.5335217951742,16.01,0.021900000000000003,0.5194,1.8251
90,-3.3554999999999997,6.5896,3052.31,15.870000000000001,0.024824263308903072,0.7392,2.2185
91,-0.6326999999999994,5.515,2978.96,15.71,0.0169,1.0143,1.1295
92,5.069099999999998,2.7352,3075.05,16.07,0.0193,0.745,2.2274
93,11.2909,10.7271,2949.82,15.91,0.021,0.8435,2.3212999999999995
94,-2.6109000000000013,2.5503,3007.47,15.89,0.0151,0.7032,0.728
95,-0.3736,5.7983,3158.88,15.95,0.0127,0.7643,0.985
96,-1.1391,3.3645000000000005,2985.38,15.94,0.0204,0.9078999999999999,1.284894856231786
97,-4.990000000000001,4.3431,3183.63,15.72,0.02042302434354487,0.8229,1.2342
98,-0.9090999999999991,4.2125,3025.04,15.51,0.0176,0.7611,2.1252
99,1.8163999999999998,5.801,3055.66,15.66,0.0226,0.9726000000000001,1.9196
100,0.12269999999999984,6.0602,3037.81,15.85,0.0262,0.7928,1.8766
101,0.8745,5.0466,3007.38,15.92,0.0125,0.8689999999999999,2.2727
102,-1.0182000000000004,6.2631,2945.9,15.75,0.0142,0.46599999999999997,0.6018
103,0.3036000000000008,6.8782,2940.72,15.76,0.0189,1.062,0.8932
104,2.0508999999999995,8.3516,2873.83,15.84,0.026,0.6163,2.1523999999999996
105,5.960894879063716,8.4149,2949.65,15.770000000000001,0.0352,1.0551,0.5819
106,4.146399999999998,8.2175,3080.8899999999994,15.63,0.0202,0.6222,1.8864
107,0.32450000000000023,8.9509,3202.8999999999996,15.62,0.020289270074645767,0.6796,0.8375999999999999
108,6.152699999999999,2.6252,2933.88,15.85,0.0183,0.9639,0.9826
109,-1.8472999999999988,8.9647,2954.1,15.83,0.0249,0.8556,2.3235999999999994
110,-1.6435999999999988,7.076,2953.41,15.72,0.0202,0.8133,1.4712
111,2.298199999999999,4.252,3059.68,15.71,0.0171,0.593,0.9955
112,3.756484052660596,3.626,3044.46,15.74,0.0395,0.6641,0.6129
113,3.810900000000001,5.1132,2997.84,15.84,0.0146,0.9273999999999999,1.2073
114,-6.740000000000001,4.736,2990.66,15.61,0.0195,0.3973,1.6664
115,2.2618000000000014,8.7071,3026.86,15.71,0.0253,0.7852,1.7749999999999997
116,1.9244999999999999,4.641700000000001,2990.72,15.99,0.0136,1.0918,0.4866
117,-0.4409000000000005,6.1962,3012.68,15.7,0.0175,0.5779,1.4757
118,4.622818626557996,6.5265,3049.31,15.76,0.0432,0.8446,1.836
119,2.4208999999999987,6.6675,3085.1,15.82,0.0218,0.5478,1.5397934517242675
120,-0.8099999999999994,6.098580666128095,3053.95,15.74,0.0294,1.0135,2.7056999999999998
121,2.2887953892404598,3.6614377814719057,2982.4,15.82,0.015300000000000001,0.7093,1.7405
122,-1.1705758004921822,4.7846,3072.73,15.779999999999998,0.0237,0.7574,1.7306000000000001
123,-0.7154999999999999,2.1779,3026.07,15.73,0.0245,0.593,2.1812999999999994
124,4.150899999999999,5.0601,3105.49,15.85,0.0285,0.8342999999999999,1.1449
125,3.9673000000000016,5.5115,3045.11,15.7,0.0171,1.1213,0.6254
126,-3.649999999999999,4.6997,2978.57,15.770000000000001,0.0261,0.5779,0.8176
127,-1.9855000000000007,7.921400000000001,2898.08,15.770000000000001,0.0197,0.8159,0.4724
128,-3.88,4.8058,3031.93,15.73,0.012199999999999999,0.6268,2.9509
129,5.8045,8.0418,3057.65,15.61,0.0248,0.8159,1.2537
130,-0.9944999999999993,6.5778,3087.24,15.82,0.0284,1.0541,2.1511999999999993
131,-4.6636,4.3419,3103.85,15.8,0.0224,0.7477,2.7453999999999996
132,1.5024276684788893,3.4781,3023.86,15.861222835201536,0.0283,0.9835999999999999,1.4538
133,3.2508999999999992,5.7289,2914.86,15.9,0.0222,0.9048,0.7672
134,2.3318000000000008,5.6591,2939.35,15.870000000000001,0.02118246302509187,0.9174999999999999,1.4371
135,5.401799999999999,3.3141000000000003,2972.78,15.79,0.0146,0.8235,3.5447
136,-0.5691000000000008,3.3826,2908.11,15.73,0.0156,0.811,0.8435
137,-0.5850066762235859,6.0188,3048.73,15.75,0.0362,0.7574,1.8808000000000002
138,-1.0573000000000006,3.3903,2984.68,15.97,0.024,0.7643,1.5174470300637373
139,-6.8764,4.028500000000001,3016.93,15.98,0.0195,0.6163,1.7813
140,2.813600000000002,5.8022,3084.8100000000004,15.73,0.0164,0.7139,1.9253
141,-3.7244999999999995,5.115600000000001,2976.92,15.73,0.030700000000000005,0.9174999999999999,2.6715
142,-1.2182000000000004,5.243,3127.0700000000006,15.870000000000001,0.0342,0.7477,2.1351
143,-5.68,8.4634,2981.72,15.85,0.0245,0.573,2.3414
144,1.2518,4.0841,2968.78,15.61,0.0372,0.7532,1.7749999999999997
145,-0.11450000000000068,5.2041,3084.1699999999996,15.85,0.0229,0.573,1.02
146,19.5609,6.634,2850.33,15.870000000000001,0.024299999999999995,0.7507,2.4077999999999995
147,-3.7672999999999996,5.8656,3093.31,15.74,0.0293,0.6787,1.9112999999999998
148,-3.6855,5.7486,3050.22,15.96,0.0291,0.9588,1.3434
149,3.391799999999998,5.460600000000001,3108.56,15.97,0.022,0.3963,1.1369
150,-2.5036,5.4421,3016.34,15.73,0.0128,1.0186,0.7179
151,16.2418,6.1628,3010.71,15.85,0.0293,0.9683,2.7813
152,4.660900000000001,4.2114,2954.44,15.8,0.0386,1.0459,2.0708
153,1.5881999999999996,2.8513,2938.41,15.82,0.0169,0.7584,2.6077999999999997
154,11.76072629345655,8.171,3008.84,15.85,0.0187,0.7059,3.1338999999999997
155,0.1518000000000004,3.0125,2968.02,15.92,0.0239,0.7928,1.0383
156,8.063600000000001,6.2537,3109.0100000000007,15.72,0.024399999999999998,0.7524,2.4535999999999993
157,2.0515844986220126,8.3929,2928.84,15.860000000000001,0.037,0.5955,3.4671
158,3.265500000000001,7.2471,2961.73,15.61,0.0145,0.577,2.3014
159,2.2009,3.9769999999999994,3021.25,15.64,0.0191,0.5194,1.3672
160,-6.640900000000001,2.9266000000000005,3182.35,15.7,0.0186,1.1623,0.8620000000000001
161,-3.7045000000000003,6.9715,2971.54,15.7,0.0264,0.8615999999999999,2.2266999999999997
162,-2.6300000000000003,4.9807,2974.93,15.91,0.0221,0.5377,1.8963
163,-2.7281999999999997,2.8666000000000005,2950.97,15.7,0.0143,0.7677,1.0244
164,2.671799999999999,2.7091,3000.38,15.8,0.0213,0.9048,1.7514
165,1.0045000000000008,6.8317,2973.55,15.85,0.0264,0.8882999999999999,0.8049
166,1.6018000000000001,3.6851999999999996,3051.1,15.57,0.0151,0.7532,2.1632999999999996
167,8.038768064040404,4.603200000000001,2889.93,15.8,0.023952740043273926,0.7408,3.3969000000000005
168,-3.125500000000001,4.0177000000000005,3009.94,15.71,0.0203,0.9332,0.6876
169,4.099099999999999,3.9273,2988.92,15.84,0.0289,0.6576,2.3478
170,-6.3391,2.5684,3053.34,15.72,0.0158,0.8858999999999999,1.3299
171,6.245500000000002,5.0709,3047.65,15.85,0.0277,0.768,0.8251999999999999
172,10.210900000000004,4.8214,2924.23,15.8,0.0405,0.7162,2.4317
173,6.660390704499163,5.766800000000001,2973.86,15.8,0.0371,1.0959,2.1292
174,-0.7245000000000001,4.6526,3006.33,15.74,0.014,1.0541,1.5148
175,-0.27089999999999936,3.3925,3070.74,15.56,0.0247,0.9066,0.5628
176,10.8955,4.3312,3001.5,15.770000000000001,0.0328,0.7524,2.2772
177,3.7781125787366454,6.05546518791429,3032.81,15.74,0.0162,0.8446,1.8718
178,-1.0909000000000004,5.7275,2933.15,15.71,0.0177,0.8858999999999999,2.5222
179,-0.5654999999999999,4.8219,2998.88,15.73,0.0209,0.7277,2.1378999999999997
180,-2.8818000000000006,5.3451,2971.43,15.89,0.015,0.8146,2.3022
181,3.1136000000000017,7.6393,2999.81,15.84,0.0296,0.9059,1.1073
182,-7.0082,7.8141,3045.88,15.689999999999998,0.0296,0.9276000000000001,2.1375
183,3.0717999999999988,6.275,3028.5,15.75,0.0207,0.6385,1.955
184,-1.5036000000000005,2.8462,3028.38,15.74,0.026900000000000004,0.7852,2.0028
185,3.184500000000001,5.4338,3098.04,15.93,0.018200000000000004,1.0189,1.6881000000000002
186,8.2182295802108,5.3468,3002.46,15.9,0.021900000000000003,0.8556,2.7002
187,-12.1527,5.096099999999999,2964.77,15.770000000000001,0.0132,1.148,1.6525
188,2.3199999999999985,4.7428,3060.97,15.76,0.0264,0.685,2.9692
189,0.7863999999999993,5.0348,2987.39,15.689999999999998,0.0217,0.6796,1.9954999999999998
190,-2.4818000000000007,3.3746,3133.75,16.01,0.0202,0.6385,1.8234
191,9.333600000000004,8.5107,2855.8,15.870000000000001,0.015300000000000001,0.7898,1.4548
192,2.0427000000000004,8.6072,2956.64,15.72,0.0316,0.9087,1.9924
193,2.43,3.6629,3205.08,15.93,0.0163,0.9735,1.0834
194,0.3036000000000008,7.5994,3005.8,15.95,0.0216,1.0078,2.0297
195,0.24639999999999906,6.4316,3014.07,15.93,0.0241,0.8858999999999999,1.278
196,1.2691000000000006,6.585700000000001,2978.45,15.779999999999998,0.0301,0.6257,1.2354
197,0.28179999999999916,4.416800000000001,3012.41,15.770000000000001,0.0261,0.5888,1.4825
198,-0.9235999999999999,6.5365,2964.71,15.71,0.0225,0.7954,1.5611
199,5.378199999999999,5.5785,2992.52,15.83,0.0326,0.8235,1.0077
200,0.8045000000000009,7.499299999999999,2939.94,15.8,0.033,0.47490000000000004,1.8409
201,0.4199999999999991,6.8146,3071.1499999999996,15.82,0.0212,0.8615999999999999,2.0961
202,2.8235999999999994,7.901699999999999,3077.47,15.71,0.0216,0.9525000000000001,1.9215
203,1.3282,2.8024,3036.32,15.710468373934008,0.0277,0.6644,0.8874
204,1.9936000000000007,6.7038,2991.25,15.67,0.0247,0.4382,1.5426
205,2.5855000000000006,3.1843,2999.19,15.62,0.0366,0.8197999999999999,2.1252
206,16.4073,6.6161,3016.16,15.9,0.04109999999999999,0.7158,2.6824
207,6.6827,5.5553,3073.7299999999996,15.8,0.0247,0.9237999999999998,1.8492000000000002
208,2.8244999999999996,4.281300000000001,3111.93,15.9,0.0205,0.7928,0.7962
209,7.316400000000001,3.2839,2927.54,15.8,0.0169,0.713,1.1332
210,7.070899999999997,5.7825,2994.56,15.99,0.0205,0.4389,1.9733
211,-2.5436000000000005,5.4237,2938.9,15.71,0.0192,0.4817,2.1247999999999996
212,4.632700000000001,3.6741,2967.04,15.88,0.02178730175895865,0.9725,2.4001
213,-0.6935999999999991,5.2008,3065.45,15.94,0.0196,0.832,1.1627
214,-0.9409000000000004,6.4924,3022.02,15.83,0.012199999999999999,0.7681,0.7652
215,-5.326399999999999,5.4535,3034.74,15.73,0.0163,0.6268,0.9079000000000002
216,2.8008999999999995,4.0832,3020.79,15.93,0.02493746880899574,0.7865,1.297
217,-10.6036,6.8752,3045.73,15.82,0.0176,0.9059,0.6016
218,-5.9045,6.2047,2990.95,15.92,0.0272,0.811,3.2785000000000006
219,-4.768200000000001,3.8697,2984.93,15.56,0.0238,1.026,1.0596
220,12.898199999999996,8.285,2936.64,15.79,0.0341,0.7015,0.9323000000000001
221,5.649999999999999,9.0309,2984.05,15.85,0.0165,1.0393,0.9712000000000001
222,0.6055000000000004,4.2645,2977.92,15.56,0.0264,0.9525000000000001,1.4585
223,1.0291000000000003,6.679,3044.88,15.75,0.0208,0.78,1.7501
224,-2.534499999999999,2.7794,2825.67,15.770000000000001,0.0228,0.6373,1.5833
225,15.702319510248893,8.8334,2971.15,15.83,0.0116,0.596,2.7268999999999997
226,1.7018,4.1438,3018.57,15.599999999999998,0.0211,0.7611,1.3701
227,-3.0100000000000007,2.7758,3083.8293022881903,15.689999999999998,0.024299999999999995,0.9091,0.5965
228,5.029999999999999,4.591280896912083,2912.87,15.83,0.013,0.7584,2.2180999999999997
229,0.23359999999999964,4.257300000000001,2918.56,15.74,0.0172,0.6163,1.3857
230,-1.79,2.2725,3086.05,15.770000000000001,0.0151,0.7558,1.5165
231,-0.1881999999999999,4.4714,3072.29,15.72,0.0273,0.8451999999999998,0.8135000000000001
232,-3.9508999999999994,4.133500000000001,3150.47,15.93,0.0236,0.9074999999999999,1.1642
233,-8.4836,6.991799999999999,2942.16,15.92,0.0175,0.8384,2.7878
234,3.88,4.6953,3067.14,15.770000000000001,0.0381,0.687,0.7131
235,0.6782000000000001,4.7511,3058.98,15.9,0.0184,0.6302,2.543
236,5.794500000000002,6.0735,3058.08,15.860000000000001,0.0242,0.9444,1.3642
237,1.5645000000000002,6.6138,3008.77,15.76,0.021139124557782846,0.8569,1.0315
238,6.849100000000002,4.3849,2979.77,15.82,0.0272,0.5374,1.2181
239,4.9336,5.8227,2975.87,15.73,0.0284,0.4782,1.2591
240,-3.8655000000000013,6.381,3097.63,15.71,0.0203,0.7719,1.8574
241,4.497406581633012,5.7213,2938.03,15.8,0.011,0.7613,0.7752
242,1.731800000000001,3.7079,3056.49,15.65,0.028,0.6641,2.3521999999999994
243,-5.52,3.7167,3026.09,15.79,0.033,0.684,3.1517999999999997
244,-0.6326999999999994,3.0271,2917.47,15.65,0.0197,0.6373,0.8157
245,5.177299999999999,4.8457,3102.49,15.72,0.0247,0.9726000000000001,1.2656
246,1.1527000000000003,5.4141,2964.74,15.91,0.0162,1.1248,1.7824
247,-2.534499999999999,2.8331000000000004,3052.22,15.71,0.0163,0.9332,0.4774
248,-3.961800000000001,4.9627,2864.77,15.66,0.0132,0.47439999999999993,1.9589
249,0.6999999999999998,7.0696,2915.54,15.84,0.0257,0.481,0.9041
250,-1.8045000000000007,7.2043,2930.66,15.73,0.0205,0.5329,2.896
251,6.094987667984773,3.1529,3054.45,15.79,0.0263,0.5593,2.6733
252,-3.1927000000000003,3.0517,2907.65,15.61,0.0156,0.9186,2.2056
253,1.0983293377805157,5.9742,2946.86,15.74,0.0175,0.8735,3.1110999999999995
254,-0.7036000000000007,4.8678,2967.53,15.99,0.0251,1.1638,1.5064
255,-4.2327,7.7983,3041.48,15.7,0.0184,0.7337,1.5364
256,6.7391000000000005,6.9887,3042.08,15.680000000000001,0.0392,0.7584,1.4232
257,3.2172999999999976,5.4916,2952.57,15.689999999999998,0.0192,0.8658999999999999,2.4854
258,3.938200000000001,4.8265,3012.18,15.73,0.0308,0.9251,1.0244
259,1.1617999999999997,10.5293,2904.21,15.71,0.0276,0.6805,1.4587
260,-3.4499999999999993,5.9053,2989.59,15.54,0.018,0.9707000000000001,1.7749999999999997
261,1.1272999999999997,2.8783999999999996,3079.9000000000005,15.79,0.0315,0.9254999999999999,3.4979
262,0.7955000000000007,2.4776,2831.18,16.09,0.0224,0.6815,0.7925
263,3.526399999999999,6.2851,3080.57,16.0,0.022,0.57,1.2446
264,-3.271799999999999,4.0368,3001.6,15.770000000000001,0.0151,0.7032,1.5641
265,-2.3890999999999996,5.9176,3083.8,15.65,0.0255,0.6332,1.9608
266,-5.7373,6.2186,2902.88,15.71,0.0116,0.3512,1.6343
267,-0.15449999999999908,4.426300000000001,3000.22,15.96,0.0183,0.9525000000000001,1.0407
268,1.1782000000000001,6.4326,3048.78,15.9,0.0228,0.9192999999999999,1.4277
269,-0.2282000000000003,5.323313986371236,2961.59,15.93,0.028,0.9715000000000001,1.0676
270,0.34180000000000077,4.5494,2954.46,15.97,0.0143,0.8336,0.9587
271,9.5927,4.018600000000001,3033.33,15.85,0.034,0.7121,3.455
272,-1.1455000000000006,4.1182,3034.5,15.870000000000001,0.0216,0.6611,0.995
273,0.5608999999999997,2.8961,2889.67,15.75,0.02,0.8716,1.9302
274,4.5355,4.1739,3093.16,15.71,0.0145,0.6644,1.5435
275,-1.99,5.941,2871.59,15.66,0.0157,0.7663,2.1488999999999994
276,-0.9918000000000006,3.4182,2980.53,16.02,0.026900000000000004,0.768,1.35
277,-2.5682,3.2156,3073.4800000000005,15.7,0.0171,0.593,0.7577
278,2.9690999999999983,3.4776,2958.43,15.67,0.0319585721391932,0.9066,2.6027
279,-0.016400000000000296,4.2753,3083.31,15.7,0.0192,0.6903,1.472
280,2.9864000000000006,3.95,3043.18,15.79,0.0327,0.8089,1.6735
281,0.08549999999999927,7.3841,3072.21,15.95,0.0222,0.9072,2.1118999999999994
282,0.5763999999999998,4.142500000000001,2949.75,15.81,0.0245,0.8704999999999999,1.2718
283,3.3364000000000007,4.5331,2992.33,15.79,0.0187,0.9735,1.3634
284,-4.919100000000002,5.6678,3001.81,15.66,0.0204,0.6787,0.8958999999999999
285,1.7082000000000006,4.001,3076.81,15.71,0.018200000000000004,0.8149999999999998,1.9193999999999998
286,-9.1,6.1557,3151.7999999999997,15.75,0.0176,1.0765,0.9013
287,12.430899999999998,10.2688,2971.99,15.779999999999998,0.0147,0.8007,1.6419
288,15.809999999999997,5.8984,3068.98,15.88,0.0368,1.1869,2.9613
289,-4.150000000000001,3.8611,2972.0,15.779999999999998,0.0188,0.714,0.887
290,1.4055000000000002,7.1475,2935.84,15.66,0.0168,0.8658999999999999,1.3566
291,4.801799999999999,6.4164,3024.19,15.84,0.0262,1.0047,2.1945999999999994
292,5.915500000000001,5.5662,3019.38,15.82,0.0317,0.7664,1.7398000000000002
293,-2.3364000000000007,3.2527,2958.48,15.66,0.0284,0.8571,0.697
294,-2.1154999999999995,4.6677,2977.74,15.75,0.024,1.0918,1.5606
295,2.2800000000000002,7.5564,3045.38,15.97,0.0161,0.7153,2.7213999999999996
296,1.9335999999999993,3.6107,3200.74,15.71,0.0217,0.6857,1.612
297,5.615500000000001,2.9642,2913.84,15.8,0.0208,0.7674,1.5762
298,-10.8745,3.8138,3075.87,15.8,0.0155,0.8384,0.9173999999999999
299,13.3709,6.097714991518461,3061.22,15.99,0.0116,0.7316,1.5739
300,13.374499999999998,5.0984,2941.71,15.88,0.0261244216438401,0.7059,3.1758999999999995
301,0.15360000000000085,7.5974,2942.64,15.779999999999998,0.0259,1.1623,0.9381
302,4.1591000000000005,2.9657,3071.1300000000006,15.770000000000001,0.017,0.7724,0.8528
303,-5.024499999999999,8.7115,3014.35,15.73,0.0309,0.8962,3.3517
304,7.0591,5.8522,3133.4300000000003,15.92,0.0141,0.8689999999999999,1.8691999999999998
305,2.1045000000000007,10.5022,2971.23,15.89,0.0308,0.9729,1.9806000000000001
306,2.5490999999999993,5.603699999999999,2958.04,15.67,0.026900000000000004,0.8160999999999999,1.739
307,0.5981999999999994,3.1248999999999993,3038.53,15.74,0.0242,0.5066,1.603
308,-0.1773000000000001,6.41,3028.21,15.63,0.0131,0.6222,2.1100999999999996
309,3.28,3.5925,2997.41,15.72,0.0224,1.0803,2.0531
310,16.015500000000003,8.5333,3075.7799999999997,15.89,0.0263,0.5677,1.9620000000000002
311,3.369099999999998,5.0427,2862.69,15.73,0.0278,0.5858,0.6811
312,1.6996753428050966,4.525800000000001,2920.07,15.84,0.0156,1.1054,2.4636
313,1.3791000000000002,9.2809,2993.11,16.04,0.024315989806123955,0.9826,0.9467
314,-3.1818000000000004,6.16,3008.876661393073,15.72,0.0239,0.9329000000000001,0.5997
315,-4.617300000000001,5.0841,2905.07,15.770000000000001,0.0208,0.9707000000000001,1.757
316,-0.8964000000000009,4.4311,3078.79,15.91,0.02,0.604,1.2101
317,4.753998983022506,4.889174560431945,3043.34,15.74,0.016,0.687,1.6621999999999997
318,-1.4608999999999994,7.3778,3025.46,15.73,0.0156,0.9329000000000001,2.1459
319,4.974499999999999,3.4412,3058.89,15.73,0.0344,1.0551,0.6991
320,5.907299999999999,5.579899999999999,2996.53,15.75,0.0316,0.7642,0.9218
321,0.9027000000000004,3.8619,2966.2,15.770000000000001,0.0208,0.7532,1.1523
322,0.9590999999999992,3.1241,2931.05,15.75,0.0247,0.8336,1.6313
323,-3.2508999999999992,7.3364,3052.82,15.79,0.0272,1.148,1.8787
324,3.2591000000000006,6.047122104710717,2986.34,15.75,0.0264,1.0338,0.7543
325,-0.8726999999999997,4.3145,3040.48,15.7,0.0195,1.0359,0.8444
326,4.4091000000000005,6.7011,3038.41,15.73,0.0149,1.0323,0.9225
327,-4.6591000000000005,5.8666,2995.73,15.580000000000002,0.0205,1.0478,0.5484
328,2.0126999999999997,4.571,3085.99,15.770000000000001,0.0227,0.8435,0.5202
329,1.0217999999999994,3.4914000000000005,3091.64,15.91,0.0168,0.8807,2.06
330,4.042700000000002,5.4374,3009.65,15.96,0.0179,0.7643,2.1482999999999994
331,5.4523171122997605,3.0761,2993.14,15.82,0.0259,1.0459,3.2684000000000006
332,4.4563999999999995,5.876785314488926,3090.09,15.75,0.0289,1.0338,0.8538
333,1.8582000000000007,6.818,3014.85,15.870000000000001,0.0221,0.9074999999999999,1.1948
334,4.310900000000001,4.502500000000001,3095.0599999999995,15.74,0.0266,0.8681,2.6818999999999997
335,0.2536000000000008,5.7431,2923.26,15.96,0.0257,0.577,1.2137
336,0.6573000000000008,7.111699999999999,2965.67,16.07,0.0242,0.9276000000000001,2.1677
337,-1.509100000000001,6.8431,3107.4199999999996,15.81,0.0277,0.8154999999999999,1.585
338,-5.7473,2.6227,3098.02,15.779999999999998,0.0242,0.7677,1.6569999999999998
339,7.774499999999998,3.4881,2998.59,15.93,0.023100000000000002,0.7747,3.4495000000000005
340,1.4372999999999994,9.2986,3020.4,16.04,0.0232,0.8230999999999999,1.2794
341,12.167653172420062,4.7381,3045.21,15.92,0.0315,0.7507,2.9175
342,2.421799999999999,5.6564000000000005,2977.39,15.73,0.0232,0.9332,2.5844
343,-3.2373000000000007,4.4719,2983.24,15.73,0.0305,0.9174999999999999,1.7994
344,10.770899999999997,8.6732,3057.33,15.85,0.027629971239554185,0.9059,2.7769
345,2.2117999999999993,3.3887,3080.01,15.92,0.0131,0.8689999999999999,1.9091
346,-9.7682,6.4163,3154.54,15.62,0.0154,0.3973,0.8401
347,2.147300000000001,2.5138,3040.45,15.73,0.0287,0.8041,2.7411
348,-3.1455,8.0986,2924.96,16.04,0.0246,1.0189,0.7289
349,-4.249999999999999,5.000099999999999,2987.8,15.73,0.021,0.47439999999999993,2.0969999999999995
350,1.0636000000000003,7.3977,3062.54,15.73,0.0144,0.8807,2.7709999999999995
351,-0.7612543798994924,4.263697568353077,3024.75,15.75,0.0213,0.6644,1.6154
352,4.5940432355039365,6.068270138703523,2940.56,15.74,0.013,0.8435,2.0192
353,8.667300000000001,3.5482,3040.63,15.74,0.0195,1.0891,2.5299999999999994
354,-1.4327000000000012,3.8467,2952.88,15.689999999999998,0.0125,0.685,0.7463
355,-5.856399999999999,4.6662,2938.84,15.7,0.015300000000000001,0.7719,1.2939
356,-1.1173000000000002,5.1698,2943.83,15.870000000000001,0.0259,0.768,1.932
357,-4.8145,5.678,2998.18,15.97,0.0238,0.8159,0.9046
358,-1.1944999999999992,6.4728,3075.67,15.7,0.021,1.0631,1.7227
359,5.471800000000003,6.0985,3068.42,15.74,0.031,1.0216,1.1061
360,6.519100000000002,6.4151,2977.98,15.93,0.021,0.8344999999999999,1.1436
361,3.1763999999999992,4.071300000000001,2972.06,15.73,0.0183,0.8047,0.6872
362,14.75,9.9885,2973.53,15.82,0.0298,1.0323,2.8023
363,2.1918,4.8167,3050.36,15.79,0.021,1.0216,2.4189
364,5.0809,8.4171,2950.18,15.85,0.019363340941500787,0.9413000000000001,1.1171
365,6.991799999999997,5.2587,2962.27,15.64,0.0441,0.9393,1.7634
366,-3.9318000000000004,3.8097000000000003,2973.88,15.83,0.0134,1.0393,1.317
367,1.2800000000000005,8.226,3093.0500000000006,15.66,0.0188,0.745,0.5958
368,0.960734151039935,6.8912,2967.4,15.8,0.0325,0.6302,2.5187999999999997
369,6.3364,4.6662,3190.45,15.88,0.025072364527402292,1.062,2.7418999999999993
370,4.564499999999998,8.1722,2981.47,15.85,0.023227642088572465,1.0338,0.6868
371,0.13639999999999947,4.6148,3060.0,15.770000000000001,0.0208,0.5194,2.091
372,-0.5955000000000007,2.1151,3059.62,15.680000000000001,0.0137,0.593,1.4633
373,0.33910000000000007,8.6037,3015.41,15.779999999999998,0.023100000000000002,0.6222,1.8734999999999997
374,-2.2636,3.5046,2945.22,15.76,0.0198,0.587,1.4747
375,3.8935999999999984,4.8816,3066.07,15.85,0.02474782051113119,0.687,2.5589
376,-0.007300000000000914,6.733599999999999,2939.59,15.83,0.0208,0.7506,1.9701000000000002
377,0.4835999999999996,6.411,3035.2,15.73,0.041299999999999996,1.0803,0.9044
378,-2.326399999999999,3.253,2915.71,15.76,0.0238,0.47439999999999993,1.7826999999999997
379,1.4745,5.6832,3070.54,15.85,0.0401,0.9361,2.8894
380,1.2326999999999992,4.0468,2929.93,15.65,0.0256,0.713,1.553
381,-4.901799999999999,4.0905000000000005,3071.0499999999997,15.82,0.019,0.7159,1.0624
382,-2.6655000000000015,5.533,2979.95,15.95,0.0144,0.5836,1.1577
383,2.0664,7.1405,2991.98,15.82,0.033,0.687,0.9758
384,0.7654999999999998,5.7586,2922.65,15.97,0.0162,0.9826,1.0766
385,-7.415500000000001,4.3502,3002.85,15.67,0.0177,0.5677,0.7881
386,-0.4499999999999999,5.1544,2931.17,15.74,0.0223,0.46599999999999997,1.2624
387,-0.2481999999999995,5.6555,2957.41,15.72,0.0164,0.6066,1.5908
388,17.174499999999995,9.4912,3107.79,15.83,0.0394,0.9683,2.7855999999999996
389,3.8882000000000008,3.9964999999999997,2988.41,16.01,0.020961316137615583,0.6242,1.6534
390,4.398199999999998,3.2659,2993.79,15.770000000000001,0.0203,0.587,1.3198
391,13.053825731518938,9.1891,3081.75,15.75,0.02649260456441686,1.0323,1.8891
392,3.786494647426304,3.8906,3104.3999999999996,15.91,0.015,1.0323,2.4727999999999994
393,-4.236400000000001,3.5871000000000004,3082.0500000000006,15.82,0.0249,0.7159,2.6303999999999994
394,-3.4445000000000006,4.7695,2990.58,15.71,0.0255,1.0541,2.155
395,3.137300000000001,5.3052,2957.77,15.770000000000001,0.0266,0.8076,1.8990000000000002
396,5.934500000000001,3.6369,3012.3,15.72,0.02296605821437089,0.9232,1.3708
397,0.9090999999999991,3.4436000000000004,2934.01,15.689999999999998,0.025,0.9251,0.8669
398,2.4845000000000015,4.0141,3093.57,15.9,0.013,0.6903,1.2213
399,17.6382,5.096,2963.97,15.8,0.0428,0.7015,2.2359
400,-1.332699999999999,8.9143,3038.4825451591887,15.54,0.0218,0.8296999999999999,1.9062
401,1.1682000000000003,4.7835,2930.42,15.9,0.0234,1.0393,0.9006
402,-1.3726999999999996,5.2717,3043.49,15.89,0.0186,0.9735,1.456
403,8.1445,8.3032,2933.89,15.779999999999998,0.0179,1.0135,2.2752999999999997
404,4.999100000000002,6.723499999999999,2885.72,15.81529941202053,0.0257,0.8342999999999999,0.9237999999999998
405,7.6994463424134265,6.5836,3031.79,15.85,0.0379,0.7507,2.3814
406,2.4019717928780873,8.1065,3018.81,15.84,0.03,0.7059,2.2570999999999994
407,-2.5418000000000003,3.965,3126.61,15.47,0.0262,0.5967,1.9623999999999997
408,3.625499999999999,5.268957538589966,3169.0,15.71,0.0265,0.6796,2.718
409,-2.9209000000000005,1.9674,3054.81,15.75,0.0207,1.0541,1.7729
410,-3.572699999999999,6.4423,2970.86,16.01,0.020599999999999997,0.7534,1.8911
411,9.049999999999997,6.364,2980.84,15.779999999999998,0.0193,1.1086,1.229
412,6.343600000000002,3.7264,3089.3100000000004,15.67,0.02209015470589688,0.9725,1.0635
413,8.25732232475066,3.5796,3029.16,15.74,0.03093668382403958,0.4221,2.8607
414,2.8744999999999994,9.7565,3003.08,15.85,0.0257,0.8751999999999999,1.0277
415,0.9735999999999999,5.3740000000000006,3063.64,15.57,0.013,0.8229,0.7342
416,-3.1827000000000005,4.2716,3100.96,15.73,0.0121,0.8136,1.8462
417,5.8091,4.358900000000001,2887.33,15.85,0.0378,0.8556,3.3147000000000006
418,5.615500000000001,4.7003,3008.28,15.73,0.0204,0.713,1.8069999999999997
419,-3.5399999999999996,4.8902,3024.48,15.860000000000001,0.027,0.5742,2.3879
420,3.9900000000000015,4.0074,3012.56,15.81,0.0111,0.8689999999999999,1.189
421,0.769999999999999,3.9461999999999997,2911.84,15.75,0.018200000000000004,0.9136,0.7803
422,2.0673,6.3906,2979.97,15.689999999999998,0.0156,0.9091,0.832
423,-2.437300000000001,3.6829000000000005,2991.47,15.779999999999998,0.0154,0.7258,0.6956
424,3.1527,5.1688,2958.46,15.98,0.0139,0.4685,2.1811
425,-1.9890999999999996,5.3999,2996.9,15.61,0.0248,0.9735,1.8713
426,0.9518000000000002,5.8937,2907.52,15.98,0.0203,0.7681,1.6621999999999997
427,-4.9336,5.0456,2937.3255355162073,15.57,0.0242,0.6056,2.3409
428,1.7073000000000005,5.6009,2896.84,15.74,0.0258,0.6066,3.0977999999999994
429,6.449115038639004,6.0666,2873.35,15.83,0.0431,1.0407,1.948
430,-3.499099999999999,4.392600000000001,2948.57,15.89,0.017,0.8149999999999998,1.9708
431,-0.4682000000000006,4.8846,3078.17,15.770000000000001,0.0184,0.4817,0.6983
432,-5.7091,5.605,3181.59,16.07,0.020289161722168405,0.4817,2.4153999999999995
433,8.304500000000003,4.665,3047.78,15.83,0.0189,0.9368,2.2507999999999995
434,-6.0455,3.5785,3052.93,15.76,0.0167,0.6161,0.8838
435,-0.2627000000000002,2.7083,3063.69,15.83,0.0162,0.5284,0.8834
436,-3.7536,4.8003,2998.89,15.89,0.0208,1.0631,2.3408
437,-1.1835999999999993,4.1362,2948.09,15.75,0.0184,0.7032,1.1907
438,-10.1291,7.744200000000001,3028.65,15.79,0.0324,0.6302,2.9397
439,-1.2955000000000005,7.9285,3014.42,15.84,0.0322,0.573,1.4669
440,-12.137300000000002,3.406,2999.01,15.73,0.0229,0.7574,2.5438
441,-8.6082,5.2385,2988.66,15.85,0.026900000000000004,0.9254999999999999,2.678
442,-0.8045000000000009,4.134400000000001,2925.34,15.97,0.0297,0.9588,2.1508
443,-1.5944999999999991,7.0549,2940.53,15.7,0.0205,0.8149999999999998,1.2443
444,-1.7381999999999995,8.3401,2983.64,15.51,0.0215,0.4254,2.6000999999999994
445,3.068200000000002,4.9841,3072.2,15.76,0.0272,0.9273999999999999,1.3881
446,2.1522755214239107,6.01024144420723,3008.5,15.99,0.0172,0.714,2.6257999999999995
447,-2.6635999999999997,3.9721,3017.1,15.870000000000001,0.0128,1.2223,2.4894999999999996
448,2.370263283871401,5.3992,2918.9,15.870000000000001,0.021,0.7613,2.8986999999999994
449,1.7017393164118244,2.5653,2982.1,15.71,0.0338,1.0216,1.9756
450,-2.4636,3.3684,3021.26,15.870000000000001,0.0161,0.7162,2.367
451,-3.1427000000000005,4.191000000000001,2959.51,15.57,0.0147,0.6254,1.0595
452,0.9409000000000004,4.885599999999999,2891.17,16.01,0.0234,0.577,0.6399
453,-0.18910000000000013,2.3933,3062.36,16.07,0.0229,0.6385,1.6908
454,-1.1763999999999997,2.9801,3004.57,15.76,0.0214,0.8163,2.8605999999999994
455,4.055499999999999,4.363400000000001,2965.28,15.9,0.0416,0.3963,1.6004
456,-7.9627,3.7271,3074.6299999999997,15.8,0.0135,0.8384,1.0962
457,-1.9381999999999995,4.8264,3020.29,15.66,0.0252,0.6611,1.4419
458,-2.1309000000000005,6.4533,3062.47,15.73,0.0177,1.0359,1.2413
459,16.6491,6.553217095735306,3026.32,15.9,0.0185,0.8146,2.4279
460,1.3664,6.427199999999999,3120.81,15.99,0.023100000000000002,0.9873,0.5766
461,1.1136000000000001,5.5958,3042.85,15.73,0.0263,1.0216,1.157
462,2.309100000000001,5.1075,2955.33,15.73,0.0276,0.9174999999999999,1.5466
463,9.656399999999998,8.3146,3031.39,15.8,0.0311,0.9109,2.4707
464,0.5536000000000008,3.1414,2937.77,15.98,0.0223,0.7193,2.1924
465,-4.6582,4.7022,3033.51,15.84,0.0205,0.6259,3.0676999999999994
466,-0.3455000000000008,6.81845962910352,2978.67,15.99,0.0317,0.604,1.1075
467,11.6964,7.259999999999999,3043.17,15.9,0.0321,1.1869,2.5488999999999997
468,-1.7818000000000007,4.0694,2910.77,15.75,0.0302,0.47439999999999993,1.0099
469,0.16640000000000027,8.6404,2962.79,15.89,0.0352,0.7153,2.8592
470,-3.9927,2.5272,2881.1,15.74,0.0257,0.47439999999999993,2.1598
471,-0.2800000000000007,8.9449,2981.04,15.73,0.023100000000000002,0.7392,1.9915
472,-2.1173,6.2891,3046.97,15.63,0.021,0.6927,1.1194
473,-3.8691,5.1033,3060.16,15.74,0.0313,0.7392,1.8116
474,4.938200000000001,4.6676,3011.82,15.75,0.0216,0.6242,2.3202999999999996
475,-0.9617999999999998,9.4501,2987.75,16.04,0.0199,1.1255,1.2173
476,-6.8555,6.4508,3100.4400000000005,15.73,0.0159,0.8041,2.6482999999999994
477,0.7736,7.4113,3151.9800000000005,15.770000000000001,0.0213,0.7506,2.5456
478,4.532610737205914,4.8968,3086.8799999999997,15.76,0.03796062482325015,0.6641,2.7681
479,-2.0291,7.4351,2992.37,15.62,0.0248,0.8704999999999999,1.4224
480,-2.6673,6.042495515561748,3068.56,15.95,0.0237,0.8230999999999999,0.9264
481,0.7900000000000001,4.9118,2980.66,15.9,0.0168,0.8163,0.672
482,13.978200000000001,6.0235,2989.47,15.93,0.03602023553865166,0.4996,1.8612000000000002
483,-5.469099999999999,4.6156,3093.1200000000003,15.93,0.021554537049242147,0.656,0.6466
484,-5.2427,8.0432,2990.85,15.84,0.0167,0.9136,2.2141
485,-1.2335999999999994,4.646000000000001,3011.84,15.99,0.0256,0.9588,1.1571
486,-7.1564,7.9407,2948.76,15.73,0.018,0.687,2.348
487,6.27230974879286,2.6882,3017.21,15.96,0.0309,0.5279,2.3357999999999994
488,0.6326999999999994,5.3109,3001.74,15.860000000000001,0.0207,0.7849,1.0153
489,16.4582,4.943500000000001,3016.64,15.76,0.04390000000000001,0.6901,2.4937999999999994
490,-7.8145,7.7685,3014.77,15.66,0.0255,0.5858,2.4646
491,-0.0944999999999995,4.0299,2982.89,15.680000000000001,0.0179,0.7337,1.3717
492,-5.165500000000001,3.6904,3024.54,15.98,0.0252,0.768,0.7392
493,8.781323283048508,5.2902,2983.09,15.81,0.0418,1.0407,2.1268
494,2.0064,5.3257,2981.36,15.85,0.0127,0.6576,2.0934
495,1.5754999999999992,8.0824,2996.89,16.02,0.0258,0.8716,0.8622000000000001
496,-3.1818000000000004,2.9339,2888.58,15.73,0.0228,0.7719,1.6597999999999997
497,1.544499999999999,7.4055,2956.18,15.74,0.0322,0.7663,0.6586
498,-0.22269999999999981,4.416800000000001,3043.78,15.81,0.0262,1.0631,2.3634
499,-2.020900000000001,2.5282,3160.5699999999997,15.689999999999998,0.018200000000000004,0.9186,1.8565
500,7.521890701335746,6.2376,2958.05,15.870000000000001,0.0227,0.7613,2.3237
501,-3.1964,4.4213000000000005,3062.34,15.74,0.0291,0.5742,3.0101999999999998
502,-1.1235999999999997,3.8851,3016.68,15.54,0.018200000000000004,0.9048999999999999,1.6141
503,-1.2208999999999992,5.873,2929.84,15.75,0.0232,0.5377,1.8176999999999999
504,3.471401633806342,6.8027,3000.46,15.680000000000001,0.0385,0.7613,2.4234
505,-0.6599999999999995,6.643200000000001,2994.64,15.770000000000001,0.019,0.7643,0.538
506,3.439100000000001,6.06815270437984,2957.59,15.82,0.0234,1.0478,1.5418
507,1.04,3.251,2995.33,15.75,0.0179,0.8571,0.6022
508,-6.502699999999999,3.3019,3043.32,15.73,0.0176,0.4443,1.3063
509,3.9981999999999984,4.4321,3093.369419949174,15.83,0.0218,0.7611,0.6648
510,-0.24359999999999923,6.4864,3034.13,15.7,0.0247,1.0143,1.0496
511,6.349100000000002,3.6306,3058.9736979402564,15.81,0.020599999999999997,0.5284,1.8594
512,0.7636000000000003,4.7589,3074.9599999999996,15.91,0.0217,0.6335,1.3665
513,6.172699999999998,10.920300000000001,3021.77,15.67,0.0197,0.8230999999999999,1.8174
514,0.45270000000000055,7.173,3060.41,15.84,0.0209,1.0631,1.0406
515,18.6045,7.035339710357549,2908.04,15.73,0.0173,1.1815,3.0613999999999995
516,-1.6108999999999993,5.824000000000001,3054.95,15.689999999999998,0.0178,0.9186,2.0403
517,1.49,4.0638,3071.4300000000003,15.96,0.0208,1.0189,0.5466
518,1.7617999999999996,5.5131,3056.4,15.79,0.0137,0.9725,1.8423
519,0.4263999999999998,3.7573,2942.21,15.870000000000001,0.0196,0.6144,1.0205
520,2.940900000000002,3.9315999999999995,3038.93,15.770000000000001,0.0278,0.6987,0.6502
521,16.525500000000005,3.6188,3024.46,15.74,0.0397,0.6901,2.6725999999999996
522,1.8182000000000003,5.0858,2926.4,15.870000000000001,0.0216,0.9725,2.8938
523,-1.1927000000000008,4.5513,2965.67,15.99,0.0224,1.0918,1.4161
524,2.869099999999998,9.6984,2903.34,15.73,0.0239,0.8615999999999999,1.483
525,1.7700000000000007,3.7064,3042.9,15.82,0.0316,0.7663,1.1472
526,3.3600000000000008,7.030199999999999,2976.75,15.770000000000001,0.0225,0.5799,0.9051
527,2.6490999999999993,9.8527,3025.1,15.91,0.0228,0.8882999999999999,1.0316
528,-0.17532844724907742,9.9046,3006.22,15.83,0.0129,0.9251,2.7891
529,-3.461800000000001,2.3936,3006.5,15.73,0.024,0.8076,1.6051
530,-2.3591000000000006,5.7786,3095.02,15.66,0.0191,0.5284,1.6001
531,-8.1182,4.147700000000001,3028.02,15.82,0.0113,0.6783,1.9115
532,0.6854999999999991,4.425600000000001,3057.69,16.09,0.0309,0.6163,1.0169
533,3.6809000000000003,3.5974,2965.57,15.93,0.020247458201745942,0.746,1.2569
534,0.508199999999999,4.7158,3113.13,15.98,0.0168,0.832,0.7179
535,6.1882,7.0742,3064.71,15.79,0.019400000000000004,0.8704999999999999,2.1878
536,-0.17450000000000027,5.679999999999999,2953.55,15.9,0.0184,0.7316,1.6209
537,1.9272999999999996,6.2851,3004.39,15.71,0.0185,0.7664,2.3703999999999996
538,5.596399999999997,4.8447,2938.02,15.71,0.0196,0.8833999999999999,1.9710999999999999
539,4.920899999999998,5.3264,2921.78,15.81,0.0347,0.8757999999999999,1.4202
540,-0.8435999999999991,6.6223,3043.77,15.73,0.0192,0.6161,2.0739
541,5.319099999999998,4.8468,3004.08,15.680000000000001,0.0221,0.5765,2.5600999999999994
542,7.826400000000002,10.4973,3071.29,15.99,0.0295,1.1869,1.0012
543,4.444499999999999,2.9431000000000003,2947.87,15.73,0.0202,0.7093,2.0891
544,13.680899999999998,4.676,2975.92,15.75,0.0234,0.7408,1.1041
545,-3.8790999999999998,5.1665,2910.99,15.75,0.020599999999999997,1.0765,1.3339
546,1.1844999999999997,7.7836,3063.44,15.65,0.0167,0.9916000000000001,0.8483
547,13.148199999999996,4.6964,3058.61,16.01,0.02877624192992892,0.662,2.3871
548,0.23090000000000097,5.9349,2914.47,15.8,0.0288,0.7162,2.7939999999999996
549,3.249099999999999,6.1087,3026.87,15.95,0.0254,0.8882999999999999,0.6691
550,1.5108321850100903,5.485020449864203,3190.97,15.56,0.0266,0.7516,1.8749999999999998
551,1.5927000000000007,5.0804,3048.25,15.65,0.022,0.78,0.8336
552,-3.6144999999999996,3.0022,2981.49,15.75,0.0165,0.9276000000000001,0.6746
553,-1.7909000000000002,8.2849,2900.29,15.75,0.0177,0.7233,1.7491
554,-13.3573,2.8962,2846.07,15.83,0.0129,1.148,0.9649
555,5.779999999999999,7.2905,2984.32,15.9,0.034,0.8235,2.9300999999999995
556,2.233600000000001,3.9954,3072.03,15.92,0.0216,0.7093,1.6928
557,1.4791000000000003,3.9117,2936.59,15.689999999999998,0.0355,0.4254,0.9467
558,1.2263999999999997,6.141976782977247,3034.08,15.76,0.0273,0.8751999999999999,0.7931
559,-1.2490999999999994,3.8315000000000006,2996.61,15.75,0.0173,0.9186,1.7883999999999998
560,1.1627,7.231,3090.55,15.72,0.0155,0.9726000000000001,1.2346
561,19.1027,6.9064,2936.59,15.75,0.02674781551832553,0.9413000000000001,2.9137999999999997
562,-1.020000000000001,3.5485999999999995,2983.51,15.599999999999998,0.0193,0.5194,2.0522
563,3.484500000000001,3.5149,3036.15,15.62,0.0286,0.647,1.8977999999999997
564,0.8073000000000007,5.8042,3095.78,15.88,0.0142,1.2364,2.1196
565,10.080000000000002,9.4293,3020.12,15.8,0.041,1.0551,1.0849
566,3.666400000000001,3.6807,2926.38,15.63,0.015300000000000001,0.7532,2.2043999999999997
567,-0.28449999999999986,6.1134,3021.45,15.770000000000001,0.0255,0.7153,1.3458
568,-2.460900000000001,4.291800000000001,2937.63,15.94,0.020599999999999997,0.5355,1.1158
569,-1.7136,4.3599,3097.14,15.51,0.0228,0.4382,1.1474
570,-3.3864000000000005,5.3197,3047.19,15.870000000000001,0.0311,0.6783,1.9996
571,3.8899055056768135,5.7399,2915.83,15.73,0.025819980231148468,0.7408,3.1065
572,4.5027,5.7879,2951.56,15.76,0.028,1.1815,2.5827
573,19.3136,7.128,3000.36,16.1,0.027541884987949242,0.7584,2.0985999999999994
574,2.617300000000002,5.9411,2907.96,15.83,0.0214,1.062,2.9552
575,5.047300000000002,4.320700000000001,3013.98,15.67,0.029590153236251415,0.5632,2.8844999999999996
576,-1.1726999999999996,4.338,2966.24,15.770000000000001,0.0217,0.8262999999999999,1.1543
577,0.5372999999999996,3.4170000000000003,2973.52,15.8,0.020599999999999997,1.1525,0.8182
578,17.7327,9.9305,3073.8100000000004,15.85,0.0385,1.0803,3.4401
579,4.3818,6.953799999999999,2979.86,15.95,0.0291,0.5799,1.03
580,-0.2490999999999997,3.1226000000000003,3051.8,15.8,0.0256,0.4782,0.7871
581,2.9536000000000002,4.0489,3059.46,15.770000000000001,0.0237,0.7808,1.204
582,-3.9436000000000004,6.9,3057.06,15.99,0.0235,0.5377,2.2852
583,5.113600000000001,7.7186,3059.09,15.71,0.0183,0.8336,0.7564
584,5.470899999999998,5.2009,3056.28,15.84,0.0133,1.0478,1.197
585,-2.3617999999999997,4.0841,2945.78,15.74,0.0183,0.5742,1.7257999999999998
586,4.907299999999999,5.4231,2945.19,15.96,0.0162,0.9826,0.6984
587,3.5336000000000007,8.9725,3040.17,15.770000000000001,0.0429,0.7121,0.5509
588,0.8235999999999999,6.2963,3069.73,15.62,0.0159,0.6222,1.4308
589,0.8536000000000007,5.771599999999999,2981.92,15.73,0.0301,0.9729,0.9352
590,3.3064,5.1124,3110.0800000000004,15.689999999999998,0.0217,0.5066,2.0366
591,4.8364,9.3323,3009.4,15.95,0.0148,0.5836,1.3143
592,2.037300000000001,5.3147,3029.19,15.85,0.0373,1.1869,1.0451
593,-0.04449999999999951,5.4095,3000.24,15.57,0.0204,0.7942,1.8497
594,8.9418,4.1464,2992.89,15.65,0.0121,0.4184,1.7069000000000003
595,4.395500000000002,3.3263,3018.33,15.770000000000001,0.0222,0.7677,1.1911
596,-1.1608999999999996,5.8827,2927.46,15.79,0.0291,0.7121,2.5850999999999997
597,2.509523116952862,5.1101,2959.65,15.7,0.0369,0.8735,2.442
598,-0.7418000000000007,6.7855,2962.43,15.56,0.0415,0.8569,1.7682999999999998
599,-2.1182000000000003,6.421,2899.68,15.779999999999998,0.0267,0.8304,1.5238
600,-1.0444999999999993,4.641500000000001,2976.124769655887,15.74,0.0151,0.8089,1.7167999999999999
601,12.703335488774343,6.9102,3035.71,15.7,0.0188,0.8007,2.2453
602,1.4726999999999995,5.654,2986.28,15.89,0.016,0.9163,1.2187
603,-1.1527000000000003,5.3217,2951.67,15.8,0.0228,0.832,1.6270000000000002
604,-5.2327,5.8077,2966.39,15.75,0.0283,0.7159,1.205
605,0.5773,5.9787,3068.78,15.75,0.0346,0.8122,1.9994000000000003
606,-0.1208999999999994,10.4836,3072.67,15.9,0.023100000000000002,0.8807,1.8438
607,5.519099999999997,9.4815,3022.41,15.8,0.0257,0.7674,1.6612999999999998
608,3.9309,4.7656,2979.45,15.8,0.0262,1.0393,1.8336
609,1.9490999999999994,9.2499,3032.1111258044607,15.65,0.0146,0.8159,0.8831999999999999
610,14.725910237911556,9.493900000000002,3055.97,15.9,0.0253,0.7015,3.2341
611,-1.8809000000000005,2.3398999999999996,3040.48,15.8,0.0233,0.4782,1.0259
612,1.0059225705460346,5.1423,2936.3,15.8,0.0351,0.6641,1.511
613,-2.2191000000000005,3.8687,3044.47,15.79,0.0331,0.6641,0.9729000000000001
614,1.3717999999999992,4.313,2983.31,15.85,0.0152,0.7747,3.0916999999999994
615,3.6400000000000015,4.9673,3023.56,15.870000000000001,0.028099999999999997,0.5066,3.6308999999999996
616,-7.87,6.0516,3006.75,15.62,0.0169,0.8531999999999998,1.7691
617,1.0691000000000006,4.550000000000001,3008.190450040476,16.08,0.0165,0.8149999999999998,1.269979941989701
618,-3.1908999999999996,5.938699999999999,3076.33,15.72,0.023603081028021878,0.8184,1.1934
619,8.9864,4.7606,3032.98,15.97,0.0169,1.0338,0.9455
620,15.018199999999998,4.876400000000001,3056.5,15.74,0.0147,0.8007,1.6386
621,14.522404233577074,8.0698,2988.31,15.82,0.032118835432568854,0.7015,1.889
622,0.27450000000000024,2.8753,2919.84,15.9,0.026,0.7719,0.8871000000000001
623,0.9909000000000003,4.2708,3037.62,15.71,0.0201,0.5779,2.0896
624,7.975500000000002,4.2849,2974.2,15.99,0.015,0.8435,1.6903999999999997
625,2.1469488813697204,8.8454,2994.05,15.71,0.0167,1.2771,3.6955
626,-0.8999999999999998,4.7778,2957.7,15.71,0.0183,0.8163,2.0934
627,18.2809,4.5369,2971.1651189524473,15.83,0.0125,1.0803,1.1153
628,15.860900000000003,2.7354,2939.56,15.680000000000001,0.019,1.0407,2.3247999999999998
629,-0.6300000000000007,2.9179,2929.54,16.01,0.0265,0.8571,1.6281
630,0.4981999999999994,7.2128,3025.07,15.62,0.018,0.8594999999999999,1.3143
631,2.417299999999998,7.1468,3102.5900000000006,15.73,0.0142,0.8807,1.7921
632,1.498199999999999,6.528,3083.33,16.0,0.0247,0.6335,1.6581
633,-2.5955000000000004,7.4952,3094.08,15.82,0.0256,0.4685,2.5263
634,0.4444999999999994,5.0272,2924.54,15.81,0.029,0.5317,2.15
635,9.240405251414552,4.866600000000001,3088.82,15.74,0.0429,0.8446,2.6892999999999994
636,-0.16999999999999918,5.2194,3031.65,16.02,0.0158,0.7593,2.0475
637,2.1136,4.1174,2956.77,15.770000000000001,0.0214,0.587,1.0202
638,-1.7335999999999994,3.454,2912.24,15.74,0.019400000000000004,0.4254,1.7324
639,2.2300000000000004,2.0773,2992.4,15.65,0.0192,0.7954,0.715
640,-0.4108999999999997,4.7785,2935.99,15.689999999999998,0.0393,1.0186,1.8189999999999997
641,-6.2473,7.595600000000001,3173.1800000000003,15.770000000000001,0.0251,0.6268,0.8372000000000002
642,-0.018200000000000736,4.277000000000001,2958.99,15.689999999999998,0.015300000000000001,0.4129,1.4936
643,14.438200000000002,9.8466,2985.06,15.9,0.0222,1.0047,2.5071
644,9.4864,4.1354,3046.93,15.770000000000001,0.0339,0.8222,1.0073
645,-6.8627,7.2038,3047.76,15.88,0.0264,0.7642,2.9949
646,0.5791000000000004,6.8827,3048.42,15.98,0.0251,1.1638,1.530702621656995
647,13.551800000000002,5.5607999999999995,3099.389074826916,15.82,0.0254,0.9444,0.6376
648,-0.06999999999999919,7.7911,2951.85,15.73,0.0299,0.7681,1.6625
649,0.7590999999999992,4.330400000000001,3061.24,15.92,0.025,0.8344999999999999,0.9567
650,17.9782,7.9506,3021.41,15.84,0.0183,1.0323,1.2778
651,2.198199999999999,6.1374,3064.76,15.54,0.021900000000000003,0.6066,1.2559
652,-1.3099999999999994,8.1214,2994.15,15.7,0.0174,0.8594999999999999,2.2326
653,0.7481999999999994,6.6146,2988.81,15.73,0.022,1.0216,1.3435
654,5.730899999999999,8.1035,3033.52,15.870000000000001,0.0229,0.565,1.4456
655,1.4844999999999995,6.1176,3033.46,15.63,0.0275,0.4722,1.9317999999999997
656,5.478253959089902,3.7282,3090.42,15.74,0.03532858057364989,0.8446,2.9165
657,4.920000000000002,7.7601,3085.35,15.91,0.019,0.8751999999999999,0.9322
658,4.738200000000001,4.493403631173255,2984.41,15.76,0.0188,0.47490000000000004,1.6347
659,-0.8173000000000004,4.5853,2939.8,15.689999999999998,0.0204,0.9142999999999999,0.6099
660,15.7936,3.4192999999999993,3017.5,15.74,0.0126,1.1086,2.6983
661,-2.0999999999999996,6.5737,2988.76,15.93,0.0324,0.7337,1.587
662,4.4827,4.2433000000000005,2970.25,15.870000000000001,0.017,0.9588,0.882
663,-15.5318,3.3351,3054.13,15.71,0.0138,0.8384,0.8442999999999999
664,1.3555000000000001,4.8659,3093.46,15.64,0.0209,0.745,1.2886
665,5.882321711603026,5.7072,3020.46,15.74,0.0167,0.8007,1.5437
666,-4.9891000000000005,2.4393,3068.67,15.75,0.0205,0.6927,1.5268
667,-0.3326999999999994,5.0396,2911.37,15.88,0.0173,0.768,1.9872
668,1.925499999999999,6.0788,2972.22,15.88,0.0236,0.8716,1.88
669,3.2182000000000017,5.0597,3109.46,15.67,0.0403,0.9251,3.1063999999999994
670,3.1828520982681185,6.734917165264595,3058.88,15.8,0.0216,0.9753,3.306
671,7.029999999999999,6.4358,3066.18,15.82,0.0165,0.9812,0.7854
672,6.369100000000001,3.5094,2991.74,15.99,0.0204,0.5377,1.6774
673,-0.35180000000000033,4.7047,2992.39,15.97,0.0218,0.6987,1.9934999999999998
674,-1.7154999999999996,4.2076,3040.06,15.7,0.0222,0.6927,0.9185
675,18.1782,10.2601,2988.95,15.83,0.015,0.9109,3.4342
676,0.10819999999999913,8.686,2928.24,15.73,0.0225,0.9072,0.8819
677,-0.5717999999999995,4.6034,3006.95,15.92,0.0227,0.8716,1.6325
678,-0.7844999999999998,7.7185,3089.53,15.96,0.0325,1.0393,0.5518
679,-2.170900000000001,4.197,2996.69,15.82,0.016,0.7719,0.7061
680,-3.2082,8.5892,3055.13,15.74,0.023100000000000002,0.8427,1.0601
681,-1.3772999999999997,10.0272,3071.8,15.74,0.033,0.6335,1.4887
682,-0.6726999999999997,6.8464,3003.13,15.89,0.0169,0.9725,1.8949
683,5.419100000000002,4.383200000000001,3076.5199999999995,15.83,0.0304,0.8235,0.8852
684,-5.139100000000001,4.3478,3101.48,15.74,0.0142,0.9072,1.9199000000000002
685,-4.968200000000001,1.8685,3066.38,15.770000000000001,0.0232,0.7032,1.232
686,5.994500000000002,3.4933,2912.76,15.83,0.02,1.062,0.6053
687,4.689100000000001,6.044600000000001,3045.98,15.98,0.0179,0.8571,1.7303
688,-5.549999999999999,2.4673,3024.55,16.07,0.0226,0.573,2.2370999999999994
689,-0.7391,5.1621,3180.0900000000006,15.73,0.0221,0.8229,0.8569
690,3.9290999999999996,4.1375,3013.86,15.770000000000001,0.0287,0.7139,1.4179005927287065
691,-1.4409000000000003,2.5744999999999996,2998.44,15.71,0.016,0.9142999999999999,1.3356
692,0.758200000000001,7.0841,2940.65,15.83,0.0273,0.9109,0.8939999999999999
693,12.5391,9.0303,2930.22,15.83,0.0395,0.7584,1.7575000000000003
694,1.7791000000000001,8.0368,3068.47,15.75,0.0298,0.7392,2.1254
695,-0.22549999999999962,4.012,2992.07,15.770000000000001,0.0205,1.026,1.539
696,-1.4627,6.6101,3012.98,15.73,0.0252,0.7852,1.7453
697,1.1400000000000001,5.524,2946.7,15.85,0.0165,1.0135,1.7577
698,-4.351799999999999,5.9175,3128.11,15.72,0.0236,0.757,2.116
699,-2.1263999999999994,4.5812,3038.57,15.73,0.0128,0.5329,2.0669
700,-2.1517999999999997,4.4519,3084.82,15.71,0.0187,0.7558,1.7126
701,-4.5936,4.1924,2973.56,15.8,0.0181,0.7053,1.4096
702,2.6345000000000014,4.0633,2976.58,15.65,0.0255,1.0631,1.0008
703,0.5217999999999995,2.9002,3000.07115945291,15.75,0.0214,1.0541,0.732
704,-2.949099999999999,3.5892,2904.26,15.71,0.0179,0.7724,0.7352
705,7.759270515066248,8.7564,2988.52,15.89,0.0331,0.9059,2.1733999999999996
706,2.8626999999999976,9.2907,3045.88,15.870000000000001,0.0276,0.6335,1.2086
707,-1.8508999999999998,5.9273,2999.11,15.770000000000001,0.0148,0.7674,1.7003999999999997
708,-8.3127,4.1397,3027.1,15.79,0.0178,1.0459,2.4780999999999995
709,-1.0773,4.670299999999999,3052.97,15.84,0.0336,0.8041,2.2147
710,-0.0963999999999991,8.9009,3032.45,15.97,0.0338,1.0189,0.9875000000000002
711,5.928199999999999,4.936,2908.94,15.72,0.0198,0.8469,1.3999
712,2.8618000000000015,6.4813,3052.16,15.89,0.0283,1.1638,1.5744
713,-0.11910000000000093,2.8254,3003.05,15.73,0.0158,0.7664,0.6881
714,18.7173,6.8555,2957.88,15.84,0.0179,0.9683,2.7782
715,-5.0355,3.7746,3064.53,15.57,0.017,0.4722,2.3915999999999995
716,-0.7891,5.484600000000001,3000.68,15.65,0.0267,0.8704999999999999,1.575
717,6.275499999999998,3.2291,3105.06,15.7,0.0208,0.9074999999999999,1.6291999999999998
718,-10.4455,5.4725,3053.292112762591,15.662499806774639,0.0187,0.6163,1.9158
719,2.2439026935969473,6.5942,3073.67,15.79,0.014,0.9794,2.6543999999999994
720,-1.7263999999999995,5.8142000000000005,3030.93,15.93,0.0215,0.8692999999999999,3.4641
721,3.288200000000001,2.8136,3108.9800000000005,15.93,0.01965496709498729,0.746,1.233
722,0.0944999999999995,6.5727,2989.82,15.76,0.0318,1.0338,0.8662
723,-1.0455000000000005,4.540400000000001,2974.97,15.71,0.0138,0.8296999999999999,2.5296
724,-0.1463999999999991,4.58,3023.95,15.7,0.023,0.6605,0.5662
725,5.6618,5.5285,2977.29,15.91,0.0218,0.9048,2.0337
726,4.073599999999999,5.5816,3195.57,15.580000000000002,0.0237,0.4817,0.9581
727,-3.122699999999999,3.3196,2960.63,15.79,0.0163,0.6373,1.2317
728,5.6309,5.014599999999999,2980.11,15.9,0.026,0.9361,2.2145
729,18.8309,3.4336,2847.81,15.83,0.0191,1.1086,1.2707
730,16.6036,4.1499,3043.67,15.8,0.0297,0.4184,1.7307
731,8.423600000000002,10.099,3035.98,15.83,0.0347,1.1815,2.7848
732,9.674499999999998,5.6653,2969.52,15.8,0.0421,1.0551,1.6686000000000003
733,-1.8791000000000002,5.2597,3007.85,16.02,0.0276,1.1255,1.3113
734,6.249999999999998,4.275,2955.87,15.71,0.0441,0.9725,1.6247
735,17.637299999999996,5.0493,2999.72,15.83,0.0232,0.4996,2.1130999999999998
736,1.9145000000000003,6.2091,3054.7,15.9,0.0395,1.062,2.8483
737,-3.0054999999999996,4.363200000000001,3037.63,15.689999999999998,0.0217,0.8658999999999999,0.5608
738,-0.546399999999999,4.7047,3122.4299999999994,15.870000000000001,0.0239,0.3963,0.8348
739,-2.8055,5.120099999999999,3029.98,15.84,0.0318,0.5669,1.7086000000000001
740,2.637300000000001,6.0599,3110.14,15.870000000000001,0.0197,0.5799,0.9273
741,6.564500000000001,2.0751,3091.76,15.89,0.0228,1.0697,0.7452
742,-9.2836,5.6813,3001.41,15.779999999999998,0.0174,0.7574,1.8601
743,5.913600000000001,3.0996,2999.86,15.83,0.0297,1.0147,2.8715
744,4.305499999999999,6.2869,3028.43,15.92,0.0408,1.062,3.325
745,3.9526999999999997,2.0008,3034.5,15.73,0.0228,0.713,1.6111
746,0.09550000000000085,4.9375,2941.26,15.870000000000001,0.0192,0.5066,1.3919
747,-1.4226999999999996,4.655700000000001,3011.77,16.07,0.0286,0.6259,1.7238999999999998
748,-5.414500000000001,8.1944,2908.28,15.98,0.0242,0.573,2.2587
749,1.4418000000000004,4.632500000000001,3083.1399999999994,15.75,0.025,1.0359,0.6708
750,-0.31360000000000043,9.1663,3016.46,16.07,0.04390000000000001,0.7534,2.2008
751,0.18090000000000098,4.282000000000001,2924.39,15.73,0.0254,0.6257,1.4463
752,1.909999999999999,9.243,2999.24,15.75,0.0217,0.8638,2.0481
753,2.6036,4.3881,3136.15,15.75,0.0161,0.9142999999999999,1.1262
754,-2.9791,4.6832,3027.72,15.73,0.0168,0.8469,0.7081
755,-1.4199999999999988,7.3182,2900.69,15.88,0.0119,1.0147,0.743
756,-0.5127000000000002,4.7687,2975.8,15.770000000000001,0.0179,0.6242,0.995
757,2.4399999999999977,6.0401,3033.22,15.81,0.0275,0.6787,1.706
758,-2.8554999999999997,3.5169,3002.54,15.47,0.0279,0.6259,0.8507
759,-2.5381999999999993,6.2289,3051.2,15.75,0.025,0.7447,0.701
760,1.4700000000000009,5.7143,3074.58,15.71,0.0168,0.6641,1.1604
761,0.16910000000000092,5.8733271905927245,2997.28,15.89,0.0282,0.7153,1.5163
762,3.9835289036660564,9.2718,3039.57,15.76,0.016,1.0959,1.476
763,18.4,8.9202,3017.11,15.85,0.0257,0.9059,2.4881999999999995
764,-5.9336,6.0378,3055.29,15.71,0.0238,0.714,1.5231
765,-5.927299999999999,5.2422,3154.1300000000006,15.75,0.0181,0.7053,1.4566
766,0.06270000000000026,2.6068,3072.1,15.870000000000001,0.0214383773563782,0.9329000000000001,0.9350999999999999
767,-2.6655000000000015,2.2386,2979.5562361249404,15.7,0.015,0.8387,1.5274
768,-1.0409000000000004,4.9073,3053.48,15.580000000000002,0.019,0.9163,1.352
769,-5.3355,5.6449,3067.89,15.75,0.0347,1.1525,2.0003929570264196
770,-1.9682000000000002,10.2046,3073.57,15.95,0.0163,0.9826,0.8953999999999999
771,1.3288274428632942,8.0391,2951.2,15.76,0.031419980707826874,0.8735,1.0062
772,3.227299999999999,6.132,3045.05,15.73,0.0252,0.9812,1.2274
773,0.3490999999999997,4.672,2939.93,15.67,0.0235,0.4685,2.6773999999999996
774,-3.6563999999999997,4.4621,3002.27,15.88,0.0315,0.9964999999999999,2.9692999999999996
775,18.3209,2.2849,2990.22,15.73,0.02210222067201521,1.0407,0.6396
776,2.621799999999999,5.579699999999999,2984.3119531413067,15.9,0.0199,0.9735,1.8783
777,2.5027,7.8622,3038.25,15.89,0.0187,0.7928,2.2025
778,1.8318000000000008,4.2518,3042.43,15.66,0.026,0.5329,1.9453000000000003
779,-11.4709,3.3268,2943.34,15.83,0.0242,0.764,0.9243
780,1.0145000000000004,3.6118,3044.39,15.7,0.0185,0.6066,1.3286
781,2.571799999999999,6.2216,3015.13,15.8,0.024,0.9729,1.4149
782,0.2527000000000006,6.814114901702727,2984.8,15.65,0.0157,0.6066,1.3297
783,-3.1517999999999997,4.6772,3017.65,15.61,0.0171,0.9916000000000001,0.4834
784,-1.8735999999999997,4.2324,3193.53,15.75,0.0212,0.6796,0.9393
785,1.5881999999999996,5.402199999999999,2865.0,15.62,0.0266,0.6163,1.6989
786,-7.5073,6.2009,2957.63,15.770000000000001,0.0267,0.7643,1.988
787,2.471799999999999,6.6471,3042.36,15.97,0.0155,0.604,0.9692
788,8.525677924363308,6.0001,2872.01,15.79,0.0162,0.7408,2.2397
789,13.1136,5.8357,2972.78,16.01,0.02960812848577988,0.9835999999999999,2.4863
790,2.244916451408749,5.2072,2940.17,15.84,0.0426,0.8556,2.2325
791,5.949099999999999,6.4118,3056.58,15.779999999999998,0.0242,0.8133,2.3659999999999997
792,-1.6499999999999997,4.549300000000001,3026.67,15.770000000000001,0.0209,0.6254,1.0956
793,-6.6618,5.7503,3022.6,15.65,0.0215,0.5765,1.5479
794,-0.3326999999999994,6.2662,2962.13,15.870000000000001,0.0265,1.062,2.8743999999999996
795,-2.6700000000000004,7.839900000000001,2972.6,15.72,0.0257,0.9091,1.3428
796,-4.571799999999999,6.4959,2958.3,15.770000000000001,0.0172,0.7392,1.7615
797,4.9082,3.0357,3075.12,15.91,0.0132,0.7511,1.3763
798,5.420899999999998,7.0153,3089.0999999999995,15.71,0.0222,0.684,1.2677
799,1.5217999999999994,4.3655,3069.31,15.779999999999998,0.028099999999999997,0.8786999999999999,2.0185
800,9.2082,9.6042,2916.02,15.83,0.0375,1.1815,3.4227
801,1.1654999999999998,3.6022,3054.34,16.09,0.020599999999999997,0.4817,1.6513000000000002
802,-2.872699999999999,3.7156,3069.3,15.680000000000001,0.0188,0.684,2.1074
803,4.591799999999997,3.8241000000000005,2951.83,15.8,0.0262,0.5478,2.4924999999999997
804,0.22360000000000005,3.3124,3033.78,16.01,0.019,0.8076,0.8445
805,-0.2717999999999996,8.4926,3048.54,15.62,0.018,0.832,1.1587
806,-5.968200000000001,3.8774,3099.37,15.76,0.0193,0.656,0.6414
807,-6.063600000000001,4.502200000000001,3050.96,15.8,0.02,0.8089,1.9149
808,4.011736739789957,6.3688,3070.5,15.66,0.03492605996042143,0.4221,2.7636
809,2.9545000000000003,5.7415,3027.01,15.67,0.025887542073038845,0.7584,1.9269
810,-2.9182,5.704600000000001,3086.92,15.7,0.0247,0.46599999999999997,2.0837
811,2.749999999999999,3.8383999999999996,2956.84,15.88,0.022,1.0135,1.7883999999999998
812,0.7226999999999997,3.6395,3042.7,15.89,0.0141,0.78,0.5385
813,-8.64,8.846,3165.5099999999998,15.8,0.0295,0.9715000000000001,1.9641
814,-3.0909,7.2454,3185.6900000000005,15.689999999999998,0.021,0.8531999999999998,0.8215
815,15.9527,3.614,3004.09,15.71,0.0397,0.7898,2.047
816,14.901799999999996,7.8561,3067.43,15.870000000000001,0.0175,0.5593,2.3814
817,2.872699999999999,5.1336,3022.33,15.7,0.0209,0.8571,0.6788
818,3.119099999999998,4.7727,3200.36,15.770000000000001,0.0191,0.9729,0.6308
819,-1.1254999999999995,6.3446,3100.12,15.689999999999998,0.0137,0.9192999999999999,1.6873
820,-2.9726999999999992,5.8586,3162.14,15.770000000000001,0.0179,0.7677,1.2182
821,2.2726999999999995,5.0108,3010.83,15.73,0.0203,0.74,0.9596
822,-1.5224217095000194,4.688464049268742,2993.59,15.96,0.0235,0.5279,2.2266999999999997
823,-0.0044999999999991306,7.5303,3053.64,15.7,0.026900000000000004,0.8594999999999999,1.6441999999999999
824,14.734499999999999,5.0284,3041.33,15.85,0.023,0.5677,0.9892999999999998
825,19.8,7.0096,2975.64,15.83,0.0137,0.8007,1.7207
826,3.970000000000002,6.518300000000001,2987.32,15.84,0.0268,1.1404,2.3943
827,-0.5044999999999991,2.8381,2969.5016513865994,15.779999999999998,0.0242,0.6857,0.8859000000000001
828,3.3054999999999994,6.006264000398854,3093.4800000000005,15.85,0.044,0.7121,3.1679999999999997
829,0.43819999999999987,5.575100000000001,2990.68,15.76,0.0168,0.8163,2.2863
830,-2.0309000000000004,3.7989,3201.05,15.96,0.0149,0.7506,1.008
831,0.5363999999999994,4.1514,3010.3,15.779999999999998,0.021,1.0404,0.5575
832,4.728199999999999,5.44,2996.28,15.860000000000001,0.0242,0.7534,1.8981
833,0.23549999999999924,5.574799999999999,3025.09,15.779999999999998,0.0157,0.745,1.8483000000000003
834,-1.9726999999999995,2.7865,2947.5,16.07,0.0175,0.8076,2.2150999999999996
835,2.996399999999998,4.3328,3015.48,15.75,0.0164,0.8041,1.8511000000000002
836,-0.3773,5.072399999999999,3022.0012940587985,15.770000000000001,0.0251,0.6259,0.6791
837,-1.8412223060390733,7.1654,3080.2600000000007,15.76,0.0426,0.8446,1.8744
838,0.47820000000000024,5.254600000000001,3049.97,15.52,0.0437,0.5765,1.7421000000000002
839,2.5963999999999983,6.0507,3114.46,15.73,0.0222,0.9873,2.2691999999999997
840,1.4217999999999993,5.4321,3082.31,15.870000000000001,0.0275,0.7059,3.3167
841,1.4036000000000006,2.7193,3033.82,15.88,0.0257,0.9251,2.9543
842,1.7150398637958928,6.0805937200382445,2990.76,15.99,0.023,0.7681,1.0063
843,4.7864,3.9746,3014.199800397273,15.85,0.0253,0.7574,2.4219
844,-1.882700000000001,3.4658,2829.84,15.7,0.03,0.6815,1.2726
845,9.841799999999996,4.8133,2892.37,15.73,0.04109999999999999,0.7808,2.4446
846,18.63,3.6188,3055.21,15.9,0.0221,0.7162,2.6101999999999994
847,-6.6464,4.6056,2924.32,15.96,0.0168,0.573,1.7424999999999997
848,-0.010558190913097884,8.5143,2946.25,15.88,0.0166,0.7384,1.4577
849,-1.982700000000001,3.8989,2990.69,15.7,0.015,0.9332,1.1976
850,4.812700000000001,2.9198,2984.06,15.73,0.012199999999999999,0.8638,1.937
851,-1.3226999999999995,6.018898377703705,3037.82,15.95,0.0172,1.0338,2.4327
852,1.4355000000000009,6.317200000000001,3083.97,15.770000000000001,0.0374,0.7121,1.3955
853,0.11550000000000005,5.1901,2960.65,15.98,0.0128,0.9715000000000001,1.0931
854,-0.05090000000000021,3.5047,3051.68,15.75,0.0203,1.0404,0.6889
855,1.89,3.255,2921.73,15.89,0.0171,0.587,1.0785
856,2.699099999999999,6.2357000000000005,3020.7,16.09,0.0285,0.7663,0.5373
857,-2.9355000000000007,4.0987,3031.01,15.779999999999998,0.03,0.7258,1.003
858,1.5272999999999997,6.221700000000001,3021.921002189757,15.74,0.014,0.8089,3.3827999999999996
859,1.5527000000000002,4.471,3073.93,15.9,0.0224,0.4221,1.3856
860,-8.6982,6.9142,3010.92,15.88,0.0233,0.9383,0.8375999999999999
861,0.14909999999999973,5.4108,2993.04,15.97,0.0201,1.1255,2.2504
862,-1.89,6.5694,3061.59,15.61,0.0232,0.8144999999999999,1.5576
863,1.0518000000000003,7.4639,2970.11,15.82,0.0144,1.0478,0.8125000000000001
864,-1.5664,3.686,3045.7,15.8,0.035012615553810945,0.8926,2.0681
865,2.2518,4.0085,2987.43,15.9,0.0239,0.9588,1.2405
866,3.9027,9.1554,2925.62,15.66,0.0217,0.8160999999999999,2.4360999999999997
867,5.6382,7.1516,2996.04,15.72,0.0277,1.0404,0.7218
868,4.879099999999999,3.1537,2945.66,15.75,0.0185,0.9142999999999999,0.7659
869,4.440900000000002,4.7966,3123.0199999999995,15.89,0.0162,0.7664,0.7117
870,-2.2409,5.120099999999999,2888.9,15.71,0.0138,0.6179,0.9161
871,1.4464000000000008,4.7955,3017.28,15.97,0.0284,0.8230999999999999,0.9116
872,-3.4191000000000003,4.105400000000001,2992.34,15.61,0.028099999999999997,0.6385,2.2375
873,-2.3390999999999997,4.2557,3040.91,15.88,0.023,0.8230999999999999,2.5263
874,-2.443600000000001,5.0766,3093.24,15.67,0.026359595034085057,0.7584,1.2142
875,9.282699999999998,4.1834,3028.5,15.99,0.024399999999999998,0.8435,1.9656
876,1.0673000000000004,4.879,3005.04,15.73,0.0169,0.8638,0.6788
877,11.20034010358006,6.1088,2997.92,15.85,0.0176,1.0323,3.0222
878,1.3009,5.1379,3039.04,15.73,0.0226,1.0216,2.5347
879,0.23000000000000073,7.5804,2978.62,15.97,0.0257,1.0189,2.4707
880,3.388200000000001,3.9686,3169.9300000000003,15.779999999999998,0.022,0.3973,0.9575
881,-0.5335999999999995,5.1598,2950.92,15.75,0.0213,0.8336,2.4949999999999997
882,-7.6655,4.0743,2870.13,15.79,0.0209,0.6163,1.424
883,0.669999999999999,3.9364999999999997,3190.7799999999997,16.08,0.0188,0.647,0.8891
884,15.6791,8.6597,3054.84,15.82,0.0145,0.9683,3.1476
885,0.48549999999999915,6.857899999999999,2957.04,15.779999999999998,0.024299999999999995,0.6257,1.5273
886,0.32089999999999935,3.7579,2932.1,15.779999999999998,0.0271,0.7664,2.5602999999999994
887,17.5473,4.4298,2963.83,15.93,0.0433,1.0644,0.6586
888,15.1509,5.1087,2962.14,15.93,0.0428,0.9368,0.5325
889,2.8355000000000006,3.5958,2953.65,15.84,0.0431,0.5677,2.5
890,-3.3455,5.7818,3034.01,15.689999999999998,0.0205,0.8229,2.0931
891,-4.653585455296094,7.5726,2999.18,15.8,0.0208,0.8735,1.8393
892,-3.138199999999999,3.4336,2889.7,15.79,0.0175,0.5742,2.1009999999999995
893,1.7036000000000004,4.4746,3057.49,15.860000000000001,0.0267,0.481,2.7909999999999995
894,13.701518590612304,6.9238,2958.09,15.93,0.0433,1.2771,1.7573
895,0.8018000000000003,5.6521,2927.75,15.73,0.02900448612357524,0.9251,2.483
896,-0.24180000000000076,6.958699999999999,2939.4,15.63,0.0193,0.6066,1.9366999999999999
897,5.578199999999999,4.5757,3065.36,15.96,0.0329,0.8235,0.9436
898,3.816400000000001,9.743700000000002,2951.59,15.63,0.0162,1.2672,2.6656999999999997
899,-3.4964000000000004,6.2188,3104.2699999999995,15.770000000000001,0.0173,0.8262999999999999,1.2336
900,3.482700000000001,2.4138,2979.950642738353,15.72,0.017955958144889397,1.0765,2.486
901,-11.9682,7.092599999999999,3000.39,15.92,0.0259,1.0323,0.9374
902,-7.1518,3.2322,3031.85,15.96,0.0168,0.8531999999999998,2.0215
903,-2.9973000000000005,6.1033,2821.63,15.870000000000001,0.0224,0.8344999999999999,3.3551
904,15.307300000000001,5.9828,3040.1,15.97,0.0232,1.1869,2.9436999999999998
905,-0.05550000000000046,11.0059,3110.2299999999996,15.8,0.030700000000000005,0.604,2.3549999999999995
906,-2.636400000000001,3.7718,2949.99,15.7,0.0167,0.9358999999999998,1.0289
907,1.0309000000000008,5.1741,2972.52,15.770000000000001,0.018200000000000004,0.7159,1.6671000000000002
908,13.811799999999998,4.9417,3000.56,15.73,0.029456799854087518,0.4996,1.2128
909,2.467299999999998,2.8374,3043.8832029539353,15.93,0.0233,0.604,1.8983
910,6.263600000000001,8.6184,2971.75,15.779999999999998,0.0186,0.7852,0.7065
911,-5.957299999999999,5.1833,2999.04,15.82,0.024,0.5779,1.8340000000000003
912,4.431087494093882,4.3641,2942.31,15.83,0.012,0.5279,2.1588999999999996
913,1.5117999999999996,5.0366,3028.64,15.72,0.0226,0.7832,1.4853
914,0.03269999999999947,2.5159,3088.4099999999994,15.73,0.0141,0.6927,0.6053
915,-2.5027,4.6539,2916.93,15.779999999999998,0.028,0.6179,1.0695
916,2.0335999999999994,4.4464,2989.44,15.97,0.032,0.832,1.6919000000000002
917,5.496400000000001,6.2816,2971.93,15.63,0.0248,0.8133,0.9823
918,10.374499999999998,6.901400000000001,2935.73,15.82,0.0135,0.7747,3.0420999999999996
919,3.1223052822691417,8.6352,2917.86,15.7,0.0418,1.0959,2.2327999999999997
920,-2.7936000000000005,5.9309,2999.4,15.73,0.02920126848413469,0.811,0.8949
921,-1.5990999999999993,6.0422,2978.33,15.76,0.0257,0.7032,1.49
922,4.7545,6.2911,3042.12,15.56,0.0254,0.9273999999999999,1.3574
923,-0.8400000000000002,7.451599999999999,2821.23,15.9,0.0235,0.8344999999999999,3.075
924,6.298503802446557,5.632499999999999,3038.21,15.91,0.0232,0.596,2.7607
925,5.532558545448318,4.3662,2913.42,15.64,0.0113,1.0644,1.4611
926,12.0945,5.2191,3076.38,15.9,0.0165,1.0459,2.7486999999999995
927,-4.962700000000001,5.8746,3020.62,15.75,0.0255,0.4254,0.8082
928,3.482700000000001,6.8368,3005.14,15.95,0.0368,0.8146,2.4361999999999995
929,7.0272999999999985,3.7146,3003.72,15.92,0.0224,0.7655,0.6901
930,-2.0555,5.2289,2992.61,16.01,0.0176,0.5888,0.6429
931,-1.1627,3.9750000000000005,3073.57,15.56,0.0255,0.4722,0.6182
932,2.1645000000000003,6.8985,2988.93,15.72,0.0247,0.8133,2.3047
933,-5.8854999999999995,2.5985000000000005,2982.27,16.07,0.0225,0.47490000000000004,2.0192
934,2.5055,6.3005,3005.61,15.95,0.0196,0.9396,1.662
935,3.164499999999998,3.11,2895.09,15.73,0.0142,1.0199,0.8265999999999999
936,0.7064000000000005,6.7658,2895.71,15.89,0.0179,0.9192999999999999,2.7946999999999997
937,0.1618,9.609100000000002,2987.72,15.779999999999998,0.0176,1.0918,2.5422999999999996
938,-1.2164,10.9187,2988.39,15.84,0.0234,0.5669,1.3597
939,1.1890999999999998,6.2608,2955.82,15.74,0.027201199153474145,0.5066,1.3728
940,3.4481999999999986,5.2947,3001.26,15.92,0.0201,0.4382,0.7328
941,2.0909,4.8154,3094.57,15.73,0.024299999999999995,0.6815,0.7829
942,6.127462631339958,7.7394,3031.44,15.8,0.0146,0.7162,2.9313
943,-0.3236,3.596,3014.54,15.72,0.028,0.7642,1.1041
944,-1.5117999999999996,6.4178999999999995,2973.71,15.91,0.0259,1.0135,1.5816
945,4.365654248207719,5.8803,2933.79,15.8,0.0319,0.8556,3.1409
946,-2.6355000000000004,6.1127,3087.64,15.74,0.0162,0.9163,0.9610999999999998
947,-1.9291,4.091100000000001,3040.28,15.57,0.0195,0.7258,0.6942
948,1.3254999999999995,7.4533,2974.65,15.870000000000001,0.0201,0.8262999999999999,3.102
949,1.7909000000000002,5.1569,2889.78,16.01,0.0226,0.565,1.6897
950,3.0791,4.4853,3086.08,15.779999999999998,0.0295,0.8427,1.3926
951,-5.76,3.5226000000000006,3026.53,15.93,0.0237,0.8387,0.5373
952,4.620899999999998,5.9706,2961.04,15.54,0.0186,0.8304,2.7155
953,3.8508999999999993,3.3876,3039.93,15.83,0.0189,0.7162,1.8941999999999999
954,-6.605499999999999,6.0071,3108.5,15.95,0.0139,0.8159,0.9619000000000001
955,-4.860900000000001,6.2351,3117.3000000000006,15.91,0.0308,0.5669,1.7139000000000002
956,-3.215499999999999,2.7452,3062.78,15.7,0.0132,0.8933999999999999,1.2307
957,-1.6700000000000008,6.863400000000001,3074.2399999999993,15.7,0.0433,0.8149999999999998,1.7975
958,4.283514715477338,8.4806,2855.96,15.91,0.0318,0.9251,2.2259999999999995
959,12.0627,5.309,2926.07,15.870000000000001,0.0286,0.7898,2.7403
960,3.141799999999998,4.4095,2893.56,15.67,0.027552627931864655,0.811,0.8916000000000001
961,8.8173,8.7428,3015.67,15.84,0.0195,0.4389,1.5748
962,5.5318,5.062900000000001,3085.9299999999994,15.67,0.0196,0.8160999999999999,1.7550999999999999
963,-1.4564000000000004,3.5747,3055.54,15.74,0.0209,0.9163,1.4288
964,-0.7782000000000001,3.9458,3096.81,15.860000000000001,0.0256,0.5799,1.3322
965,0.4590999999999993,4.2411,2986.32,15.84,0.0342,0.8384,0.6912
966,1.8108999999999993,5.9963999999999995,3013.32,15.860000000000001,0.0273,0.7193,0.984
967,-6.3845,5.1659,3001.83,16.02,0.027,0.6605,0.8355000000000001
968,13.5955,8.3351,3065.02,15.88,0.026,0.9413000000000001,3.4668
969,4.622699999999999,3.6709000000000005,2951.14,15.761760096985546,0.024051883893771664,0.7584,1.8824
970,7.9373,3.0303,2967.57,15.92,0.0118,0.8689999999999999,1.6372
971,-0.6817999999999991,4.6431,2979.32,15.98,0.0154,0.8262999999999999,1.0078
972,4.420899999999999,5.5992,3028.34,15.770000000000001,0.0188,0.9066,2.1116999999999995
973,1.4608999999999994,5.8149,3006.75,15.7,0.0208,0.4685,0.6259
974,6.077299999999998,3.9105,3069.72,15.71,0.0212,0.9725,0.7922
975,7.772699999999998,9.723500000000001,3120.68,15.85,0.0164,0.4389,2.4383
976,3.6725197034792334,6.474599999999999,2988.72,15.590000000000002,0.0407,1.1054,1.9689
977,3.7554999999999996,7.5153,3029.94,15.75,0.027,0.5066,0.7995
978,6.663556002013668,3.61,2958.13,15.74,0.0397,0.8007,1.9549000000000003
979,10.023600000000002,8.1842,3024.74,15.72,0.0289,0.9794,3.0165999999999995
980,-5.5327,4.2575,3032.73,15.82,0.0225,0.8226999999999999,2.0135
981,3.1427000000000023,4.1328000000000005,3053.48,15.770000000000001,0.0235,0.647,1.2951
982,-8.3955,6.2134,3071.5799999999995,15.85,0.0392,0.8041,2.2551
983,-1.3127,4.3131,3050.71,15.64,0.0273,0.4685,0.8033
984,-1.5763999999999996,5.436299999999999,3136.34,15.65,0.0158,0.6066,2.1404999999999994
985,-2.659100000000001,6.2544,2970.42,15.56,0.0264,1.0918,1.4465
986,-2.8845000000000014,2.406,2911.22,15.56,0.0222,0.6254,1.7027
987,6.048704157922252,4.9295,2946.86,15.83,0.0217,1.1086,2.7460999999999998
988,-6.0545,6.0601,2993.53,15.689999999999998,0.0187,0.7663,0.9103
989,11.477499372816657,7.7496,2950.24,15.84,0.0285,0.7747,2.975
990,-4.610900000000001,6.140200000000001,3078.6,15.81,0.0188,1.1213,1.3093
991,0.19819999999999952,2.5177,2880.58,15.770000000000001,0.0223,1.0199,0.7557
992,-12.0473,10.8564,2948.42,15.83,0.0251,0.8384,2.2584999999999997
993,-6.4836,4.0269,3046.33,15.680000000000001,0.0106,1.0891,2.2474999999999996
994,-5.601799999999999,5.7121,3084.0,15.73,0.03,1.1638,3.0453
995,-0.02360000000000009,5.4204,3038.74,15.73,0.0191,1.0186,0.5999
996,1.0130693779408575,5.330958284422112,3012.09,15.79,0.0234,0.5836,2.5906999999999996
997,-6.0445,9.3679,3059.01,16.01,0.0161,0.5888,0.7016
998,-2.1555,3.9525,2893.07,15.680000000000001,0.0365,0.7558,2.4515
999,-3.8982000000000006,3.6575,2954.41,15.85,0.0222,0.5888,1.0594
1000,2.0008999999999997,7.7429,2959.29,15.870000000000001,0.041299999999999996,0.7663,1.0304
1001,-2.310900000000001,7.9419,2994.64,15.76,0.0112,0.5329,1.8608
1002,7.371700008341303,4.4594000000000005,3019.05,15.88,0.027949211843922784,0.596,2.7761
1003,2.7582000000000004,7.593,3108.23,15.63,0.020599999999999997,0.8216999999999999,1.1861
1004,3.172699999999999,3.742,3001.71,15.76,0.024,0.3512,2.0421
1005,-1.2427000000000008,5.5738,3111.6400000000003,15.9,0.0234,0.9072,0.8475
1006,-6.0845,5.4246,3099.58,15.72,0.0198,1.1623,0.5768
1007,-1.7608999999999995,5.611813642284319,2929.6,15.96,0.0191,0.604,1.2625
1008,3.3655000000000013,3.9414,3037.38,15.91,0.0139,0.7316,2.0924
1009,0.8527000000000005,5.5495,2871.62,15.770000000000001,0.021,0.8197999999999999,1.76
1010,1.54,9.366,2978.87,15.95,0.0256,0.57,2.008
1011,-2.7845000000000013,2.6974,3001.95,15.89,0.0256,0.7053,1.7859
1012,4.4036,4.6098,2981.31,15.870000000000001,0.027,0.6302,0.5602
1013,-5.305499999999999,3.6862,3047.67,15.83,0.0173,1.0644,2.9892
1014,1.6300000000000003,6.7438,3038.68,15.83,0.0274,0.7849,2.0389
1015,3.1900000000000017,7.8401,3024.24,15.95,0.0286,0.604,0.9802
1016,4.325753905669605,4.7979,2960.18,15.66,0.0428,0.8735,2.2536
1017,-1.1582000000000008,4.9308,3067.95,15.8,0.0331,0.8882999999999999,0.9469999999999998
1018,-0.9499999999999997,3.4077000000000006,2972.12,15.89,0.0218,0.9735,1.3254
1019,-1.8600000000000012,4.7955,3075.3199999999997,15.71,0.0179,0.7506,1.0705
1020,6.076854233611845,4.4058,3012.98,15.92,0.0329,0.596,2.6333
1021,-3.2436000000000003,5.7353,2992.9539309719066,15.74,0.0351,0.5858,1.1209
1022,0.5900000000000003,2.3731,2997.33,15.7,0.0232,0.9186,1.7127
1023,-3.6155000000000013,2.9962,3072.44,15.689999999999998,0.0135,1.0186,0.8965
1024,-1.6045000000000007,3.8038,3180.23,15.7,0.0155,1.0199,0.9678
1025,3.0944999999999987,1.6872,2982.07,15.81,0.0285,0.8230999999999999,1.1936
1026,0.5754999999999996,8.1897,3034.9,15.9,0.0176,0.6987,1.978
1027,1.2881999999999996,8.2318,2975.57,15.75,0.0212,0.6805,2.0521
1028,16.8445,9.8085,2970.87,15.89,0.0151,0.7747,2.132
1029,-1.0545000000000009,9.2151,2978.77,15.7,0.0207,1.1623,1.5532
1030,-0.1918000000000008,3.0794,2980.29,15.73,0.0195,0.7558,1.3467
1031,2.622699999999999,4.368100000000001,3061.73,15.72,0.0294,0.4685,1.5221
1032,2.197299999999999,3.7114999999999996,3086.5199999999995,15.92,0.0222,0.6257,0.7521
1033,-9.4964,4.1991,3067.34,15.8,0.0173,0.7574,2.1482999999999994
1034,-5.125499999999999,3.6831,3077.04,15.73,0.031,0.5765,1.2085
1035,0.25730000000000086,8.6821,2884.65,15.99,0.0196,0.9873,1.802
1036,3.395500000000002,6.8737,3047.0,15.75,0.0158,0.9639,0.6371
1037,2.687300000000001,3.6244,2960.54,15.83,0.0168,1.1248,1.3187
1038,11.681800000000003,6.666499999999999,3066.19,15.83,0.03281084268345873,0.662,1.2701
1039,2.533600000000001,4.818700000000001,2990.85,15.97,0.0401,0.7593,1.1293
1040,11.040684658861057,9.6886,3052.43,15.8,0.027,0.9059,0.9441999999999999
1041,2.385500000000001,6.7805,2958.83,15.66,0.030700000000000005,0.9726000000000001,1.619
1042,0.9990999999999995,4.7485,3100.96,15.91,0.022,0.7681,0.8594000000000002
1043,11.485499999999998,5.4073,2996.95,15.91,0.015300000000000001,0.7316,1.4773
1044,1.2108999999999994,3.1765,2886.03,15.860000000000001,0.0273,1.0199,0.989
1045,-0.5455000000000008,5.4201,3051.02,15.96,0.0248,0.6373,1.9521
1046,2.7400000000000015,4.2038,2976.24,15.95,0.0262,0.3963,0.7693
1047,-0.21730000000000047,3.1175,3065.83,15.82,0.0273,0.687,1.194
1048,0.735500000000001,4.7399,3036.64,15.54,0.023100000000000002,0.9237999999999998,2.8690999999999995
1049,-2.8244999999999996,2.9356,2975.72,15.67,0.0124,0.6787,2.3768999999999996
1050,-3.7073,3.3667000000000002,3089.2599999999998,15.61,0.0326,0.5858,1.7963
1051,-5.164500000000001,4.42,2951.84,15.73,0.0156,0.5329,0.7671
1052,-0.2618,6.698220979882939,2973.57,15.88,0.0236,0.8342999999999999,0.6072
1053,-2.3126999999999995,4.7977,3059.59,15.72,0.038700000000000005,0.8296999999999999,1.1789
1054,-1.99,6.149500000000001,3054.01,15.61,0.0215,0.565,0.7514
1055,-0.21730000000000047,5.3996,2931.26,15.95,0.0225,0.7593,1.7229
1056,-3.9072999999999998,6.949600000000001,2998.06,15.770000000000001,0.0233,0.8757999999999999,1.0917
1057,2.0608999999999993,3.9852,2996.66,15.770000000000001,0.0124,0.7828638098917527,1.969
1058,-1.9573000000000005,9.1321,2968.78,15.98,0.0238,0.5836,1.7245
1059,17.686400000000003,6.542300000000001,2976.48,15.74,0.0134,1.0644,1.827
1060,2.1145,5.1912,2953.59,15.73,0.0289,1.0631,2.016
1061,5.170000000000002,6.4886,2909.43,15.84,0.015,0.47439999999999993,0.8682000000000001
1062,4.911965993895247,2.6817,2940.53,15.83,0.0188,1.0959,2.1363999999999996
1063,0.9826999999999992,6.454,2949.77,15.85,0.0188,0.9735,1.2488
1064,2.3182000000000023,8.4018,3081.34,15.71,0.0267,0.7139,0.7825
1065,20.0236,8.0814,2962.65,15.85,0.0223,0.7524,3.1606999999999994
1066,6.593523682801726,8.1183,3071.09,15.83,0.039,1.0959,2.7193999999999994
1067,0.5608999999999997,7.2238767734644,3017.86,15.66,0.0212,0.9072,0.6284
1068,-0.5326999999999994,6.4537,2908.22,15.7,0.0238,0.7719,1.3597
1069,-3.9045,5.3634,3073.2500000000005,15.84,0.022496827875668042,1.0359,0.7296
1070,3.138200000000001,7.8219,3049.58,15.66,0.0315,0.5284,2.4133
1071,5.08196123136428,4.2267,3046.34,15.76,0.0389,0.6641,2.8445
1072,-0.4173000000000004,9.934400000000002,3072.9900000000002,15.96,0.0254,0.6987,1.6039
1073,3.7338018657034238,5.0971,2831.91,15.680000000000001,0.03896615215473652,0.6641,2.4780999999999995
1074,1.7627,2.0193,3024.0692859630753,15.71,0.0184,0.7558,1.9753999999999998
1075,1.5555,2.8002,3015.77,15.870000000000001,0.0165,1.0359,1.5322
1076,2.5055,6.284,2982.67,16.01,0.0157,0.9276000000000001,0.6345
1077,-3.4873000000000007,5.9222,2953.63,15.73,0.0151,0.6605,2.3159
1078,-2.797300000000001,3.828693946178311,2928.89,15.71,0.028,0.9074999999999999,1.5726
1079,3.896399999999998,3.7055,3022.71,15.66,0.0311,1.0891,2.6404999999999994
1080,5.0818,5.2405,2993.19,15.73,0.016,0.8638,1.8986
1081,-0.03089999999999903,7.7416,2970.71,15.99,0.0304,0.9873,1.492
1082,-1.0082000000000009,2.2394,2989.37,16.02,0.0203,0.57,2.364
1083,18.6827,7.4078,3006.23,15.74,0.02016734794184108,0.9835999999999999,1.7603000000000002
1084,8.775547900613264,5.962382587534829,3090.1800000000003,15.74,0.0369,1.0407,1.5173
1085,4.055499999999999,6.1799,3070.63,15.779999999999998,0.0319,0.8786999999999999,1.0491
1086,1.2208999999999992,9.3285,2921.48,15.73,0.0224,0.7663,1.7090858108502673
1087,2.7763999999999993,7.4219,3091.71,15.83,0.0192,0.9725,2.1255999999999995
1088,-4.037300000000001,6.288199999999999,3069.02,15.99,0.0267,0.5888,0.6191
1089,-0.7108999999999996,3.1152999999999995,3071.18,16.07,0.0267,0.6242,0.9149
1090,-4.7818000000000005,3.7688999999999995,3002.82,15.689999999999998,0.0225,0.9136,1.0475
1091,-3.122699999999999,4.6652000000000005,2952.31,15.54,0.0249,0.9332,0.8783
1092,7.24,7.0695,2890.67,15.98,0.028,1.0918,2.619
1093,-0.4636000000000004,3.5555,3015.36,15.66,0.0227,0.7193,3.241
1094,13.489099999999999,6.9725,2981.54,15.93,0.043800000000000006,0.4996,1.9840000000000002
1095,2.582700000000001,8.3284,2889.26,15.8,0.0404,0.7507,1.6743
1096,1.2673000000000003,2.5672,3114.6799999999994,15.85,0.028099999999999997,0.7642,2.9171999999999993
1097,-4.488200000000001,4.3095,2935.34,15.580000000000002,0.018200000000000004,0.7954,1.4505
1098,-10.68,2.5881,3088.81,15.61,0.016,0.7532,1.4941
1099,8.6927,3.0731,2916.41,15.83,0.0436,0.7898,3.6025000000000005
1100,3.133600000000001,4.2996,3058.46,16.09,0.024912826369241636,0.8531999999999998,0.9231
1101,-1.092700000000001,8.8177,2983.83,15.99,0.0131,0.7681,1.037
1102,8.683832786783762,4.028800000000001,2955.85,15.83,0.0178,1.0459,2.1852999999999994
1103,-3.0899999999999994,4.5813,3083.49,15.84,0.0228,1.1525,1.891
1104,-2.236400000000001,4.048300000000001,2923.36,15.680000000000001,0.0218,1.0765,0.9969999999999999
1105,-1.948199999999999,5.700000000000001,2952.23,15.71,0.0165,0.74,1.927
1106,2.1173,6.5354,2982.16,15.779999999999998,0.023100000000000002,0.6257,1.8703000000000003
1107,-0.3955000000000008,5.28,3013.73,15.98,0.0196,0.6259,2.2365
1108,-4.889999999999999,2.9432000000000005,2941.85,15.74,0.0228,1.0143,1.7338999999999998
1109,0.1773000000000001,6.3655,2954.5345987563874,15.870000000000001,0.0156,0.8262999999999999,0.9347
1110,2.6472999999999987,3.2434,3078.2,15.71,0.0144,0.8047,1.9248000000000003
1111,-0.06910000000000095,2.6536000000000004,3150.13,15.71,0.0184,0.7159,1.7727000000000002
1112,2.818200000000002,6.4263,3028.53,15.91,0.024399999999999998,0.8721,1.7238864975225938
1113,-4.622699999999999,5.7416,3013.66,15.9,0.02075863678722801,0.5765,1.3972
1114,-3.899099999999999,4.1392,2969.29,15.72,0.015300000000000001,0.6254,1.2724
1115,7.1870435230548075,6.81408845847204,3051.32,15.91,0.028099999999999997,1.0323,2.6750999999999996
1116,-0.39180000000000076,5.6919,3101.28,15.79,0.0201,0.8159,1.4734
1117,-3.088200000000001,6.609600000000001,2901.62,15.7,0.0222,0.8336,0.6732
1118,2.682700000000001,4.2653,3171.4200000000005,15.73,0.0252,0.4782,1.4506
1119,-1.082699999999999,5.589600000000001,3005.31,15.75,0.026900000000000004,0.6161,1.217
1120,-0.06360000000000048,6.5193,3043.23,15.75,0.0302,1.1638,2.0605
1121,-9.4318,5.5267,3013.15,15.71,0.0156,0.8933999999999999,1.225
1122,1.147299999999999,5.5049,3065.48,15.770000000000001,0.0191,0.6857,1.7835
1123,0.7381999999999997,5.8034,3072.86,15.65,0.0176,0.8594999999999999,1.1547
1124,4.145500000000002,4.353600000000001,2988.5,15.88,0.0162,0.9361,1.9589
1125,-2.5191000000000003,7.4066,2965.5,15.76,0.0234,0.8149999999999998,0.4913
1126,-3.9218000000000006,6.2586,2994.92,15.79,0.0179,0.8387,1.9774000000000003
1127,0.9427000000000009,4.6356,3092.74,15.61,0.0177,0.9319999999999999,1.8428
1128,1.4409000000000003,5.942,2972.34,15.7,0.0158,0.9358999999999998,0.8117
1129,-0.31820000000000065,5.8228,3106.5499999999997,15.74,0.027,1.1248,2.1730999999999994
1130,13.7255,3.996,3043.05,15.96,0.0285,1.0803,2.8588
1131,-10.2673,9.876600000000002,2958.39,15.83,0.0204,0.8384,3.2941
1132,4.415500000000001,4.5129,2904.17,15.770000000000001,0.0345,0.8344999999999999,0.8986
1133,4.837300000000001,3.1119,3055.213574874365,15.91,0.0189,1.1638,0.7799
1134,5.495386469042388,4.823600000000001,3011.49,15.76,0.0342,0.4221,1.8653
1135,-2.4344999999999994,3.6744,3184.83,15.8,0.0203,0.7053,1.5612
1136,-4.4309,7.322800000000001,3142.2100000000005,15.75,0.0216,0.8469,1.7778
1137,5.095500000000001,5.962550269359713,3068.81,15.85,0.0129,0.57,2.6275
1138,1.9855000000000007,7.0181,2965.48,15.85,0.0169,0.9873,2.1282
1139,1.6526460770320448,4.7052,3075.7600000000007,15.96,0.0342,0.9251,2.7511
1140,-2.2381999999999995,5.1526,2959.86,15.770000000000001,0.0237,0.5317,1.7298
1141,17.7927,8.3238,2908.06,15.770000000000001,0.0317,0.6901,1.9952
1142,-0.6608999999999997,2.6206,2978.89,15.8,0.0138,0.8230999999999999,1.2299
1143,-4.72,5.7591,2999.28,15.61,0.0205,0.9319999999999999,1.5487
1144,6.424279540288851,10.2301,3054.78,15.680000000000001,0.038,0.7613,2.6183
1145,-1.1927000000000008,4.363900000000001,3051.44,15.8,0.02367968110015576,0.8987,3.6515
1146,-4.3955,5.4073,2997.67,15.93,0.0199,0.8229,2.002
1147,11.559100000000003,6.613115365539958,2992.4,15.83,0.0259,0.4996,2.196
1148,-3.650899999999999,3.9068,3042.45,15.75,0.0173,0.8469,1.1361
1149,-3.9554999999999993,4.0088,3070.16,15.93,0.0305,0.9048,1.1701
1150,3.5944999999999987,6.0911,3002.22,15.79,0.0252,0.7139,2.7615999999999996
1151,-0.44819999999999943,7.8704,3093.75,15.98,0.0191,0.5836,1.358
1152,-2.9573,5.196699999999999,3030.88,15.57,0.020599999999999997,0.46599999999999997,1.3706
1153,-1.709999999999999,5.8362,3034.55,15.93,0.0259,0.9078999999999999,0.9974
1154,6.185499999999999,5.9842,3047.06,15.54,0.021,0.7093,1.1368
1155,-2.1136,4.9854,2949.12,15.79,0.0215,0.7516,0.7404
1156,-10.1245,4.3614,3040.72,15.870000000000001,0.0337,0.9393,2.6753
1157,-7.5382,3.5277,2983.27,15.779999999999998,0.0236,0.7574,2.4532
1158,-5.3318,3.9171,2882.22,15.71,0.0158,1.0199,2.2332
1159,2.1927000000000003,6.1039,3045.87,15.75,0.0262,0.9329000000000001,2.0732
1160,5.134500000000001,3.1492,2913.15,15.74,0.0342,0.7015,0.6918
1161,2.571348751653518,3.0522,3032.29,15.870000000000001,0.0207,0.9413000000000001,0.8416
1162,1.1591000000000011,7.1718,3025.01,15.82,0.024,0.9254999999999999,0.8735000000000002
1163,0.7136000000000003,4.1454,3064.09,15.93,0.0199,0.8594999999999999,1.7232
1164,2.1918,5.3635,3068.38,15.99,0.024399999999999998,0.7593,0.7908
1165,18.8673,7.499900000000001,2940.5,15.96,0.0299,0.5593,1.9541
1166,-6.0255,3.6401,3002.15,15.73,0.0225,1.0765,0.8209
1167,-0.4090999999999993,7.7667,2882.17,15.73,0.0217,1.2471,2.4155999999999995
1168,-0.44909999999999967,3.2363,2962.45,15.79,0.021900000000000003,0.6815,1.6506
1169,1.2955000000000005,4.624,3186.16,15.770000000000001,0.0239,1.0199,2.3713999999999995
1170,-0.9499999999999997,4.344100000000001,2960.58,15.52,0.028099999999999997,0.6605,1.7839
1171,3.4318000000000004,5.2435,3030.56,15.779999999999998,0.0162,0.6644,0.8908999999999999
1172,0.8826999999999993,7.160300000000001,3003.96,15.73,0.0378,0.8160999999999999,1.3099
1173,-2.5726999999999993,3.1584999999999996,2931.4,16.04,0.0232,0.7681,0.7417
1174,-2.1464000000000008,2.6374,3018.78,15.79,0.020599999999999997,0.9319999999999999,1.8328999999999998
1175,1.335500000000001,4.967200000000001,3097.89,15.74,0.0254,0.7663,2.9122
1176,-0.7235999999999999,7.7214,2901.07,15.82,0.019400000000000004,0.5377,2.4801999999999995
1177,4.313600000000001,5.1801,2982.62,15.71,0.0264,0.8833999999999999,2.8041999999999994
1178,3.4490999999999987,5.6384,3028.97,15.82,0.0144,1.0478,1.1021
1179,-4.101799999999999,4.0088,3160.54,15.73,0.0211,0.9136,1.5517
1180,8.350193432814333,2.9844,2872.4,15.680000000000001,0.0431,0.7613,2.7079
1181,3.6536,7.3859,3023.37,15.770000000000001,0.0299,0.8858999999999999,0.7478
1182,-1.2335999999999994,4.0648,3116.38,15.82,0.0173,0.9812,0.8709
1183,-0.3444999999999994,9.8065,3021.37,15.61,0.0139,0.3973,2.7014999999999993
1184,0.18910000000000013,5.7327,2966.94,15.99,0.0273,0.9873,1.858
1185,3.138200000000001,9.1637,2992.15,15.89,0.0256,0.9715000000000001,1.2847
1186,4.538200000000001,4.351,3044.34,15.66,0.016,0.9489,0.8479000000000001
1187,-3.2881999999999993,4.5105,2966.26,15.7,0.0213,1.0959,1.9043000000000003
1188,6.599999999999999,5.2891,3022.8,15.84,0.0151,0.4389,1.8825999999999998
1189,1.5018,10.8289,3076.5,15.89,0.0247,0.7928,0.6238
1190,11.723538610376874,10.9632,3047.54,15.73,0.0251,1.0803,2.8741
1191,-3.634500000000001,4.6133,2979.93,15.860000000000001,0.0237,0.9273999999999999,2.3904
1192,2.4208999999999987,4.2983,3001.9,15.85,0.019,0.8184,0.798
1193,-1.686399999999999,5.5709,3035.18,15.689999999999998,0.027,0.6644,0.736
1194,-12.2945,6.1979,3032.24,15.71,0.0246,0.6672,2.5046
1195,-1.6599999999999993,1.942,3000.77,15.7,0.023100000000000002,0.8858999999999999,2.5123
1196,-2.6682,4.3753,3014.16,15.770000000000001,0.0179,0.7663,2.0508
1197,0.19729999999999928,5.9703,3051.88,15.779999999999998,0.0177,0.5194,1.3663
1198,-3.777299999999999,2.2464,3007.39,15.61,0.0229,0.9319999999999999,1.5642
1199,-0.45270000000000055,5.7777,3011.32,15.72,0.0229,0.8757999999999999,1.2192
1200,6.908199999999999,8.6041,3020.71,15.8,0.0152,0.7524,2.5991
1201,7.391800000000001,5.726,2912.24,15.84,0.0291,0.5677,2.0961
1202,12.307300000000001,5.439626040183271,3074.69,15.8,0.0305,0.7162,0.8885000000000001
1203,-5.1618,4.880999999999999,2939.57,15.73,0.024399999999999998,0.7674,1.6783999999999997
1204,-2.1008999999999998,4.123900000000001,3028.4,15.689999999999998,0.0274,0.8531999999999998,0.8292
1205,7.277182900422525,5.1866,3008.98,15.82,0.026244273575682316,0.7747,2.6108999999999996
1206,-2.5944999999999987,3.3232,2916.12,15.860000000000001,0.0376,0.5669,1.4333
1207,-2.470899999999999,2.5702,3197.43,15.91,0.0287,0.8336,0.5489
1208,-0.8891,6.0573,3111.28,15.870000000000001,0.0321,0.7445,0.854
1209,2.4294495163041665,4.9673,2967.68,15.8,0.010299999999999998,0.5955,3.1426999999999996
1210,1.1990999999999994,4.6582,2927.71,16.09,0.0204,0.7233,0.8532999999999998
1211,-2.810000000000001,4.483600000000001,3078.7699999999995,15.89,0.0197,0.5765,0.682
1212,17.3018,6.5557,3050.47,15.680000000000001,0.0129,0.6901,2.0982
1213,9.634391724876355,6.6984,2865.31,15.74,0.0403,1.1086,2.7066
1214,15.353600000000002,4.0729,3010.41,15.7,0.03432063270697225,1.0459,0.5889
1215,-0.3263999999999998,3.6306,3038.81,15.73,0.024899113647768506,0.8962,2.8424
1216,0.5564000000000006,5.8414,2922.05,15.73,0.0259,0.8427,2.0996
1217,-1.4191000000000007,8.0345,2994.75,15.680000000000001,0.0237,0.9916000000000001,1.186
1218,2.7800000000000002,10.4267,2968.06,15.80165291062623,0.023100000000000002,0.811,1.0338
1219,-5.9418,7.3721,2988.21,15.680000000000001,0.0228,0.46599999999999997,1.2098
1220,-1.047299999999999,4.631200000000001,3030.1043572351196,15.7,0.0201,1.1623,0.654
1221,2.520899999999999,4.3093,2935.94,15.82,0.0168,1.0459,2.2759
1222,-1.6545000000000007,6.5713,3020.76,15.72,0.03880000000000001,1.2364,2.5986999999999996
1223,6.2044999999999995,4.491487242506876,3020.25,15.8,0.0308,1.0918,2.691
1224,1.7272999999999996,3.4184,2953.63,16.08,0.0176,0.647,0.9652000000000001
1225,8.301799999999998,5.828299999999999,2951.41,15.85,0.0151,0.9639,1.0134
1226,1.2300000000000004,4.139000000000001,2995.26,15.92,0.0418,0.7158,2.543
1227,2.434500000000001,4.0485,3099.8699999999994,15.85,0.0169,0.6576,1.5766
1228,-6.4944999999999995,6.570799999999999,2852.18,15.66,0.027,0.5742,3.7141
1229,12.160900000000003,5.6767,2959.2,15.73,0.0325,1.1815,2.7625
1230,3.712700000000001,5.1701,2977.46,15.95,0.0204,0.9251,1.6451000000000002
1231,-1.0981999999999992,3.6475,3070.43,15.96,0.0249,0.6385,2.3702
1232,5.872699999999998,4.7116,3111.09,15.92,0.0251,0.9725,0.8209
1233,1.6309000000000007,6.4754,2928.55,15.66,0.0221,0.8160999999999999,1.2612
1234,3.7593260777477653,5.5544,3095.5000000000005,15.8,0.021900000000000003,1.0551,1.038
1235,5.996548337665489,6.3497,2969.01,15.85,0.0214,0.7524,0.8793
1236,-1.497299999999999,4.486,3005.05,15.770000000000001,0.0291,0.8197999999999999,1.8657
1237,5.718200000000001,7.5307,3001.53,15.73,0.0246,0.7337,0.9529
1238,0.7217999999999994,4.1323,3061.98,15.9,0.0238,0.9254999999999999,3.3334000000000006
1239,1.0344999999999998,4.9982,3059.2,15.73,0.0184,1.0135,1.7752
1240,-2.099099999999999,4.0262,2975.74,15.71,0.0155,0.9174999999999999,2.6411999999999995
1241,-1.3073000000000006,4.8576,2976.91,15.51,0.0254,0.9726000000000001,2.3088
1242,2.8987995502269137,7.440797787294231,3016.11,15.8,0.0317,0.9753,3.6422
1243,-5.6945,3.8017,3046.14,15.689999999999998,0.0179,0.9358999999999998,1.2371
1244,-0.9127000000000001,8.4692,2967.54,15.98,0.0154,0.9383,2.0107
1245,-2.1499999999999995,8.2545,3039.64,15.84,0.0173,0.7663,0.812
1246,-6.528199999999999,3.8322,2945.05,15.7,0.0258,0.8047,1.483
1247,-2.7672999999999996,5.7891,2902.96,15.870000000000001,0.02788639952191751,0.7447,1.0568
1248,3.2963999999999984,4.639,3057.31,15.95,0.0264,0.8216999999999999,1.2235
1249,3.0345000000000013,6.674,3009.71,15.8,0.0183,0.7558,1.175
1250,11.485499999999998,6.3958,3034.34,15.96,0.0268,0.9794,3.1136
1251,-2.310900000000001,4.3482,3025.21,15.67,0.02023864740516986,0.8451999999999998,2.3419
1252,0.3763999999999998,2.9581,2997.07,15.8,0.0203,1.148,0.852
