,feature_60,feature_478,feature_248,feature_125,feature_148,feature_442,feature_332
0,0.6991000000000002,6.0266,0.015200000000000002,15.82,0.0173,0.9639,0.07909999999999999
1,-1.417300000000001,4.8218,0.04736967257301427,15.73,0.014,0.8427,0.10709999999999999
2,10.235500000000002,6.1589,0.0345,15.69,0.0189,0.9192999999999999,0.0852
3,9.851799999999999,5.061200000000001,0.029453969898339098,15.77,0.0267,0.7158,0.09849999999999999
4,1.0335999999999996,7.482799999999999,0.031213116829265697,15.95,0.0106,1.1255,0.08169999999999998
5,3.6808999999999985,4.1813,0.01924530738370527,15.75,0.0069,0.4782,0.0318
6,2.8109000000000006,5.933900000000001,0.0340176385474658,15.7,0.0251,0.656,0.0752
7,1.5036000000000007,3.5466,0.02129442287343454,15.61,0.0189,0.9319999999999999,0.0863
8,23.8245,9.122099999999998,0.1729,15.95,0.0221,1.2771,0.0243
9,1.5745000000000002,3.3971,0.02949176947640373,15.87,0.0132,0.5317,0.0975
10,2.928199999999999,4.7353,0.04697013677765535,16.01,0.0144,0.565,0.0824
11,5.4991,5.2686,0.0217,15.99,0.0214,0.9361,0.0807
12,-2.5026999999999995,6.867599999999999,0.04010653798343883,15.709999999999999,0.0241,0.9174999999999999,0.0368
13,0.33999999999999975,7.0359,0.015300000000000001,15.95,0.0092,0.7316,0.09289999999999998
14,4.1691,6.8146,0.032382123159938665,15.79,0.008,0.8531999999999998,0.0311
15,-3.74,2.7876,0.027151794284128568,15.709999999999999,0.0159,0.7032,0.0892
16,5.250378628102419,6.1575916912220725,0.0234879838240163,15.84,0.0096,0.7139,0.09089999999999998
17,1.948200000000001,9.1675,0.0167,15.73,0.0262,0.8222,0.09399999999999999
18,8.1455,3.4324000000000003,0.029978568826830584,16.07,0.0055,0.6144,0.1011
19,4.9555,9.9444,0.0354,15.54,0.0286,0.9383,0.0622
20,9.188199999999998,5.926900000000001,0.0202,15.92,0.0262,0.5593,0.0968
21,2.2855000000000008,10.1458,0.02046010408767705,15.66,0.0203,0.5836,0.09539999999999998
22,0.6191000000000003,7.557099999999999,0.0444,15.79,0.0102,0.78,0.09289999999999998
23,-3.7509,3.369,0.028699164813420643,15.709999999999999,0.0157,0.6373,0.1043
24,4.911800000000001,4.8707,0.0196,15.73,0.0088,0.7655,0.08499999999999999
25,0.12000000000000095,5.817,0.02936741554712857,15.84,0.0223,0.9964999999999999,0.0883
26,1.8173,3.4949,0.0205,15.99,0.0257,0.7928,0.08479999999999999
27,2.7927000000000004,3.9522,0.015304568516611054,15.87,0.0112,0.7233,0.09109999999999999
28,2.110900000000001,8.801599999999999,0.03915393238075995,15.84,0.0246,0.6667,0.07779999999999998
29,-4.410899999999999,3.7060000000000004,0.02894915811925444,15.75,0.008,0.6641,0.0842
30,8.9136,7.179899999999999,0.1677,15.73,0.0189,0.7584,0.0224
31,-2.0763999999999996,6.11,0.0162,15.95,0.0059,1.1255,0.0652
32,0.5518000000000008,6.0246,0.0225,15.75,0.0163,1.0541,0.08749999999999998
33,-0.9363999999999996,2.9235,0.04754914716232151,15.73,0.0137,0.442,0.08389999999999999
34,5.2063999999999995,4.0558,0.018,15.92,0.0232,0.9237999999999998,0.08709999999999998
35,1.2835999999999994,6.923393722359811,0.029299999999999996,15.97,0.0189,0.6987,0.0775
36,1.0027000000000013,7.1442999999999985,0.022841765853362693,15.7,0.0189,0.656,0.08119999999999998
37,-2.6563999999999988,2.3646,0.019483161333949714,15.74,0.0153,0.7534,0.0824
38,-0.06359999999999923,10.0705,0.039330034247009676,15.76,0.0134,0.8858999999999999,0.0699
39,3.9055000000000026,6.1617,0.0182,15.68,0.0211,0.6901,0.0224
40,2.031800000000001,4.3582,0.019944001090811864,15.77,0.0074,0.5317,0.1065
41,17.3873,5.7628,0.0332,16.05,0.0194,1.0644,0.0247
42,-0.1544999999999993,4.319,0.021900000000000003,15.73,0.0087,0.6815,0.0381
43,-0.3308999999999995,3.2036,0.030819264528808916,15.8,0.0163,0.7053,0.0699
44,-5.718200000000002,6.748,0.04585123212466067,15.85,0.019,0.5632,0.0969
45,3.65,6.0536,0.019,15.98,0.008,0.8716,0.0833
46,19.65981615122275,5.1949,0.0641,15.639999999999999,0.0287,0.7613,0.07779999999999998
47,-5.6472999999999995,6.4204,0.0455,15.85,0.0092,1.1525,0.0254
48,1.8609000000000009,2.582,0.021900000000000003,15.75,0.0068,0.9136,0.08319999999999998
49,-4.492699999999999,4.5795,0.0162,15.75,0.018,0.684,0.0381
50,17.4,5.1848,0.0593,15.77,0.0277,0.9251,0.0964
51,1.6073000000000013,4.6249,0.023150800535392535,16.04,0.016,0.7663,0.0623
52,0.8873000000000006,3.9097,0.033228901126977003,15.879999999999999,0.0219,0.9251,0.10029999999999999
53,-2.7136000000000005,6.015,0.041494314944689664,15.78,0.0073,0.5669,0.030600000000000002
54,5.338200000000001,6.0748,0.0507,15.74,0.0062,0.7898,0.0779
55,1.6372999999999995,6.026,0.0154,15.75,0.0103,0.8807,0.0813
56,2.9691000000000005,3.4708,0.0203,15.96,0.0075,0.577,0.08169999999999998
57,-1.099099999999999,6.1979,0.051,15.63,0.005,0.9588,0.0658
58,2.9518,4.8857,0.0176,15.879999999999999,0.0185,0.8435,0.0813
59,-10.37,4.4544,0.05332681601305409,15.879999999999999,0.0057,0.8384,0.08229999999999998
60,1.3445000000000011,3.9991,0.023251872804982306,15.73,0.0072,1.0216,0.1044
61,1.1664000000000012,3.4878,0.03946121425578013,15.761623757183896,0.01462157020676346,0.7584,0.0706
62,0.18730000000000047,3.4793,0.019756948265318673,15.8,0.0151,0.6641,0.0686
63,0.4835999999999988,3.9691,0.051196474255035956,15.84,0.0212,0.9964999999999999,0.09139999999999998
64,4.0809,3.2356999999999996,0.025054466960956336,15.73,0.0326,0.7506,0.1061
65,18.3936,4.2732,0.038082870068630655,16.03,0.0203,0.7015,0.08589999999999999
66,1.2808999999999993,4.3922,0.0174,15.67,0.0176,0.9396,0.08599999999999998
67,0.5681999999999989,7.684,0.0359,15.879999999999999,0.0181,0.8435,0.0813
68,8.095500000000001,6.9474,0.0916,15.75,0.0342,0.7928,0.0998
69,-1.969999999999999,2.8027,0.025023556956496443,15.75,0.0072,0.481,0.0863
70,-8.225500000000002,5.2293,0.03849596564451455,15.790396381721393,0.0145,0.6302,0.07742873058154165
71,-0.749999999999999,5.8268,0.0181,15.709999999999999,0.0169,0.6641,0.08749999999999998
72,0.1626999999999996,3.2662,0.023299999999999998,15.75,0.0195,0.7611,0.034
73,-1.955499999999999,7.154799999999999,0.04397084462145185,15.87,0.025,0.7477,0.0241
74,-1.3017999999999998,5.6614,0.03745371641900999,15.51,0.0194,0.8470999999999999,0.0337
75,-0.01910000000000058,6.423399999999999,0.0411,15.96,0.0062,0.6335,0.0599
76,-2.032700000000001,4.8172,0.023774447545237814,15.84,0.0203,0.4254,0.029999999999999995
77,3.0982000000000016,4.8741,0.0435,15.82,0.0094,0.7337,0.08949999999999998
78,-2.9609,7.325199999999999,0.041547645644123506,15.57,0.0254,0.8136,0.0311
79,3.543599999999999,4.3696,0.0,15.7,0.0067,0.6927,0.0347
80,1.5127000000000008,8.4684,0.019532227463653237,15.97,0.017,1.0189,0.08169999999999998
81,1.1699999999999986,4.533,0.1454,15.879999999999999,0.0081,0.8146,0.08709999999999998
82,-0.8045000000000005,5.2201,0.04217508704913285,15.74,0.0096,0.7258,0.1092
83,2.990000000000001,6.867399999999999,0.0168,15.87,0.0205,0.577,0.10119999999999998
84,15.36874975066466,6.722899999999999,0.0427,15.7,0.0216,1.0959,0.07539999999999998
85,0.7000000000000002,3.952,0.02277679687002779,15.65,0.0101,0.8594999999999999,0.0858
86,10.995499999999998,9.4756,0.0334,15.75,0.0292,1.1815,0.0937
87,1.7373,4.3682,0.1247,15.77,0.0261,0.8751999999999999,0.09089999999999998
88,-19.9927,6.6127,0.0149,15.98,0.0151,0.8716,0.09109999999999999
89,0.9573000000000002,5.5044,0.043076780618825,16.01,0.0176,0.5194,0.1067
90,-3.3554999999999993,6.5896,0.044780515432003086,15.87,0.0213,0.7392,0.07819999999999999
91,-0.6327000000000006,5.515,0.021661610533519973,15.709999999999999,0.011,1.0143,0.1087
92,5.069100000000001,2.7352,0.04075022688324663,16.07,0.0214,0.745,0.1058
93,11.290899999999999,10.7271,0.0312,15.91,0.0222,0.8435,0.09249999999999999
94,-2.6109,2.5503,0.0,15.89,0.0071,0.7032,0.0841
95,-0.37360000000000065,5.7983,0.014699999999999998,15.95,0.0095,0.7643,0.08479999999999999
96,-1.1391000000000002,3.3644999999999996,0.017091196769429,15.94,0.01239843790011613,0.9078999999999999,0.061900000000000004
97,-4.990000000000001,4.3431,0.022989125578789422,15.72,0.012,0.8229,0.08319999999999998
98,-0.9091000000000011,4.2125,0.02006835783610749,15.51,0.0205,0.7611,0.11110000000000002
99,1.8163999999999998,5.801,0.0338,15.66,0.0183,0.9726000000000001,0.0685
100,0.12270000000000096,6.0602,0.0394,15.85,0.0181,0.7928,0.0998
101,0.8745,5.0466,0.026399999999999996,15.92,0.0217,0.8689999999999999,0.0264
102,-1.0181999999999993,6.2631,0.028613483872449535,15.75,0.0059,0.46599999999999997,0.0858
103,0.30360000000000115,6.878199999999999,0.033008845374774366,15.76,0.0086,1.062,0.0969
104,2.050899999999999,8.3516,0.018786167138275026,15.84,0.0207,0.6163,0.08449999999999999
105,22.792699999999996,8.414899999999998,0.131,15.77,0.0057,1.0551,0.0529
106,4.146399999999999,8.217499999999998,0.027960776939689957,15.63,0.0181,0.6222,0.0865
107,0.3244999999999992,8.9509,0.03892676770157784,15.62,0.0082,0.6796,0.11139999999999999
108,6.152700000000002,2.6252,0.0284,15.85,0.0095,0.9639,0.0915
109,-1.8473000000000006,8.9647,0.0446,15.83,0.0222,0.8556,0.0946
110,-1.6435999999999997,7.075999999999998,0.04963857892301887,15.72,0.0143,0.8133,0.10709999999999999
111,2.2981999999999987,4.252,0.027998823723084255,15.709999999999999,0.0098,0.593,0.0861
112,23.886400000000005,3.6260000000000003,0.057999999999999996,15.74,0.006,0.6641,0.07849999999999999
113,3.8108999999999997,5.1132,0.021521031048632677,15.84,0.0118,0.9273999999999999,0.05264204433273475
114,-6.740000000000001,4.736,0.024485557535788585,15.61,0.0161,0.3973,0.0452
115,2.2618,8.7071,0.020832411923915585,15.709999999999999,0.0171,0.7852,0.0989
116,1.9245,4.6417,0.0362,15.99,0.0048,1.0918,0.0932
117,-0.4409000000000001,6.196200000000001,0.0228865840162221,15.7,0.0143,0.5779,0.1187
118,15.021676284794863,6.5264999999999995,0.07864738317981639,15.76,0.0177,0.8446,0.0529
119,2.4208999999999996,6.6675,0.03418223504796426,15.82,0.015304920323507026,0.5478,0.11410000000000001
120,-0.8100000000000008,6.557160832410546,0.013800000000000002,15.74,0.0257,1.0135,0.09359999999999999
121,6.8083091017231,4.347248081330181,0.0126,15.82,0.0169,0.7093,0.08339999999999999
122,-17.9336,4.7846,0.033123427962301305,15.78,0.0167,0.7574,0.08709999999999998
123,-0.7155000000000007,2.1779,0.0289,15.73,0.0209,0.593,0.0939
124,4.150899999999999,5.0601,0.03940496009650442,15.85,0.0111,0.8342999999999999,0.084
125,3.967299999999999,5.5115,0.017,15.7,0.0061,1.1213,0.09269889262091142
126,-3.65,4.6997,0.0148,15.77,0.0079,0.5779,0.11029999999999998
127,-1.9854999999999996,7.9214,0.015200000000000002,15.77,0.0046,0.8159,0.0855
128,-3.879999999999999,4.8058,0.021286930655418236,15.73,0.0283,0.6268,0.0315
129,5.804499999999999,8.0418,0.0177,15.61,0.0122,0.8159,0.0824
130,-0.9945000000000009,6.577799999999999,0.0097,15.82,0.0205,1.0541,0.1065
131,-4.663599999999999,4.3419,0.04426748643232518,15.8,0.026,0.7477,0.08569999999999998
132,-19.1518,3.4781,0.0940625264015563,15.781591927300074,0.0141,0.9835999999999999,0.06659534809015295
133,3.2508999999999983,5.7289,0.0231,15.9,0.0074,0.9048,0.0932
134,2.3317999999999994,5.6591,0.040457856130163505,15.87,0.0139,0.9174999999999999,0.10509999999999999
135,5.401799999999998,3.3141,0.0254,15.79,0.0336,0.8235,0.08479999999999999
136,-0.5690999999999988,3.3826,0.023276560834333004,15.73,0.0082,0.811,0.0939
137,-0.5540145450040502,6.0188,0.05985067118403461,15.75,0.0181,0.7574,0.0968
138,-1.0573000000000006,3.3903,0.0121,15.97,0.014923361300347998,0.7643,0.0775
139,-6.8764,4.0285,0.028411931089346178,15.98,0.0172,0.6163,0.0452
140,2.813600000000001,5.8022,0.0125,15.73,0.0185,0.7139,0.08969999999999999
141,-3.7244999999999995,5.1156,0.026814126451726757,15.73,0.0256,0.9174999999999999,0.0368
142,-1.2182000000000002,5.243,0.041268992375643895,15.87,0.0203,0.7477,0.09379999999999998
143,-5.680000000000001,8.4634,0.018921977890262495,15.85,0.0226,0.573,0.030100000000000002
144,1.251800000000001,4.0841,0.040505885988143524,15.61,0.0171,0.7532,0.08189999999999999
145,-0.11450000000000067,5.2041,0.021900000000000003,15.85,0.0099,0.573,0.0323
146,19.5609,6.6339999999999995,0.1307,15.87,0.023,0.7507,0.0969
147,-3.767300000000001,5.8656,0.04108419567549499,15.74,0.0185,0.6787,0.0304
148,-3.685500000000001,5.7486,0.0225,15.96,0.013,0.9588,0.0852
149,3.3917999999999973,5.4606,0.017805718314212047,15.97,0.011,0.3963,0.0849
150,-2.503599999999999,5.4421,0.021950687259680236,15.73,0.007,1.0186,0.0373
151,16.241800000000005,6.1628,0.0429,15.85,0.0265,0.9683,0.0246
152,4.660900000000002,4.2114,0.0711,15.8,0.0199,1.0459,0.0786
153,1.5882000000000007,2.8513,0.03296823351669978,15.82,0.0248,0.7584,0.0734
154,24.14,8.170999999999998,0.0385,15.85,0.0297,0.7059,0.0969
155,0.1517999999999993,3.0125,0.0323,15.92,0.01,0.7928,0.10029999999999999
156,8.0636,6.2537,0.0216,15.72,0.0234,0.7524,0.0964
157,25.0836,8.392899999999997,0.0458,15.86,0.0327,0.5955,0.07889999999999998
158,3.265499999999999,7.247099999999999,0.01974462486709558,15.61,0.0219,0.577,0.0865
159,2.2009000000000007,3.977,0.029515927061777927,15.639999999999999,0.0133,0.5194,0.1067
160,-6.6408999999999985,2.9266,0.020144028693109016,15.7,0.0084,1.1623,0.0811
161,-3.704499999999999,6.9715,0.0179,15.7,0.0213,0.8615999999999999,0.10169999999999998
162,-2.630000000000001,4.9807,0.0214,15.91,0.0181,0.5377,0.08189999999999999
163,-2.728200000000001,2.8666,0.0175,15.7,0.01,0.7677,0.0939
164,2.6717999999999993,2.7091,0.024800000000000003,15.8,0.017,0.9048,0.08662859423863548
165,1.0045000000000013,6.831699999999998,0.0221,15.85,0.0078,0.8882999999999999,0.0932
166,1.6017999999999986,3.6852,0.028277037808655935,15.57,0.0207,0.7532,0.0792
167,20.720900000000004,4.6032,0.0217,15.8,0.0322,0.7408,0.0804
168,-3.1255,4.0177,0.021951432319543916,15.709999999999999,0.0067,0.9332,0.1088
169,4.0991,3.9273,0.0182,15.84,0.0223,0.6576,0.08729999999999999
170,-6.3391,2.5684,0.055099999999999996,15.72,0.0129,0.8858999999999999,0.1087
171,6.2455,5.0709,0.058300000000000005,15.85,0.008,0.768,0.0915
172,10.210899999999999,4.8214,0.0191,15.8,0.0231,0.7162,0.0734
173,10.007036187639804,5.7668,0.1085,15.8,0.0203,1.0959,0.0729
174,-0.7245000000000007,4.6526,0.0207,15.74,0.0146,1.0541,0.0841
175,-0.27090000000000025,3.3925,0.02431927015336716,15.56,0.0055,0.9066,0.0324
176,10.8955,4.3312,0.0465,15.77,0.0217,0.7524,0.1004
177,3.6352602211513676,5.29307729645721,0.1409,15.74,0.018,0.8446,0.0786
178,-1.0908999999999989,5.727499999999999,0.03159144338119219,15.709999999999999,0.024,0.8858999999999999,0.0686
179,-0.5654999999999989,4.8219,0.021570615482606678,15.73,0.0206,0.7277,0.0315
180,-2.8818,5.3451,0.02,15.89,0.0219,0.8146,0.065
181,3.1135999999999995,7.6393,0.0344,15.84,0.0107,0.9059,0.0257
182,-7.008200000000001,7.8141,0.027617557333416063,15.69,0.0207,0.9276000000000001,0.1088
183,3.0717999999999983,6.275,0.026079035233998904,15.75,0.0188,0.6385,0.0851
184,-1.5036000000000007,2.8462,0.02438466598666627,15.74,0.0192,0.7852,0.0863
185,3.184499999999999,5.4338,0.0169,15.93,0.0163,1.0189,0.0856
186,22.7173,5.3468,0.0412,15.9,0.0258,0.8556,0.1013
187,-12.1527,5.0961,0.03721899063635436,15.77,0.0159,1.148,0.0759
188,2.3199999999999994,4.7428,0.028537920196400023,15.76,0.0282,0.685,0.084
189,0.7864000000000002,5.0348,0.019279166617705394,15.69,0.0192,0.6796,0.0323
190,-2.481799999999999,3.3746,0.03921565869890074,16.01,0.0176,0.6385,0.0824
191,9.333600000000004,8.5107,0.046194364645580265,15.87,0.0141,0.7898,0.0366
192,2.0427000000000013,8.607199999999999,0.0805,15.72,0.0192,0.9087,0.0993
193,2.4299999999999997,3.6629,0.019467803805454226,15.93,0.0105,0.9735,0.10169999999999998
194,0.30360000000000115,7.5994,0.0184,15.95,0.0196,1.0078,0.09289999999999998
195,0.24639999999999967,6.4316,0.01489545747608755,15.93,0.0124,0.8858999999999999,0.10169999999999998
196,1.269099999999999,6.585699999999999,0.0142,15.78,0.012,0.6257,0.062099999999999995
197,0.28180000000000055,4.4168,0.0215,15.77,0.0143,0.5888,0.0852
198,-0.923599999999999,6.5365,0.0184,15.709999999999999,0.0151,0.7954,0.10619999999999999
199,5.378199999999997,5.5785,0.1008,15.83,0.0098,0.8235,0.08029999999999998
200,0.8045000000000005,7.499299999999999,0.038651933790246694,15.8,0.0177,0.47490000000000004,0.0323
201,0.4199999999999996,6.8146,0.0188,15.82,0.02,0.8615999999999999,0.08749999999999998
202,2.8235999999999986,7.9017,0.04032608286512589,15.709999999999999,0.0185,0.9525000000000001,0.0328
203,1.3282000000000007,2.8024,0.0691,15.454196657788039,0.0086,0.6644,0.0337
204,1.9935999999999998,6.703799999999999,0.0226,15.67,0.015,0.4382,0.0662
205,2.5854999999999992,3.1843,0.01767623225885397,15.62,0.0204,0.8197999999999999,0.0328
206,16.407299999999996,6.616099999999999,0.08730000000000002,15.9,0.0255,0.7158,0.08229999999999998
207,6.6827,5.5553,0.0247119623505269,15.8,0.0178,0.9237999999999998,0.08709999999999998
208,2.8244999999999987,4.2813,0.0665,15.9,0.0078,0.7928,0.08479999999999999
209,7.316399999999998,3.2838999999999996,0.03670535921306815,15.8,0.0109,0.713,0.0896
210,7.070899999999998,5.782500000000001,0.0515,15.99,0.0189,0.4389,0.082
211,-2.5436000000000005,5.4237,0.0302,15.709999999999999,0.0204,0.4817,0.08139999999999999
212,4.632699999999998,3.6741,0.022660696642979036,15.879999999999999,0.023,0.9725,0.09769999999999998
213,-0.6935999999999999,5.2008,0.015200000000000002,15.94,0.0112,0.832,0.0664
214,-0.9408999999999995,6.4924,0.023599999999999996,15.83,0.0075,0.7681,0.0652
215,-5.326399999999998,5.453499999999999,0.019019365759593152,15.73,0.0089,0.6268,0.0356
216,2.800899999999998,4.0832,0.025227035636212862,15.93,0.0126,0.7865,0.0818
217,-10.6036,6.8752,0.051,15.82,0.0059,0.9059,0.0969
218,-5.9045,6.2047,0.05660999872067189,15.92,0.0311,0.811,0.0747
219,-4.768199999999999,3.8697,0.021614688824808992,15.56,0.0103,1.026,0.10049999999999999
220,12.8982,8.285,0.026499999999999996,15.79,0.0091,0.7015,0.0746
221,5.650000000000002,9.0309,0.052199999999999996,15.85,0.0094,1.0393,0.09289999999999998
222,0.6055,4.2645,0.016880160706243343,15.56,0.0141,0.9525000000000001,0.1104
223,1.0290999999999997,6.679000000000001,0.0099,15.75,0.0169,0.78,0.08479999999999999
224,-2.5345000000000004,2.7794,0.02,15.77,0.0151,0.6373,0.1187
225,17.284920709793948,8.8334,0.055499999999999994,15.83,0.0259,0.596,0.0946
226,1.7018000000000013,4.1438,0.023299999999999998,15.6,0.0133,0.7611,0.10550000000000001
227,-3.009999999999999,2.7758,0.011109872442913959,15.69,0.0058,0.9091,0.0851
228,5.029999999999999,4.589720064130932,0.03350035107171527,15.83,0.0213,0.7584,0.0779
229,0.23359999999999911,4.2573,0.01949364410979673,15.74,0.0134,0.6163,0.0935
230,-1.789999999999999,2.2725,0.0196,15.77,0.0147,0.7558,0.0841
231,-0.18820000000000048,4.4714,0.018863739007604446,15.72,0.0079,0.8451999999999998,0.1104
232,-3.9508999999999985,4.1335,0.021,15.93,0.0113,0.9074999999999999,0.1088
233,-8.4836,6.9918,0.0557269469923724,15.92,0.0266,0.8384,0.08229999999999998
234,3.879999999999999,4.6953,0.0477,15.77,0.007,0.687,0.097
235,0.6781999999999996,4.7511,0.029718537192288376,15.9,0.0242,0.6302,0.077
236,5.794500000000001,6.0735,0.025132303681283864,15.86,0.0132,0.9444,0.0894
237,1.5644999999999998,6.613800000000001,0.027376293119039424,15.76,0.01,0.8569,0.1104
238,6.849100000000002,4.3849,0.046427629914012974,15.82,0.0118,0.5374,0.0901
239,4.933600000000002,5.822699999999999,0.04642832566888728,15.73,0.0122,0.4782,0.08311184343704402
240,-3.8655000000000013,6.381,0.0321,15.709999999999999,0.0178,0.7719,0.1033
241,21.757300000000004,5.7213,0.0829,15.8,0.0075,0.7613,0.07759999999999999
242,1.7317999999999998,3.7079,0.031227955157423735,15.65,0.0225,0.6641,0.0686
243,-5.519999999999999,3.7167,0.03063755447954593,15.79,0.0298,0.684,0.10169999999999998
244,-0.6327000000000006,3.0271,0.020026759607137498,15.65,0.008,0.6373,0.084
245,5.177300000000002,4.8457,0.01951377788408864,15.72,0.0122,0.9726000000000001,0.1047
246,1.1527000000000005,5.4141,0.0241,15.91,0.0171,1.1248,0.105
247,-2.5345000000000004,2.8331000000000004,0.018690337309805197,15.709999999999999,0.0047,0.9332,0.1088
248,-3.9618000000000015,4.9627,0.056500568851189766,15.66,0.0189,0.47439999999999993,0.0569
249,0.7000000000000002,7.0696,0.028570034717461147,15.84,0.0088,0.481,0.04714181236626585
250,-1.8044999999999993,7.204299999999999,0.023644919928496627,15.73,0.0277,0.5329,0.0272
251,6.096296040990854,3.1529,0.0354,15.79,0.0255,0.5593,0.1004
252,-3.1926999999999994,3.0517,0.024900000000000002,15.61,0.0211,0.9186,0.1024
253,22.7255110045514,5.9742,0.024900000000000002,15.74,0.0294,0.8735,0.07539999999999998
254,-0.7036000000000001,4.8678,0.0798,15.99,0.0146,1.1638,0.0806
255,-4.232700000000001,7.7983,0.03784711800222704,15.7,0.0149,0.7337,0.10169999999999998
256,6.739100000000001,6.988699999999999,0.0385,15.68,0.0138,0.7584,0.0779
257,3.2173000000000003,5.4916,0.027133575910475705,15.69,0.0239,0.8658999999999999,0.10029999999999999
258,3.9382000000000006,4.8265,0.044600876459563656,15.73,0.0099,0.9251,0.10189999999999999
259,1.1618000000000008,10.5293,0.0243,15.709999999999999,0.0142,0.6805,0.0607
260,-3.4499999999999993,5.9053,0.034732016179470845,15.54,0.0171,0.9707000000000001,0.0334
261,1.1273,2.8784,0.026299999999999997,15.79,0.0331,0.9254999999999999,0.10029999999999999
262,0.7955000000000005,2.4776,0.02516590134397563,16.09,0.0077,0.6815,0.1045
263,3.5264000000000015,6.2851,0.0168,16.0,0.012,0.57,0.08499999999999999
264,-3.271799999999999,4.0368,0.0166,15.77,0.0152,0.7032,0.11029999999999998
265,-2.3890999999999987,5.9176,0.0242,15.65,0.0187,0.6332,0.084
266,-5.7373,6.2186,0.022615970511295564,15.709999999999999,0.0158,0.3512,0.0336
267,-0.1544999999999993,4.4263,0.0184,15.96,0.0101,0.9525000000000001,0.1045
268,1.1781999999999988,6.4326,0.024,15.9,0.0138,0.9192999999999999,0.0804
269,-0.2281999999999991,5.998409445117747,0.0224,15.93,0.0104,0.9715000000000001,0.0856
270,0.34179999999999977,4.5494,0.0242,15.97,0.0093,0.8336,0.0887
271,9.5927,4.0186,0.026873749724332992,15.85,0.0327,0.7121,0.08599999999999998
272,-1.1455000000000006,4.1182,0.018733241433111517,15.87,0.0097,0.6611,0.034
273,0.5609000000000011,2.8961,0.012,15.75,0.0184,0.8716,0.09129999999999999
274,4.535499999999998,4.1739,0.01684503559320668,15.709999999999999,0.015,0.6644,0.0692
275,-1.9899999999999998,5.940999999999999,0.03207848218818321,15.66,0.0207,0.7663,0.0299
276,-0.991800000000001,3.4182,0.0302672027036273,16.02,0.013,0.768,0.0849
277,-2.5681999999999987,3.2156000000000002,0.020407189462955066,15.7,0.0074,0.593,0.0811
278,2.9691000000000005,3.4776,0.02061780246286013,15.67,0.0249,0.9066,0.0312
279,-0.016400000000000577,4.2753,0.026347703943391008,15.7,0.0143,0.6903,0.0858
280,2.986400000000001,3.95,0.030427270380666116,15.79,0.0162,0.8089,0.1257
281,0.08550000000000009,7.3841,0.046423114652853675,15.95,0.0202,0.9072,0.028300000000000002
282,0.5763999999999991,4.1425,0.01960505856698657,15.81,0.0124,0.8704999999999999,0.08999999999999998
283,3.3363999999999985,4.5331,0.0269,15.79,0.0132,0.9735,0.0887
284,-4.919099999999999,5.667799999999999,0.026401311268801315,15.66,0.0087,0.6787,0.0336
285,1.708199999999999,4.001,0.0539,15.709999999999999,0.0183,0.8149999999999998,0.0858
286,-9.1,6.1557,0.0136,15.75,0.0088,1.0765,0.0338
287,12.430899999999998,10.2688,0.04362083751910336,15.78,0.0158,0.8007,0.0779
288,15.809999999999999,5.8984,0.0189,15.879999999999999,0.0281,1.1869,0.09849999999999999
289,-4.1499999999999995,3.8611,0.02791778626666366,15.78,0.0087,0.714,0.08189999999999999
290,1.4055000000000006,7.147499999999999,0.0161,15.66,0.0132,0.8658999999999999,0.09969999999999998
291,4.8018,6.4164,0.0189,15.84,0.0211,1.0047,0.08599999999999998
292,5.915499999999998,5.5662,0.02477403810993925,15.82,0.0167,0.7664,0.08949999999999998
293,-2.3364,3.2527,0.0209,15.66,0.0068,0.8571,0.10029999999999999
294,-2.115500000000001,4.6677,0.030760937919180532,15.75,0.0151,1.0918,0.079
295,2.2800000000000007,7.556400000000001,0.0478,15.97,0.026,0.7153,0.10189999999999999
296,1.9336000000000004,3.6107,0.014699999999999998,15.709999999999999,0.0157,0.6857,0.0337
297,5.615499999999999,2.9642,0.014061954732635234,15.8,0.0152,0.7674,0.09559999999999999
298,-10.8745,3.8138,0.05334386429920922,15.8,0.0089,0.8384,0.07849999999999999
299,13.370899999999999,5.472995774048281,0.023399999999999997,15.99,0.0151,0.7316,0.0852
300,13.3745,5.0984,0.03376210978579222,15.879999999999999,0.0301,0.7059,0.08229999999999998
301,0.15359999999999932,7.5973999999999995,0.036334862927266454,15.78,0.0092,1.1623,0.1092
302,4.159099999999997,2.9657,0.026099999999999998,15.77,0.0083,0.7724,0.1011
303,-5.0245,8.711499999999997,0.07928388906833445,15.73,0.0317,0.8962,0.0937
304,7.059100000000001,5.8522,0.029099999999999997,15.92,0.0178,0.8689999999999999,0.0856
305,2.1045000000000003,10.5022,0.0533,15.89,0.019,0.9729,0.0775
306,2.549100000000001,5.6037,0.035,15.67,0.0168,0.8160999999999999,0.0662
307,0.5981999999999997,3.1249,0.025938850401906126,15.74,0.015499999999999998,0.5066,0.084
308,-0.17730000000000018,6.41,0.1365,15.63,0.0201,0.6222,0.0658
309,3.280000000000002,3.5925,0.0174,15.72,0.0198,1.0803,0.0993
310,16.015500000000003,8.5333,0.0431,15.89,0.0189,0.5677,0.0257
311,3.3691000000000018,5.0427,0.0274,15.73,0.0066,0.5858,0.089
312,22.6227,4.5258,0.0317,15.84,0.0236,1.1054,0.0243
313,1.3790999999999998,9.2809,0.030957363350769054,16.04,0.0092,0.9826,0.08679999999999999
314,-3.181799999999999,6.16,0.02048092488141213,15.72,0.0059,0.9329000000000001,0.0324
315,-4.6173,5.0841,0.02328764390868732,15.77,0.0169,0.9707000000000001,0.0829
316,-0.8964000000000009,4.4311,0.016,15.91,0.0117,0.604,0.0924
317,3.757094773885006,5.070054066069285,0.0783,15.74,0.016,0.687,0.097
318,-1.4608999999999994,7.3778,0.018000712217300877,15.73,0.0206,0.9329000000000001,0.0311
319,4.974499999999998,3.4411999999999994,0.1286,15.73,0.0068,1.0551,0.0821
320,5.9073,5.579900000000001,0.0242,15.75,0.0089,0.7642,0.09089999999999998
321,0.9027000000000008,3.8619,0.02162317306082695,15.77,0.0112,0.7532,0.08999999999999998
322,0.9591000000000001,3.1241,0.023,15.75,0.0156,0.8336,0.0881
323,-3.250900000000001,7.3364,0.05966171639063209,15.79,0.018,1.148,0.0746
324,3.2591000000000014,7.209324516836945,0.0149,15.75,0.0073,1.0338,0.0921
325,-0.8727,4.3145,0.0209,15.7,0.0082,1.0359,0.0858
326,4.409100000000002,6.7011,0.05569999999999999,15.73,0.0089,1.0323,0.09759999999999999
327,-4.659099999999999,5.8666,0.0198,15.58,0.0054,1.0478,0.1043
328,2.0127,4.571,0.0182,15.77,0.0051,0.8435,0.0813
329,1.0217999999999994,3.4914,0.0452,15.91,0.0196,0.8807,0.07909999999999999
330,4.042699999999999,5.4374,0.031,15.96,0.0205,0.7643,0.0775
331,21.39,3.0761,0.0354,15.82,0.030900000000000004,1.0459,0.0759
332,4.4564,7.203239222560973,0.0244,15.75,0.0083,1.0338,0.09089999999999998
333,1.858200000000001,6.817999999999998,0.0374,15.87,0.0116,0.9074999999999999,0.1067
334,4.310899999999999,4.5025,0.05063608943553944,15.74,0.0256,0.8681,0.08499999999999999
335,0.2535999999999997,5.743099999999999,0.0157,15.96,0.0117,0.577,0.08479999999999999
336,0.657299999999999,7.111699999999999,0.0212,16.07,0.0208,0.9276000000000001,0.0352
337,-1.509100000000001,6.8431,0.026643215684896828,15.81,0.0153,0.8154999999999999,0.10049999999999999
338,-5.7473,2.6227,0.02639236131900025,15.78,0.016,0.7677,0.0811
339,7.774499999999998,3.4881,0.1628,15.93,0.0326,0.7747,0.0964
340,1.437299999999999,9.2986,0.0154,16.04,0.0124,0.8230999999999999,0.0855
341,20.7118,4.7381,0.0448,15.92,0.0277,0.7507,0.0257
342,2.4217999999999997,5.6564,0.11219999999999998,15.73,0.0245,0.9332,0.0615
343,-3.2373000000000007,4.4719,0.02827244150987975,15.73,0.0174,0.9174999999999999,0.0368
344,10.7709,8.6732,0.04121765650731101,15.85,0.0264,0.9059,0.09419999999999999
345,2.211800000000001,3.3886999999999996,0.0446,15.92,0.0182,0.8689999999999999,0.105
346,-9.7682,6.4163,0.02203013268051137,15.62,0.0082,0.3973,0.0321
347,2.147299999999999,2.5138,0.04892740655944536,15.73,0.0261,0.8041,0.08599999999999998
348,-3.1455000000000006,8.0986,0.028245754717227952,16.04,0.0071,1.0189,0.0623
349,-4.25,5.0001,0.03152194034152838,15.73,0.0202,0.47439999999999993,0.05729999999999999
350,1.0636000000000005,7.3976999999999995,0.0208,15.73,0.0262,0.8807,0.07909999999999999
351,-0.5714404972323008,4.416425581781679,0.031291238907147315,15.75,0.0157,0.6644,0.0337
352,4.586723727588701,6.066221527995342,0.0203,15.74,0.0193,0.8435,0.0835
353,8.6673,3.5482,0.04556881075807959,15.74,0.0241,1.0891,0.077
354,-1.4327000000000012,3.8467,0.0658,15.69,0.0073,0.685,0.0851
355,-5.856400000000001,4.6662,0.0369,15.7,0.0126,0.7719,0.1043
356,-1.1172999999999997,5.1698,0.0380163360627048,15.87,0.0187,0.768,0.08679999999999999
357,-4.814499999999998,5.678,0.031333351688758226,15.97,0.0088,0.8159,0.0639
358,-1.1944999999999992,6.472799999999999,0.024483408020943145,15.7,0.0165,1.0631,0.0861
359,5.471799999999997,6.0985,0.03897725971526246,15.74,0.0107,1.0216,0.0615
360,6.5191,6.4151,0.06054320236788632,15.93,0.011,0.8344999999999999,0.09759999999999999
361,3.176399999999999,4.0713,0.0179,15.73,0.0067,0.8047,0.0381
362,14.749999999999998,9.9885,0.043800000000000006,15.82,0.0266,1.0323,0.1013
363,2.1918000000000006,4.8167,0.0163,15.79,0.023,1.0216,0.062099999999999995
364,5.080899999999999,8.417099999999998,0.0666,15.85,0.0109,0.9413000000000001,0.0946
365,6.991800000000001,5.258700000000001,0.1185,15.639999999999999,0.017,0.9393,0.0224
366,-3.9318000000000004,3.8097,0.0187,15.83,0.0128,1.0393,0.06130000000000001
367,1.2799999999999994,8.226,0.030600000000000002,15.66,0.0058,0.745,0.045
368,-17.3591,6.8911999999999995,0.05474472330739353,15.8,0.024,0.6302,0.0792
369,6.336399999999999,4.6662,0.05328236310120234,15.879999999999999,0.026,1.062,0.097
370,4.564499999999999,8.1722,0.05299999999999999,15.85,0.0067,1.0338,0.07649999999999998
371,0.13639999999999902,4.6148,0.01878522333222829,15.77,0.0201,0.5194,0.0352
372,-0.5954999999999997,2.1151,0.035688399454203955,15.68,0.0142,0.593,0.0838
373,0.3390999999999998,8.603699999999998,0.017953452462479664,15.78,0.0181,0.6222,0.1044
374,-2.2636,3.5046000000000004,0.026199999999999998,15.76,0.0143,0.587,0.1065
375,3.893600000000002,4.8816,0.055499999999999994,15.85,0.0245,0.687,0.09379999999999998
376,-0.007300000000000287,6.733599999999999,0.025288360660403034,15.83,0.019,0.7506,0.1061
377,0.4835999999999988,6.411,0.05106972142770837,15.73,0.0088,1.0803,0.077
378,-2.3263999999999996,3.253,0.01742647251666801,15.76,0.0172,0.47439999999999993,0.0863
379,1.4744999999999997,5.6832,0.0202,15.85,0.0274,0.9361,0.08479999999999999
380,1.2327000000000004,4.0468,0.0166,15.65,0.015,0.713,0.10099999999999999
381,-4.901799999999998,4.0905,0.0185,15.82,0.0103,0.7159,0.10169999999999998
382,-2.6654999999999993,5.533,0.08760000000000001,15.95,0.0112,0.5836,0.0764
383,2.0663999999999993,7.140499999999999,0.0185,15.82,0.0095,0.687,0.09379999999999998
384,0.7654999999999996,5.7586,0.0244,15.97,0.0105,0.9826,0.09089999999999998
385,-7.415500000000001,4.3502,0.04699999999999999,15.67,0.0076,0.5677,0.0248
386,-0.45000000000000046,5.1544,0.022341040170895513,15.74,0.0123,0.46599999999999997,0.08589999999999999
387,-0.24819999999999967,5.6555,0.0354,15.72,0.0152,0.6066,0.08499999999999999
388,17.1745,9.4912,0.0776,15.83,0.0266,0.9683,0.1013
389,3.8882000000000017,3.9965,0.0208,16.01,0.016,0.6242,0.1067
390,4.398199999999999,3.2659,0.0207,15.77,0.0128,0.587,0.0932
391,22.693599999999996,9.189099999999998,0.0252,15.75,0.0181,1.0323,0.0969
392,24.26,3.8906000000000005,0.0333,15.91,0.0238,1.0323,0.0937
393,-4.2364,3.5871,0.0174,15.82,0.0249,0.7159,0.1065
394,-3.4445000000000014,4.7695,0.026257784598212135,15.709999999999999,0.0206,1.0541,0.1043
395,3.137300000000003,5.3052,0.0411152477994721,15.77,0.0183,0.8076,0.0851
396,5.934500000000001,3.6369,0.02050372860577292,15.72,0.0133,0.9232,0.08999999999999998
397,0.9091000000000011,3.4436,0.027530296843718768,15.69,0.0084,0.9251,0.10189999999999999
398,2.484499999999999,4.0141,0.0175,15.9,0.0118,0.6903,0.0932
399,17.638200000000005,5.096,0.05814065769929387,15.8,0.0214,0.7015,0.08589999999999999
400,-1.3327000000000007,8.914299999999999,0.0176855540315929,15.54,0.0183,0.8296999999999999,0.0272
401,1.1681999999999986,4.7835,0.0162,15.9,0.0087,1.0393,0.08479999999999999
402,-1.3726999999999994,5.2717,0.0302,15.89,0.0142,0.9735,0.0822
403,8.1445,8.3032,0.148,15.78,0.0217,1.0135,0.09249999999999999
404,4.999100000000001,6.723499999999999,0.03841353785933516,15.779931432278868,0.0089,0.8342999999999999,0.084
405,22.1027,6.583599999999999,0.0385,15.85,0.0229,0.7507,0.09429999999999998
406,25.2736,8.106499999999999,0.0655,15.84,0.0214,0.7059,0.08049999999999999
407,-2.5418000000000007,3.965,0.02780181615110152,15.469999999999999,0.0189,0.5967,0.1104
408,3.6254999999999993,5.969738849266056,0.02426811180713222,15.709999999999999,0.0261,0.6796,0.0311
409,-2.9209000000000014,1.9674,0.0451,15.75,0.017,1.0541,0.0841
410,-3.5727,6.4423,0.05073815295198664,16.01,0.0182,0.7534,0.0326
411,9.05,6.364,0.1343,15.78,0.0119,1.1086,0.08104615126464056
412,6.3435999999999995,3.7264,0.022855483685657325,15.67,0.0103,0.9725,0.07649999999999998
413,16.851582721983657,3.5796,0.1551,15.74,0.0271,0.4221,0.0538
414,2.8745000000000025,9.7565,0.0188,15.85,0.0099,0.8751999999999999,0.097
415,0.9736000000000004,5.374,0.022733335280634887,15.57,0.0072,0.8229,0.10029999999999999
416,-3.1826999999999988,4.2716,0.03007686863830886,15.73,0.0178,0.8136,0.0336
417,5.809100000000002,4.3589,0.030500000000000003,15.85,0.0313,0.8556,0.09419999999999999
418,5.615499999999999,4.7003,0.0155,15.73,0.0175,0.713,0.08599999999999998
419,-3.539999999999999,4.8902,0.027607901949842646,15.86,0.0229,0.5742,0.029999999999999995
420,3.9899999999999998,4.0074,0.0204,15.81,0.0115,0.8689999999999999,0.0264
421,0.7699999999999997,3.9462,0.024675741060616724,15.75,0.0076,0.9136,0.0851
422,2.0672999999999995,6.390599999999999,0.03438092944997679,15.69,0.0081,0.9091,0.10029999999999999
423,-2.4373,3.6829,0.028148693722346112,15.78,0.0068,0.7258,0.0811
424,3.1527000000000007,5.1688,0.022777522331826346,15.98,0.0209,0.4685,0.0353
425,-1.9890999999999996,5.3999,0.03342802054334612,15.61,0.0181,0.9735,0.06099999999999999
426,0.9517999999999998,5.8937,0.0174,15.98,0.016,0.7681,0.0623
427,-4.933600000000002,5.045599999999999,0.03031280217415152,15.57,0.0225,0.6056,0.029999999999999995
428,1.7072999999999992,5.6009,0.028423260481445656,15.74,0.0292,0.6066,0.1044
429,22.4345,6.066600000000001,0.0947,15.83,0.0189,1.0407,0.0759
430,-3.4991000000000008,4.3926,0.0216,15.89,0.0188,0.8149999999999998,0.1065
431,-0.468200000000001,4.8846,0.026046513909022427,15.77,0.0068,0.4817,0.0381
432,-5.709099999999999,5.605,0.020161693614807456,16.07,0.0231,0.4817,0.0867
433,8.3045,4.665,0.0375,15.83,0.0216,0.9368,0.0779
434,-6.045499999999999,3.5785,0.014857661579010103,15.76,0.0086,0.6161,0.08159999999999999
435,-0.2627,2.7083,0.02841514958070712,15.83,0.0086,0.5284,0.1058
436,-3.7536000000000005,4.8003,0.0,15.89,0.0222,1.0631,0.0713
437,-1.1835999999999989,4.1362,0.014599999999999998,15.75,0.0115,0.7032,0.09109999999999999
438,-10.1291,7.744199999999998,0.06671131804614057,15.79,0.028,0.6302,0.07779999999999998
439,-1.2954999999999999,7.928499999999999,0.03935992577791971,15.84,0.0142,0.573,0.0323
440,-12.1373,3.406,0.05093234538518417,15.73,0.0242,0.7574,0.09379999999999998
441,-8.6082,5.2385,0.049,15.85,0.0255,0.9254999999999999,0.0248
442,-0.8045000000000005,4.1344,0.0175,15.97,0.0207,0.9588,0.0887
443,-1.5945000000000007,7.054899999999998,0.028643155135465732,15.7,0.0121,0.8149999999999998,0.0861
444,-1.7382,8.3401,0.021337938931589286,15.51,0.0249,0.4254,0.0311
445,3.0681999999999983,4.9841,0.03694581469542969,15.76,0.0135,0.9273999999999999,0.0329
446,2.1836417398264194,6.768354794940953,0.0154,15.99,0.0249,0.714,0.08279999999999998
447,-2.663599999999999,3.9721,0.04633697982273664,15.87,0.0237,1.2223,0.0768
448,24.350900000000003,5.3991999999999996,0.1739,15.87,0.0276,0.7613,0.07539999999999998
449,22.4673,2.5653,0.025,15.709999999999999,0.019,1.0216,0.062099999999999995
450,-2.463600000000001,3.3684000000000003,0.0961753511252326,15.87,0.0226,0.7162,0.0759
451,-3.1427000000000005,4.191,0.032709284403806445,15.57,0.0103,0.6254,0.07909999999999999
452,0.9408999999999995,4.885599999999999,0.0165,16.01,0.0062,0.577,0.0623
453,-0.18910000000000046,2.3933,0.04114281862245864,16.07,0.0164,0.6385,0.08499999999999999
454,-1.176399999999999,2.9801,0.024630490022722266,15.76,0.0272,0.8163,0.0858
455,4.055499999999999,4.3634,0.026674463659672774,15.9,0.015499999999999998,0.3963,0.1036
456,-7.962700000000002,3.7271,0.07435683659150374,15.8,0.0106,0.8384,0.0801
457,-1.9382000000000008,4.8264,0.0185,15.66,0.014,0.6611,0.034
458,-2.1309000000000013,6.4533,0.0197,15.73,0.012,1.0359,0.10619999999999999
459,16.649100000000004,7.033293698791434,0.04511098849693142,15.9,0.0231,0.8146,0.0804
460,1.3663999999999994,6.4272,0.0217,15.99,0.0056,0.9873,0.08479999999999999
461,1.1135999999999995,5.5958,0.0185,15.73,0.0112,1.0216,0.062099999999999995
462,2.309099999999999,5.1075,0.05925592725774047,15.73,0.015,0.9174999999999999,0.10509999999999999
463,9.6564,8.314599999999999,0.0701,15.8,0.0237,0.9109,0.1013
464,0.5536000000000009,3.1414,0.0206,15.98,0.0211,0.7193,0.10169999999999998
465,-4.658199999999999,4.7022,0.03954103876937692,15.84,0.0293,0.6259,0.029999999999999995
466,-0.3455000000000001,7.217951681319652,0.0211,15.99,0.0107,0.604,0.0855
467,11.696399999999999,7.259999999999999,0.0225,15.9,0.0243,1.1869,0.1021
468,-1.7817999999999987,4.0694,0.017521934835138697,15.75,0.0098,0.47439999999999993,0.0319
469,0.16639999999999988,8.6404,0.0148,15.89,0.0272,0.7153,0.0932
470,-3.9926999999999997,2.5272,0.018936882360371134,15.74,0.0208,0.47439999999999993,0.0571
471,-0.2800000000000006,8.944899999999999,0.024282497092903546,15.73,0.0192,0.7392,0.029999999999999995
472,-2.117300000000001,6.2890999999999995,0.0299,15.63,0.0108,0.6927,0.10709999999999999
473,-3.8691000000000013,5.1033,0.046360911643563534,15.74,0.0175,0.7392,0.0304
474,4.938199999999999,4.6676,0.05160839454537434,15.75,0.0223,0.6242,0.0851
475,-0.9618000000000001,9.4501,0.022578571072355284,16.04,0.0117,1.1255,0.0623
476,-6.8555,6.450799999999999,0.04730066397730059,15.73,0.0252,0.8041,0.08599999999999998
477,0.7735999999999996,7.411299999999998,0.02297288625052268,15.77,0.0243,0.7506,0.0344
478,23.786400000000008,4.8968,0.1278,15.76,0.0263,0.6641,0.07619999999999999
479,-2.029100000000001,7.4350999999999985,0.0156,15.62,0.0137,0.8704999999999999,0.0263
480,-2.667299999999999,6.334684713583624,0.0238,15.95,0.009,0.8230999999999999,0.0855
481,0.7900000000000003,4.9118,0.0597,15.9,0.0066,0.8163,0.08749999999999998
482,13.9782,6.0235,0.0231,15.93,0.0179,0.4996,0.0247
483,-5.4691,4.6156,0.027714057585473607,15.93,0.0063,0.656,0.11119999999999998
484,-5.242700000000001,8.0432,0.037073127004869165,15.84,0.0213,0.9136,0.0452
485,-1.2336000000000005,4.646,0.0226,15.99,0.0112,0.9588,0.0639
486,-7.156399999999999,7.9407,0.0158,15.73,0.0223,0.687,0.097
487,23.47360000000001,2.6882,0.0268,15.96,0.0224,0.5279,0.077
488,0.6327000000000006,5.3109,0.022808399517370192,15.86,0.0099,0.7849,0.0319
489,16.4582,4.9435,0.0165,15.76,0.0241,0.6901,0.08159999999999999
490,-7.8145,7.7685,0.022659969079771643,15.66,0.0237,0.5858,0.0308
491,-0.0945000000000001,4.0299,0.021189420377620966,15.68,0.0133,0.7337,0.0335
492,-5.165499999999999,3.6904000000000003,0.0226,15.98,0.0072,0.768,0.0639
493,22.880900000000008,5.2902,0.05029999999999999,15.81,0.0204,1.0407,0.0759
494,2.0064,5.3257,0.0182,15.85,0.0199,0.6576,0.08729999999999999
495,1.5755000000000003,8.0824,0.0191,16.02,0.0084,0.8716,0.0833
496,-3.181799999999999,2.9339,0.018965081162099086,15.73,0.0161,0.7719,0.0807
497,1.5444999999999993,7.405499999999999,0.0209,15.74,0.0064,0.7663,0.061900000000000004
498,-0.22269999999999882,4.4168,0.019,15.81,0.0224,1.0631,0.08339999999999999
499,-2.0209000000000006,2.5282,0.0159,15.69,0.018,0.9186,0.0353
500,25.442700000000002,6.2376000000000005,0.08176265704302102,15.87,0.0222,0.7613,0.07539999999999998
501,-3.1963999999999997,4.4213,0.028371253561349702,15.74,0.0287,0.5742,0.0874
502,-1.1235999999999997,3.8851,0.040615984885852836,15.54,0.0156,0.9048999999999999,0.079
503,-1.2209,5.873,0.0217,15.75,0.0176,0.5377,0.08479999999999999
504,23.98603482080113,6.8027,0.0623,15.68,0.0232,0.7613,0.07759999999999999
505,-0.6599999999999989,6.643199999999999,0.0126,15.77,0.0053,0.7643,0.0806
506,3.4391000000000016,6.555798093687377,0.033042102085061545,15.82,0.0148,1.0478,0.0662
507,1.0399999999999998,3.251,0.017,15.75,0.0059,0.8571,0.0353
508,-6.502699999999999,3.3019,0.030104190960985048,15.73,0.0127,0.4443,0.0979
509,3.9982000000000024,4.4321,0.0216,15.83,0.0065,0.7611,0.1067
510,-0.2435999999999994,6.486399999999999,0.020049931756262216,15.7,0.0102,1.0143,0.1087
511,6.349100000000003,3.6306,0.02128867966123424,15.81,0.0179,0.5284,0.1058
512,0.7635999999999994,4.7589,0.024264228962432653,15.91,0.0132,0.6335,0.09129999999999999
513,6.1727000000000025,10.9203,0.019,15.67,0.0174,0.8230999999999999,0.0622
514,0.45270000000000044,7.173,0.0401,15.84,0.0101,1.0631,0.0713
515,18.6045,6.540329943938977,0.024,15.73,0.029,1.1815,0.0937
516,-1.6109000000000013,5.824,0.0485,15.69,0.0196,0.9186,0.09969999999999998
517,1.4900000000000004,4.0638,0.0158,15.96,0.0053,1.0189,0.105
518,1.7618000000000007,5.5131,0.0198,15.79,0.0178,0.9725,0.10800000000000001
519,0.42639999999999983,3.7573,0.024052068213546465,15.87,0.0099,0.6144,0.0989
520,2.940900000000002,3.9316000000000004,0.0212,15.77,0.0064,0.6987,0.0775
521,16.5255,3.6187999999999994,0.060958855619250435,15.74,0.0254,0.6901,0.0734
522,1.8181999999999998,5.085800000000001,0.029838052246794804,15.87,0.0276,0.9725,0.10029999999999999
523,-1.1926999999999992,4.5513,0.0199,15.99,0.0138,1.0918,0.0806
524,2.8691000000000026,9.6984,0.038260917584350435,15.73,0.0144,0.8615999999999999,0.0892
525,1.770000000000001,3.7064000000000004,0.026399999999999996,15.82,0.0111,0.7663,0.07819999999999999
526,3.359999999999999,7.030199999999999,0.04270147680364336,15.77,0.0088,0.5799,0.0811
527,2.649100000000001,9.852700000000002,0.046799999999999994,15.91,0.01,0.8882999999999999,0.08479999999999999
528,25.430000000000003,9.904600000000002,0.08779999999999999,15.83,0.0266,0.9251,0.0937
529,-3.4617999999999993,2.3936000000000006,0.02468709412984279,15.73,0.015499999999999998,0.8076,0.0579
530,-2.3591,5.778600000000001,0.0173,15.66,0.015499999999999998,0.5284,0.034
531,-8.118200000000002,4.1477,0.03825438738937734,15.82,0.0184,0.6783,0.09139999999999998
532,0.6854999999999998,4.4256,0.04111422837315789,16.09,0.0099,0.6163,0.1124
533,3.6808999999999985,3.5974,0.03438496807401095,15.93,0.0122,0.746,0.0818
534,0.5081999999999997,4.7158,0.0184,15.98,0.007,0.832,0.08169999999999998
535,6.188199999999998,7.0742,0.0232,15.79,0.0209,0.8704999999999999,0.08709999999999998
536,-0.17449999999999988,5.68,0.0258,15.9,0.0157,0.7316,0.08189999999999999
537,1.9273000000000005,6.2851,0.029246519094082248,15.709999999999999,0.0226,0.7664,0.08949999999999998
538,5.596399999999998,4.8447,0.0137,15.709999999999999,0.0189,0.8833999999999999,0.0979
539,4.920899999999999,5.3264,0.024296113602774887,15.81,0.0137,0.8757999999999999,0.0329
540,-0.8435999999999991,6.622299999999999,0.021617822337893017,15.73,0.02,0.6161,0.10169999999999998
541,5.319100000000001,4.8468,0.0174,15.68,0.0243,0.5765,0.0881
542,7.8264000000000005,10.4973,0.052300000000000006,15.99,0.0097,1.1869,0.09769999999999998
543,4.444500000000001,2.9431,0.0954,15.73,0.0201,0.7093,0.09089999999999998
544,13.680900000000001,4.676,0.048308802674015786,15.75,0.0107,0.7408,0.0257
545,-3.879099999999999,5.1665,0.02128642588783172,15.75,0.013,1.0765,0.0338
546,1.1845000000000014,7.783599999999998,0.015200000000000002,15.65,0.0083,0.9916000000000001,0.0263
547,13.148199999999997,4.6964,0.1551,16.01,0.0229,0.662,0.0915
548,0.2308999999999991,5.9349,0.03921529658990163,15.8,0.0266,0.7162,0.077
549,3.2490999999999985,6.1087,0.013800000000000002,15.95,0.0065,0.8882999999999999,0.097
550,1.8014356299488332,6.105539412001973,0.02206264885028004,15.56,0.018,0.7516,0.036
551,1.5927000000000007,5.0804,0.026875882135875467,15.65,0.0081,0.78,0.10169999999999998
552,-3.6144999999999987,3.0022,0.01749286146906819,15.75,0.0066,0.9276000000000001,0.0807
553,-1.790899999999999,8.2849,0.03786699288827642,15.75,0.0168,0.7233,0.0323
554,-13.357300000000002,2.8962,0.02901201614609191,15.83,0.0094,1.148,0.08159999999999999
555,5.7799999999999985,7.2905,0.047985708921527974,15.9,0.0278,0.8235,0.07649999999999998
556,2.233599999999999,3.9954000000000005,0.017779446799187287,15.92,0.0163,0.7093,0.08339999999999999
557,1.4791,3.9117,0.029313736216308055,15.69,0.0092,0.4254,0.0374
558,1.2264000000000004,11.173,0.0134,15.76,0.0077,0.8751999999999999,0.097
559,-1.249100000000001,3.8315,0.035519660454933114,15.75,0.0173,0.9186,0.0894
560,1.162700000000001,7.230999999999998,0.023210818408055205,15.72,0.012,0.9726000000000001,0.0656
561,19.102700000000002,6.906399999999999,0.024800000000000003,15.75,0.0277,0.9413000000000001,0.0249
562,-1.0199999999999994,3.5486,0.022724347405547907,15.6,0.0198,0.5194,0.0894
563,3.4844999999999975,3.5149,0.03246020850365912,15.62,0.0184,0.647,0.0935
564,0.8073000000000008,5.8042,0.02506710256553295,15.879999999999999,0.0204,1.2364,0.07779999999999998
565,10.079999999999997,9.4293,0.0337,15.8,0.0105,1.0551,0.07759999999999999
566,3.6664000000000003,3.6807,0.02157134888411241,15.63,0.0212,0.7532,0.08189999999999999
567,-0.2845000000000006,6.1134,0.0676,15.77,0.013,0.7153,0.0786
568,-2.4609000000000005,4.2918,0.0189,15.94,0.0108,0.5355,0.087
569,-1.7135999999999991,4.3599,0.025690061092395113,15.51,0.0111,0.4382,0.1047
570,-3.3864,5.3197,0.07896717531773552,15.87,0.0192,0.6783,0.0759
571,21.108199999999997,5.7399,0.0562,15.73,0.0295,0.7408,0.0804
572,4.502700000000002,5.7879,0.0142,15.76,0.0247,1.1815,0.09939999999999999
573,19.3136,7.127999999999999,0.0346,16.1,0.0202,0.7584,0.0224
574,2.6173,5.9411,0.04087859262519767,15.83,0.0279,1.062,0.09769999999999998
575,5.0473,4.3207,0.03464412201467099,15.67,0.0274,0.5632,0.08599999999999998
576,-1.1727000000000012,4.338,0.0515,15.77,0.0113,0.8262999999999999,0.0339
577,0.5373000000000006,3.4170000000000003,0.03795513365268887,15.8,0.0079,1.1525,0.0939
578,17.732700000000005,9.9305,0.0401,15.85,0.0325,1.0803,0.0253
579,4.381799999999998,6.953799999999999,0.0242,15.95,0.0101,0.5799,0.08769999999999999
580,-0.24909999999999968,3.1226,0.0325169881106202,15.8,0.0077,0.4782,0.084
581,2.9536,4.0489,0.0197,15.77,0.0116,0.7808,0.09419999999999999
582,-3.943600000000001,6.899999999999999,0.0372,15.99,0.0218,0.5377,0.08479999999999999
583,5.113600000000002,7.7186,0.017,15.709999999999999,0.0073,0.8336,0.08665945179216364
584,5.470900000000002,5.2009,0.0372,15.84,0.0116,1.0478,0.0894
585,-2.3618000000000006,4.0841,0.025462361372615712,15.74,0.0167,0.5742,0.0935
586,4.907300000000001,5.4231,0.0302,15.96,0.0068,0.9826,0.0887
587,3.5336000000000016,8.9725,0.05835471865684089,15.77,0.0054,0.7121,0.08599999999999998
588,0.8236000000000011,6.2963,0.040101302143505484,15.62,0.0138,0.6222,0.0658
589,0.8535999999999995,5.7716,0.0534,15.73,0.0091,0.9729,0.10390000000000002
590,3.3064,5.1124,0.03554164854980052,15.69,0.0196,0.5066,0.07730773394994736
591,4.836400000000002,9.3323,0.0182,15.95,0.0127,0.5836,0.10169999999999998
592,2.037300000000001,5.3147,0.0623,15.85,0.0101,1.1869,0.0969
593,-0.044500000000001164,5.4095,0.0364,15.57,0.0178,0.7942,0.030999999999999996
594,8.941799999999999,4.1464,0.0748,15.65,0.0165,0.4184,0.07932253204821525
595,4.395499999999999,3.3263,0.018295548564417355,15.77,0.0116,0.7677,0.10680000000000002
596,-1.160900000000001,5.8827,0.0328,15.79,0.0248,0.7121,0.0969
597,23.036400000000004,5.1101,0.0568,15.7,0.0234,0.8735,0.07759999999999999
598,-0.7417999999999988,6.785499999999999,0.019888443597320584,15.56,0.017,0.8569,0.0272
599,-2.1182000000000007,6.421000000000001,0.03772285367546713,15.78,0.0147,0.8304,0.0685
600,-1.0445,4.6415,0.02664730271472046,15.74,0.0165,0.8089,0.109
601,14.153424494256177,6.910199999999999,0.1115,15.7,0.0216,0.8007,0.077
602,1.4726999999999997,5.654,0.0436,15.89,0.0118,0.9163,0.091
603,-1.1527000000000005,5.3217,0.026,15.8,0.0157,0.832,0.0263
604,-5.2327,5.8077,0.0307,15.75,0.0116,0.7159,0.10169999999999998
605,0.5772999999999991,5.9787,0.030345012585520883,15.75,0.0193,0.8122,0.07689999999999998
606,-0.12090000000000097,10.4836,0.127,15.9,0.0176,0.8807,0.07689999999999998
607,5.519100000000001,9.4815,0.032861669481278756,15.8,0.0161,0.7674,0.0311
608,3.930899999999998,4.7656,0.015200000000000002,15.8,0.0176,1.0393,0.1036
609,1.9491000000000012,9.2499,0.0222,15.65,0.0086,0.8159,0.0272
610,23.1373,9.4939,0.0221,15.9,0.0307,0.7015,0.08589999999999999
611,-1.8808999999999991,2.3399,0.0467325119131579,15.8,0.01,0.4782,0.084
612,22.74180000000001,5.1423,0.0421,15.8,0.0147,0.6641,0.07849999999999999
613,-2.2191000000000014,3.8687,0.04648817140052462,15.79,0.0095,0.6641,0.10169999999999998
614,1.3717999999999995,4.313,0.0743,15.85,0.0294,0.7747,0.0964
615,3.6400000000000023,4.9673,0.04011166392993186,15.87,0.0344,0.5066,0.0374
616,-7.870000000000001,6.0516,0.01865362023494737,15.62,0.0171,0.8531999999999998,0.0867
617,1.0691000000000008,4.55,0.0363,16.08,0.017081929794348395,0.8149999999999998,0.08589999999999999
618,-3.190899999999999,5.9387,0.021145009243961135,15.72,0.0116,0.8184,0.0378
619,8.986399999999998,4.7606,0.10529999999999999,15.97,0.0092,1.0338,0.0944
620,15.018199999999998,4.8764,0.04651393835918371,15.74,0.0158,0.8007,0.0734
621,20.4209,8.0698,0.0706,15.82,0.0182,0.7015,0.0792
622,0.27450000000000024,2.8753,0.0185,15.9,0.0086,0.7719,0.0892
623,0.990900000000001,4.2708,0.0185,15.709999999999999,0.0199,0.5779,0.08749999999999998
624,7.975500000000002,4.2849,0.0309,15.99,0.0163,0.8435,0.0807
625,15.303744063248926,8.845399999999998,0.057999999999999996,15.709999999999999,0.0349,1.2771,0.057107473611704096
626,-0.9000000000000009,4.7778,0.024700596513198825,15.709999999999999,0.0203,0.8163,0.091
627,18.2809,4.5369,0.027500000000000004,15.83,0.0108,1.0803,0.0714
628,15.860899999999999,2.7354,0.06564234776925197,15.68,0.0223,1.0407,0.07489999999999998
629,-0.6300000000000007,2.9179,0.0317,16.01,0.0157,0.8571,0.10029999999999999
630,0.49819999999999937,7.2128,0.0228,15.62,0.0128,0.8594999999999999,0.0363
631,2.4172999999999996,7.1468,0.0225,15.73,0.0173,0.8807,0.07819999999999999
632,1.4982000000000006,6.5280000000000005,0.020681655378686613,16.0,0.016,0.6335,0.0833
633,-2.5955,7.495199999999998,0.027800000000000002,15.82,0.024,0.4685,0.10169999999999998
634,0.4445000000000002,5.0272,0.020864301427367383,15.81,0.0207,0.5317,0.10509999999999999
635,23.4587315215717,4.8666,0.1351,15.74,0.0256,0.8446,0.0529
636,-0.16999999999999987,5.2194,0.02625741914997887,16.02,0.0196,0.7593,0.0822
637,2.113600000000001,4.1174,0.02473856746911119,15.77,0.0099,0.587,0.08676521556772927
638,-1.7335999999999998,3.454,0.02832310668769379,15.74,0.0167,0.4254,0.084
639,2.229999999999999,2.0773,0.022141637509495615,15.65,0.007,0.7954,0.08589999999999999
640,-0.41089999999999927,4.7785,0.030161333313628386,15.69,0.0176,1.0186,0.08159999999999999
641,-6.2473,7.5956,0.018742204799085015,15.77,0.0082,0.6268,0.11569999999999998
642,-0.018200000000000577,4.277,0.0141,15.69,0.0145,0.4129,0.09969999999999998
643,14.438200000000002,9.8466,0.055794183029568366,15.9,0.024,1.0047,0.0257
644,9.486399999999998,4.1354,0.0244,15.77,0.0097,0.8222,0.0969
645,-6.862699999999999,7.2038,0.034,15.879999999999999,0.0285,0.7642,0.0937
646,0.5790999999999992,6.882699999999999,0.03352845170117406,15.98,0.01434573259538968,1.1638,0.0786
647,13.5518,5.5607999999999995,0.02875284193353257,15.82,0.0062,0.9444,0.08949999999999998
648,-0.06999999999999951,7.791099999999999,0.0183,15.73,0.0161,0.7681,0.09289999999999998
649,0.7590999999999993,4.3304,0.05064730830507708,15.92,0.0093,0.8344999999999999,0.0969
650,17.9782,7.9506,0.0328,15.84,0.0124,1.0323,0.0969
651,2.198200000000001,6.1374,0.0411,15.54,0.0122,0.6066,0.1044
652,-1.31,8.1214,0.02860796694352938,15.7,0.0213,0.8594999999999999,0.08589999999999999
653,0.7481999999999991,6.614600000000001,0.0199,15.73,0.013,1.0216,0.062099999999999995
654,5.7309,8.1035,0.1143,15.87,0.014,0.565,0.08449999999999999
655,1.4845000000000002,6.1176,0.021056270585946668,15.63,0.0186,0.4722,0.0786
656,10.526488030315004,3.7282,0.08581691507586488,15.74,0.0277,0.8446,0.0529
657,4.919999999999999,7.760100000000001,0.0272,15.91,0.0091,0.8751999999999999,0.0921
658,4.738199999999999,4.486908457790127,0.020826119026544028,15.76,0.0158,0.47490000000000004,0.0874
659,-0.8173000000000011,4.5853,0.02240682599728552,15.69,0.006,0.9142999999999999,0.1088
660,15.7936,3.4193,0.035309865944966996,15.74,0.0257,1.1086,0.0713
661,-2.1000000000000005,6.573699999999998,0.030774533851689684,15.93,0.015499999999999998,0.7337,0.0699
662,4.482700000000001,4.2433,0.0115,15.87,0.0086,0.9588,0.0887
663,-15.531800000000002,3.3351,0.03796519895662914,15.709999999999999,0.0082,0.8384,0.0801
664,1.355499999999999,4.8659,0.021,15.639999999999999,0.0125,0.745,0.034
665,22.2164,5.7072,0.0224,15.74,0.0149,0.8007,0.07849999999999999
666,-4.989099999999999,2.4392999999999994,0.02,15.75,0.0148,0.6927,0.11119999999999998
667,-0.3326999999999995,5.0396,0.0302,15.879999999999999,0.019,0.768,0.07909999999999999
668,1.9255000000000004,6.0788,0.017915262824126515,15.879999999999999,0.0182,0.8716,0.09109999999999999
669,3.2182,5.0597,0.061994001625184175,15.67,0.0294,0.9251,0.084
670,23.590749789567802,6.7247868759882445,0.0643,15.8,0.0313,0.9753,0.07889999999999998
671,7.030000000000002,6.4357999999999995,0.052300000000000006,15.82,0.0077,0.9812,0.07373079261298797
672,6.369099999999998,3.5094,0.0342,15.99,0.0162,0.5377,0.08159999999999999
673,-0.35180000000000006,4.7047,0.0223,15.97,0.0192,0.6987,0.0806
674,-1.7154999999999994,4.2076,0.021509780392098582,15.7,0.009,0.6927,0.08749999999999998
675,18.1782,10.2601,0.0516,15.83,0.0324,0.9109,0.0969
676,0.10820000000000067,8.685999999999998,0.028204923394423785,15.73,0.0086,0.9072,0.091
677,-0.5717999999999989,4.6034,0.0156,15.92,0.0158,0.8716,0.0881
678,-0.7845,7.7185,0.049800000000000004,15.96,0.0054,1.0393,0.08479999999999999
679,-2.1709,4.197,0.025008594754494292,15.82,0.0069,0.7719,0.0892
680,-3.2081999999999997,8.589199999999998,0.0486,15.74,0.0103,0.8427,0.08189999999999999
681,-1.3772999999999997,10.027199999999999,0.029855064398019895,15.74,0.0144,0.6335,0.065
682,-0.6726999999999993,6.8464,0.0126,15.89,0.0182,0.9725,0.10800000000000001
683,5.4190999999999985,4.3832,0.0377,15.83,0.0086,0.8235,0.08029999999999998
684,-5.1391,4.3478,0.0365,15.74,0.0184,0.9072,0.10619999999999999
685,-4.9682,1.8685,0.0279,15.77,0.012,0.7032,0.0841
686,5.994500000000002,3.4932999999999996,0.05385883545312226,15.83,0.0059,1.062,0.10189999999999999
687,4.6891,6.0446,0.02734219882377087,15.98,0.0168,0.8571,0.1011
688,-5.55,2.4673,0.021208879587014173,16.07,0.0216,0.573,0.0867
689,-0.7390999999999988,5.1621,0.02279254204496903,15.73,0.0084,0.8229,0.0699
690,3.929099999999998,4.1375,0.0217,15.77,0.01626719984666596,0.7139,0.08339999999999999
691,-1.440899999999999,2.5745,0.0518,15.709999999999999,0.013,0.9142999999999999,0.0939
692,0.7581999999999993,7.0841,0.0413,15.83,0.0087,0.9109,0.0246
693,12.539100000000003,9.0303,0.0607,15.83,0.0168,0.7584,0.0224
694,1.7790999999999986,8.0368,0.03317052936589492,15.75,0.0205,0.7392,0.029999999999999995
695,-0.2254999999999991,4.012,0.037388909273858476,15.77,0.0149,1.026,0.0336
696,-1.4626999999999994,6.6101,0.0224624671228841,15.73,0.0169,0.7852,0.08029999999999998
697,1.1400000000000003,5.524,0.0205,15.85,0.0168,1.0135,0.07819999999999999
698,-4.3518,5.917500000000001,0.0351418518391934,15.72,0.0203,0.757,0.0378
699,-2.126400000000001,4.5812,0.02441297918770557,15.73,0.0199,0.5329,0.0315
700,-2.1517999999999993,4.4519,0.021900000000000003,15.709999999999999,0.0164,0.7558,0.0841
701,-4.5935999999999995,4.1924,0.024459573241589625,15.8,0.0137,0.7053,0.1092
702,2.6345000000000005,4.0633,0.0216,15.65,0.0097,1.0631,0.09163042204487949
703,0.5217999999999999,2.9002,0.024900000000000002,15.75,0.0071,1.0541,0.08749999999999998
704,-2.9490999999999996,3.5892,0.021864026718342377,15.709999999999999,0.0072,0.7724,0.10029999999999999
705,22.1827,8.756399999999998,0.026199999999999998,15.89,0.0209,0.9059,0.1013
706,2.8627,9.290699999999998,0.020043109777795158,15.87,0.0118,0.6335,0.0833
707,-1.8509000000000007,5.927300000000001,0.03041786974773974,15.77,0.0165,0.7674,0.0324
708,-8.3127,4.1397,0.0397,15.79,0.0236,1.0459,0.0779
709,-1.077300000000001,4.6703,0.028077684293681883,15.84,0.0213,0.8041,0.0937
710,-0.09640000000000037,8.9009,0.030890079920903285,15.97,0.0096,1.0189,0.0652
711,5.9282,4.936,0.02217704121645354,15.72,0.0136,0.8469,0.10099999999999999
712,2.8617999999999997,6.4813,0.0199,15.89,0.0152,1.1638,0.0775
713,-0.11910000000000096,2.8254,0.0220852736031611,15.73,0.0067,0.7664,0.0838
714,18.7173,6.855499999999998,0.1308,15.84,0.0264,0.9683,0.0249
715,-5.0355,3.7746,0.0126,15.57,0.023,0.4722,0.0786
716,-0.7891000000000002,5.4846,0.0205,15.65,0.0153,0.8704999999999999,0.0658
717,6.275499999999998,3.2291,0.0211,15.7,0.0158,0.9074999999999999,0.1058
718,-10.4455,5.4725,0.014,15.454196657788039,0.0184,0.6163,0.0312
719,25.426400000000005,6.5942,0.0287392315298309,15.79,0.0254,0.9794,0.09429999999999998
720,-1.7263999999999997,5.8142,0.06429179021617464,15.93,0.0328,0.8692999999999999,0.0752
721,3.2882,2.8136,0.018515858417591888,15.93,0.012,0.746,0.0818
722,0.0945000000000001,6.5727,0.0274,15.76,0.0084,1.0338,0.0932
723,-1.0455,4.5404,0.04203607254311031,15.709999999999999,0.0242,0.8296999999999999,0.09559999999999999
724,-0.1463999999999993,4.58,0.016,15.7,0.0055,0.6605,0.0328
725,5.6618,5.5285,0.0475,15.91,0.0194,0.9048,0.0932
726,4.073600000000002,5.5816,0.027107005925037383,15.58,0.0093,0.4817,0.1011
727,-3.1226999999999996,3.3196,0.03106393938562638,15.79,0.012,0.6373,0.1043
728,5.630900000000002,5.0146,0.0184,15.9,0.0211,0.9361,0.09249999999999999
729,18.8309,3.4336,0.0221,15.83,0.0123,1.1086,0.082
730,16.6036,4.1499,0.021,15.8,0.0166,0.4184,0.0714
731,8.4236,10.099000000000002,0.0402,15.83,0.0266,1.1815,0.0937
732,9.674499999999998,5.6653,0.0324,15.8,0.0161,1.0551,0.0786
733,-1.879099999999999,5.2597,0.020230315118848947,16.02,0.0126,1.1255,0.08679999999999999
734,6.25,4.275,0.02234015526492002,15.709999999999999,0.0157,0.9725,0.08339999999999999
735,17.6373,5.0493,0.1725,15.83,0.0203,0.4996,0.0734
736,1.9144999999999999,6.209099999999999,0.04749159175856355,15.9,0.0273,1.062,0.10029999999999999
737,-3.0055000000000014,4.3632,0.024400596425633962,15.69,0.0055,0.8658999999999999,0.11119999999999998
738,-0.5464000000000008,4.7047,0.022898103742292675,15.87,0.0082,0.3963,0.0786
739,-2.8055000000000008,5.1201,0.042184603367982895,15.84,0.0165,0.5669,0.0989
740,2.637300000000001,6.0599,0.0248986893595429,15.87,0.0091,0.5799,0.08499999999999999
741,6.564500000000002,2.0751,0.027500000000000004,15.89,0.0072,1.0697,0.0894
742,-9.2836,5.6813,0.038959803556569646,15.78,0.0179,0.7574,0.08709999999999998
743,5.9136,3.0996,0.029399999999999996,15.83,0.0273,1.0147,0.08029999999999998
744,4.3054999999999986,6.2869,0.0358023233396797,15.92,0.0315,1.062,0.09759999999999999
745,3.9526999999999988,2.0008,0.0307,15.73,0.0156,0.713,0.08339999999999999
746,0.09550000000000038,4.937500000000001,0.031857352127236054,15.87,0.0135,0.5066,0.0374
747,-1.4227000000000007,4.6557,0.031161516762840923,16.07,0.0167,0.6259,0.0991
748,-5.4145,8.194399999999998,0.03980627832094073,15.98,0.0218,0.573,0.0324
749,1.4417999999999989,4.6325,0.0158,15.75,0.0066,1.0359,0.08628041349368025
750,-0.3135999999999989,9.1663,0.03273586345914318,16.07,0.0212,0.7534,0.0326
751,0.18090000000000017,4.282,0.0231,15.73,0.014,0.6257,0.087
752,1.91,9.243,0.03378245283619579,15.75,0.0196,0.8638,0.0653
753,2.6035999999999997,4.3881,0.031378947458002994,15.75,0.011,0.9142999999999999,0.0381
754,-2.9791000000000007,4.6832,0.030481801125801004,15.73,0.0069,0.8469,0.0311
755,-1.4200000000000008,7.318199999999999,0.03205100218899649,15.879999999999999,0.0072,1.0147,0.10189999999999999
756,-0.5126999999999997,4.7687,0.024644533880182364,15.77,0.0097,0.6242,0.0827
757,2.44,6.040100000000001,0.028108675888333767,15.81,0.0164,0.6787,0.0328
758,-2.8554999999999997,3.5168999999999997,0.03479679995109336,15.469999999999999,0.0083,0.6259,0.0572
759,-2.5382000000000007,6.2289,0.026317106019953542,15.75,0.0069,0.7447,0.0378
760,1.4699999999999998,5.7143,0.013800000000000002,15.709999999999999,0.0113,0.6641,0.0345
761,0.1690999999999999,7.75305974879802,0.0192,15.89,0.0147,0.7153,0.0806
762,8.464038816874657,9.2718,0.028,15.76,0.0143,1.0959,0.07539999999999998
763,18.399999999999995,8.920199999999998,0.0271,15.85,0.0239,0.9059,0.0246
764,-5.9336,6.037799999999999,0.030228002066272772,15.709999999999999,0.0148,0.714,0.08569999999999998
765,-5.927300000000001,5.2422,0.02760092635183876,15.75,0.0141,0.7053,0.1092
766,0.06269999999999921,2.6068,0.018363519568020206,15.87,0.0091,0.9329000000000001,0.0975
767,-2.6654999999999993,2.2386,0.02828504708513385,15.7,0.0148,0.8387,0.10139999999999999
768,-1.0409,4.9073,0.022000000000000002,15.58,0.0131,0.9163,0.1087
769,-5.3355000000000015,5.6449,0.0596,15.75,0.0188514068381499,1.1525,0.0254
770,-1.968199999999999,10.2046,0.0516,15.95,0.0087,0.9826,0.0688
771,23.713600000000003,8.0391,0.121,15.76,0.0097,0.8735,0.07759999999999999
772,3.2273000000000027,6.132,0.0228,15.73,0.0119,0.9812,0.07509999999999999
773,0.3491000000000001,4.672,0.0178,15.67,0.0254,0.4685,0.1044
774,-3.6564,4.4621,0.027471786979885206,15.879999999999999,0.0282,0.9964999999999999,0.09139999999999998
775,18.320900000000005,2.2849,0.0818,15.73,0.0062,1.0407,0.0734
776,2.6218000000000004,5.5797,0.02369681920875735,15.9,0.0181,0.9735,0.0652
777,2.5026999999999995,7.8622,0.029199999999999997,15.89,0.0212,0.7928,0.0939
778,1.8318,4.2518,0.021335150643591615,15.66,0.0187,0.5329,0.0315
779,-11.4709,3.3268,0.026495453354758933,15.83,0.009,0.764,0.0724
780,1.014499999999999,3.6118,0.02881445784329242,15.7,0.0129,0.6066,0.0921
781,2.5717999999999988,6.2216000000000005,0.026199999999999998,15.8,0.0137,0.9729,0.0813
782,0.2526999999999997,5.491984268003311,0.022000000000000002,15.65,0.0128,0.6066,0.08499999999999999
783,-3.1518000000000006,4.6772,0.03436312520323092,15.61,0.0047,0.9916000000000001,0.10390000000000002
784,-1.8735999999999988,4.2324,0.018146542320024002,15.75,0.0092,0.6796,0.1045
785,1.5882000000000007,5.4022,0.020535818558530722,15.62,0.0164,0.6163,0.1257
786,-7.507300000000001,6.200900000000001,0.0215,15.77,0.0192,0.7643,0.07909999999999999
787,2.471800000000001,6.6471,0.0194,15.97,0.0094,0.604,0.08479999999999999
788,17.509302948570692,6.0001,0.0211,15.79,0.0215,0.7408,0.1007
789,13.113599999999996,5.8357,0.0597,16.01,0.0238,0.9835999999999999,0.0247
790,22.763600000000004,5.207199999999999,0.0245,15.84,0.0215,0.8556,0.09429999999999998
791,5.949100000000001,6.4118,0.04509857675929721,15.78,0.0225,0.8133,0.0656
792,-1.65,4.5493,0.023265284897292134,15.77,0.0106,0.6254,0.07909999999999999
793,-6.661799999999999,5.7503,0.043,15.65,0.015,0.5765,0.11029999999999998
794,-0.3326999999999995,6.2662,0.027031424452180965,15.87,0.0272,1.062,0.09769999999999998
795,-2.669999999999999,7.8399,0.02341368588575088,15.72,0.013,0.9091,0.1092
796,-4.571799999999999,6.495899999999999,0.039087334677258424,15.77,0.0171,0.7392,0.029999999999999995
797,4.908200000000001,3.0357,0.01904090319915469,15.91,0.0133,0.7511,0.08949999999999998
798,5.420899999999999,7.015299999999999,0.0446,15.709999999999999,0.0122,0.684,0.08949999999999998
799,1.5218000000000012,4.3655,0.03592155065155171,15.78,0.0193,0.8786999999999999,0.1044
800,9.2082,9.6042,0.0907,15.83,0.0323,1.1815,0.0946
801,1.165500000000001,3.6021999999999994,0.019361465779646578,16.09,0.016,0.4817,0.1061
802,-2.8727,3.7156,0.027658324283541192,15.68,0.0203,0.684,0.08319999999999998
803,4.591800000000002,3.8241,0.02336531631878418,15.8,0.0237,0.5478,0.0622
804,0.22359999999999883,3.3124000000000002,0.021335638535155854,16.01,0.0083,0.8076,0.1
805,-0.27180000000000026,8.492599999999998,0.0185,15.62,0.0112,0.832,0.0626
806,-5.968200000000001,3.8774,0.014599999999999998,15.76,0.0063,0.656,0.0861
807,-6.063600000000002,4.5022,0.021540606875956388,15.8,0.0185,0.8089,0.1045
808,7.530869789807241,6.3688,0.0418,15.66,0.0264,0.4221,0.0529
809,2.9545,5.741500000000001,0.026250529204742905,15.67,0.0186,0.7584,0.1002
810,-2.9182000000000015,5.7046,0.03347107522463225,15.7,0.0201,0.46599999999999997,0.10169999999999998
811,2.749999999999999,3.8384,0.0172,15.879999999999999,0.0171,1.0135,0.0813
812,0.7227000000000007,3.6395,0.0378,15.89,0.0053,0.78,0.0858
813,-8.64,8.845999999999998,0.0175,15.8,0.0189,0.9715000000000001,0.0625
814,-3.0908999999999986,7.2454,0.013225806167149095,15.69,0.008,0.8531999999999998,0.1124
815,15.952699999999998,3.614,0.0297,15.709999999999999,0.0196,0.7898,0.09469999999999999
816,14.901800000000001,7.856099999999999,0.1183,15.87,0.0229,0.5593,0.0246
817,2.8727000000000027,5.1336,0.0183,15.7,0.0066,0.8571,0.10029999999999999
818,3.1190999999999973,4.7727,0.0229,15.77,0.0062,0.9729,0.0915
819,-1.1255,6.3446,0.0194,15.69,0.0163,0.9192999999999999,0.08249999999999999
820,-2.9727000000000006,5.858600000000001,0.030682183752376614,15.77,0.0119,0.7677,0.0326
821,2.2727000000000004,5.0108,0.03,15.73,0.0093,0.74,0.0363
822,25.0382,4.889852349404929,0.02883401220092825,15.96,0.0214,0.5279,0.07689999999999998
823,-0.004500000000000004,7.530299999999999,0.029760987305929403,15.7,0.0159,0.8594999999999999,0.0861
824,14.734499999999999,5.028400000000001,0.0162,15.85,0.0096,0.5677,0.08229999999999998
825,19.8,7.009600000000001,0.0457,15.83,0.0166,0.8007,0.077
826,3.9699999999999993,6.5183,0.07411598051268832,15.84,0.023,1.1404,0.0883
827,-0.5044999999999994,2.8381,0.02233361934790771,15.78,0.0086,0.6857,0.0851
828,3.3055000000000003,6.049286812786685,0.0337,15.85,0.03,0.7121,0.09939999999999999
829,0.43820000000000014,5.5751,0.05153385428015155,15.76,0.0221,0.8163,0.0858
830,-2.030900000000001,3.7988999999999997,0.017032181911867054,15.96,0.0098,0.7506,0.1124
831,0.5364000000000005,4.1514,0.02228650808119577,15.78,0.0055,1.0404,0.10029999999999999
832,4.728200000000001,5.44,0.04142103442232086,15.86,0.0183,0.7534,0.0323
833,0.23549999999999938,5.5748,0.040040543115816944,15.78,0.0178,0.745,0.045
834,-1.9726999999999992,2.7865,0.02260585565690355,16.07,0.0213,0.8076,0.1
835,2.9963999999999986,4.3328,0.04838752153495501,15.75,0.0178,0.8041,0.0998
836,-0.3773000000000009,5.0724,0.024112445347601083,15.77,0.0066,0.6259,0.0336
837,24.8064,7.165399999999998,0.0545,15.76,0.0181,0.8446,0.0529
838,0.4782000000000013,5.2546,0.0169,15.52,0.0167,0.5765,0.0881
839,2.5963999999999996,6.0507,0.0141,15.73,0.0216,0.9873,0.07819999999999999
840,1.4218000000000008,5.4321,0.03460793816877687,15.87,0.0314,0.7059,0.08599999999999998
841,1.4036000000000002,2.7193,0.050856931079438665,15.879999999999999,0.0281,0.9251,0.10189999999999999
842,2.614187460219985,6.093359079710163,0.053701443499742166,15.99,0.0097,0.7681,0.0944
843,4.786399999999998,3.9746,0.04783231549613501,15.85,0.0232,0.7574,0.08599999999999998
844,-1.8826999999999992,3.4658,0.0186,15.7,0.0124,0.6815,0.1061
845,9.841800000000001,4.8133,0.0193,15.73,0.0234,0.7808,0.0952
846,18.629999999999995,3.6187999999999994,0.0381,15.9,0.0249,0.7162,0.09429999999999998
847,-6.646400000000001,4.6056,0.019844098583278846,15.96,0.0168,0.573,0.10370000000000001
848,5.9777814855270766,8.5143,0.0217,15.879999999999999,0.0141,0.7384,0.07889999999999998
849,-1.9826999999999995,3.8989,0.024481132495366445,15.7,0.0117,0.9332,0.0842
850,4.812699999999999,2.9198,0.02255051976877727,15.73,0.0188,0.8638,0.10099999999999999
851,-1.3227000000000004,6.030523874343119,0.0406,15.95,0.0232,1.0338,0.0623
852,1.4354999999999989,6.3172,0.1206,15.77,0.0134,0.7121,0.09769999999999998
853,0.11550000000000095,5.1901,0.028,15.98,0.0106,0.9715000000000001,0.0652
854,-0.050899999999998925,3.5047,0.02094875002672216,15.75,0.0067,1.0404,0.10029999999999999
855,1.8899999999999992,3.255,0.017,15.89,0.0104,0.587,0.0932
856,2.6991,6.235699999999999,0.028263294172216,16.09,0.0053,0.7663,0.10169999999999998
857,-2.9354999999999993,4.0987,0.0203,15.78,0.0097,0.7258,0.0381
858,1.527299999999999,6.2217,0.0215406038615822,15.74,0.0319,0.8089,0.1016
859,1.5526999999999995,4.471,0.0218,15.9,0.0135,0.4221,0.0272
860,-8.6982,6.9142,0.019,15.879999999999999,0.0082,0.9383,0.0793993502611469
861,0.14909999999999932,5.4108,0.0168,15.97,0.0215,1.1255,0.08679999999999999
862,-1.8899999999999992,6.5694,0.03427299245252003,15.61,0.0151,0.8144999999999999,0.10709999999999999
863,1.0518000000000003,7.463899999999999,0.02937966153708202,15.82,0.0079,1.0478,0.0662
864,-1.5664000000000002,3.686,0.1606,15.8,0.02,0.8926,0.09379999999999998
865,2.2518,4.0085,0.0396,15.9,0.012,0.9588,0.0924
866,3.9027,9.1554,0.0198,15.66,0.0232,0.8160999999999999,0.0662
867,5.638199999999999,7.151599999999999,0.025321379733500484,15.72,0.007,1.0404,0.0312
868,4.8790999999999976,3.1537,0.021411640697462132,15.75,0.0075,0.9142999999999999,0.0335
869,4.4409,4.796600000000001,0.03185557181645004,15.89,0.007,0.7664,0.08949999999999998
870,-2.2408999999999994,5.1201,0.03154874253421744,15.709999999999999,0.009,0.6179,0.0807
871,1.4463999999999992,4.7955,0.0158,15.97,0.0088,0.8230999999999999,0.09289999999999998
872,-3.4191000000000007,4.1054,0.01925940892359272,15.61,0.0214,0.6385,0.1
873,-2.3390999999999997,4.2557,0.01959073064021776,15.879999999999999,0.024,0.8230999999999999,0.08679999999999999
874,-2.4436,5.0766,0.025542414932796114,15.67,0.0118,0.7584,0.0706
875,9.2827,4.1834,0.0253,15.99,0.0188,0.8435,0.0835
876,1.0673000000000008,4.878999999999999,0.024701445832316326,15.73,0.0066,0.8638,0.1047
877,22.4382,6.1088000000000005,0.0259,15.85,0.0287,1.0323,0.09429999999999998
878,1.3009,5.1379,0.01833727157190034,15.73,0.0241,1.0216,0.062099999999999995
879,0.2299999999999991,7.580399999999999,0.04240415822990239,15.97,0.0236,1.0189,0.0623
880,3.3881999999999977,3.9686,0.026499999999999996,15.78,0.0093,0.3973,0.1011
881,-0.5336000000000003,5.1598,0.0289,15.75,0.0237,0.8336,0.0881
882,-7.665500000000001,4.0743,0.03724636883257501,15.79,0.0138,0.6163,0.0989
883,0.6699999999999993,3.9365,0.034077647420269974,16.08,0.0087,0.647,0.0864
884,15.679099999999998,8.6597,0.0455,15.82,0.0299,0.9683,0.08229999999999998
885,0.4854999999999991,6.857899999999999,0.04284042484700154,15.78,0.0148,0.6257,0.0622
886,0.3208999999999992,3.7579,0.03760908131945714,15.78,0.0244,0.7664,0.0851
887,17.5473,4.4298,0.0974,15.93,0.0064,1.0644,0.0241
888,15.1509,5.1087,0.07,15.93,0.0052,0.9368,0.0247
889,2.8354999999999992,3.5958,0.0803,15.84,0.0237,0.5677,0.08599999999999998
890,-3.3455000000000013,5.7818,0.03390639196332607,15.69,0.0202,0.8229,0.0807
891,11.177061362672275,7.5725999999999996,0.0933,15.8,0.0176,0.8735,0.07779999999999998
892,-3.1382000000000003,3.4336,0.05321273930376023,15.79,0.0202,0.5742,0.05669999999999999
893,1.7036000000000013,4.4746,0.02852516580541823,15.86,0.0266,0.481,0.08029999999999998
894,24.9027,6.9238,0.0267,15.93,0.017,1.2771,0.0243
895,0.8018000000000005,5.6521,0.03383731541529267,15.73,0.0237,0.9251,0.0969
896,-0.2417999999999994,6.9587,0.0316,15.63,0.0188,0.6066,0.08679999999999999
897,5.578199999999998,4.5757,0.051169287314607015,15.96,0.0091,0.8235,0.08029999999999998
898,3.8164000000000025,9.7437,0.0212,15.63,0.0253,1.2672,0.0865
899,-3.496400000000001,6.2188,0.0353,15.77,0.012,0.8262999999999999,0.0326
900,3.4826999999999977,2.4138,0.04967512713004699,15.72,0.0238,1.0765,0.08049999999999999
901,-11.9682,7.092599999999999,0.0856,15.92,0.0091,1.0323,0.0248
902,-7.151800000000001,3.2322,0.018246223362400883,15.96,0.0194,0.8531999999999998,0.0822
903,-2.9972999999999987,6.1033,0.035460557348971564,15.87,0.0318,0.8344999999999999,0.0969
904,15.3073,5.9828,0.0178,15.97,0.0282,1.1869,0.08229999999999998
905,-0.05549999999999922,11.0059,0.02626687064330962,15.8,0.0224,0.604,0.0652
906,-2.636400000000001,3.7718,0.031086961485777123,15.7,0.01,0.9358999999999998,0.11119999999999998
907,1.0308999999999997,5.1741,0.0222,15.77,0.016,0.7159,0.0892
908,13.811800000000002,4.9417,0.1661,15.73,0.0117,0.4996,0.0224
909,2.467300000000001,2.8374,0.04345883464075766,15.93,0.0184,0.604,0.087
910,6.263600000000003,8.6184,0.023268493234926916,15.78,0.0069,0.7852,0.1016
911,-5.957299999999999,5.1833,0.0508,15.82,0.0177,0.5779,0.10529999999999999
912,23.955499999999997,4.3641,0.0244,15.83,0.0208,0.5279,0.08159999999999999
913,1.511800000000001,5.0366,0.01694549431899445,15.72,0.0144,0.7832,0.07689999999999998
914,0.032700000000000874,2.5159,0.0159,15.73,0.0059,0.6927,0.11119999999999998
915,-2.5026999999999995,4.6539,0.0269,15.78,0.0104,0.6179,0.1092
916,2.0336000000000007,4.4464,0.024700000000000003,15.97,0.0162,0.832,0.0252
917,5.4964,6.2816,0.028248481366555073,15.63,0.0096,0.8133,0.0401
918,10.374499999999998,6.901399999999999,0.047273163215108924,15.82,0.0289,0.7747,0.1004
919,14.576296552876864,8.6352,0.0667,15.7,0.0215,1.0959,0.07539999999999998
920,-2.7936,5.9309,0.03422716978026209,15.73,0.0087,0.811,0.0939
921,-1.599100000000001,6.0422,0.02455119334381388,15.76,0.0145,0.7032,0.0861
922,4.754500000000002,6.2911,0.01833096117229495,15.56,0.0131,0.9273999999999999,0.0315
923,-0.8399999999999992,7.451599999999999,0.05052548999792204,15.9,0.0292,0.8344999999999999,0.027000000000000003
924,3.6544529123754885,5.6325,0.0801,15.91,0.0264,0.596,0.0968
925,20.6,4.3662,0.0705,15.639999999999999,0.0142,1.0644,0.0792
926,12.094500000000002,5.2191,0.1467,15.9,0.0261,1.0459,0.0768
927,-4.9627,5.874600000000001,0.024607718559875837,15.75,0.0079,0.4254,0.030600000000000002
928,3.4826999999999977,6.836799999999999,0.0113,15.95,0.0235,0.8146,0.09109999999999999
929,7.027300000000002,3.7145999999999995,0.0168,15.92,0.0068,0.7655,0.08499999999999999
930,-2.055499999999999,5.2289,0.021900000000000003,16.01,0.0063,0.5888,0.0643
931,-1.162700000000001,3.975,0.0186,15.56,0.006,0.4722,0.0953
932,2.1644999999999994,6.8985,0.027849357162241836,15.72,0.022,0.8133,0.10709999999999999
933,-5.8854999999999995,2.5985,0.02610221409434551,16.07,0.0194,0.47490000000000004,0.10169999999999998
934,2.5054999999999996,6.3005,0.03824060515007916,15.95,0.0161,0.9396,0.028300000000000002
935,3.1644999999999985,3.11,0.04292642023006233,15.73,0.0081,1.0199,0.0851
936,0.7064000000000004,6.7658,0.09,15.89,0.0265,0.9192999999999999,0.105
937,0.1617999999999996,9.6091,0.0221,15.78,0.0245,1.0918,0.10119999999999998
938,-1.2164000000000001,10.9187,0.06661180195132156,15.84,0.0132,0.5669,0.0989
939,1.1890999999999992,6.2608,0.020827828112694857,15.74,0.0133,0.5066,0.0374
940,3.448199999999999,5.2947,0.0041,15.92,0.0072,0.4382,0.0685
941,2.0909,4.8154,0.0186,15.73,0.0077,0.6815,0.0381
942,24.479100000000003,7.739399999999999,0.055499999999999994,15.8,0.0279,0.7162,0.09419999999999999
943,-0.3235999999999992,3.596,0.030954781127546686,15.72,0.0107,0.7642,0.0658
944,-1.511800000000001,6.4178999999999995,0.0195,15.91,0.0153,1.0135,0.08279999999999998
945,23.265500000000003,5.8803,0.0457,15.8,0.0298,0.8556,0.1013
946,-2.635500000000001,6.112699999999999,0.0171,15.74,0.0093,0.9163,0.10619999999999999
947,-1.9291000000000005,4.0911,0.03263338355394053,15.57,0.0068,0.7258,0.0381
948,1.3255000000000008,7.4533,0.03643528246745796,15.87,0.0294,0.8262999999999999,0.1016
949,1.790899999999999,5.1569,0.025036882168865716,16.01,0.0164,0.565,0.0326
950,3.0791000000000013,4.4853,0.0191,15.78,0.0134,0.8427,0.0615
951,-5.759999999999998,3.5226,0.0207,15.93,0.0053,0.8387,0.10139999999999999
952,4.620900000000001,5.970600000000001,0.0394,15.54,0.0257,0.8304,0.08318057049375026
953,3.8509000000000007,3.3876,0.0521193131419721,15.83,0.0182,0.7162,0.08159999999999999
954,-6.6055,6.0071,0.0251,15.95,0.0093,0.8159,0.0643
955,-4.8609,6.2351,0.03209406998804207,15.91,0.0165,0.5669,0.084
956,-3.2155,2.7452,0.01577973422129163,15.7,0.012,0.8933999999999999,0.0861
957,-1.6700000000000006,6.8633999999999995,0.027374548072441232,15.7,0.0172,0.8149999999999998,0.0858
958,23.9018,8.4806,0.029053044600010108,15.91,0.0214,0.9251,0.09489999999999998
959,12.0627,5.309,0.04449999999999999,15.87,0.0261,0.7898,0.0366
960,3.1417999999999977,4.4095,0.023064468122295206,15.67,0.0086,0.811,0.10189999999999999
961,8.817300000000001,8.7428,0.033,15.84,0.0152,0.4389,0.0841
962,5.531799999999999,5.0629,0.0241,15.67,0.0169,0.8160999999999999,0.0615
963,-1.4563999999999995,3.5747,0.0201,15.74,0.0138,0.9163,0.0858
964,-0.7781999999999999,3.9458,0.033,15.86,0.0128,0.5799,0.0786
965,0.45910000000000073,4.2411,0.02950573964164843,15.84,0.0067,0.8384,0.09089999999999998
966,1.8108999999999995,5.9964,0.0351,15.86,0.0096,0.7193,0.089
967,-6.384500000000001,5.1659,0.0407,16.02,0.0082,0.6605,0.10370000000000001
968,13.595499999999998,8.335099999999999,0.0516,15.879999999999999,0.0328,0.9413000000000001,0.0968
969,4.6227,3.6709,0.03264166693939552,15.769621999893635,0.0182,0.7584,0.1002
970,7.9373000000000005,3.0303,0.026299999999999997,15.92,0.0156,0.8689999999999999,0.0856
971,-0.6817999999999995,4.6431,0.04156443445514776,15.98,0.0098,0.8262999999999999,0.0333
972,4.4209,5.5992,0.035897799016324,15.77,0.0203,0.9066,0.0329
973,1.4608999999999994,5.814900000000001,0.03069021492260249,15.7,0.0062,0.4685,0.1092
974,6.077300000000002,3.9105,0.03757605466279729,15.709999999999999,0.0077,0.9725,0.10800000000000001
975,7.772699999999999,9.7235,0.0177,15.85,0.0232,0.4389,0.07739999999999998
976,24.379100000000005,6.4746,0.0191,15.59,0.019,1.1054,0.0243
977,3.7555000000000005,7.5153,0.020248782135547663,15.75,0.0078,0.5066,0.0374
978,23.994500000000002,3.6100000000000003,0.0273,15.74,0.0188,0.8007,0.0768
979,10.0236,8.184199999999999,0.0752,15.72,0.0285,0.9794,0.0964
980,-5.532699999999999,4.2575,0.05470473044441832,15.82,0.0194,0.8226999999999999,0.09139999999999998
981,3.1427000000000027,4.1328,0.019356309044165926,15.77,0.0126,0.647,0.030600000000000002
982,-8.395499999999998,6.213399999999999,0.03590573743880127,15.85,0.0216,0.8041,0.0969
983,-1.3127000000000002,4.3131,0.019,15.639999999999999,0.0079,0.4685,0.0353
984,-1.5764000000000005,5.436299999999999,0.014,15.65,0.0205,0.6066,0.0658
985,-2.659099999999999,6.2544,0.03777234725669629,15.56,0.0139,1.0918,0.0272
986,-2.8845000000000005,2.406,0.02190218087557146,15.56,0.0164,0.6254,0.07909999999999999
987,23.310900000000004,4.9295,0.0421,15.83,0.0261,1.1086,0.0779
988,-6.054499999999999,6.0601,0.0185,15.69,0.0089,0.7663,0.0921
989,12.683946677506913,7.749600000000001,0.0202,15.84,0.0282,0.7747,0.09419999999999999
990,-4.6109,6.1402,0.0427,15.81,0.0126,1.1213,0.0733
991,0.19820000000000076,2.5177,0.02019459605922812,15.77,0.0074,1.0199,0.0838
992,-12.047299999999998,10.8564,0.056145700128794315,15.83,0.0218,0.8384,0.09399999999999999
993,-6.483599999999999,4.0269,0.05612967508887307,15.68,0.0216,1.0891,0.07124777888609693
994,-5.601799999999998,5.7121,0.04699276554514593,15.73,0.0289,1.1638,0.0969
995,-0.023600000000000582,5.4204,0.0156824882236629,15.73,0.0059,1.0186,0.08389999999999999
996,1.0285368745966386,5.329142803567848,0.0187,15.79,0.0246,0.5836,0.09089999999999998
997,-6.044500000000001,9.367899999999999,0.049400000000000006,16.01,0.0069,0.5888,0.0664
998,-2.1554999999999995,3.9525,0.021,15.68,0.0233,0.7558,0.0881
999,-3.8981999999999997,3.6575,0.034,15.85,0.0102,0.5888,0.0643
1000,2.0009,7.7429,0.021900000000000003,15.87,0.01,0.7663,0.07819999999999999
1001,-2.3109000000000015,7.9418999999999995,0.029763719570794097,15.76,0.018,0.5329,0.0315
1002,12.020479335338438,4.4594,0.0315,15.879999999999999,0.0264,0.596,0.09419999999999999
1003,2.7582000000000018,7.593,0.014,15.63,0.0114,0.8216999999999999,0.10619999999999999
1004,3.172700000000001,3.742,0.021182114648592362,15.76,0.0197,0.3512,0.0356
1005,-1.2427000000000006,5.5738,0.049800000000000004,15.9,0.0082,0.9072,0.10619999999999999
1006,-6.0845,5.424600000000001,0.02763405476814145,15.72,0.0057,1.1623,0.0686
1007,-1.7609000000000006,11.0497,0.0151,15.96,0.0122,0.604,0.08679999999999999
1008,3.3655000000000017,3.9414,0.032,15.91,0.0201,0.7316,0.08279999999999998
1009,0.8526999999999995,5.549499999999999,0.019288674827187116,15.77,0.0169,0.8197999999999999,0.0328
1010,1.5399999999999994,9.365999999999998,0.028164235504406585,15.95,0.0194,0.57,0.028300000000000002
1011,-2.7845,2.6974,0.016804780179985376,15.89,0.0172,0.7053,0.0699
1012,4.403599999999999,4.6098,0.027823659286743112,15.87,0.0054,0.6302,0.077
1013,-5.3055,3.6862,0.037842019442192246,15.83,0.0284,1.0644,0.07709197204417084
1014,1.6299999999999994,6.7437999999999985,0.0,15.83,0.0196,0.7849,0.10680000000000002
1015,3.1900000000000017,7.8401,0.04602471102279797,15.95,0.0096,0.604,0.08709999999999998
1016,20.5864,4.7979,0.1698,15.66,0.0216,0.8735,0.07779999999999998
1017,-1.1582000000000008,4.9308,0.0334,15.8,0.0092,0.8882999999999999,0.0849
1018,-0.9499999999999998,3.4077,0.0286,15.89,0.0128,0.9735,0.08679999999999999
1019,-1.860000000000001,4.7955,0.021749045346240385,15.709999999999999,0.0104,0.7506,0.0363
1020,2.816174460664654,4.4058,0.0494478441761816,15.92,0.0251,0.596,0.0968
1021,-3.2436000000000007,5.7353000000000005,0.024884072913724548,15.74,0.0109,0.5858,0.030600000000000002
1022,0.5899999999999994,2.3731,0.0178,15.7,0.0165,0.9186,0.0353
1023,-3.615499999999999,2.9962,0.0,15.69,0.0087,1.0186,0.0861
1024,-1.604500000000001,3.8037999999999994,0.016574878865676598,15.7,0.0095,1.0199,0.0939
1025,3.0944999999999987,1.6872,0.015,15.81,0.0116,0.8230999999999999,0.0916
1026,0.5754999999999991,8.1897,0.0195,15.9,0.0189,0.6987,0.0806
1027,1.2881999999999996,8.231799999999998,0.0329,15.75,0.0196,0.6805,0.07509999999999999
1028,16.8445,9.8085,0.0825,15.89,0.0205,0.7747,0.1013
1029,-1.0545000000000002,9.2151,0.0271073684648075,15.7,0.0151,1.1623,0.0684
1030,-0.19180000000000047,3.0794,0.0194,15.73,0.0131,0.7558,0.0903
1031,2.6227000000000005,4.3681,0.024656482281401434,15.72,0.0147,0.4685,0.0847
1032,2.1973000000000007,3.7115,0.05712111677562157,15.92,0.0074,0.6257,0.09089999999999998
1033,-9.4964,4.1991,0.029298817230469835,15.8,0.0205,0.7574,0.09379999999999998
1034,-5.1255,3.6831,0.0199,15.73,0.0117,0.5765,0.0881
1035,0.2573,8.6821,0.013800000000000002,15.99,0.0175,0.9873,0.105
1036,3.3955,6.8736999999999995,0.02,15.75,0.0062,0.9639,0.097
1037,2.6873,3.6244,0.020902974273001647,15.83,0.0128,1.1248,0.0263
1038,11.681800000000003,6.666500000000001,0.0251,15.83,0.0123,0.662,0.0366
1039,2.5336000000000003,4.8187,0.0135,15.97,0.0109,0.7593,0.027799999999999995
1040,22.3736,9.6886,0.0744,15.8,0.0092,0.9059,0.0969
1041,2.3854999999999986,6.780499999999999,0.040867071208779464,15.66,0.0157,0.9726000000000001,0.07509999999999999
1042,0.9991000000000012,4.7485,0.1087,15.91,0.0083,0.7681,0.0932
1043,11.4855,5.4073,0.0254,15.91,0.0143,0.7316,0.0835
1044,1.2108999999999999,3.1765,0.027193840503210963,15.86,0.0096,1.0199,0.0851
1045,-0.5455000000000008,5.4201,0.027677535339954398,15.96,0.0188,0.6373,0.08589999999999999
1046,2.740000000000001,4.2038,0.013199999999999998,15.95,0.0075,0.3963,0.027799999999999995
1047,-0.2172999999999988,3.1175,0.023,15.82,0.0116,0.687,0.09379999999999998
1048,0.7354999999999987,4.7399,0.0151,15.54,0.0272,0.9237999999999998,0.08599999999999998
1049,-2.824500000000001,2.9356,0.023394265196920866,15.67,0.0227,0.6787,0.0324
1050,-3.707299999999999,3.3667,0.0149,15.61,0.0173,0.5858,0.10169999999999998
1051,-5.164500000000001,4.42,0.02623023400581562,15.73,0.0075,0.5329,0.09559999999999999
1052,-0.2618,6.415458896184957,0.02917694945620223,15.879999999999999,0.0059,0.8342999999999999,0.0937
1053,-2.312699999999999,4.7977,0.036506849908577964,15.72,0.0115,0.8296999999999999,0.0324
1054,-1.9899999999999998,6.1495,0.03671680253486604,15.61,0.0073,0.565,0.0924
1055,-0.2172999999999988,5.3995999999999995,0.1298,15.95,0.0167,0.7593,0.0855
1056,-3.9072999999999998,6.9496,0.03472632631323845,15.77,0.0106,0.8757999999999999,0.10049999999999999
1057,2.0608999999999993,3.9852,0.02,15.77,0.0189,0.7317185768395866,0.07909999999999999
1058,-1.957299999999999,9.1321,0.014499999999999999,15.98,0.0167,0.5836,0.0639
1059,17.6864,6.5423,0.0353,15.74,0.0177,1.0644,0.0779
1060,2.1145000000000005,5.191199999999999,0.0428,15.73,0.0193,1.0631,0.0878
1061,5.169999999999999,6.488599999999998,0.02343685990314592,15.84,0.0085,0.47439999999999993,0.0319
1062,14.257712050648646,2.6817,0.0649,15.83,0.0204,1.0959,0.07539999999999998
1063,0.9827000000000007,6.453999999999999,0.014,15.85,0.012,0.9735,0.0652
1064,2.318199999999999,8.4018,0.026499999999999996,15.709999999999999,0.0076,0.7139,0.0631
1065,20.0236,8.0814,0.0364,15.85,0.0299,0.7524,0.0969
1066,9.414321334814403,8.118299999999998,0.026,15.83,0.0259,1.0959,0.0729
1067,0.5609000000000011,7.220508007291786,0.04409155968585041,15.66,0.0062,0.9072,0.0713
1068,-0.5327000000000003,6.4536999999999995,0.0216,15.7,0.0132,0.7719,0.10169999999999998
1069,-3.9044999999999996,5.3634,0.0393,15.84,0.0071,1.0359,0.0733
1070,3.1381999999999977,7.821899999999999,0.05281765759828086,15.66,0.023,0.5284,0.062099999999999995
1071,24.291800000000006,4.2267,0.1286,15.76,0.027,0.6641,0.07849999999999999
1072,-0.41729999999999956,9.9344,0.0175,15.96,0.0156,0.6987,0.0806
1073,24.828200000000006,5.097100000000001,0.0252,15.68,0.0237,0.6641,0.07849999999999999
1074,1.7627000000000006,2.0193,0.0179,15.709999999999999,0.0188,0.7558,0.0903
1075,1.5554999999999999,2.8002,0.02074809189377875,15.87,0.0149,1.0359,0.0861
1076,2.5054999999999996,6.284,0.021504355721717727,16.01,0.0062,0.9276000000000001,0.034
1077,-3.4873000000000003,5.922200000000001,0.021161860283575282,15.73,0.0223,0.6605,0.0304
1078,-2.7973000000000003,3.83487533341514,0.021843623684888295,15.709999999999999,0.0152,0.9074999999999999,0.0353
1079,3.8963999999999994,3.7055,0.08457113079253982,15.66,0.0253,1.0891,0.0683
1080,5.0817999999999985,5.2405,0.03800709281442833,15.73,0.0183,0.8638,0.0622
1081,-0.03090000000000087,7.741599999999999,0.0105,15.99,0.0144,0.9873,0.09289999999999998
1082,-1.008199999999999,2.2394,0.0444,16.02,0.0225,0.57,0.08769999999999999
1083,18.6827,7.4078,0.0398,15.74,0.017,0.9835999999999999,0.08159999999999999
1084,25.457300000000007,6.4283838335789545,0.043899999999999995,15.74,0.0146,1.0407,0.0759
1085,4.055499999999999,6.1799,0.028315702747811016,15.78,0.0102,0.8786999999999999,0.0622
1086,1.2209,9.3285,0.0166,15.73,0.016383542541870067,0.7663,0.08479999999999999
1087,2.7764000000000024,7.4219,0.04537180014365972,15.83,0.0204,0.9725,0.09759999999999999
1088,-4.037299999999998,6.2882,0.055499999999999994,15.99,0.0061,0.5888,0.0643
1089,-0.7109000000000004,3.1152999999999995,0.015,16.07,0.0089,0.6242,0.0328
1090,-4.7818,3.7689,0.0267,15.69,0.0102,0.9136,0.0363
1091,-3.1226999999999996,4.6652,0.02977534102630048,15.54,0.0086,0.9332,0.08189999999999999
1092,7.24,7.0695,0.0175,15.98,0.025,1.0918,0.07649999999999998
1093,-0.46360000000000073,3.5555,0.0293844376298749,15.66,0.0308,0.7193,0.089
1094,13.489100000000002,6.972499999999999,0.030600000000000002,15.93,0.0191,0.4996,0.0915
1095,2.582699999999999,8.3284,0.1309,15.8,0.0162,0.7507,0.0993
1096,1.267299999999999,2.5672,0.0282,15.85,0.0277,0.7642,0.10119999999999998
1097,-4.488199999999999,4.3095,0.0212,15.58,0.0141,0.7954,0.08479999999999999
1098,-10.68,2.5881,0.03397822959825718,15.61,0.0144,0.7532,0.08189999999999999
1099,8.6927,3.0731,0.0442,15.83,0.0347,0.7898,0.0366
1100,3.1336,4.2996,0.02718997169521844,16.09,0.009,0.8531999999999998,0.1124
1101,-1.092699999999999,8.817699999999999,0.03118573894862019,15.99,0.01,0.7681,0.105
1102,20.550900000000002,4.0288,0.0545,15.83,0.0209,1.0459,0.0759
1103,-3.089999999999999,4.5813,0.0129,15.84,0.0182,1.1525,0.10189999999999999
1104,-2.2363999999999993,4.0483,0.02440145833598754,15.68,0.0098,1.0765,0.0939
1105,-1.948200000000001,5.7,0.02467664072924807,15.709999999999999,0.0186,0.74,0.0362
1106,2.117300000000001,6.535399999999999,0.014752443901061514,15.78,0.0179,0.6257,0.062099999999999995
1107,-0.39549999999999896,5.28,0.02534118796941356,15.98,0.0215,0.6259,0.0822
1108,-4.890000000000001,2.9432,0.0224,15.74,0.0168,1.0143,0.1043
1109,0.17730000000000018,6.3655,0.021894939798006708,15.87,0.0091,0.8262999999999999,0.1016
1110,2.6473000000000013,3.2434,0.02092421206381479,15.709999999999999,0.0186,0.8047,0.08679999999999999
1111,-0.06909999999999951,2.6536,0.02035027861994151,15.709999999999999,0.0171,0.7159,0.1187
1112,2.8181999999999987,6.4263,0.0482,15.91,0.01560845396998437,0.8721,0.0856
1113,-4.6227,5.7416,0.0203,15.9,0.0135,0.5765,0.11029999999999998
1114,-3.8991,4.1392,0.029172473455902577,15.72,0.0123,0.6254,0.0829
1115,20.7782,6.822025489389507,0.0312,15.91,0.0255,1.0323,0.0937
1116,-0.3918000000000012,5.691900000000001,0.019,15.79,0.0143,0.8159,0.08499999999999999
1117,-3.0881999999999987,6.609599999999999,0.023559659337021588,15.7,0.0066,0.8336,0.0713
1118,2.6826999999999996,4.2653,0.023529569041875597,15.73,0.0141,0.4782,0.084
1119,-1.082700000000001,5.5896,0.01934761331124729,15.75,0.0118,0.6161,0.0686
1120,-0.06359999999999923,6.519299999999999,0.0231,15.75,0.0196,1.1638,0.10119999999999998
1121,-9.4318,5.5267,0.031267369409593744,15.709999999999999,0.0119,0.8933999999999999,0.08319999999999998
1122,1.1473000000000007,5.5049,0.022217850715161674,15.77,0.0172,0.6857,0.1061
1123,0.7381999999999987,5.8034,0.01958690154276597,15.65,0.0112,0.8594999999999999,0.091
1124,4.145499999999999,4.3536,0.0174,15.879999999999999,0.0189,0.9361,0.0858
1125,-2.5191,7.4066,0.0629,15.76,0.0048,0.8149999999999998,0.1033
1126,-3.9218,6.2586,0.028950338449346354,15.79,0.0189,0.8387,0.10139999999999999
1127,0.9426999999999995,4.6356,0.019316195211440516,15.61,0.0177,0.9319999999999999,0.0299
1128,1.440899999999999,5.942,0.02548731815747391,15.7,0.0079,0.9358999999999998,0.10029999999999999
1129,-0.3181999999999992,5.8228,0.0539,15.74,0.021,1.1248,0.0813
1130,13.7255,3.9959999999999996,0.04076932109417631,15.96,0.0273,1.0803,0.09399999999999999
1131,-10.2673,9.876599999999998,0.05183583538676311,15.83,0.0313,0.8384,0.09399999999999999
1132,4.4155,4.5129,0.0325932687246576,15.77,0.0087,0.8344999999999999,0.0998
1133,4.837300000000002,3.1119,0.0206,15.91,0.0076,1.1638,0.0921
1134,24.472700000000007,4.8236,0.0987,15.76,0.018,0.4221,0.0529
1135,-2.4345,3.6743999999999994,0.031465286731831944,15.8,0.0151,0.7053,0.0699
1136,-4.4309,7.322799999999999,0.0239213961095086,15.75,0.0171,0.8469,0.0272
1137,5.0954999999999995,5.469979236944263,0.0142,15.85,0.0249,0.57,0.1036
1138,1.9854999999999996,7.018099999999999,0.023699999999999995,15.85,0.0203,0.9873,0.0813
1139,1.6715289135159404,4.7052,0.0338,15.96,0.0261,0.9251,0.1004
1140,-2.2381999999999995,5.152599999999999,0.02174680129239455,15.77,0.0167,0.5317,0.10509999999999999
1141,17.7927,8.323799999999999,0.059285368968175614,15.77,0.0192,0.6901,0.0786
1142,-0.6608999999999989,2.6206,0.011799999999999998,15.8,0.0119,0.8230999999999999,0.0652
1143,-4.719999999999998,5.759099999999999,0.021794424873972956,15.61,0.015,0.9319999999999999,0.0299
1144,17.93054747953942,10.2301,0.06580320509437515,15.68,0.025,0.7613,0.07779999999999998
1145,-1.1926999999999992,4.3639,0.023909820658789813,15.8,0.0345,0.8987,0.0741
1146,-4.395499999999999,5.4073,0.023824451483738095,15.93,0.0193,0.8229,0.11119999999999998
1147,11.559099999999999,6.352258433672454,0.0461,15.83,0.021,0.4996,0.0224
1148,-3.6509,3.9068000000000005,0.031360346508056046,15.75,0.011,0.8469,0.10509999999999999
1149,-3.9555000000000016,4.0088,0.023263014742754672,15.93,0.0114,0.9048,0.0733
1150,3.5944999999999983,6.0911,0.043,15.79,0.0261,0.7139,0.0622
1151,-0.44820000000000043,7.870399999999999,0.03690068132442467,15.98,0.0131,0.5836,0.0764
1152,-2.9573,5.196699999999999,0.03582057677873591,15.57,0.0133,0.46599999999999997,0.10169999999999998
1153,-1.709999999999999,5.8362,0.023067580788365825,15.93,0.0097,0.9078999999999999,0.0855
1154,6.1854999999999976,5.9842,0.022172971533754988,15.54,0.011,0.7093,0.08599999999999998
1155,-2.113600000000001,4.9854,0.03713958534764309,15.79,0.0072,0.7516,0.09559999999999999
1156,-10.1245,4.3614,0.06191386797617419,15.87,0.0255,0.9393,0.0788
1157,-7.538199999999999,3.5277,0.017561033693769743,15.78,0.0235,0.7574,0.09379999999999998
1158,-5.3318,3.9171,0.02045649927658174,15.709999999999999,0.0214,1.0199,0.10550000000000001
1159,2.1927000000000003,6.1039,0.024218808789612432,15.75,0.02,0.9329000000000001,0.036
1160,5.134500000000003,3.1492,0.04150993163680307,15.74,0.0068,0.7015,0.0759
1161,2.8158440801314755,3.0522,0.0519,15.87,0.0082,0.9413000000000001,0.0968
1162,1.159100000000001,7.1718,0.053868530633150856,15.82,0.0085,0.9254999999999999,0.09939999999999999
1163,0.7136000000000005,4.1454,0.018619109848398232,15.93,0.0167,0.8594999999999999,0.091
1164,2.1918000000000006,5.3635,0.032206667530788935,15.99,0.0077,0.7593,0.0822
1165,18.867300000000004,7.4998999999999985,0.05029999999999999,15.96,0.0189,0.5593,0.09489999999999998
1166,-6.025499999999998,3.6401,0.021900000000000003,15.73,0.008,1.0765,0.0851
1167,-0.4090999999999993,7.7667,0.0212,15.73,0.023,1.2471,0.07909999999999999
1168,-0.44910000000000044,3.2363,0.021855634102390227,15.79,0.016,0.6815,0.08449999999999999
1169,1.2954999999999999,4.624,0.018154334308773612,15.77,0.0229,1.0199,0.10680000000000002
1170,-0.9499999999999998,4.3441,0.02016450545655482,15.52,0.0171,0.6605,0.0328
1171,3.4317999999999986,5.243499999999999,0.0311,15.78,0.0087,0.6644,0.0362
1172,0.8827000000000003,7.1603,0.035470870090750124,15.73,0.0126,0.8160999999999999,0.0662
1173,-2.572699999999999,3.1585,0.013099999999999999,16.04,0.0073,0.7681,0.0688
1174,-2.1463999999999994,2.6374,0.027462757456005422,15.79,0.0177,0.9319999999999999,0.0863
1175,1.335500000000001,4.9672,0.040801491685434337,15.74,0.0278,0.7663,0.08029999999999998
1176,-0.7236000000000007,7.7214,0.1541,15.82,0.0235,0.5377,0.08279999999999998
1177,4.313599999999999,5.1801,0.0177,15.709999999999999,0.0266,0.8833999999999999,0.11159999999999999
1178,3.449099999999999,5.6384,0.024193993524767653,15.82,0.0106,1.0478,0.0662
1179,-4.101800000000001,4.0088,0.026153172323239604,15.73,0.015,0.9136,0.0838
1180,24.611800000000006,2.9844,0.0471,15.68,0.0258,0.7613,0.07539999999999998
1181,3.6536,7.3859,0.0302,15.77,0.0073,0.8858999999999999,0.0345
1182,-1.2336000000000005,4.0648,0.0202,15.82,0.0085,0.9812,0.0713
1183,-0.34449999999999975,9.8065,0.021155646146968916,15.61,0.0258,0.3973,0.0319
1184,0.18910000000000046,5.7327,0.0213,15.99,0.0177,0.9873,0.08479999999999999
1185,3.1381999999999977,9.1637,0.0148,15.89,0.0124,0.9715000000000001,0.105
1186,4.538199999999998,4.351,0.023499999999999997,15.66,0.0083,0.9489,0.0342
1187,-3.2882,4.5105,0.022496038438013205,15.7,0.0184,1.0959,0.10169999999999998
1188,6.599999999999997,5.2891,0.0216,15.84,0.018,0.4389,0.0841
1189,1.5018000000000007,10.8289,0.061000000000000006,15.89,0.0061,0.7928,0.0998
1190,20.81,10.9632,0.034168526920339094,15.73,0.0272,1.0803,0.0969
1191,-3.634499999999999,4.6133,0.0449579877832819,15.86,0.023,0.9273999999999999,0.0571
1192,2.4208999999999996,4.2983,0.023405227931425215,15.85,0.0078,0.8184,0.0864
1193,-1.6863999999999986,5.5709,0.02311504444962124,15.69,0.0072,0.6644,0.0342
1194,-12.294499999999998,6.1979,0.03326456306623179,15.709999999999999,0.024,0.6672,0.0822
1195,-1.6600000000000001,1.9419999999999997,0.0183,15.7,0.024,0.8858999999999999,0.0699
1196,-2.6681999999999992,4.3753,0.0197301303317064,15.77,0.0198,0.7663,0.08029999999999998
1197,0.19730000000000075,5.9703,0.029382621268243692,15.78,0.0133,0.5194,0.1058
1198,-3.777300000000001,2.2464,0.03931172394574231,15.61,0.0151,0.9319999999999999,0.0863
1199,-0.45270000000000044,5.7777,0.0169,15.72,0.0118,0.8757999999999999,0.0786
1200,6.908199999999999,8.6041,0.0351,15.8,0.0248,0.7524,0.09419999999999999
1201,7.391800000000003,5.726,0.0175,15.84,0.0201,0.5677,0.0257
1202,12.3073,5.523277763008893,0.0592,15.8,0.0087,0.7162,0.0746
1203,-5.161800000000001,4.881,0.035288028224226865,15.73,0.0162,0.7674,0.0324
1204,-2.1009,4.1239,0.017444554901848416,15.69,0.0081,0.8531999999999998,0.0869
1205,23.7709,5.1866,0.0632,15.82,0.0249,0.7747,0.09429999999999998
1206,-2.5944999999999996,3.3232,0.02351538017123689,15.86,0.0139,0.5669,0.08449999999999999
1207,-2.470900000000001,2.5702,0.019,15.91,0.0054,0.8336,0.0733
1208,-0.8891000000000006,6.057299999999999,0.03017852996079828,15.87,0.0083,0.7445,0.027000000000000003
1209,14.715615663263979,4.9673,0.030600000000000002,15.8,0.0298,0.5955,0.07889999999999998
1210,1.1990999999999994,4.6582,0.02769639841082564,16.09,0.0083,0.7233,0.08499999999999999
1211,-2.810000000000001,4.4836,0.0635,15.89,0.0067,0.5765,0.10529999999999999
1212,17.3018,6.555699999999999,0.1614,15.68,0.0202,0.6901,0.0713
1213,22.9245,6.6983999999999995,0.0958,15.74,0.026,1.1086,0.0759
1214,15.353600000000002,4.0729,0.0225,15.7,0.0058,1.0459,0.0869
1215,-0.32639999999999947,3.6306,0.03211560981251506,15.73,0.027,0.8962,0.09769999999999998
1216,0.5564000000000011,5.841400000000001,0.02708522154445217,15.73,0.0201,0.8427,0.08189999999999999
1217,-1.419100000000001,8.0345,0.014599999999999998,15.68,0.0115,0.9916000000000001,0.0272
1218,2.7800000000000025,10.4267,0.037955714316933224,15.801378012013073,0.01,0.811,0.10189999999999999
1219,-5.941799999999998,7.372099999999999,0.019427399499015348,15.68,0.0118,0.46599999999999997,0.0807
1220,-1.0473000000000001,4.6312,0.020116475485757204,15.7,0.0064,1.1623,0.1087
1221,2.5209,4.3093,0.0267,15.82,0.0219,1.0459,0.08159999999999999
1222,-1.6544999999999999,6.571300000000001,0.04051633027309652,15.72,0.0248,1.2364,0.08159999999999999
1223,6.2045,4.4872859801012215,0.036492273892483926,15.8,0.0256,1.0918,0.07649999999999998
1224,1.7272999999999998,3.4184,0.028054869161674025,16.08,0.0094,0.647,0.0864
1225,8.301800000000002,5.8283,0.0287,15.85,0.0098,0.9639,0.0915
1226,1.2300000000000004,4.139,0.04352192160657906,15.92,0.0244,0.7158,0.09939999999999999
1227,2.4345,4.0485,0.0183,15.85,0.0151,0.6576,0.08729999999999999
1228,-6.494500000000001,6.570799999999999,0.025344102181567303,15.66,0.0354,0.5742,0.0299
1229,12.160899999999996,5.676700000000001,0.0653,15.73,0.0263,1.1815,0.0937
1230,3.7127000000000017,5.1701,0.0241811763816748,15.95,0.0159,0.9251,0.07959999999999999
1231,-1.0981999999999992,3.6475,0.01910726950159625,15.96,0.0227,0.6385,0.08499999999999999
1232,5.872699999999999,4.7116,0.017579525489901705,15.92,0.008,0.9725,0.07649999999999998
1233,1.6308999999999994,6.4754,0.017853247991971025,15.66,0.0122,0.8160999999999999,0.0662
1234,23.874499999999998,5.5544,0.0853,15.8,0.01,1.0551,0.0714
1235,23.710900000000006,6.3497,0.0381,15.85,0.0085,0.7524,0.09429999999999998
1236,-1.4973000000000005,4.486,0.049600000000000005,15.77,0.0179,0.8197999999999999,0.1011
1237,5.718200000000002,7.530699999999999,0.0216,15.73,0.0093,0.7337,0.0932
1238,0.7218000000000007,4.1323,0.04429999999999999,15.9,0.0316,0.9254999999999999,0.10029999999999999
1239,1.0344999999999995,4.9982,0.019,15.73,0.0171,1.0135,0.07959999999999999
1240,-2.0991000000000004,4.0262,0.03361944352191824,15.709999999999999,0.0253,0.9174999999999999,0.10509999999999999
1241,-1.3073000000000001,4.8576,0.027082612962318346,15.51,0.022,0.9726000000000001,0.0685
1242,12.707432646632451,8.179307432643155,0.0368,15.8,0.0344,0.9753,0.07889999999999998
1243,-5.694499999999999,3.8017,0.03596634541244949,15.69,0.012,0.9358999999999998,0.0807
1244,-0.9127000000000012,8.4692,0.02046087188530761,15.98,0.0192,0.9383,0.0887
1245,-2.1499999999999995,8.2545,0.037574682426819835,15.84,0.0079,0.7663,0.030600000000000002
1246,-6.5282,3.8322,0.027700000000000002,15.7,0.0144,0.8047,0.1043
1247,-2.7672999999999996,5.789100000000001,0.037330012790509313,15.87,0.0103,0.7447,0.0333
1248,3.2964000000000024,4.639,0.03792765270494853,15.95,0.0118,0.8216999999999999,0.10169999999999998
1249,3.034500000000002,6.673999999999999,0.0203,15.8,0.0114,0.7558,0.08499999999999999
1250,11.4855,6.3958,0.1383,15.96,0.0294,0.9794,0.0968
1251,-2.3109000000000015,4.3482,0.020903357734556198,15.67,0.0225,0.8451999999999998,0.1104
1252,0.37640000000000096,2.9581,0.026555556240371925,15.8,0.0083,1.148,0.0529
