,feature_66,feature_171,feature_427,feature_133,feature_299,feature_563,feature_354,feature_3
0,23.2216,0.8247000000000001,1.3155,2.3766,0.0595,267.07,0.0202,2207.0444
1,27.2716,0.7047,0.6593,2.3805,0.0662,250.084,0.0357,2155.3111
2,14.7061,0.7804,1.5403,2.3244,0.0519,264.272,0.0145,2173.4556
3,36.07909999999999,0.6262,1.6422,2.3725,0.0635,268.6908,0.0512,2224.0
4,24.3057,0.969,0.8006,2.3401,0.0505,257.68919999999997,0.05330000000000001,2217.8111
5,19.1189,0.4063,0.7004000000000001,2.2797,0.0242,264.272,0.0497,2212.3
6,22.2064,0.5595,1.4412,2.2864,0.0655,264.272,0.017,2200.2
7,25.3099,0.8028,1.419,2.3080999999999996,0.0867,264.272,0.033,2209.8
8,24.2829,1.0824,1.8268,2.2592,0.08,267.064,0.0428,2186.4111
9,21.0974,0.4433,0.9783000000000001,2.2877,0.0449,264.272,0.04194,2182.5555
10,23.905,0.4788,1.3357999999999999,2.212,0.10989999999999998,272.796,0.0519,2173.2778
11,17.5983,0.7978,1.5564,2.2773,0.1141,265.306,0.0497,2163.5889
12,32.7483,0.7810000000000001,1.5813999999999997,2.2959,0.0266,270.44,0.0495,2162.5556
13,22.3647,0.6332,0.7479,2.3322999999999996,0.0486,251.61600000000004,0.0626,2236.0667
14,22.3694,0.7299,0.6601,2.2673999999999994,0.0607,256.842,0.049,2239.4111
15,29.1429,0.5868,0.8463,2.2564,0.0585,258.924,0.0545,2227.2444
16,24.68546,0.6062,0.5788,2.2784,0.0536,249.918,0.0455,2195.6667
17,44.9459616831798,0.7108,2.02,2.3735000000000004,0.0868,261.168,0.013499999999999998,2207.0444
18,15.0471,0.5162,0.6477,2.1911,0.0359,264.272,0.0448,2164.3666
19,22.1659,0.7973,2.0504,2.3499,0.13750336952302658,269.366,0.04460000000000001,2170.0666
20,37.258,0.4828,1.5738999999999999,2.2928,0.0565,261.7944,0.0587,2244.1111
21,21.7095,0.4945,1.5151,2.3146,0.0166,264.272,0.0378,2160.6
22,23.1287,0.6531,0.7370000000000001,2.3386,0.0488,251.03000000000003,0.0596,2191.5667
23,30.7593,0.5357,1.2606,2.272,0.071,264.272,0.0124,2227.2222
24,19.2834,0.6458,0.5418,2.2802,0.045,264.272,0.007799999999999999,2224.6778
25,27.2876,0.8505,1.7251,2.3121999999999994,0.0601,263.02,0.0506,2207.3889
26,24.3905,0.6791,2.2004,2.2728,0.053,265.908,0.0513,2173.4556
27,21.2465,0.6177,0.8378,2.2474,0.0643,253.31399999999996,0.0583,2210.8556
28,26.2754,0.5811,1.9544,2.3216,0.0339,261.6544,0.0423,2230.4222
29,29.809,0.5744,0.6131,2.4241,0.1043,264.272,0.0389,2243.8556
30,41.2374,0.6385,1.3431,2.3684,0.0254,260.674,0.0225,2171.9
31,30.4914,0.969,0.4793,2.2937,0.0587,256.6628,0.0384,2220.4778
32,22.9635,0.909,0.9287,2.2757,0.0286,264.272,0.0435,2216.5
33,26.269100000000005,0.377,0.9269,2.2658,0.0816,277.55,0.0291,2266.8333
34,21.7926,0.7743,1.2483,2.3817,0.0679,264.272,0.0483,2205.7445
35,23.8157,0.5844,1.0257,2.2771,0.0472,264.47,0.0324,2124.8444
36,26.4132,0.5595,0.5418,2.2864,0.0175,264.272,0.013,2208.5222
37,30.3233,0.6379,1.1716,2.2434,0.099,272.572,0.055900000000000005,2228.4778
38,26.448,0.7512,0.8527,2.2569,0.0257,256.014,0.0247,2247.3666
39,44.9459616831798,0.5928,1.4389,2.3712,0.038,263.176,0.0208,2191.9
40,21.6831,0.4433,0.5403,2.3187,0.0327,253.17000000000002,0.049,2191.3556
41,27.4102,0.8976,1.2655,2.2887,0.0384,265.49,0.0204,2223.0333
42,26.897900000000003,0.5756,0.5996,2.4151,0.0393,250.206,0.0188,2165.0333
43,27.321100000000005,0.6023,1.3047,2.2616,0.0805,264.272,0.0396,2189.9667
44,31.450100000000003,0.4812,1.5308000000000002,2.3672,0.045,264.272,0.062000000000000006,2218.0555
45,23.5578,0.7555000000000001,0.6632,2.3375,0.0351,250.292,0.0213,2217.8667
46,22.1353,0.6491,2.1082,2.3756,0.0433,261.542,0.0368,2232.5889
47,32.7577,0.9858000000000001,0.6269,2.3099000000000003,0.088,249.548,0.0421,2196.8
48,22.7275,0.7769,0.5892,2.2825999999999995,0.1198,264.272,0.05680000000000001,2162.1333
49,33.272,0.5786,1.5991,2.4241,0.0573,264.272,0.0474,2178.5889
50,30.1062,0.7997,1.6607999999999998,2.3275,0.0813,262.938,0.0321,2191.7889
51,25.9809,0.6535,1.7426,2.3257,0.0144,262.91793827079493,0.014,2217.8667
52,24.7257,0.7888,0.6011,2.3132,0.061,258.966,0.010500000000000002,2207.0444
53,30.7182,0.478,0.6632,2.2752,0.0626,257.404,0.05689999999999999,2206.4
54,44.9459616831798,0.6723,1.2224,2.3497,0.13750336952302658,264.136,0.0288,2196.6555
55,26.6305,0.7495000000000002,0.5648,2.3259,0.0454,250.0,0.028400000000000005,2183.1
56,22.5569,0.49550000000000005,0.6418,2.3063,0.0397,250.698,0.0509,2228.4444
57,26.063,0.8273,0.5445,2.4213999999999998,0.0337,248.774,0.0326,2203.4556
58,22.1675,0.7141,1.1766,2.3573,0.05,262.6268,0.038,2172.5333
59,39.7257,0.7104,2.2773,2.295,0.0339,263.902,0.0524,2207.0444
60,26.2833,0.8755999999999999,0.6101,2.2807999999999997,0.074,251.156,0.0603,2246.5778
61,25.8939,0.6512,0.81398,2.3285199999999997,0.0452,256.73,0.03642,2206.3
62,26.0522,0.5744,1.1702000000000001,2.3922999999999996,0.0494,268.152,0.0365,2222.0111
63,26.2174,0.8505,1.4616,2.3121999999999994,0.0467,263.066,0.0492,2207.3889
64,19.9076,0.6332,2.2414,2.4079,0.0387,264.272,0.0358,2168.7
65,29.3176,0.5969,1.5379,2.2936,0.13750336952302658,263.5076,0.0632,2160.3667
66,23.6041,0.7984000000000001,1.9706,2.349,0.0644,266.8,0.0399,2175.9667
67,24.9899,0.7141,1.1539,2.3573,0.0875,265.52479999999997,0.0372,2178.6889
68,14.113499999999998,0.6791,2.0544,2.3865,0.0535,265.88,0.013400000000000002,2238.5444
69,27.9713,0.4067,0.7382000000000001,2.2797,0.0866,256.778,0.0769,2223.0444
70,37.532,0.5398,1.3796,2.3394,0.0813,261.436,0.0435,2191.9
71,24.5799,0.5744,1.2366,2.2647,0.0803,261.234,0.0552,2194.9556
72,23.4468,0.647,1.5257000000000003,2.2825999999999995,0.0119,264.272,0.0451,2238.1444
73,30.0288,0.6322,0.4832000000000001,2.3161,0.0564,264.272,0.0349,2218.0555
74,27.3802,0.7049,1.4317,2.2915,0.0551,264.272,0.0468,2204.6667
75,27.3069,0.5365,0.5758,2.3063,0.09,250.556,0.0321,2167.2
76,25.7305,0.3596,1.5604,2.2563,0.0342,280.32,0.0341,2231.0555
77,22.0576,0.6139,0.5481,2.3883,0.0884,264.272,0.0435,2114.9458588922266
78,30.9387,0.6925,1.7736,2.2859,0.0532,271.75,0.0463,2199.3
79,22.319499999999998,0.5832,0.6244,2.2726,0.1084,248.426,0.05040000000000001,2175.1222
80,23.5326,0.8687,1.8290999999999997,2.3322999999999996,0.0678,261.9232,0.0339,2233.1556
81,24.7337,0.6995,0.5965,2.3402,0.059,252.932,0.0116,2201.0667
82,26.2439,0.6156,0.5518,2.2472,0.0835,256.832,0.0292,2213.9111
83,23.2157,0.49550000000000005,1.8725,2.3604,0.0654,264.3164,0.0357,2179.2
84,20.2591,0.9365,2.1221,2.3524,0.0466,260.17,0.0518,2222.3222
85,26.3407,0.733,1.0482,2.2445,0.0849,264.272,0.0409,2172.3111
86,37.4668,1.0039,1.4978,2.3073,0.0355,259.704,0.0454,2213.7556
87,21.2309,0.7473,0.7851,2.3162,0.0859,256.6228,0.0255,2183.3111
88,44.9459616831798,0.7555000000000001,1.2405,2.3375,0.0517,265.16,0.0176,2183.5
89,28.1684,0.4517999999999999,1.39,2.212,0.0627,264.272,0.0308,2211.4
90,31.4027,0.6214,1.588,2.2877,0.0249,266.832,0.049980000000000004,2198.5667
91,28.9181,0.8574,0.6811,2.4167,0.0205,264.272,0.0124,2250.3667
92,18.6295,0.6474,1.4069,2.1996,0.0697,272.312,0.0531,2173.4889
93,13.8957,0.7141,1.6695,2.2697,0.038,265.432,0.0389,2173.4556
94,28.0428,0.5868,0.557,2.3936000000000006,0.0539,264.272,0.0444,2187.4111
95,26.4354,0.6475,0.7473,2.2937,0.0536,259.20439999999996,0.05620000000000001,2216.4778
96,29.5723,0.7606,0.7797,2.3289,0.0413,250.77999999999997,0.0376,2200.0666
97,30.6875,0.7025,0.6728,2.2555,0.0367,251.976,0.043199999999999995,2195.4444
98,27.7301,0.647,1.4506,2.2915,0.0554,272.74,0.051699999999999996,2182.4111
99,25.4759,0.8221,0.9418,2.3481,0.0824,257.5656,0.0428,2211.7222
100,25.02,0.6791,1.7597000000000003,2.3099000000000003,0.0394,264.7888,0.048,2186.9889
101,27.5264,0.7448000000000001,1.5321,2.2588,0.0525,265.4904,0.0455,2170.9667
102,28.5851,0.4059,0.4657,2.2725,0.0921,251.25200000000004,0.0642,2227.2444
103,26.336,0.9174000000000001,0.5311,2.3177,0.0307,264.272,0.0658,2218.0555
104,21.0498,0.5272,1.4331,2.2673999999999994,0.0881,264.272,0.0331,2223.0444
105,24.8429,0.9046,0.6266,2.4244,0.0573,255.84480000000002,0.0219,2184.8778
106,20.9393,0.5217,0.9017,2.4213999999999998,0.0338,259.932,0.0393,2162.7556
107,23.8674,0.5756,0.6247,2.2949,0.0341,264.272,0.073,2203.1667
108,17.735,0.8247000000000001,0.5238,2.3672,0.0231,250.676,0.059,2178.6889
109,44.9459616831798,0.7367,1.6916000000000002,2.4,0.0706,264.774,0.0405,2179.0445
110,26.254000000000005,0.6853,1.2856,2.4073,0.0489,261.24,0.047200000000000006,2136.4111
111,22.9551,0.5097,0.8812000000000001,2.2821,0.0229,266.644,0.0137,2227.9778
112,23.758199999999995,0.5614,0.5256,2.3471,0.0438,243.71200000000002,0.0166,2178.1444
113,20.0076,0.7797,0.7915,2.2673999999999994,0.0659,264.272,0.0435,2223.0444
114,36.3451,0.3415,1.272,2.3079,0.0661,273.694,0.041400000000000006,2213.2889
115,26.3682,0.6607,1.2353,2.2789,0.077,264.298,0.0445,2285.945338343439
116,22.7319,0.9273,0.4244,2.2728,0.0561,250.11,0.0333,2155.6333
117,23.5781,0.482,1.1499,2.2474,0.0666,264.272,0.0464,2172.3111
118,17.7542,0.7164,1.4744,2.3596000000000004,0.0823,260.556,0.019,2265.1889
119,22.2504,0.4776000000000001,2.749696680956281,2.3984,0.0176,261.262,0.0419,2199.6334
120,29.150100000000002,0.8544,1.4873,2.3296,0.0572,257.7324,0.057199999999999994,2183.1
121,20.93396,0.5941,1.2939,2.3883,0.0534,265.378,0.0403,2198.98892
122,44.9459616831798,0.6523,1.6353,2.3407,0.0332,260.87,0.0211,2224.4778
123,25.1172,0.5097,1.3654,2.4151,0.0465,266.126,0.08479581308722771,2170.7444
124,23.5582,0.7071,0.5748,2.3099000000000003,0.0945,247.37399999999997,0.05330000000000001,2218.5778
125,22.513,0.9612,0.4496,2.2527,0.0305,264.272,0.0436,2215.1778
126,28.6073,0.482,0.4115,2.2631,0.073,247.772,0.0444,2180.5556
127,30.1818,0.6977,0.8449,2.3495,0.0559,255.6764,0.051,2159.0556
128,32.1774,0.5344,1.9127,2.2711,0.0268,264.272,0.049800000000000004,2205.5
129,20.2515,0.6977,1.0177,2.4201,0.0389,260.13,0.0303,2203.4556
130,27.0475,0.909,1.1538,2.3883,0.0804,272.668,0.0342,2114.9458588922266
131,33.7771,0.6322,1.3867,2.2989,0.0425,269.484,0.014299999999999998,2194.5889
132,44.9459616831798,0.8333000000000002,0.9767000000000001,2.3495999999999997,0.0344,265.006,0.0466,2172.3666
133,23.112000000000002,0.7637,0.3917,2.2588,0.1053,264.272,0.0168,2210.2778
134,20.9574,0.7810000000000001,1.0549000000000002,2.2877,0.0225,267.712,0.035660000000000004,2195.1
135,19.9951,0.7007,2.4481,2.3038,0.0519,268.174,0.04239999999999999,2197.2667
136,25.2645,0.6873,0.5565,2.3978,0.0559,248.46800000000002,0.025699999999999997,2218.0555
137,44.9459616831798,0.6523,1.4959000000000002,2.3073,0.0828,264.272,0.08479581308722771,2205.2222
138,29.012,0.6475,2.749696680956281,2.2771,0.0653,284.7356913539745,0.031199999999999995,2179.0778
139,36.283,0.5272,1.4018000000000002,2.2216,0.0295,279.076,0.0549,2173.4889
140,21.9929,0.6062,0.9597,2.2802,0.0358,267.726,0.0026,2224.6778
141,30.9009,0.7810000000000001,1.6516,2.3021,0.0554,274.576,0.0371,2187.9889
142,26.3771,0.6322,1.2486,2.3161,0.0357,267.428,0.025,2198.7222
143,37.8425,0.4924,1.5108,2.2705,0.0933,284.7356913539745,0.0579,2207.9555
144,24.1495,0.6482,1.1770000000000003,2.2931,0.0334,264.272,0.0391,2207.1
145,24.1581,0.4924,0.6995,2.2705,0.0767,252.594,0.0474,2231.0555
146,27.7378,0.6371,1.507,2.3128,0.0493,261.7512,0.0486,2177.3222
147,28.7957,0.5774,1.6801,2.2809,0.0522,264.272,0.0395,2207.9555
148,28.4754,0.8273,1.0482,2.3063,0.0526,265.448,0.039,2242.8555
149,22.8177,0.34,0.9541,2.3301,0.0559,264.272,0.0196,2201.0667
150,28.2316,0.8737,1.145,2.4196000000000004,0.0513,264.272,0.0153,2266.8333
151,30.5545,0.8274,1.687,2.298,0.0407,268.064,0.050100000000000006,2243.7778
152,44.9459616831798,0.8790000000000001,1.6433,2.3997,0.13750336952302658,261.2,0.029400000000000003,2221.9444
153,44.9459616831798,0.6385,1.5114,2.3237,0.0734,265.948,0.0592,2166.5222
154,22.8392,0.5922,1.8575000000000002,2.298,0.091,265.956,0.0442,2177.3222
155,24.7192,0.6791,0.7827,2.2928,0.0523,248.276,0.05109999999999999,2197.2667
156,39.8719,0.636,1.4282,2.3314,0.0458,262.798,0.0401,2171.8111
157,21.6833,0.5087,1.725,2.2764,0.03,264.188,0.0158,2196.2111
158,21.4549,0.49550000000000005,1.1178000000000001,2.4201,0.0678,264.36,0.0497,2146.9111
159,22.4948,0.4517999999999999,1.1846000000000003,2.2892,0.0853,273.0,0.0418,2221.3667
160,33.5324,0.9844999999999999,0.6765999999999999,2.3884,0.0945,264.272,0.0234,2187.7888
161,31.622,0.7362000000000001,1.1462000000000003,2.2553,0.0571,264.272,0.0578,2180.5556
162,29.1444,0.4645,1.068,2.2697,0.0169,259.65639999999996,0.023600000000000003,2200.7333
163,27.4264,0.6419,0.61,2.4349,0.0362,264.272,0.024399999999999998,2249.2556
164,23.984600000000004,0.7637,0.9771000000000001,2.2616,0.0796,266.568,0.04,2191.1333
165,23.2147,0.76,0.4391,2.2909,0.064,249.896,0.028100000000000003,2235.0556
166,21.8556,0.6482,1.5403,2.2859,0.0321,264.272,0.0452,2195.1
167,27.0269,0.631,2.4842,2.3715,0.0575,264.7108,0.0457,2238.5444
168,30.498700000000003,0.7910000000000001,0.5555,2.4167,0.0501,264.272,0.0163,2200.2
169,18.3248,0.5562,1.3887,2.3025,0.0495,264.272,0.0418,2178.0778
170,34.2074,0.7512,1.1199000000000001,2.2634,0.0667,264.272,0.0324,2211.6
171,20.7886,0.6676,0.587,2.3099000000000003,0.054,251.832,0.052,2196.8
172,39.6865,0.6135,1.7284,2.3403000000000005,0.0953,262.2484,0.0117,2196.6555
173,20.1161,0.9365,1.261,2.3403000000000005,0.051,265.296,0.050100000000000006,2196.6555
174,25.9809,0.909,1.1260000000000001,2.4108,0.029,267.526,0.0192,2189.3556
175,25.1055,0.7793000000000001,0.5593,2.2954,0.0243,253.892,0.0499,2181.1889
176,37.5213,0.636,1.3533,2.3132,0.0601,260.9604,0.0496,2197.2333
177,17.4684,0.7164,0.5947,2.3471,0.0636,263.738,0.0342,2239.4223
178,26.7205,0.7512,1.2194,2.2596,0.0779,264.272,0.044000000000000004,2218.6223
179,24.6207,0.6127,1.429,2.2711,0.0478,270.686,0.0487,2195.9778
180,29.7075,0.6995,1.3251,2.2967,0.0193,271.168,0.0351,2167.2
181,44.9459616831798,0.7716000000000001,0.6224,2.3078,0.0588,247.164,0.046,2178.7333
182,34.3077,0.7914,1.3425,2.292,0.0412,264.272,0.013,2243.8556
183,24.0276,0.5328,1.2936999999999999,2.2825999999999995,0.0989,270.158,0.0523,2236.1111
184,25.5747,0.6607,1.3582,2.2809,0.0435,264.272,0.043,2209.6667
185,22.1925,0.8687,1.4507,2.3453,0.0492,266.496,0.0612,2236.0667
186,22.3699,0.7367,0.948,2.3194,0.1044,250.474,0.0245,2214.7111
187,42.2381,0.9736999999999999,0.8327,2.3378,0.0367,262.136,0.0227,2181.5111
188,25.6635,0.5911,1.6932,2.2569,0.059,272.624,0.0322,2203.4445
189,23.1222,0.5756,1.5101,2.2732,0.0425,277.982,0.05,2173.2778
190,30.222,0.5328,1.42,2.212,0.045599999999999995,268.894,0.0403,2173.2778
191,41.5043,0.6723,0.9558,2.3313,0.026,264.188,0.0526,2183.4333
192,44.9459616831798,0.7659,1.4775,2.3314,0.0521,261.32000000000005,0.0468,2139.2667
193,22.2242,0.8301,0.8520999999999999,2.3453,0.04050000000000001,264.272,0.0461,2184.8889
194,24.4119,0.8537000000000001,1.9183,2.3401,0.018,267.28,0.0646,2233.1556
195,25.4657,0.7512,1.036,2.4023,0.0322,264.272,0.0094,2226.0667
196,26.114,0.5343,0.9145,2.3207,0.0834,258.346,0.021199999999999997,2181.0444
197,26.9505,0.5053,1.1351,2.3162,0.050699999999999995,262.98,0.039,2141.0667
198,32.7145,0.6697,1.0438,2.2647,0.0682,264.272,0.0441,2202.3556
199,21.6961,0.7007,0.499,2.3834,0.062,251.098,0.0503,2197.6444
200,23.7588,0.4126,1.1126,2.2392,0.0832,264.39,0.0325,2203.1667
201,26.5186,0.7362000000000001,1.0423,2.3883,0.0618,272.358,0.05079999999999999,2228.7222
202,24.5318,0.8230000000000001,1.4033,2.2959,0.0613,264.272,0.0602,2180.8889
203,22.9188,0.5583,0.6153,2.3479,0.0694,264.272,0.049,2232.0778
204,22.1064,0.3745,1.1443,2.349,0.0443,266.33,0.071,2194.8
205,23.8635,0.7097,1.416,2.2949,0.0452,271.406,0.049800000000000004,2200.1222
206,31.6904,0.6262,1.5751,2.3038,0.0542,269.33,0.0455,2185.8111
207,19.9232,0.7743,1.1092,2.2989,0.0678,266.086,0.0199,2218.8778
208,23.8635,0.6791,0.7485,2.307,0.0443,256.1356,0.0319,2176.6334
209,16.8961,0.6053,0.589,2.2989,0.0435,247.666,0.0178,2188.7111
210,18.8096,0.3769,1.4645,2.2773,0.0484,264.716,0.0133,2234.5222
211,29.6277,0.4188,1.3408,2.2749000000000006,0.0635,267.884,0.0157,2221.9778
212,22.1063,0.8251000000000001,0.6104,2.295,0.0772,249.40199999999996,0.0494,2208.4444
213,28.2022,0.7187,0.8961,2.3289,0.0293,251.50799999999998,0.0521,2200.0666
214,29.2332,0.792,0.5862,2.3503,0.0349,249.254,0.0457,2159.0556
215,36.1696,0.5344,0.7666,2.2732,0.0481,264.272,0.0552,2192.1889
216,21.0159,0.67,0.8832,2.3124,0.0188,256.698,0.04422,2210.3556
217,37.05550000000001,0.7716000000000001,0.5426,2.3144,0.0475,254.5864,0.0366,2197.6778
218,34.578,0.6873,2.3536,2.2881,0.0447,264.272,0.018,2218.5778
219,32.6371,0.8623,0.7727,2.2982,0.0373,259.108,0.048499999999999995,2177.4333
220,34.6022,0.5969,0.8833,2.3954000000000004,0.13750336952302658,243.17799999999997,0.0169,2221.9444
221,20.0533,0.8867,0.7133,2.2909,0.0564,260.1812,0.025,2235.0556
222,26.314,0.8230000000000001,0.9055,2.2982,0.0339,264.272,0.0746,2192.7556
223,26.5379,0.6531,1.4885,2.3259,0.059,264.272,0.015599999999999998,2230.7555
224,28.303499999999996,0.5357,0.7743000000000001,2.2631,0.0548,260.832,0.0426,2210.2778
225,19.1593,0.5095,1.5638,2.3834,0.0513,265.3548,0.05910000000000001,2185.9333
226,24.6278,0.647,1.1976,2.3138,0.0505,266.612,0.045899999999999996,2137.6111
227,27.0311,0.7636,0.8222000000000002,2.4172,0.0612,264.272,0.0308,2178.5889
228,38.8982,0.6385,1.7323000000000002,2.3248,0.0284,262.644,0.0553,2166.5222
229,22.883099999999995,0.5272,1.2968000000000002,2.2939,0.019400000000000004,263.936,0.045899999999999996,2189.6778
230,27.6339,0.6458,1.174,2.2631,0.0313,265.89,0.0611,2216.5
231,29.5672,0.7106,0.5358,2.2604,0.0703,251.418,0.0399,2177.0333
232,31.777499999999996,0.7840000000000001,0.6779,2.4023,0.0625,264.272,0.008,2231.6111
233,38.0547,0.7104,1.697,2.2881,0.0401,264.802,0.025200000000000004,2224.0
234,20.9881,0.5969,0.4833,2.3132,0.0443,253.404,0.047200000000000006,2205.2222
235,27.7301,0.5398,1.2029,2.3179,0.0569,261.714,0.0535,2172.9778
236,15.7033,0.8045000000000001,0.9954,2.418,0.0314,259.102,0.0467,2192.3778
237,24.9562,0.7184,1.0296000000000003,2.2868,0.036,264.272,0.04696,2167.4222
238,13.5705,0.46569999999999995,0.9165999999999999,2.3984,0.0098,268.032,0.0399,2208.6556
239,24.1408,0.4063,0.8871,2.2729,0.0603,264.272,0.0433,2206.4
240,30.1925,0.7245,0.9429,2.2647,0.0541,260.564,0.05040000000000001,2194.9556
241,21.8247,0.6491,0.5923,2.3997,0.039,242.286,0.0229,2138.8778
242,23.8107,0.5744,1.911,2.2445,0.083,264.272,0.042699999999999995,2192.5556
243,31.842899999999997,0.5786,1.7271,2.2527,0.088,273.346,0.0266,2215.5111
244,25.0547,0.5357,0.5866,2.2445,0.0466,264.272,0.0291,2247.3666
245,21.0858,0.8221,0.4517,2.4073,0.0472,247.852,0.0426,2189.8778
246,24.6357,0.9607,1.2765,2.2697,0.0483,263.458,0.0096,2163.5889
247,29.887700000000002,0.7910000000000001,0.5368,2.4167,0.0571,251.87199999999999,0.04460000000000001,2219.7667
248,31.4055,0.4054,1.6067,2.2757,0.0409,281.27,0.054599999999999996,2192.1889
249,24.3734,0.4067,0.87,2.2673999999999994,0.027,264.272,0.0391,2210.8556
250,30.1905,0.447,1.6506,2.2544,0.0898,264.272,0.0555,2187.3444
251,14.406,0.4828,2.0383,2.3038,0.0576,265.076,0.05079999999999999,2243.7778
252,30.3384,0.7979000000000002,1.3300000000000003,2.3079,0.0679,264.272,0.033,2208.9
253,19.7743,0.7461,2.3024,2.3592,0.0444,265.482,0.025,2220.7111
254,26.841,0.9911999999999999,1.0179000000000002,2.2728,0.0249,263.1564,0.0319,2155.6333
255,30.027100000000004,0.6139,1.197,2.2474,0.0442,278.088,0.05689999999999999,2213.9111
256,39.587,0.6385,0.9742000000000001,2.4153,0.0485,263.86,0.04460000000000001,2206.5112
257,22.0794,0.7512,1.6752,2.292,0.0344,275.108,0.0289,2243.8556
258,20.8163,0.7888,0.5671,2.3796,0.0348,264.272,0.028400000000000005,2197.6778
259,26.3647,0.5693,1.1396,2.2831,0.0506,263.804,0.034,2188.6
260,32.4091,0.8153,1.0539000000000003,2.3058,0.0432,264.272,0.0521,2204.2889
261,24.2043,0.7950000000000002,2.4514999999999993,2.3038,0.0387,266.5392,0.0396,2178.7333
262,25.1914,0.5756,0.5783,2.1995,0.0757,264.272,0.0465,2200.1222
263,21.3934,0.48,0.9338,2.3308,0.0571,251.078,0.0388,2217.8667
264,29.005900000000004,0.5868,1.1257000000000001,2.4012,0.0717,264.272,0.0358,2171.5
265,25.6619,0.5293,1.1328,2.2445,0.056,264.272,0.043,2201.8666
266,34.4785,0.2979,1.4004,2.2959,0.0663,264.272,0.0581,2205.5
267,26.2155,0.8230000000000001,0.6719999999999999,2.2247,0.0822,264.272,0.0381,2172.8111
268,20.0249,0.7804,0.9178000000000001,2.3044,0.0639,258.96759999999995,0.046,2183.3444
269,28.691500000000005,0.8330000000000001,0.9432999999999999,2.3453,0.0379,256.45,0.04,2229.3333
270,27.8586,0.7053,0.9331999999999999,2.3322999999999996,0.0305,264.272,0.0627,2236.0667
271,15.585,0.6556,0.8101,2.3149,0.0547,249.066,0.0282,2224.0
272,28.8169,0.5745,0.6411,2.2337,0.0542,264.272,0.0515,2183.5889
273,27.1415,0.7555000000000001,1.0165000000000002,2.2868,0.0303,264.272,0.0464,2199.6334
274,18.6383,0.5583,0.9655,2.3932,0.0296,264.272,0.0277,2260.2222
275,28.2459,0.6413,1.8361,2.2757,0.0395,267.524,0.0525,2217.0
276,28.419199999999996,0.6676,0.6801,2.3341000000000003,0.0427,260.232,0.053000000000000005,2167.9444
277,30.4269,0.5097,0.543,2.4349,0.0589,264.272,0.0157,2200.2
278,24.1042,0.7793000000000001,1.5766,2.2886,0.048999999999999995,264.272,0.03412,2192.7556
279,29.7647,0.5905,1.1059000000000003,2.2474,0.028,268.78,0.0421,2172.3111
280,19.930399999999995,0.6969,1.4043,2.2673999999999994,0.0317,270.35,0.054299999999999994,2192.8711
281,29.085,0.7804,1.066,2.3322999999999996,0.0517,266.738,0.0461,2214.9333
282,26.0255,0.752,0.8903,2.2646000000000006,0.0693,266.71,0.0356,2246.5778
283,24.4489,0.8301,1.3825,2.3625,0.0364,265.8532,0.0523,2229.3333
284,27.8129,0.5774,0.8107,2.2757,0.0512,249.132,0.049800000000000004,2217.0
285,23.195,0.6874,0.9669000000000001,2.2647,0.0431,267.64,0.0708,2195.5
286,36.7408,0.8955,0.7686,2.4241,0.0452,249.17599999999996,0.0619,2244.9778
287,37.4995,0.6716,1.2543,2.3348,0.0705,265.058,0.0471,2239.3
288,29.5935,1.026,2.1387,2.3573,0.077,267.8151382707949,0.028599999999999997,2172.5333
289,32.3553,0.6019,0.738,2.4160000000000004,0.0499,262.8,0.0274,2181.6110799999997
290,21.2995,0.7512,1.1757,2.2671,0.0778,267.938,0.0413,2241.1778
291,20.4284,0.8576000000000001,2.051,2.3025,0.0436,265.4892,0.0359,2186.9889
292,19.9683,0.6555,0.8661,2.3984,0.0682,259.606,0.0242,2200.9556
293,25.7524,0.7410000000000001,0.5952,2.2671,0.0418,250.258,0.04,2188.5111
294,25.8775,1.1509132660496713,1.0047,2.2785000000000006,0.0762,264.272,0.05689999999999999,2192.7889
295,23.4612,0.6024,1.3849,2.2771,0.0463,264.444,0.0272,2124.8444
296,22.295799999999996,0.5831,1.2098,2.3932,0.0688,272.118,0.026,2244.9778
297,20.1338,0.6385,1.2667,2.2797,0.0322,267.694,0.0348,2218.8111
298,38.597,0.703,0.6741,2.3997,0.0276,252.148,0.026,2248.4222
299,12.044600000000003,0.6332,0.8296999999999999,2.2773,0.0814,261.9936,0.0182,2170.9667
300,35.4148,0.5922,2.448,2.3132,0.0884,265.12,0.0468,2196.6889
301,26.26,0.9844999999999999,0.5796,2.4160000000000004,0.0558,253.84599999999998,0.0104,2231.9555
302,20.1913,0.6624,0.6628,2.2717,0.0739,264.272,0.023600000000000003,2199.6556
303,32.3293,0.7593000000000001,2.3988,2.3695,0.0481,268.11,0.0346,2203.0445
304,19.9831,0.7448000000000001,1.2670000000000001,2.2588,0.0598,264.272,0.0423,2173.4556
305,22.9633,0.827,0.9146,2.2967,0.0539,264.92199999999997,0.0523,2183.3444
306,21.7752,0.6837,1.8588,2.349,0.0569,258.972,0.0224,2134.7445
307,26.9923,0.42800000000000005,1.1613000000000002,2.2939,0.0583,263.834,0.0398,2205.2555
308,25.8412,0.5217,1.0562000000000002,2.4213999999999998,0.0428,262.55,0.0425,2245.3667
309,44.9459616831798,0.9191999999999999,1.478,2.3314,0.0597,259.348,0.0435,2139.2667
310,30.1316,0.47639999999999993,1.8196,2.3052,0.0556,262.6052,0.0372,2243.7778
311,22.863000000000003,0.4972,0.661,2.2729,0.0651,259.364,0.0382,2206.9667
312,25.5177,0.9386,1.9245,2.3216,0.03710000000000001,268.5872,0.0316,2195.1222
313,24.6273,0.845,2.749696680956281,2.3257,0.0518,253.182,0.029400000000000003,2171.8556
314,28.4535,0.8145,0.5624,2.2604,0.0748,264.272,0.0383,2216.8111
315,30.6183,0.8153,1.0395000000000003,2.2453,0.0198,273.094,0.0487,2192.7556
316,25.5848,0.5116,0.5054,2.2964999999999995,0.1118,250.234,0.0555,2167.2
317,30.3896,0.5969,1.3557,2.3296,0.047,266.03,0.0342,2170.9667
318,28.8331,0.8145,1.6262,2.2711,0.083,264.272,0.0168,2195.9778
319,44.9459616831798,0.9046,0.663,2.4066999999999994,0.0693,243.716,0.0175,2221.9444
320,19.9156,0.6425,0.6777,2.3073,0.0401,256.3352,0.0524,2202.1222
321,27.118399999999998,0.6482,0.8503,2.3187,0.0108,263.5,0.0438,2192.7889
322,25.2629,0.6979,0.7846999999999998,2.2868,0.0734,259.75,0.04239999999999999,2205.7
323,32.6343,0.9736999999999999,1.1404000000000003,2.3505,0.0394,261.956,0.0461,2186.2667
324,25.2855,0.8849,0.5176,2.3073,0.0521,250.0892,0.0368,2213.7556
325,26.308,0.8651999999999999,0.4807,2.2553,0.0412,264.272,0.0592,2206.1444
326,22.6131,0.8707999999999999,0.547,2.3796,0.0487,248.97999999999996,0.0374,2224.0
327,32.7382,0.8755,0.5159,2.4439,0.0842,264.272,0.0242,2231.6111
328,25.4566,0.7141,0.4381999999999999,2.3162,0.0454,249.706,0.0287,2179.0778
329,23.6862,0.7495000000000002,1.1866000000000003,2.2697,0.059,264.376,0.022000000000000002,2200.7333
330,23.229,0.6475,1.0777,2.3063,0.0726,265.996,0.0512,2216.4778
331,26.658,0.8790000000000001,1.8979,2.3237,0.13750336952302658,264.014,0.04170000000000001,2180.6778
332,21.1288,0.8849,0.4907,2.3073,0.0361,255.4228,0.0497,2213.7556
333,27.0904,0.7840000000000001,0.9052,2.2337,0.0593,272.278,0.0555,2189.6778
334,18.6087,0.7393000000000001,1.2833,2.3582999999999994,0.0717,258.3868,0.0222,2180.1556
335,28.3785,0.49550000000000005,0.6415,2.3063,0.0293,252.5696,0.0358,2216.4778
336,26.5918,0.7914,1.2209,2.1996,0.0564,279.274,0.0502,2172.8111
337,28.1825,0.7101,1.0556000000000003,2.3301,0.0427,264.272,0.0366,2177.4333
338,34.1825,0.6419,1.1885,2.3797000000000006,0.0437,264.272,0.0452,2244.5
339,39.9106,0.6627,2.4641,2.31,0.0452,265.704,0.0413,2184.8889
340,25.7025,0.7017,1.4643,2.3257,0.0647,268.924,0.015099999999999999,2171.8556
341,25.5875,0.6371,2.1837,2.2928,0.0368,265.8744,0.050100000000000006,2243.7778
342,23.8478,0.7910000000000001,1.2156,2.3331,0.0834,264.098,0.0358,2194.5889
343,30.2685,0.7810000000000001,1.0912,2.3021,0.0278,276.0,0.0465,2187.9889
344,35.7866,0.7716000000000001,1.9645,2.3149,0.056,269.264,0.016,2196.6889
345,23.5681,0.7448000000000001,1.4277,2.2588,0.0342,264.272,0.0451,2172.1223
346,40.8846,0.3415,0.6209,2.2949,0.0466,248.962,0.063,2203.1667
347,23.7727,0.6917,1.9923000000000002,2.3978,0.0744,264.272,0.0255,2218.0555
348,31.4605,0.8687,0.8899,2.3257,0.0488,257.7352,0.0267,2171.8556
349,31.9995,0.4054,1.4218,2.3021,0.0809,282.78,0.0531,2216.8333
350,22.5764,0.7495000000000002,1.9578,2.3695,0.0496,269.564,0.0408,2177.0222
351,30.423460000000002,0.5583,1.0355,2.4241,0.0614,264.272,0.0438,2269.2556
352,23.241,0.7141,1.1257000000000001,2.3296,0.0468,265.258,0.0316,2170.9667
353,18.5853,0.9265,1.4659,2.3403000000000005,0.13750336952302658,263.184,0.0301,2174.8666
354,29.6922,0.5911,0.4922,2.2563,0.0219,253.14,0.03,2243.8556
355,33.7075,0.7245,1.3401,2.2527,0.0417,264.272,0.0395,2188.5444
356,30.1518,0.6676,1.7460000000000002,2.3604,0.057,263.3172,0.0359,2236.0667
357,29.128499999999995,0.6977,0.8158,2.3322999999999996,0.0421,252.884,0.0386,2171.3222
358,25.8642,0.8986,0.9396,2.2553,0.03710000000000001,266.852,0.0372,2213.9111
359,20.8541,0.8755999999999999,0.54,2.3275,0.102,264.272,0.026999999999999996,2190.1555
360,20.1394,0.7217,0.7954,2.31,0.0476,251.164,0.0634,2212.7111
361,22.8619,0.6833,0.6347,2.4151,0.0389,246.10200000000003,0.0111,2218.7778
362,32.5387,0.8707999999999999,1.7394,2.3101,0.0571,264.2012,0.0364,2177.3222
363,20.8256,0.8755999999999999,1.2146,2.3124,0.0852,260.216,0.0487,2220.0445
364,44.9459616831798,0.8054000000000001,0.8075,2.3099000000000003,0.073,248.13399999999996,0.0802,2196.6889
365,44.070100000000004,0.8007000000000001,1.1821000000000002,2.3756,0.0352,260.604,0.029,2171.9
366,29.5895,0.8867,1.0292000000000001,2.3503,0.0498,254.132,0.0429,2159.0556
367,24.0616,0.6474,0.5019,2.2671,0.0425,251.174,0.05650000000000001,2170.7444
368,44.9459616831798,0.5398,1.8287,2.3026,0.13750336952302658,260.794,0.0188,2285.945338343439
369,20.4431,0.9174000000000001,1.8923999999999999,2.3132,0.03880000000000001,268.01,0.0321,2208.4444
370,23.290799999999997,0.8849,2.3473,2.3672,0.0362,261.66319999999996,0.05940000000000001,2180.0556
371,23.9046,0.4517999999999999,1.5431000000000001,2.2717,0.0775,265.642,0.0148,2199.6556
372,24.8245,0.5097,1.3016000000000003,2.2954,0.0402,264.272,0.0225,2266.8333
373,26.1208,0.5217,1.2793,2.3207,0.0509,264.272,0.0181,2174.7555
374,28.0815,0.4973,1.0089,2.2569,0.0253,267.298,0.0375,2194.9556
375,23.305899999999998,0.5969,1.1364,2.3099000000000003,0.0424,265.816,0.0471,2186.9889
376,28.8578,0.6332,1.2126000000000001,2.4201,0.1222,264.272,0.0234,2165.0333
377,44.9459616831798,0.9191999999999999,0.8832,2.4066999999999994,0.0635,257.37640000000005,0.013,2221.9444
378,29.7843,0.4054,1.3151,2.2858,0.0649,264.272,0.0491,2196.1111
379,25.966199999999997,0.7978,1.56,2.2909,0.016,265.356,0.014299999999999998,2183.3111
380,21.6796,0.6053,0.8488,2.3036,0.0651,267.002,0.0438,2218.8778
381,31.879,0.612,0.7723999999999999,2.2756,0.0361,264.272,0.0392,2200.9889
382,28.198500000000003,0.4945,0.5141,2.3378,0.0418,252.85,0.0515,2164.3
383,23.7087,0.5969,0.6813,2.3144,0.0617,259.0252,0.0337,2197.2333
384,25.2115,0.845,0.9829000000000001,2.2771,0.0468,259.38,0.0391,2201.8222
385,35.2757,0.47639999999999993,0.636,2.2948,0.0506,248.392,0.0436,2197.6778
386,30.013,0.4059,0.9405,2.2472,0.0898,262.246,0.020700000000000003,2206.1444
387,28.6157,0.5139,1.2209,2.4073,0.1077,250.69400000000002,0.051699999999999996,2203.4556
388,31.0321,0.8274,2.3927,2.4,0.0608,265.916,0.0442,2280.8222
389,18.7085,0.5333,1.4867,2.212,0.0497,268.058,0.0385,2173.2778
390,21.9055,0.4973,1.0252,2.4012,0.0649,264.272,0.0313,2211.7778
391,24.0673,0.8707999999999999,1.053,2.3865,0.0525,267.06,0.0152,2196.6889
392,18.276399999999995,0.8705,2.421,2.3805,0.0582,266.8436,0.0477,2205.4667
393,32.176,0.612,1.8409,2.3883,0.0207,268.498,0.0405,2210.2778
394,31.3396,0.909,1.0947,2.2564,0.0476,262.388,0.047,2194.3778
395,23.4301,0.6762,1.4327,2.2717,0.0996,264.272,0.015599999999999998,2199.6556
396,17.8357,0.7733000000000001,1.1921000000000002,2.2555,0.0322,270.314,0.04582000000000001,2217.4111
397,20.5351,0.7888,0.9092,2.3244,0.0408,264.272,0.029700000000000004,2168.7222
398,23.3895,0.5905,0.9037,2.2588,0.0647,264.272,0.0351,2210.2778
399,28.1392,0.5969,1.4406,2.3262,0.13750336952302658,262.7108,0.0276,2224.6222
400,31.7755,0.7249000000000001,1.1524000000000003,2.3058,0.0455,270.492,0.0614,2201.2889
401,26.8972,0.8867,0.5412,2.3044,0.0696,252.91199999999998,0.0397,2235.0556
402,29.1464,0.8301,1.3462,2.3708,0.0483,264.46,0.0544,2205.7222
403,17.3399,0.8544,1.1433,2.3087,0.0508,263.6448,0.0124,2189.6555
404,22.587999999999997,0.7071,0.454,2.3078,0.0553,247.13,0.0319,2218.5778
405,25.0401,0.6371,2.1857,2.3099000000000003,0.0572,264.48,0.0477,2186.9889
406,21.2359,0.5922,1.2893,2.3808,0.0675,265.164,0.0463,2197.2333
407,30.2702,0.5073,1.3868,2.3025,0.0611,269.968,0.0496,2204.2889
408,22.6626,0.5756,1.8458,2.2959,0.0885,277.296,0.0525,2187.9889
409,28.8106,0.909,0.9833000000000001,2.2725,0.0713,269.742,0.045599999999999995,2114.9458588922266
410,30.7204,0.6379,1.3541,2.212,0.1096,271.574,0.0491,2236.1111
411,39.683,0.9352000000000001,0.8118,2.3348,0.0574,264.742,0.0405,2187.5222
412,19.3697,0.8251000000000001,0.6189,2.2948,0.026,248.644,0.0327,2208.4444
413,18.6476,0.3607,1.3617,2.3592,0.0415,259.98,0.0191,2265.1889
414,22.8489,0.7473,0.7446,2.2909,0.039,254.2864,0.0161,2183.3111
415,22.9832,0.7025,0.6305,2.4723,0.0393,253.912,0.0183,2231.6111
416,29.8057,0.6925,1.5357,2.3021,0.0926,276.118,0.0384,2205.5
417,38.9877,0.7367,2.3928,2.3167,0.05184,269.268,0.0384,2201.5777
418,14.8409,0.6053,1.1482,2.2802,0.0379,264.958,0.0112,2202.2556
419,32.7742,0.4889,1.6889,2.2737,0.0394,264.272,0.049,2207.9555
420,23.6925,0.7448000000000001,0.8588000000000001,2.2622,0.008,253.67,0.0428,2180.7
421,22.8057,0.7769,0.6902,2.2927,0.0632,248.01400000000004,0.0184,2176.4667
422,24.3585,0.7636,0.5434,2.2563,0.0128,264.272,0.012699999999999998,2227.9778
423,30.59,0.6156,0.5378,2.4160000000000004,0.0888,253.584,0.0248,2276.4556
424,22.7886,0.3954,1.3678999999999997,2.2216,0.0363,264.272,0.046,2171.8556
425,30.3824,0.8301,1.0263,2.4201,0.0693,261.994,0.0438,2162.7556
426,26.3334,0.792,1.7921,2.3406,0.0759,258.7892,0.04460000000000001,2159.0556
427,30.9695,0.5201,1.7352,2.2799,0.038,278.072,0.007100000000000001,2217.0
428,25.4819,0.5139,1.4776,2.3275,0.0548,264.272,0.0576,2190.1555
429,25.4333,0.8929000000000001,1.7578,2.3221,0.046,263.794,0.0359,2220.5445
430,31.382599999999996,0.6874,0.9984000000000002,2.2805,0.0542,269.764,0.018,2216.5
431,20.2022,0.4188,0.5358,2.3867,0.0726,250.966,0.0455,2260.7333
432,33.6506,0.4188,1.5318,2.1996,0.0569,278.998,0.0495,2171.8556
433,41.5512,0.7927,1.7924999999999998,2.3248,0.13750336952302658,259.626,0.0438,2166.5222
434,33.9495,0.5171,0.6368,2.3914,0.0438,264.272,0.0441,2260.7333
435,24.709400000000002,0.45520000000000005,0.6321,2.4201,0.0417,257.312,0.0188,2244.5
436,31.3918,0.8986,1.1005,2.3936000000000006,0.0618,261.028,0.038,2189.3556
437,22.97,0.5868,0.6765999999999999,2.2757,0.0802,264.272,0.04,2200.9889
438,39.6821,0.5398,2.1091,2.3505,0.13750336952302658,265.82599999999996,0.041400000000000006,2228.0555
439,25.4943,0.4924,0.9553,2.2673999999999994,0.0767,250.57400000000004,0.0402,2212.3
440,41.9354,0.6523,1.5056,2.4066999999999994,0.041,261.04,0.062000000000000006,2217.7556
441,38.5841,0.7950000000000002,1.6454000000000002,2.3167,0.0357,261.53520000000003,0.0699,2194.6444
442,28.800900000000002,0.8273,2.749696680956281,2.3322999999999996,0.0594,269.174,0.058800000000000005,2184.8889
443,27.2525,0.6874,1.0037,2.2474,0.0447,264.272,0.046,2206.1444
444,29.9212,0.3596,1.6691,2.2915,0.0703,265.232,0.0631,2182.4111
445,20.6576,0.7797,1.1005,2.2868,0.0819,264.272,0.0382,2195.4444
446,25.463939999999997,0.6019,1.6595,2.2689,0.0261,263.03520000000003,0.0408,2173.6444
447,30.0241,1.0398,1.9298,2.3416,0.043,259.598,0.05650000000000001,2180.3778
448,23.1757,0.6491,1.7021,2.3313,0.0499,262.666,0.04490000000000001,2183.4333
449,44.9459616831798,0.8755999999999999,2.1645,2.2564,0.1309,268.006,0.0464,2178.2202917784452
450,30.3538,0.6135,1.7789,2.3416,0.0272,259.196,0.0584,2180.3778
451,29.0454,0.5264,0.9172,2.3308,0.0483,264.272,0.0525,2195.1
452,26.7098,0.49550000000000005,0.7935,2.3306,0.0086,251.38,0.05399999999999999,2171.8556
453,25.4798,0.5328,1.5394,2.1911,0.1074,273.162,0.047,2173.2778
454,27.984,0.686,2.0675,2.2569,0.0479,276.976,0.08479581308722771,2166.2111
455,18.277,0.34,0.9863,2.3391,0.0398,264.272,0.0505,2205.7222
456,30.2755,0.703,0.8142,2.3026,0.0541,261.292,0.011800000000000001,2223.4
457,32.4807,0.5745,1.2878,2.2671,0.0349,264.272,0.024099999999999996,2241.1778
458,26.0868,0.8651999999999999,0.8824000000000001,2.2668,0.0714,264.272,0.0476,2168.7333
459,21.9792,0.6995,1.1737,2.3391,0.028,257.2436,0.0437,2205.7222
460,25.688,0.8444,0.4568,2.2689,0.0549,252.714,0.0408,2126.6555
461,23.1136,0.8755999999999999,0.7458,2.3331,0.0867,262.14,0.0435,2204.5445
462,23.8511,0.7810000000000001,0.9222,2.3021,0.0352,264.272,0.0388,2187.9889
463,39.4515,0.7865,2.3584,2.3911,0.0455,265.0196,0.045,2280.8222
464,24.5095,0.6097,1.5174,2.2216,0.0459,267.228,0.0608,2198.8556
465,29.2938,0.5349,1.6628,2.2673999999999994,0.0528,264.272,0.043,2207.9555
466,28.4793,0.5116,0.5152,2.2728,0.0813,259.5912,0.0361,2253.5111
467,32.0454,1.026,1.4633,2.3038,0.0545,264.6692,0.0451,2195.7666
468,28.9752,0.4054,0.9923000000000001,2.2797,0.07080000000000002,256.318,0.0583,2212.3
469,26.1038,0.6024,1.174,2.2967,0.0775,263.00713827079494,0.0246,2155.6333
470,31.3727,0.4054,1.8398,2.2809,0.0369,282.24,0.0499,2209.6667
471,27.9706,0.6214,1.5461,2.2732,0.0429,264.272,0.06230000000000001,2215.8111
472,27.0478,0.5832,0.5554,2.4213999999999998,0.1252,264.272,0.0334,2151.6889
473,29.0537,0.6214,1.5425,2.2809,0.0272,276.356,0.039,2207.1444
474,18.8532,0.5333,1.6463,2.2825999999999995,0.07,273.856,0.04170000000000001,2164.3666
475,29.492600000000003,0.969,0.8503,2.3257,0.0487,260.71479999999997,0.0372,2183.5
476,33.4081,0.6917,1.9569,2.3978,0.0399,266.394,0.022000000000000002,2218.0555
477,23.1861,0.6332,1.5723,2.2717,0.05,272.904,0.013400000000000002,2175.2556
478,21.1535,0.5614,2.0322,2.3596000000000004,0.0531,260.13,0.015599999999999998,2171.9
479,31.554500000000004,0.752,0.621,2.4044000000000003,0.0659,260.45,0.0583,2210.9778
480,31.016000000000002,0.7017,1.0689000000000002,2.3414,0.058,252.2,0.0425,2171.3222
481,29.7545,0.686,0.498,2.2588,0.0326,250.226,0.0654,2200.9889
482,31.3313,0.4277000000000001,0.8767,2.3397,0.13750336952302658,258.738,0.0339,2223.1667
483,31.0165,0.5595,0.496,2.4023,0.0481,254.244,0.0346,2219.7667
484,32.4059,0.7769,1.2528,2.2673999999999994,0.038,271.726,0.0451,2223.0444
485,26.3006,0.8273,0.6162,2.3312,0.0466,255.538,0.0615,2167.9444
486,33.0615,0.5969,1.3776,2.3735000000000004,0.0437,259.6232,0.0406,2185.3334
487,24.3206,0.538,1.5382999999999998,2.3326,0.0692,266.07439999999997,0.0344,2169.4667
488,26.2879,0.6709,0.7162999999999999,2.2737,0.0725,257.374,0.0362,2207.9555
489,32.3378,0.5928,1.7486,2.4035,0.0397,264.106,0.0416,2246.4889
490,36.343,0.4972,1.8977,2.2757,0.0338,283.232,0.07,2210.7333
491,27.670499999999997,0.6139,1.0303000000000002,2.2954,0.0361,274.914,0.0234,2182.0222
492,30.3892,0.6676,0.5448,2.3375,0.0346,250.704,0.0204,2167.9444
493,23.0468,0.8929000000000001,1.1893000000000002,2.3417,0.035,264.042,0.0515,2206.5112
494,21.0027,0.5562,1.0161,2.3672,0.0438,265.212,0.0395,2178.6889
495,25.849,0.7555000000000001,1.0662000000000003,2.3297,0.036,264.272,0.0532,2217.8667
496,27.646200000000004,0.7245,1.1630000000000003,2.4196000000000004,0.0419,270.152,0.0169,2200.2
497,26.3116,0.6535,0.5544,2.2793,0.03880000000000001,253.93800000000002,0.05040000000000001,2171.8556
498,28.802999999999997,0.8986,1.7661,2.2646000000000006,0.0893,260.442,0.0454,2192.0
499,28.6912,0.7979000000000002,1.4001000000000001,2.2563,0.0704,272.68,0.0158,2244.9778
500,22.6504,0.6491,1.5858,2.3313,0.0474,261.73,0.039,2199.3334
501,28.1993,0.4889,2.1399,2.2809,0.0332,284.7356913539745,0.0402,2209.4667
502,28.189,0.7608,0.9768000000000001,2.3058,0.0712,264.272,0.043,2204.6667
503,30.0565,0.4645,1.4318999999999997,2.3259,0.0521,262.096,0.0093,2183.3111
504,18.2111,0.6491,1.2562,2.3712,0.047299999999999995,261.406,0.0318,2191.9
505,26.042499999999997,0.6475,0.6287,2.3495,0.0794,247.59999999999997,0.04239999999999999,2159.0556
506,23.7055,0.8755,0.5642,2.3793,0.0667,264.272,0.0645,2189.8778
507,26.2629,0.7410000000000001,0.5072,2.2825999999999995,0.0511,264.272,0.05689999999999999,2199.6556
508,34.1725,0.3728,0.9274000000000001,2.2729,0.061,258.33,0.038,2206.4
509,24.7718,0.647,0.6388,2.4201,0.0897,264.272,0.0219,2137.6111
510,27.8252,0.8574,0.5889,2.2864,0.042,255.342,0.0169,2219.7667
511,16.3432,0.45520000000000005,1.1453,2.4237,0.0527,275.65,0.0317,2228.9445
512,26.0317,0.5365,0.9630000000000001,2.4025,0.0277,261.4,0.0452,2285.945338343439
513,21.2711,0.7056,0.9534000000000001,2.349,0.0486,264.272,0.0367,2204.5445
514,27.2483,0.8986,0.5779,2.3938,0.0611,248.964,0.05040000000000001,2196.0
515,31.416,1.0039,2.1505,2.3971,0.0267,265.068,0.0727,2185.9333
516,25.3309,0.7979000000000002,1.2665,2.292,0.0498,264.272,0.0096,2178.5889
517,24.3465,0.8687,0.4508,2.3063,0.0604,263.20120000000003,0.0368,2216.4778
518,23.5304,0.8147000000000001,1.8714,2.3625,0.0372,264.272,0.0667,2173.6222
519,28.6582,0.5162,0.9273,2.2474,0.0604,264.272,0.0552,2210.8556
520,22.3822,0.5844,0.3971,2.3162,0.0513,251.586,0.0154,2219.1333
521,32.6465,0.5928,2.1512,2.3582999999999994,0.0677,265.584,0.026500000000000003,2222.3333
522,23.2779,0.8251000000000001,1.4486999999999999,2.3128,0.0624,269.468,0.0526,2180.9666
523,27.0988,0.9273,0.9407,2.2689,0.048,267.438,0.0332,2155.6333
524,24.2974,0.7362000000000001,1.169,2.2732,0.0777,270.642,0.0564,2196.1111
525,25.7166,0.6535,0.7974,2.3144,0.021,256.98999999999995,0.0388,2205.2222
526,25.3734,0.497,0.5985,2.3495,0.076,264.272,0.0426,2242.8555
527,25.1013,0.76,0.6081,2.2964999999999995,0.0657,256.1208,0.0468,2235.0556
528,18.317500000000003,0.7997,1.7144,2.4,0.0447,266.7204,0.0491,2185.9333
529,30.7458,0.6762,1.3106,2.2732,0.0958,264.272,0.0535,2217.5778
530,30.695299999999996,0.45520000000000005,1.3521999999999998,2.2671,0.086,264.272,0.0334,2188.5111
531,37.6915,0.5857,1.4197,2.3243,0.0584,263.276,0.0739,2270.2556
532,26.4193,0.5272,0.5811,2.1995,0.065,264.272,0.039,2164.2667
533,19.1895,0.6438,0.8821,2.3124,0.0909,256.598,0.03308,2210.3556
534,25.6003,0.7187,0.5732,2.3406,0.0789,256.5664,0.0486,2159.0556
535,20.6151,0.752,1.1259,2.3124,0.0429,268.338,0.0187,2216.7333
536,26.166,0.6332,1.2276,2.3044,0.0391,265.212,0.0293,2146.1111
537,22.8211,0.6555,1.2161,2.3042,0.0643,261.236,0.0554,2200.9556
538,20.7242,0.7429,0.9775,2.2831,0.0811,265.002,0.0398,2114.9458588922266
539,18.784,0.7358000000000001,0.956,2.3301,0.13750336952302658,261.99,0.0528,2177.4333
540,26.4708,0.5171,1.653,2.4196000000000004,0.075,264.272,0.0245,2219.7667
541,18.9734,0.48599999999999993,1.7646,2.3195,0.0626,260.91,0.04,2200.2333
542,19.6859,1.026,1.5655,2.2689,0.0243,255.6764,0.032,2219.1333
543,18.0095,0.5941,1.1074,2.2802,0.0724,265.984,0.014700000000000001,2204.2333
544,33.0758,0.631,0.5952,2.3865,0.0282,260.8376,0.01,2238.5444
545,27.517699999999998,0.8955,0.9656000000000001,2.4241,0.0717,273.258,0.0415,2186.9
546,26.8806,0.8473,1.0294,2.3991,0.033,264.272,0.0577,2216.6778
547,33.6192,0.5559,2.2207,2.2931,0.0662,261.972,0.0279,2180.3778
548,28.0695,0.6135,1.143,2.3403000000000005,0.061,263.664,0.057199999999999994,2181.6111
549,23.4873,0.76,0.4977,2.2937,0.050699999999999995,259.61,0.0369,2163.8667
550,44.9459616831798,0.6521,1.3704,2.2982,0.1111,263.174,0.0613,2181.1889
551,23.7193,0.6531,0.9529,2.3991,0.0748,251.982,0.0494,2242.4333
552,28.9017,0.7914,0.5774,2.4253,0.0936,264.272,0.0315,2147.1111
553,32.6374,0.6177,1.2101,2.2678,0.0486,265.164,0.0589,2221.21776
554,41.8842,0.9736999999999999,0.5712,2.3408,0.0586,264.272,0.0048,2234.6111
555,21.9792,0.7007,2.1467,2.3194,0.0406,266.3536,0.0505,2214.7111
556,20.5025,0.5941,0.9215,2.3817,0.0409,266.004,0.0654,2205.7445
557,26.0917,0.3596,0.7553000000000001,2.2779,0.0424,248.18400000000003,0.0415,2194.09778
558,23.7806,0.7473,0.5063,2.3177,0.0479,253.90800000000002,0.0398,2213.7556
559,27.527,0.7979000000000002,1.5008,2.2927,0.077,263.7124,0.0153,2178.4667
560,27.6476,0.8221,1.0674,2.4073,0.0606,264.272,0.049,2136.4111
561,26.8797,0.8054000000000001,2.0131,2.3865,0.037,265.3756,0.023900000000000005,2196.6889
562,24.7298,0.4517999999999999,1.4905,2.3138,0.063,264.272,0.0395,2244.5
563,21.0446,0.5484,0.9001,2.2949,0.0642,264.272,0.0492,2208.9778
564,27.6301,1.0498,1.4857,2.2932,0.0502,263.8752,0.0513,2230.4222
565,40.5205,0.9046,0.5697,2.3403000000000005,0.047,245.474,0.02,2196.6555
566,21.3671,0.6482,1.5248,2.319,0.017,266.28,0.044000000000000004,2207.1
567,26.7021,0.6024,1.079,2.3162,0.0884,262.2952,0.0172,2114.9458588922266
568,31.4439,0.4486,0.8458000000000001,2.3289,0.031,256.398,0.0549,2200.0666
569,28.7752,0.3745,0.5645,2.4284,0.07,264.272,0.0499,2155.3111
570,30.6289,0.5857,1.205,2.3416,0.0152,259.792,0.0464,2197.3111
571,26.1855,0.631,2.2394,2.3796,0.0531,266.842,0.041,2197.6778
572,22.3374,1.0039,0.6183,2.3177,0.0319,250.398,0.0391,2202.1222
573,29.3844,0.6385,1.3993,2.3006,0.0486,265.5584,0.0124,2174.8666
574,21.7381,0.9174000000000001,1.6740999999999997,2.3704,0.0508,264.592,0.0318,2225.5889
575,20.2979,0.4812,1.662,2.2948,0.0301,264.272,0.042699999999999995,2167.5
576,26.7245,0.6944,0.7625,2.3867,0.0711,251.434,0.0483,2169.9444
577,24.3275,0.9858000000000001,0.6021,2.3715,0.0407,256.6392,0.029400000000000003,2214.7111
578,30.2505,0.9191999999999999,2.0058,2.3167,0.0466,262.9868,0.0398,2178.7333
579,23.432499999999997,0.497,1.065,2.3414,0.04,257.25759999999997,0.04460000000000001,2229.3333
580,24.1601,0.4063,0.6534,2.2797,0.04,264.272,0.045,2208.7066999999997
581,23.7913,0.6635,0.896,2.3725,0.0289,248.004,0.0489,2197.6778
582,31.9933,0.4645,1.5624,2.2689,0.0703,264.50399999999996,0.0616,2183.3111
583,20.975499999999997,0.6979,0.4549,2.2647,0.0584,248.46,0.06,2114.9458588922266
584,18.529399999999995,0.8755,0.8580999999999999,2.3938,0.0235,262.338,0.04490000000000001,2211.7778
585,28.1426,0.4889,1.1776,2.2809,0.0492,264.272,0.0681,2209.4667
586,22.6375,0.845,0.5981000000000001,2.3063,0.0521,251.854,0.0336,2216.4778
587,22.519,0.6556,2.3637,2.3132,0.0357,268.3792,0.0381,2198.7222
588,24.3769,0.5217,1.5979,2.4044000000000003,0.0796,258.596,0.05399999999999999,2218.6333
589,24.1465,0.827,0.4919,2.3805,0.0199,247.502,0.0198,2151.6889
590,23.6178,0.42800000000000005,1.1828000000000003,2.2732,0.0574,264.272,0.0516,2208.9778
591,20.0445,0.4945,0.5803,2.3378,0.0442,264.272,0.05399999999999999,2164.3
592,22.969,1.026,0.6342000000000001,2.3167,0.062,247.53600000000003,0.0315,2214.7111
593,28.252,0.6761,1.2874,2.3308,0.0651,267.34,0.0542,2207.1
594,39.9438,0.357,1.3188,2.3695,0.0487,266.364,0.0378,2183.4556
595,19.6185,0.6419,0.7779000000000001,2.3867,0.0536,264.272,0.0277,2169.9444
596,26.3122,0.6556,1.9099,2.3038,0.0565,267.01,0.0434,2243.7778
597,23.0148,0.7461,1.4308,2.3524,0.0563,260.53,0.0401,2171.9
598,27.8256,0.7184,1.0753,2.2982,0.0738,264.272,0.0657,2201.2889
599,29.2883,0.7151,0.8079999999999999,2.3207,0.0838,246.9,0.0117,2127.9555
600,26.977,0.6969,1.507,2.2939,0.0248,264.272,0.05079999999999999,2189.6778
601,19.9565,0.6716,2.0754,2.3524,0.0556,263.258,0.05040000000000001,2222.3222
602,28.6558,0.7854000000000001,0.7990999999999999,2.2805,0.0472,255.77439999999999,0.0448,2200.9889
603,26.9974,0.7187,0.8728,2.3654,0.078,263.496,0.0394,2165.8666
604,31.0075,0.612,0.6604,2.2757,0.0528,247.332,0.0394,2171.5
605,27.5901,0.6805,1.7093,2.2869,0.0185,268.016,0.0632,2217.4111
606,28.8518,0.7495000000000002,1.2873,2.3044,0.0334,260.4116,0.05109999999999999,2202.2889
607,23.6405,0.6385,1.3873,2.2797,0.0318,275.792,0.0232,2239.4111
608,22.978500000000004,0.8867,0.9634,2.3654,0.0527,266.604,0.0327,2217.8111
609,26.0408,0.6977,0.7595,2.3991,0.0534,251.33,0.056,2216.5111
610,22.3489,0.5969,2.2069,2.3179,0.13750336952302658,260.1732,0.0509,2166.5222
611,29.654399999999995,0.4063,0.5782,2.2392,0.0379,255.67799999999997,0.0437,2191.6445
612,22.7338,0.5614,0.9691,2.3403000000000005,0.0327,261.302,0.0433,2181.1555
613,28.3474,0.5744,0.8104,2.2527,0.0412,269.424,0.0298,2192.5556
614,44.9459616831798,0.6627,1.8646,2.298,0.0379,263.0548,0.0445,2244.1111
615,21.5576,0.42800000000000005,2.4909,2.2474,0.0819,284.7356913539745,0.0621,2205.2555
616,35.7993,0.7299,1.2441000000000002,2.2949,0.0597,264.272,0.033,2206.7999
617,26.2719,0.6874,2.749696680956281,2.1919,0.0778,254.656,0.0392,2208.9778
618,29.023500000000002,0.6821,0.9998000000000001,2.2555,0.0373,262.482,0.039240000000000004,2217.4111
619,17.1276,0.8849,0.7518,2.2771,0.0862,258.0228,0.0474,2180.7
620,33.8496,0.6716,1.5756000000000001,2.3582999999999994,0.0704,265.404,0.0251,2220.4444
621,24.8005,0.5969,1.0833000000000002,2.3243,0.13750336952302658,259.1904,0.0146,2224.6222
622,24.1109,0.7245,0.6707,2.2588,0.0291,264.272,0.0457,2213.2111
623,29.1406,0.482,1.0045,2.2647,0.0539,264.272,0.05659999999999999,2194.9556
624,17.5921,0.7141,1.3788,2.2728,0.0483,262.6436,0.0444,2231.4889
625,16.9061,1.0824,1.8942,2.3715,0.13750336952302658,265.922,0.05070000000000001,2195.1222
626,27.5479,0.686,1.1287,2.2596,0.0765,262.9832,0.0353,2226.3111
627,29.8969,0.9191999999999999,0.7478,2.3221,0.0684,264.034,0.0368,2202.7111
628,32.8478,0.8929000000000001,1.5639,2.3613,0.0187,260.994,0.0305,2242.2444
629,24.6661,0.7410000000000001,1.3132000000000001,2.212,0.0186,264.272,0.0558,2173.2778
630,23.6096,0.733,1.0146,2.3283,0.0632,263.932,0.0293,2182.6222
631,26.1512,0.7495000000000002,1.6072,2.3695,0.0191,260.5964,0.0408,2196.0889
632,25.9589,0.5365,1.7343,2.3308,0.0502,264.272,0.0373,2171.8556
633,25.7407,0.3954,1.8646,2.2756,0.0633,266.328,0.062000000000000006,2202.5556
634,26.4206,0.4433,1.2823999999999998,2.3301,0.0618,264.272,0.04490000000000001,2190.7666
635,17.0797,0.7164,1.2446,2.3592,0.0603,259.346,0.0123,2183.4556
636,28.121,0.6514,1.4479,2.3341000000000003,0.0532,264.272,0.05369999999999999,2184.8889
637,24.5978,0.4973,0.5786,2.4012,0.0615,264.272,0.0353,2187.4111
638,29.4636,0.3596,1.2286,2.2434,0.1137,263.19,0.0571,2203.1667
639,27.4876,0.6697,0.8443,2.2445,0.0492,250.402,0.0316,2223.9
640,26.3835,0.8737,1.2587,2.2563,0.0725,275.104,0.0324,2276.4556
641,36.543200000000006,0.5344,0.6901,2.2539,0.0806,248.734,0.0454,2209.4667
642,23.1901,0.412,1.272,2.3106,0.0216,264.272,0.051399999999999994,2191.8445
643,32.4142,0.8576000000000001,2.3757,2.307,0.047,267.928,0.05360000000000001,2177.3222
644,36.6135,0.7108,2.0235,2.3162,0.0602,267.54,0.0218,2179.0778
645,33.9056,0.6425,1.6959,2.3573,0.0277,267.994,0.05390000000000001,2187.6667
646,24.9563,0.9911999999999999,2.749696680956281,2.3375,0.0299,250.69599999999997,0.0121,2167.9444
647,8.879359298926875,0.8045000000000001,0.4843,2.3984,0.0966,246.984,0.0203,2200.2333
648,25.2503,0.792,1.694,2.2802,0.0505,264.652,0.0168,2189.5777
649,25.822200000000002,0.7217,0.5011,2.2928,0.0612,264.272,0.043,2243.7778
650,29.185,0.8705,0.6689,2.3078,0.092,264.26,0.033,2218.5778
651,25.0963,0.5139,0.9105,2.3499,0.031,264.75,0.0376,2194.5889
652,31.6501,0.733,1.1152,2.2474,0.0908,264.272,0.0352,2211.6
653,23.6254,0.8755999999999999,1.0330000000000001,2.3331,0.0974,264.272,0.0309,2187.8111
654,19.064,0.4788,1.2166,2.2377,0.091,264.272,0.0532,2203.1667
655,28.777,0.3993,1.6289,2.319,0.0824,267.068,0.0607,2204.6667
656,15.0708,0.7164,1.4003,2.3592,0.0445,261.55359999999996,0.05399999999999999,2265.1889
657,22.7427,0.7473,0.7664,2.2964999999999995,0.0827,249.292,0.0382,2201.8222
658,44.9459616831798,0.4126,1.2968000000000002,2.2858,0.0751,264.272,0.0512,2192.1889
659,28.0999,0.7807000000000001,0.5651,2.4172,0.0431,254.896,0.039,2231.6111
660,30.2922,0.9352000000000001,2.1936,2.3582999999999994,0.0281,264.93,0.026500000000000003,2183.4556
661,29.453,0.6139,0.5452,2.4023,0.063,264.272,0.0131,2153.9778
662,22.9589,0.8273,0.8849,2.3604,0.0446,259.8404,0.046900000000000004,2233.1556
663,42.2686,0.703,0.507,2.3170999999999995,0.0728,256.7436,0.0393,2192.6889
664,22.230000000000004,0.6474,1.1377000000000002,2.2892,0.0444,264.272,0.0341,2221.3667
665,23.5906,0.6716,1.0448,2.3497,0.07,256.288,0.028100000000000003,2242.2444
666,29.6501,0.5832,1.0646,2.2927,0.0544,268.856,0.0157,2258.2778
667,24.185399999999998,0.6676,1.1405,2.3573,0.0469,265.234,0.0571,2207.8111
668,23.1949,0.7555000000000001,1.2782999999999998,2.3402,0.0454,268.74,0.0282,2215.3889
669,22.5384,0.7888,1.9299,2.2948,0.0355,264.666,0.0531,2197.6778
670,15.309399999999998,0.8182,1.6483,2.3437,0.0663,265.09,0.051,2248.9
671,17.1419,0.8201000000000002,0.6091999999999999,2.3883,0.1071,264.272,0.0392,2180.5556
672,19.6579,0.4645,0.9899000000000001,2.2773,0.0712,264.272,0.0141,2173.6444
673,25.2303,0.5844,1.7407999999999997,2.3322999999999996,0.0601,265.11080000000004,0.04460000000000001,2233.1556
674,25.4763,0.5832,0.8474999999999999,2.2527,0.058,256.83,0.028400000000000005,2201.8666
675,29.871,0.7865,2.0216,2.3704,0.0432,265.93,0.0544,2202.4333
676,30.7097,0.7804,0.5184,2.2668,0.0667,250.266,0.046900000000000004,2227.2444
677,26.247,0.7555000000000001,1.7231000000000003,2.3817,0.019400000000000004,264.272,0.0421,2189.8111
678,28.7982,0.8867,0.4254,2.3063,0.0551,251.342,0.0529,2242.8555
679,27.262799999999995,0.7245,0.7156,2.3883,0.08779999999999999,248.24200000000002,0.0606,2211.4334
680,30.9212,0.7047,0.571,2.3275,0.0582,264.272,0.0437,2181.0444
681,28.9871,0.5365,1.0703000000000003,2.2793,0.0271,264.272,0.0554,2200.0666
682,26.173499999999997,0.8147000000000001,1.4174,2.3708,0.0254,265.788,0.0706,2227.2444
683,21.3926,0.7007,0.4864,2.3834,0.0479,247.76399999999998,0.0468,2197.6444
684,31.0753,0.7804,0.8944,2.2472,0.0293,271.564,0.038,2168.7333
685,31.3031,0.5868,0.8722,2.2631,0.0899,269.884,0.0627,2171.5
686,16.1776,0.9174000000000001,0.4302,2.3704,0.0615,247.87,0.045899999999999996,2233.7666
687,14.606,0.7410000000000001,1.2249,2.2216,0.0395,265.8,0.0385,2253.3444
688,33.3616,0.4924,1.5464999999999998,2.1911,0.0943,264.272,0.0383,2255.5222
689,26.3387,0.7025,0.6476,2.4196000000000004,0.0423,255.342,0.013400000000000002,2200.2
690,21.841600000000003,0.6062,2.2819,2.4012,0.0518,261.572,0.04789999999999999,2195.6667
691,26.461699999999997,0.7807000000000001,0.9152,2.2821,0.0846,272.23,0.0113,2249.2556
692,28.0488,0.7865,0.451,2.3834,0.1146,249.378,0.0586,2214.0556
693,37.4506,0.6385,0.9416,2.3415,0.0444,265.394,0.025200000000000004,2246.4889
694,24.060900000000004,0.6214,1.6572,2.3056,0.0398,264.272,0.05659999999999999,2200.2111
695,26.0373,0.8623,1.2411,2.2453,0.0345,264.272,0.0467,2191.3556
696,25.7529,0.6607,1.3811,2.2732,0.13750336952302658,282.648,0.0699,2215.8111
697,26.5409,0.8544,0.9138,2.3672,0.0393,265.268,0.0371,2178.6889
698,31.4736,0.6365,1.2261,2.2604,0.0496,264.272,0.0401,2223.5333
699,25.2418,0.447,1.4465,2.3021,0.0904,264.272,0.0509,2205.5
700,28.6132,0.6458,0.853,2.2564,0.0505,264.272,0.0423,2171.5
701,29.8709,0.6023,1.0448,2.2616,0.0602,264.272,0.0528,2189.9667
702,23.9411,0.8986,0.8713,2.2445,0.0564,264.272,0.0432,2215.5111
703,25.1003,0.909,0.42700000000000005,2.2757,0.0648,251.218,0.0553,2191.1333
704,29.8753,0.6624,0.5207,2.3932,0.0522,251.462,0.0231,2231.9555
705,22.1373,0.7716000000000001,1.9653000000000003,2.3052,0.0452,259.66519999999997,0.0441,2183.5777
706,24.7459,0.5365,0.8462,2.3604,0.0488,268.26,0.0576,2229.3333
707,27.3317,0.6385,1.4496999999999998,2.2539,0.0342,271.608,0.0651,2217.0
708,44.9459616831798,0.8790000000000001,1.2177,2.3505,0.13750336952302658,265.688,0.0409,2222.3222
709,27.2848,0.6917,0.9256,2.3025,0.0488,264.328,0.04200000000000001,2218.0555
710,28.2487,0.8687,0.9117,2.3322999999999996,0.0346,263.798,0.0538,2172.4
711,17.7128,0.7345,1.0873,2.2604,0.0442,270.276,0.041,2187.3444
712,21.7888,0.9911999999999999,1.2189,2.2967,0.0498,267.414,0.0395,2141.0667
713,24.5276,0.6555,0.5596,2.4151,0.0601,254.13399999999996,0.0174,2228.9445
714,26.3457,0.8274,1.9412,2.3025,0.0647,266.62,0.0325,2196.8
715,30.6968,0.3993,1.8981,2.3308,0.0657,271.912,0.0412,2182.5555
716,26.6224,0.752,1.0795000000000001,2.3991,0.0595,260.844,0.0656,2198.2667
717,17.8138,0.7840000000000001,1.2409,2.2726,0.0508,264.272,0.0349,2241.1778
718,40.4031,0.5272,1.4428,2.3479,0.0341,264.272,0.0399,2226.5444
719,21.5935,0.8383,1.9286,2.3038,0.08610000000000001,265.42440000000005,0.0436,2244.1111
720,29.5367,0.725,1.7274999999999998,2.2967,0.0373,259.22119999999995,0.0238,2187.7333
721,20.2216,0.6438,0.8934,2.3124,0.0623,256.126,0.03392,2210.3556
722,24.3127,0.8849,0.7916,2.3177,0.0596,251.496,0.04239999999999999,2180.0556
723,27.2606,0.7249000000000001,1.7824,2.2959,0.0804,272.354,0.0571,2195.9778
724,24.8064,0.5679,0.6138,2.2726,0.0328,251.8,0.0354,2175.1222
725,21.7197,0.7637,1.4920999999999998,2.4025,0.0618,260.956,0.0359,2214.7889
726,17.8882,0.4188,0.608,2.3193,0.0559,249.892,0.05659999999999999,2215.0222
727,30.5699,0.5357,1.1231,2.2527,0.0782,264.272,0.0445,2206.1444
728,19.8754,0.7978,1.5908,2.3044,0.0868,267.996,0.0378,2201.8222
729,29.5773,0.9352000000000001,0.7839,2.3221,0.0455,263.976,0.04789999999999999,2202.7111
730,29.6268,0.357,0.9888000000000001,2.3403000000000005,0.0892,262.978,0.023900000000000005,2222.3222
731,40.0125,1.0039,2.0087,2.3704,0.0522,262.592,0.0599,2230.0333
732,39.7935,0.9046,1.0869,2.3997,0.0596,263.3,0.0458,2221.9444
733,31.0771,0.969,0.9706000000000001,2.3341000000000003,0.0523,260.25440000000003,0.0631,2217.8667
734,14.1161,0.8147000000000001,1.7093,2.2564,0.0587,261.368,0.0608,2208.05112
735,31.353900000000003,0.4277000000000001,1.1157000000000001,2.3532,0.0622,263.256,0.052,2191.6667
736,22.9765,0.9174000000000001,2.4264,2.3194,0.0298,264.272,0.0525,2201.5889
737,28.1353,0.7512,0.4526,2.292,0.0554,264.44440000000003,0.0195,2194.9555
738,25.885499999999997,0.34,0.49609999999999993,2.3604,0.053,249.046,0.0464,2233.1556
739,30.6359,0.478,1.4533,2.2673999999999994,0.0636,269.558,0.0405,2206.4
740,22.698,0.497,0.8611,2.3604,0.0349,259.8628,0.0468,2242.4333
741,16.9701,0.9103,0.36319999999999997,2.2805,0.0476,264.272,0.0161,2285.945338343439
742,39.6517,0.6523,1.7361,2.3407,0.0505,259.52,0.0338,2224.4778
743,21.0896,0.8535,1.7296,2.3834,0.045,267.984,0.033,2197.6444
744,22.1809,0.9174000000000001,1.8384,2.2881,0.0267,264.272,0.0133,2170.5444
745,18.7066,0.6053,0.9103,2.2802,0.0314,269.176,0.014299999999999998,2220.0445
746,23.903700000000004,0.42800000000000005,1.0226,2.2337,0.0773,271.176,0.0463,2209.1
747,28.3055,0.5349,1.2477,2.1911,0.0588,264.272,0.0519,2211.4
748,33.6765,0.4924,1.4739,2.2216,0.0764,264.272,0.0393,2198.8556
749,25.1014,0.8651999999999999,0.5151,2.2757,0.0794,251.438,0.060099999999999994,2216.5
750,24.218,0.6379,1.3416000000000001,2.1996,0.0699,273.614,0.0382,2167.0889
751,27.2003,0.5343,1.5019,2.3331,0.0972,264.272,0.0392,2188.7222
752,26.0981,0.7346,1.0044,2.3907,0.0132,266.794,0.05659999999999999,2175.9667
753,23.8576,0.7807000000000001,1.1798,2.2927,0.0344,264.272,0.013,2178.4667
754,31.6736,0.7345,0.6107,2.2732,0.0847,264.272,0.055,2192.1889
755,27.1504,0.8535,0.3697,2.3235,0.0431,247.11000000000004,0.0387,2191.1111
756,27.8596,0.5333,0.7818,2.2717,0.0806,264.272,0.0196,2191.8445
757,24.7969,0.5774,1.1493000000000002,2.3301,0.0631,264.272,0.047200000000000006,2187.3444
758,30.1789,0.5349,0.5818,2.3025,0.0344,254.448,0.0437,2182.5555
759,29.174399999999995,0.6269,0.5546,2.2785000000000006,0.0859,264.272,0.0664,2190.7666
760,24.4,0.5744,0.7867,2.2749000000000006,0.0622,264.272,0.0154,2221.9778
761,24.6599,0.6024,1.0019000000000002,2.2967,0.0426,263.6716,0.0757,2141.0667
762,16.2643,0.9365,1.1213,2.3596000000000004,0.047,265.14,0.026999999999999996,2197.8445
763,27.6834,0.7716000000000001,0.5832,2.3099000000000003,0.0581,253.04,0.0403,2197.2333
764,35.4672,0.6019,1.7907,2.2564,0.0251,266.948,0.0563,2181.4225117784454
765,31.7389,0.6023,1.0353,2.2725,0.0748,266.248,0.057,2189.9667
766,23.978299999999997,0.8145,0.5327,2.2877,0.0924,264.272,0.0465,2177.4333
767,29.572,0.7091,1.1769,2.2474,0.0536,264.272,0.0515,2202.3556
768,28.5052,0.7854000000000001,1.1026,2.4439,0.0514,256.2928,0.0161,2231.6111
769,32.4414,0.9858000000000001,2.749696680956281,2.3073,0.0566,267.316,0.0484,2196.8
770,26.565,0.845,0.928,2.3401,0.0386,252.824,0.04819999999999999,2171.3222
771,21.8375,0.7461,0.6964,2.3596000000000004,0.0444,262.4576,0.0593,2181.1555
772,21.9494,0.8201000000000002,0.5683,2.3331,0.0596,264.272,0.041400000000000006,2170.0666
773,27.8925,0.3954,1.3328,2.349,0.07420000000000002,264.466,0.0258,2204.5445
774,31.9128,0.8505,1.4638,2.3124,0.0393,265.688,0.0136,2207.3889
775,29.9815,0.8929000000000001,0.376,2.3903,0.0384,246.422,0.0306,2206.5112
776,22.6667,0.8301,1.9672,2.3391,0.0452,272.5,0.048,2201.0667
777,22.1827,0.6791,2.073,2.3052,0.0417,264.9696,0.0421,2244.1111
778,22.0115,0.447,1.5213,2.2757,0.0418,264.272,0.042699999999999995,2217.0
779,39.091,0.6506,0.5578,2.3408,0.0349,245.686,0.0275,2234.6111
780,24.515099999999997,0.5139,1.0584,2.2553,0.0526,269.896,0.0477,2211.4334
781,20.9109,0.827,1.3329,2.3654,0.0692,261.3404,0.0506,2233.1556
782,28.1237,0.5139,0.9661,2.3991,0.047,248.144,0.0667,2250.7445
783,27.1912,0.8473,0.7032999999999999,2.4201,0.0276,263.106,0.0377,2162.7556
784,28.746199999999998,0.5756,0.6693,2.2825999999999995,0.0455,264.272,0.05040000000000001,2162.1333
785,23.3521,0.5272,1.1999,2.2949,0.0207,273.128,0.05949999999999999,2197.2001
786,33.7563,0.6475,1.2322,2.3162,0.0745,260.172,0.0214,2230.7555
787,24.4754,0.5116,0.4344,2.2771,0.0364,250.886,0.0393,2124.8444
788,16.6703,0.631,1.6729,2.3038,0.0977,264.13,0.04239999999999999,2244.1111
789,37.2145,0.8333000000000002,2.2383,2.2931,0.0349,261.806,0.0369,2190.4889
790,23.993399999999998,0.7367,2.0182,2.3025,0.0605,265.66319999999996,0.0532,2186.9889
791,21.9064,0.6853,1.158,2.3881,0.0319,263.072,0.04490000000000001,2219.3445
792,29.6873,0.5264,0.9602,2.2453,0.0609,264.376,0.0491,2192.7889
793,33.4282,0.48599999999999993,1.1947,2.2445,0.0485,265.304,0.035,2184.7222
794,25.0247,0.9174000000000001,2.1312,2.3631999999999995,0.0403,263.484,0.0509,2211.3889
795,28.709,0.7636,1.1634,2.2634,0.0316,264.272,0.049,2169.8334
796,33.016,0.6214,1.5415,2.2539,0.036,280.656,0.0374,2200.2111
797,19.7445,0.6354,1.0579,2.4025,0.0189,259.738,0.0522,2189.3556
798,19.4166,0.5786,0.6101,2.3042,0.0982,245.676,0.0494,2200.9556
799,25.9831,0.746,0.9338,2.3207,0.0634,261.706,0.0167,2174.7555
800,36.9278,1.0039,1.9898999999999998,2.3834,0.0381,265.1,0.0436,2185.9333
801,25.5696,0.4188,1.3153,2.1995,0.0593,272.014,0.0433,2162.1333
802,24.4002,0.5786,1.5328,2.2954,0.0802,264.272,0.0149,2200.2
803,22.2081,0.4776000000000001,1.2782,2.2989,0.079,264.952,0.030199999999999998,2218.9445
804,25.9046,0.6762,0.8379,2.212,0.069,255.87199999999999,0.0581,2226.4667
805,25.1884,0.7187,0.6141,2.4044000000000003,0.0911,253.36599999999999,0.0622,2210.9778
806,33.0295,0.5595,0.5747,2.3914,0.062,255.022,0.044300000000000006,2178.5889
807,32.9674,0.6969,1.1593,2.2392,0.0585,274.838,0.0534,2206.7999
808,16.218,0.3607,2.749696680956281,2.362,0.0253,260.506,0.0217,2209.9222
809,23.593900000000005,0.6512,1.3863,2.2886,0.0465,264.272,0.04524,2212.6334
810,29.4088,0.4059,1.5687,2.2527,0.0594,266.93,0.0381,2215.5111
811,23.723199999999995,0.8544,1.0274,2.3573,0.0574,260.4784,0.048499999999999995,2217.3777
812,24.1852,0.6531,0.6021,2.2967,0.041,261.5528,0.0352,2242.8555
813,34.6714,0.8330000000000001,1.6938,2.3654,0.0149,255.6512,0.0413,2215.3889
814,30.5174,0.7299,0.6513000000000001,2.3106,0.0219,264.272,0.0573,2173.2778
815,30.4154,0.6723,1.4902,2.3351,0.13750336952302658,264.334,0.0256,2223.8
816,31.535399999999996,0.4828,2.6490000000000005,2.3128,0.0368,261.7076,0.024099999999999996,2214.7111
817,20.3804,0.7410000000000001,0.5617,2.2726,0.0647,258.188,0.04529999999999999,2221.3667
818,24.0994,0.827,0.7087,2.3162,0.044,248.49599999999998,0.0174,2163.5889
819,27.041,0.7804,1.4171,2.3244,0.0538,263.5052,0.0183,2231.4889
820,28.1049,0.6419,0.8352000000000002,2.3867,0.0512,264.272,0.0552,2169.9444
821,23.4616,0.6238,0.7117,2.2458,0.0718,247.216,0.05399999999999999,2158.7
822,20.2052,0.538,1.4985999999999997,2.3326,0.0973,261.338,0.0534,2169.4667
823,30.4948,0.733,1.2635,2.2527,0.0341,266.932,0.0416,2206.1444
824,34.3528,0.47639999999999993,0.6164000000000001,2.3737,0.0434,252.0784,0.0551,2213.7556
825,28.6955,0.6716,1.1005,2.3221,0.0462,262.2,0.052,2202.7111
826,22.4489,0.9783999999999999,1.7554,2.3121999999999994,0.034,266.526,0.047200000000000006,2199.4889
827,27.6111,0.5831,0.6592,2.3797000000000006,0.0662,264.272,0.0496,2165.0333
828,23.8805,0.6556,2.2218,2.3149,0.0327,269.5612,0.0226,2238.5444
829,29.9623,0.686,0.4345,2.2569,0.041,262.8084,0.0289,2172.3111
830,29.4042,0.6332,0.6509,2.2247,0.0589,256.85,0.04239999999999999,2172.8111
831,24.0135,0.8935000000000001,0.5295,2.4160000000000004,0.0421,254.844,0.0187,2249.2556
832,20.6354,0.6379,1.0894000000000001,2.2718,0.1022,272.998,0.0359,2212.3
833,30.6311,0.6474,1.2487,2.3797000000000006,0.0725,264.272,0.047,2209.9555
834,29.0827,0.6762,1.3807,2.1996,0.0628,264.272,0.051399999999999994,2173.4889
835,22.441500000000005,0.6917,1.4611,2.3073,0.0562,264.272,0.0373,2218.0555
836,25.9834,0.5349,0.6311,2.3187,0.0755,253.024,0.0532,2223.5333
837,19.4876,0.7164,1.458,2.3596000000000004,0.0521,260.4488,0.0382,2265.1889
838,25.2876,0.48599999999999993,1.2277000000000002,2.3234,0.0803,264.272,0.0381,2263.3222
839,25.0576,0.8444,1.375,2.3735000000000004,0.022,263.3736,0.0129,2207.0444
840,24.6272,0.5922,2.4973,2.3128,0.0818,265.4,0.05680000000000001,2194.6444
841,19.3468,0.7888,2.2649,2.3132,0.0547,268.266,0.0261,2180.9666
842,44.9459616831798,0.792,0.5459,2.3312,0.0558,246.288,0.0486,2172.9667
843,20.9566,0.6523,1.7536,2.3737,0.0373,266.674,0.04200000000000001,2217.3777
844,29.0043,0.5756,1.1457,2.2726,0.0515,269.964,0.0402,2168.7
845,40.4755,0.6635,2.3008,2.4066999999999994,0.0445,259.262,0.0426,2184.8778
846,28.1907,0.6107,1.5398,2.307,0.055,258.4472,0.0406,2177.3222
847,34.2167,0.4924,1.1707,2.2247,0.0448,269.226,0.0497,2172.8111
848,18.3685,0.6308,1.0841,2.2932,0.0279,254.006,0.0315,2233.3667
849,26.177899999999998,0.7910000000000001,0.9143,2.4349,0.0622,264.272,0.027299999999999998,2249.2556
850,16.9553,0.7346,1.1304,2.2802,0.0238,264.272,0.0082,2225.0222
851,29.827,0.8849,1.1935,2.2937,0.0397,259.8804,0.0499,2167.2
852,23.4114,0.6556,1.12,2.3132,0.0455,275.79,0.0368,2205.2222
853,25.0919,0.8330000000000001,0.7894999999999999,2.3406,0.0573,255.6716,0.0506,2159.0556
854,27.2235,0.8935000000000001,0.5129,2.4253,0.0587,257.408,0.022799999999999997,2219.7667
855,24.9871,0.4973,0.5589,2.3936000000000006,0.0318,247.65799999999996,0.0682,2189.3556
856,23.6578,0.6413,0.4674,2.1995,0.0531,264.272,0.0335,2164.2667
857,31.52,0.6156,0.6646,2.3797000000000006,0.034,252.756,0.0341,2168.7
858,24.5446,0.6969,2.749696680956281,2.2939,0.0548,284.7356913539745,0.0413,2189.6778
859,24.4248,0.3607,0.9424,2.3391,0.0396,263.406,0.05979999999999999,2227.2444
860,36.5743,0.7973,0.9487,2.3402,0.0533,250.69400000000002,0.0119,2179.2
861,26.0093,0.969,1.6576999999999997,2.3322999999999996,0.0523,270.398,0.08479581308722771,2229.3333
862,26.7765,0.6932,0.9580000000000001,2.4201,0.0452,264.272,0.0467,2151.6889
863,26.1124,0.8755,0.5415,2.3793,0.0536,264.272,0.0518,2136.4111
864,44.9459616831798,0.7612,1.843,2.3997,0.0337,258.524,0.0489,2184.8778
865,24.5136,0.8273,0.4541,2.3044,0.0584,252.686,0.030199999999999998,2124.8444
866,22.762600000000003,0.6837,1.256,2.3481,0.0549,264.272,0.0541,2197.5222
867,23.5333,0.8935000000000001,1.2828,2.2604,0.0531,248.652,0.028,2190.7666
868,20.4622,0.7807000000000001,0.6899,2.2927,0.0471,264.272,0.01,2185.1
869,19.594199999999997,0.6555,0.5734,2.3936000000000006,0.0839,248.304,0.0646,2240.8666
870,27.5514,0.5168,0.5609,2.2821,0.0202,254.818,0.0196,2187.6667
871,23.7545,0.7017,0.7595,2.2771,0.0406,257.9452,0.0276,2124.8444
872,31.3745,0.5328,1.3182,2.3079,0.0323,264.272,0.041,2236.1111
873,29.158700000000003,0.7017,1.8773,2.3402,0.022,271.98,0.008900000000000002,2205.7222
874,29.9794,0.6512,0.924,2.2886,0.0754,254.424,0.039959999999999996,2212.8445
875,16.5512,0.7141,1.3858,2.2773,0.0752,264.638,0.017,2234.5222
876,26.3681,0.7346,0.5657,2.3805,0.0569,248.712,0.0526,2136.4111
877,20.3988,0.8705,1.7694,2.298,0.0696,264.06879999999995,0.0323,2201.5777
878,23.4987,0.8755999999999999,1.2219,2.3331,0.0485,264.272,0.055,2187.8111
879,28.056999999999995,0.8687,1.9185,2.3322999999999996,0.0518,265.3644,0.0602,2236.0667
880,20.636,0.3415,0.7519,2.3797000000000006,0.0418,264.272,0.0421,2183.0556
881,26.5653,0.6979,1.2467,2.2757,0.0835,264.272,0.0564,2213.5111
882,36.222,0.5272,1.081,2.2407,0.0425,264.272,0.0471,2209.1
883,23.9156,0.5484,0.8154,2.1919,0.0522,253.614,0.0476,2191.2111
884,31.4614,0.8274,2.3585,2.303,0.0534,264.296,0.0581,2185.8111
885,26.6104,0.5343,1.7503999999999997,2.3207,0.0666,268.968,0.027299999999999998,2190.1555
886,20.8865,0.6555,2.0529,2.3797000000000006,0.0658,272.62,0.030199999999999998,2228.9445
887,32.0705,0.8976,1.668,2.3397,0.0248,260.862,0.0237,2225.1777
888,30.1427,0.7927,1.2867,2.3397,0.0835,260.078,0.0391,2221.5778
889,22.8296,0.47639999999999993,1.8403999999999998,2.3025,0.0431,267.21,0.048,2197.2333
890,27.995600000000003,0.7025,1.2987,2.2563,0.0338,264.272,0.0202,2256.6
891,17.7568,0.7461,1.3212,2.3403000000000005,0.0351,265.82,0.0477,2222.3222
892,32.9711,0.4889,1.1722000000000001,2.2407,0.0518,268.664,0.0465,2202.4556
893,24.6959,0.4067,1.9612000000000003,2.2737,0.0798,264.272,0.0358,2207.9555
894,22.6227,1.0824,0.6467000000000002,2.3397,0.0428,260.4644,0.0245,2222.6778
895,26.1586,0.7888,1.416,2.3796,0.0488,261.2384,0.0441,2207.0444
896,24.7587,0.5139,1.1737,2.4213999999999998,0.051,259.954,0.0445,2210.9778
897,21.4764,0.7007,0.6601,2.3646,0.0432,253.376,0.0412,2211.3889
898,20.4859,1.0854,1.871,2.4213999999999998,0.0792806739046053,263.928,0.015500000000000002,2251.8222
899,28.3815,0.6944,0.7954,2.3867,0.0655,250.764,0.0342,2169.9444
900,23.4619,0.9135000000000001,1.477,2.2555,0.0403,264.272,0.04818,2204.2889
901,40.3963,0.8705,0.666,2.2928,0.0891,258.11719999999997,0.0522,2197.2667
902,32.1743,0.7299,1.3407,2.2247,0.0608,264.272,0.04,2172.8111
903,29.8097,0.7217,1.934,2.3161,0.0532,268.87,0.019,2198.7222
904,33.4962,1.026,2.3983,2.2771,0.0896,267.8275382707949,0.0606,2201.8222
905,25.7896,0.5116,1.7427,2.3654,0.0682,256.7232,0.043,2184.8889
906,27.717,0.7982,0.5211,2.2474,0.0971,257.296,0.0397,2204.1555
907,21.9517,0.612,0.8868,2.2631,0.0557,261.094,0.0433,2180.5556
908,36.5543,0.4277000000000001,0.7779000000000001,2.3903,0.13750336952302658,264.056,0.0238,2220.5445
909,25.252,0.5116,1.3864,2.3453,0.0151,267.298,0.0261,2171.3222
910,17.925,0.6607,0.6001,2.2752,0.093,264.272,0.045,2206.4
911,33.2787,0.482,1.9192,2.3883,0.043,268.8,0.048,2184.7222
912,21.1546,0.538,1.6462,2.3248,0.0705,261.84279999999995,0.0493,2172.9778
913,26.6434,0.6579,0.9274000000000001,2.2604,0.0399,272.544,0.0326,2192.7889
914,27.0626,0.5832,0.5398,2.4196000000000004,0.0751,259.566,0.013499999999999998,2249.2556
915,29.7881,0.5168,0.9680000000000001,2.4160000000000004,0.0273,264.272,0.021199999999999997,2231.9555
916,25.8665,0.7187,1.3114999999999999,2.3301,0.0306,263.43,0.0032,2201.0667
917,20.0429,0.6853,0.4796,2.4213999999999998,0.1041,264.272,0.0477,2189.8778
918,32.237,0.6627,2.1957,2.303,0.0416,263.24039999999997,0.042699999999999995,2201.5777
919,21.3459,0.9365,1.5155,2.3524,0.0398,258.464,0.0452,2178.1444
920,27.7028,0.6873,0.499,2.3796,0.0408,264.272,0.020700000000000003,2198.7222
921,29.1572,0.5868,1.0049000000000001,2.2569,0.0809,264.272,0.0292,2203.4445
922,19.4363,0.7797,1.146,2.2982,0.0267,264.272,0.05910000000000001,2195.4444
923,30.0404,0.7217,2.19,2.3038,0.0515,265.54,0.0435,2244.1111
924,18.5633,0.5095,1.7835,2.366,0.0547,261.892,0.0353,2273.7556
925,25.2665,0.8976,1.1393,2.3756,0.0638,266.384,0.0347,2220.7111
926,36.61030000000001,0.8790000000000001,1.3234,2.3179,0.13750336952302658,264.192,0.0363,2166.5222
927,33.0104,0.3596,0.8079,2.2797,0.0633,259.672,0.0628,2206.4
928,21.1961,0.6995,2.1538,2.3414,0.0231,266.786,0.0651,2150.5889
929,16.5255,0.6458,0.655,2.3817,0.0468,250.176,0.04780000000000001,2210.7778
930,27.456,0.5053,0.7481,2.3306,0.0542,251.012,0.0466,2171.8556
931,26.372399999999995,0.3993,0.5678,2.2982,0.1092,264.272,0.0521,2217.4111
932,23.0469,0.6853,1.143,2.4073,0.0361,264.272,0.0221,2189.8778
933,31.3079,0.4126,1.3588,2.1911,0.0617,264.272,0.0307,2164.2667
934,23.148700000000005,0.7984000000000001,1.7385,2.3414,0.0919,270.6,0.05680000000000001,2214.9333
935,21.4005,0.8648,0.6503,2.2458,0.0695,247.47,0.04780000000000001,2260.7333
936,23.9262,0.7804,1.9224,2.2967,0.037,264.272,0.0616,2173.6444
937,25.1262,0.9273,2.0403,2.3087,0.0474,269.118,0.0237,2180.7
938,28.6008,0.478,1.0939000000000003,2.2673999999999994,0.1258,269.728,0.0451,2206.4
939,23.7265,0.42800000000000005,0.9148,2.2809,0.0713,264.272,0.0499,2231.0555
940,21.0153,0.3745,0.7498,2.3817,0.0845,245.836,0.0509,2224.6778
941,24.4144,0.5756,0.6283,2.4079,0.1013,264.272,0.0386,2188.5111
942,21.5763,0.6107,1.6653,2.3715,0.0529,264.654,0.0437,2195.5333
943,24.2157,0.6425,0.9649,2.4073,0.0574,263.058,0.048499999999999995,2201.3556
944,30.3514,0.8544,1.1721,2.2697,0.0483,256.454,0.0175,2163.5778
945,20.6329,0.7367,2.3045,2.3715,0.0332,266.412,0.04819999999999999,2195.5333
946,34.0617,0.7854000000000001,0.498,2.2472,0.0288,262.1952,0.0305,2197.3222
947,29.6803,0.6156,0.5795,2.4723,0.0897,254.952,0.0103,2233.6334
948,23.517599999999998,0.6944,2.5328,2.2474,0.0812,284.7356913539745,0.0505,2210.8556
949,21.7279,0.4788,1.3136000000000003,2.212,0.1018,279.696,0.0382,2211.4
950,23.9437,0.7047,0.6009,2.3207,0.0262,249.17599999999996,0.0222,2190.1555
951,31.5295,0.7091,0.4704,2.4023,0.065,255.882,0.0157,2147.1111
952,22.4441,0.7151,1.2535,2.3499,0.0419,264.272,0.0502,2170.0666
953,21.2791,0.6135,1.3959,2.3532,0.0335,264.724,0.0621,2246.4889
954,32.7516,0.6977,0.6557,2.2937,0.0595,253.98799999999997,0.04750000000000001,2162.8445
955,29.9044,0.478,1.4140999999999997,2.2432,0.08440000000000002,264.272,0.0314,2212.3
956,30.7746,0.7542,0.9351000000000002,2.3884,0.0662,264.344,0.025399999999999995,2266.8333
957,29.1767,0.6874,0.9894000000000001,2.2553,0.0816,272.33,0.0349,2213.9111
958,20.7358,0.7997,1.6721,2.366,0.0512,266.558,0.049800000000000004,2187.4444
959,38.0327,0.6723,1.5905,2.3313,0.0504,262.988,0.0267,2191.6667
960,21.5151,0.6873,0.7009000000000001,2.2948,0.03880000000000001,264.272,0.0451,2208.4444
961,14.5322,0.3769,0.9007000000000001,2.3808,0.0406,264.272,0.0634,2204.2889
962,21.2935,0.6837,1.8965,2.349,0.0743,264.272,0.0337,2204.5445
963,28.2871,0.7854000000000001,1.0534,2.2472,0.0568,264.272,0.0271,2168.7333
964,26.0554,0.497,0.6165,2.3593,0.0334,252.91799999999998,0.0495,2205.7222
965,22.3321,0.7104,0.6136,2.3025,0.0307,251.56400000000002,0.0425,2218.0555
966,23.7805,0.6097,0.5854,2.2718,0.0621,264.272,0.0405,2231.0555
967,35.0053,0.5679,0.5621,2.2053,0.0414,264.272,0.0471,2246.0666
968,34.0436,0.8054000000000001,2.2697,2.3132,0.046,261.884,0.0658,2238.5444
969,21.6323,0.6512,1.0024799999999998,2.29832,0.0446,262.4916,0.03314,2212.6334
970,18.1451,0.7448000000000001,1.3733,2.2588,0.0222,264.272,0.0363,2172.1223
971,27.4383,0.6944,0.6943999999999999,2.2216,0.0574,256.006,0.069,2226.4667
972,19.124700000000004,0.7793000000000001,1.2645,2.2453,0.0591,276.338,0.0388,2179.7333
973,23.5831,0.3954,0.5823,2.4349,0.0531,255.008,0.0259,2254.7111
974,18.5996,0.8147000000000001,0.6245,2.2831,0.0494,251.718,0.05,2127.9555
975,15.6295,0.3769,1.3839,2.3737,0.0475,265.6,0.0389,2177.0222
976,23.4736,0.9386,1.5441,2.3802000000000003,0.0285,268.228,0.0422,2199.0333
977,21.1934,0.42800000000000005,0.6449,2.2797,0.0639,264.272,0.0672,2206.4
978,23.4847,0.6716,1.8212,2.3592,0.0646,259.02,0.034,2197.8667
979,38.1045,0.8383,1.7585,2.3314,0.027,262.684,0.04789999999999999,2171.8111
980,34.0855,0.6997,1.3003,2.3243,0.0148,263.682,0.0267,2270.2556
981,44.9459616831798,0.5484,1.0494000000000003,2.2539,0.0927,266.062,0.05,2215.8111
982,35.1195,0.6917,1.9967,2.3737,0.0753,264.272,0.0518,2217.3777
983,29.3734,0.3954,0.738,2.2892,0.0502,249.998,0.0433,2170.7444
984,26.3291,0.5139,0.9714000000000002,2.3991,0.0488,259.97,0.0473,2250.7445
985,33.3483,1.1509132660496713,0.9766,2.2982,0.0719,264.272,0.0525,2191.5
986,31.033399999999997,0.5264,1.0913,2.2982,0.0612,265.456,0.0577,2204.2889
987,20.8271,0.9352000000000001,1.525,2.3248,0.0494,261.428,0.0409,2174.8666
988,35.8454,0.6535,0.781,2.3244,0.0516,250.5572,0.0275,2180.7
989,19.162000000000003,0.6627,1.4441,2.3025,0.0492,266.284,0.037,2205.2222
990,31.4433,0.9612,0.6264,2.2646000000000006,0.02,264.272,0.0277,2213.5111
991,23.4628,0.8648,0.6244,2.3867,0.0694,264.272,0.049,2256.6
992,38.5498,0.7104,2.0226,2.4,0.054,264.158,0.0532,2204.9223
993,34.5138,0.9265,1.7213,2.3712,0.0594,264.488,0.0345,2172.3666
994,33.4591,0.9911999999999999,2.0904,2.3796,0.0605,268.462,0.0545,2194.2889
995,23.7345,0.8737,0.5356,2.4196000000000004,0.068,254.864,0.0153,2222.0111
996,23.17264,0.4945,1.3015,2.3124,0.0548,261.81,0.0132,2216.7333
997,34.9236,0.5053,0.8285,2.3306,0.0465,257.28520000000003,0.0415,2171.8556
998,27.9032,0.6458,1.6863999999999997,2.3195,0.054,264.272,0.0431,2214.2889
999,32.3627,0.5053,0.5582,2.2909,0.0593,254.5452,0.0116,2208.2334
1000,25.339899999999997,0.6535,0.7741,2.3161,0.0482,256.7892,0.0342,2197.2333
1001,31.316999999999997,0.447,1.4108,2.2858,0.0911,277.3,0.05910000000000001,2200.2111
1002,17.8135,0.5095,2.1254,2.3132,0.046,265.122,0.0512,2196.6889
1003,24.6239,0.6989,0.6124,2.4213999999999998,0.0213,264.272,0.045899999999999996,2223.2778
1004,22.0459,0.2979,1.6051,2.2858,0.0365,276.002,0.0525,2210.7333
1005,32.4053,0.7804,0.4547,2.2588,0.0243,263.64119999999997,0.0389,2206.5777
1006,33.8834,0.9844999999999999,0.4397,2.2634,0.0477,264.272,0.04239999999999999,2153.9778
1007,31.1484,0.5116,0.6073,2.3063,0.0495,250.544,0.0402,2216.4778
1008,25.075999999999997,0.6332,1.5762,2.2697,0.0334,263.2408,0.024,2146.1111
1009,23.5717,0.7097,1.1654000000000002,2.2717,0.0239,264.272,0.014299999999999998,2175.2556
1010,27.5268,0.48,1.84,2.3414,0.0505,267.416,0.0518,2171.3222
1011,29.9713,0.6023,1.8239,2.2805,0.0585,264.272,0.035,2213.2111
1012,21.199,0.5398,1.2699,2.3416,0.13750336952302658,260.822,0.0344,2197.3111
1013,31.4125,0.8976,1.659,2.3415,0.0476,257.6136,0.0332,2199.3334
1014,8.879359298926875,0.6709,1.4331,2.4201,0.10649999999999998,264.272,0.0119,2182.6222
1015,22.568499999999997,0.5116,0.9107999999999999,2.3401,0.0399,257.1092,0.049800000000000004,2165.8666
1016,27.3648,0.7461,2.2588,2.362,0.0562,266.512,0.0293,2213.7667
1017,29.3803,0.76,0.6906,2.3654,0.0409,263.7744,0.0402,2233.1556
1018,24.9604,0.8301,0.7204,2.2967,0.0584,264.272,0.0452,2167.2
1019,27.0072,0.6332,0.5851,2.4167,0.0879,264.272,0.0167,2185.1
1020,17.8522,0.5095,1.8677,2.2928,0.0496,267.386,0.06239999999999999,2243.7778
1021,31.0876,0.4972,0.8337,2.2809,0.0697,258.072,0.046900000000000004,2207.9555
1022,25.6798,0.7979000000000002,1.4985999999999997,2.2726,0.033,266.896,0.0341,2221.5667
1023,28.9358,0.8737,0.6556,2.4172,0.0444,264.272,0.0547,2179.1111
1024,26.7568,0.8648,0.7438,2.3884,0.0529,254.69000000000003,0.0117,2147.1111
1025,23.059599999999996,0.7056,0.8567,2.2646000000000006,0.036,260.822,0.0301,2199.6334
1026,25.0179,0.5844,1.3827,2.3044,0.0666,262.3276,0.0259,2208.2334
1027,24.9344,0.5693,1.0606,2.3907,0.0828,264.272,0.0438,2197.5222
1028,31.7791,0.6627,1.9672,2.3052,0.0513,264.772,0.058,2185.8111
1029,32.1132,0.9844999999999999,1.2538,2.2864,0.0638,264.272,0.0101,2254.7111
1030,25.727900000000005,0.6458,0.9145,2.2668,0.0888,264.272,0.0486,2114.9458588922266
1031,23.9811,0.3954,1.1355,2.2634,0.0697,264.272,0.051,2153.9778
1032,18.891,0.5343,0.7698,2.3817,0.086,251.138,0.0509,2204.2333
1033,37.1656,0.6523,1.2526,2.3026,0.0491,261.33,0.0145,2177.1667
1034,31.2285,0.48599999999999993,1.2385999999999997,2.2668,0.0536,258.116,0.065,2114.9458588922266
1035,25.518,0.8444,1.2046,2.2773,0.0359,264.43,0.018,2208.2667
1036,22.3699,0.8247000000000001,0.5344,2.3073,0.0649,248.502,0.05070000000000001,2213.7556
1037,21.673899999999996,0.9607,0.9634,2.3503,0.0894,264.6868,0.0317,2164.3
1038,38.804399999999994,0.5559,0.9988,2.3221,0.0353,265.002,0.0687,2246.4889
1039,24.25,0.6514,0.8584,2.3301,0.0557,250.02199999999996,0.0271,2167.9444
1040,25.0342,0.7716000000000001,0.7148,2.3715,0.0535,246.952,0.058,2201.5777
1041,22.529499999999995,0.8221,1.3514999999999997,2.3481,0.0283,258.612,0.0622,2197.5222
1042,24.1484,0.792,0.4001,2.2964999999999995,0.0486,264.212,0.05040000000000001,2167.2
1043,13.7855,0.6332,1.4371,2.2697,0.0477,261.43399999999997,0.0172,2163.5889
1044,19.5172,0.8648,0.5785,2.2718,0.0427,264.272,0.0467,2231.0555
1045,31.2819,0.5357,1.4069,2.2247,0.066,272.918,0.028299999999999995,2165.5333
1046,24.5728,0.34,0.8468,2.3414,0.0582,253.188,0.0445,2233.1556
1047,23.8531,0.5969,0.8476,2.3144,0.0682,259.2332,0.028400000000000005,2197.2333
1048,24.3304,0.7743,1.3535,2.3499,0.0193,264.272,0.0371,2194.5889
1049,31.3699,0.5774,1.7301,2.2908,0.0714,264.272,0.0258,2150.0556
1050,28.7252,0.4972,1.2604,2.3079,0.0398,267.722,0.0486,2209.8
1051,32.5683,0.447,0.6222,2.2732,0.1038,248.55200000000002,0.0827,2192.1889
1052,25.2206,0.7071,2.242,2.3132,0.0387,264.272,0.029,2218.5778
1053,28.8298,0.7249000000000001,0.5656,2.2604,0.0714,254.532,0.0326,2191.3556
1054,29.5218,0.4788,0.8541,2.3079,0.0712,255.436,0.0544,2209.1
1055,26.9312,0.6514,1.0682000000000003,2.2937,0.0561,264.622,0.0526,2242.8555
1056,30.5276,0.7358000000000001,0.818,2.2453,0.1109,261.868,0.0369,2223.5333
1057,23.7857,0.59622,1.1093000000000002,2.3162,0.0352,264.82,0.0211,2235.0556
1058,27.0214,0.4945,1.6538,2.3406,0.0567,265.082,0.0491,2171.8222
1059,27.4474,0.8976,1.1415,2.3582999999999994,0.0516,262.5288,0.0203,2232.5889
1060,25.5062,0.8986,0.9824,2.2802,0.0738,258.384,0.007799999999999999,2224.6778
1061,21.7509,0.4054,0.7401,2.2673999999999994,0.0625,264.272,0.0495,2223.0444
1062,18.6261,0.9365,1.129,2.3415,0.0399,264.492,0.031000000000000003,2202.7111
1063,24.2367,0.8301,0.6141,2.3519,0.0431,264.272,0.0466,2205.7222
1064,26.2118,0.6062,0.6086999999999999,2.2831,0.0407,264.272,0.0304,2175.3445
1065,27.020499999999995,0.636,1.7945,2.3167,0.0726,268.616,0.0337,2214.7111
1066,16.8014,0.9365,1.3394999999999997,2.3408,0.036,255.606,0.010500000000000002,2248.4222
1067,28.0697,0.7804,0.5225,2.276,0.0412,264.272,0.0191,2169.8334
1068,29.4663,0.7245,1.0598,2.2864,0.0697,268.062,0.0157,2168.7333
1069,30.2138,0.8651999999999999,0.5285,2.3938,0.0746,251.154,0.0494,2240.8666
1070,21.725,0.45520000000000005,1.2414000000000003,2.3481,0.0665,261.888,0.05109999999999999,2169.1111
1071,21.5957,0.5614,2.0111,2.3596000000000004,0.0518,262.482,0.0329,2178.1444
1072,27.1259,0.5844,1.1263,2.3063,0.0519,264.906,0.0306,2126.6555
1073,20.2521,0.5614,1.2645,2.3712,0.048,266.69,0.0362,2171.9
1074,22.3967,0.6458,1.0654,2.3042,0.0452,259.372,0.0657,2212.8667
1075,25.0267,0.8651999999999999,1.6568,2.2582,0.02,264.272,0.0452,2194.3778
1076,24.0673,0.7914,0.687,2.212,0.0469,264.272,0.0352,2173.4889
1077,29.294099999999997,0.5679,1.5741,2.2711,0.0482,264.272,0.0438,2195.9778
1078,44.9459616831798,0.7840000000000001,1.1383,2.2789,0.068,264.272,0.0491,2236.1111
1079,21.9235,0.9265,1.307,2.362,0.0652,259.2608,0.024,2220.7111
1080,22.4191,0.7346,1.9681,2.2802,0.0385,268.002,0.0079,2204.2333
1081,23.8671,0.8444,1.4002,2.2773,0.0613,264.272,0.028,2180.8333
1082,28.539,0.48,1.7232,2.3341000000000003,0.0535,266.724,0.051,2167.9444
1083,28.9468,0.8333000000000002,1.1099,2.3403000000000005,0.041,266.692,0.025,2220.5445
1084,20.874,0.8929000000000001,0.8943,2.3403000000000005,0.061,266.228,0.0288,2191.6667
1085,23.5298,0.746,0.6856,2.3207,0.0897,246.794,0.0173,2130.0556
1086,24.3568,0.6535,2.749696680956281,2.3695,0.035,265.778,0.0697,2213.9333
1087,24.1247,0.8251000000000001,1.4949,2.3704,0.0662,265.548,0.0393,2233.7666
1088,29.8481,0.5053,0.4986,2.2689,0.0428,255.85479999999998,0.026999999999999996,2151.2
1089,28.6167,0.5333,0.5396,2.1996,0.0685,250.364,0.048,2195.3
1090,29.9163,0.7769,0.6878,2.4172,0.0611,264.272,0.0421,2269.2556
1091,31.484900000000003,0.7910000000000001,0.9147,2.3499,0.1026,248.15,0.0468,2188.7222
1092,20.196399999999997,0.9273,1.8719,2.3406,0.0502,264.508,0.0503,2159.0556
1093,28.349000000000004,0.6097,2.3927,2.2757,0.0591,284.7356913539745,0.0516,2217.5778
1094,32.8848,0.4277000000000001,1.6027,2.3397,0.0314,267.024,0.032,2221.8445
1095,44.9459616831798,0.6371,1.5683999999999998,2.3997,0.0736,260.308,0.0542,2184.8778
1096,25.3075,0.6425,1.7746,2.3737,0.0504,262.9564,0.0328,2172.5333
1097,32.5465,0.6697,1.2689,2.4439,0.0411,268.388,0.0334,2276.4556
1098,38.574,0.6482,1.0673,2.2931,0.0403,264.13,0.0505,2207.1
1099,42.1115,0.6723,2.5062999999999995,2.3532,0.13750336952302658,263.3776,0.0324,2246.4889
1100,19.9461,0.7299,0.5787,2.1995,0.0716,256.088,0.0383,2228.4778
1101,27.729,0.792,0.5172,2.2728,0.0487,266.5828,0.0466,2235.0556
1102,24.9395,0.8790000000000001,1.1992,2.3532,0.13750336952302658,263.3776,0.0387,2191.6667
1103,28.9236,0.9858000000000001,1.2252,2.3025,0.0302,266.406,0.0393,2213.7556
1104,27.4813,0.8955,0.9833000000000001,2.2954,0.0426,262.6,0.0104,2186.9
1105,28.4165,0.6238,1.1899,2.3932,0.0568,264.272,0.0262,2260.2222
1106,19.545,0.5343,0.883,2.3207,0.0545,264.272,0.0194,2181.0444
1107,27.2417,0.5349,1.4523,2.2216,0.0705,277.948,0.0374,2172.8111
1108,33.006,0.8574,1.729,2.2472,0.0408,264.272,0.0369,2172.3111
1109,25.1431,0.6944,0.8479,2.2474,0.0686,259.096,0.049800000000000004,2210.8556
1110,22.4925,0.6833,1.2764,2.4167,0.0627,264.272,0.0188,2187.6667
1111,26.2175,0.612,0.8597,2.2647,0.03710000000000001,266.946,0.0636,2211.4334
1112,22.6844,0.7457000000000001,2.749696680956281,2.2964999999999995,0.0359,261.84520000000003,0.0313,2220.4778
1113,33.171,0.48599999999999993,1.0355,2.2588,0.0435,264.272,0.0487,2185.2111
1114,30.4731,0.5264,0.9797000000000001,2.2604,0.0404,264.272,0.057,2155.8556
1115,26.2905,0.8705,1.5615,2.366,0.0743,268.766,0.0589,2205.2889
1116,28.9557,0.6977,1.4678,2.3625,0.0266,263.398,0.055,2216.5111
1117,30.6344,0.6979,0.621,2.2527,0.0667,264.272,0.0422,2223.9
1118,23.923200000000005,0.4063,1.1351,2.2732,0.0674,263.606,0.055900000000000005,2217.0
1119,27.9067,0.5171,0.9599,2.4253,0.0333,264.272,0.0247,2200.2
1120,26.5755,0.9911999999999999,0.7370000000000001,2.3259,0.0435,262.108,0.0076,2230.7555
1121,35.4979,0.7542,0.9687,2.2821,0.1118,278.598,0.0368,2222.0111
1122,27.8836,0.5831,1.2611,2.394,0.0693,265.16,0.0232,2175.1222
1123,24.7756,0.733,0.8834,2.2445,0.0214,266.454,0.0354,2206.1444
1124,20.187,0.7978,1.7338,2.3402,0.022,264.272,0.0168,2214.9333
1125,32.4481,0.6874,0.4739,2.2569,0.0314,248.476,0.0423,2206.1444
1126,29.8238,0.7091,1.6621,2.2527,0.047299999999999995,264.272,0.0585,2146.7778
1127,27.1064,0.8028,1.3244,2.3080999999999996,0.0168,270.65,0.0409,2209.8
1128,22.3245,0.7982,0.6774,2.2864,0.0509,255.33599999999998,0.0104,2231.6111
1129,25.4548,0.9607,1.7897,2.3296,0.0561,265.604,0.0233,2202.2889
1130,35.0597,0.9191999999999999,1.6698,2.3646,0.108,263.1784,0.05,2205.2889
1131,35.9269,0.7104,1.9028,2.4,0.0464,264.272,0.041400000000000006,2231.9556
1132,19.0935,0.7217,0.4635,2.3725,0.047,248.082,0.0454,2204.2667
1133,23.9068,0.9911999999999999,0.4517,2.2964999999999995,0.0462,247.692,0.04,2180.7
1134,19.7605,0.3607,1.4541,2.3596000000000004,0.0398,262.9876,0.047200000000000006,2183.4556
1135,29.627,0.6023,1.0896,2.2616,0.0615,264.272,0.0613,2189.9667
1136,35.1566,0.7345,1.4398000000000002,2.2785000000000006,0.04220000000000001,266.76,0.0474,2223.5333
1137,21.939899999999998,0.48,1.2056,2.3519,0.083,266.808,0.0513,2221.5333
1138,23.2014,0.8444,1.0352,2.3672,0.0438,259.57,0.0549,2178.6889
1139,14.9671,0.7997,1.5714,2.3646,0.042,262.2448,0.054599999999999996,2185.9333
1140,30.0506,0.4433,1.2665,2.2453,0.0706,264.272,0.0344,2192.7889
1141,31.3063,0.5928,1.4992,2.4244,0.083,263.956,0.022799999999999997,2221.9444
1142,25.377199999999995,0.7017,0.9545,2.3654,0.0643,251.418,0.0578,2217.8111
1143,34.0215,0.8028,1.4725999999999997,2.3080999999999996,0.0633,271.072,0.046,2209.1
1144,18.9827,0.6491,1.3310000000000002,2.3712,0.0455,262.974,0.0231,2171.9
1145,24.2607,0.7531000000000001,2.749696680956281,2.3262,0.0319,258.406,0.0191,2184.4333
1146,29.3585,0.7025,1.574,2.4023,0.0518,276.176,0.014299999999999998,2147.1111
1147,39.280199999999994,0.4277000000000001,1.2508,2.3532,0.13750336952302658,264.156,0.0547,2191.6667
1148,29.680400000000002,0.7345,0.881,2.2785000000000006,0.034,270.532,0.05680000000000001,2191.3556
1149,30.0456,0.7637,0.993,2.4023,0.0627,267.514,0.0084,2247.3666
1150,24.9991,0.6062,1.3942999999999999,2.3124,0.0793,266.494,0.0202,2202.1222
1151,28.0456,0.4945,0.6263,2.3406,0.0266,264.272,0.0394,2160.6
1152,30.168800000000005,0.4059,1.2404,2.3075,0.0713,262.066,0.051,2211.4334
1153,29.1971,0.7606,0.6943999999999999,2.3453,0.0447,257.5864,0.04490000000000001,2233.1556
1154,14.0352,0.5941,0.5844,2.3499,0.0394,251.59000000000003,0.0348,2204.5445
1155,29.230800000000002,0.6521,0.5352,2.2673999999999994,0.0729,264.272,0.0578,2176.8
1156,39.5532,0.8007000000000001,1.3011999999999997,2.3416,0.0409,266.01,0.0697,2191.6667
1157,36.8645,0.6523,1.3085,2.3389,0.0286,260.72,0.08479581308722771,2219.8222
1158,33.4431,0.8648,1.4308,2.2749000000000006,0.0685,268.902,0.013,2254.8667
1159,25.1118,0.8145,1.5998,2.2678,0.0445,274.94,0.052,2168.5111
1160,40.4495,0.5969,0.5029,2.3592,0.13750336952302658,263.1748,0.0171,2232.5889
1161,15.8496,0.8054000000000001,2.5527,2.3128,0.056,262.0916,0.0355,2218.5778
1162,26.7301,0.7950000000000002,0.5357,2.3101,0.0454,248.124,0.0491,2177.3222
1163,24.2792,0.733,1.4292000000000002,2.4023,0.0408,264.272,0.0068,2231.6111
1164,26.3692,0.6514,0.6625,2.3312,0.037,256.274,0.0648,2165.8666
1165,26.8975,0.4828,1.7329,2.3646,0.0552,264.984,0.0403,2205.2889
1166,34.1662,0.8955,0.6934,2.4151,0.0402,264.272,0.0128,2218.7778
1167,25.9181,1.0629,1.332,2.3735000000000004,0.0675,265.994,0.0117,2213.9333
1168,23.9246,0.5756,1.3008,2.2673999999999994,0.0593,271.204,0.050100000000000006,2281.5667
1169,21.7509,0.8648,1.4517,2.3867,0.0598,275.502,0.042699999999999995,2169.9444
1170,31.2129,0.5679,1.2288,2.3234,0.0554,273.116,0.025399999999999995,2175.2556
1171,21.7987,0.5583,1.2295,2.3797000000000006,0.0889,275.244,0.0412,2183.0556
1172,26.0194,0.6837,0.5882,2.3805,0.0561,248.462,0.0495,2155.3111
1173,28.7966,0.792,0.8580999999999999,2.3257,0.0541,259.2336,0.0161,2171.8556
1174,30.0519,0.8028,1.0636,2.2407,0.0518,264.272,0.04789999999999999,2202.4556
1175,22.0985,0.6413,2.0404,2.2809,0.0932,283.92,0.049800000000000004,2218.7333
1176,29.104200000000002,0.4645,1.4735,2.3766,0.0129,266.798,0.021199999999999997,2207.0444
1177,18.2293,0.7429,1.3276,2.2831,0.09799999999999999,268.61,0.022000000000000002,2114.9458588922266
1178,23.631399999999996,0.8755,0.428,2.3793,0.048,248.736,0.0703,2136.4111
1179,28.8654,0.7769,1.2955,2.4196000000000004,0.047,264.272,0.0158,2233.6334
1180,22.1592,0.6491,2.0198,2.3712,0.0472,265.176,0.026999999999999996,2172.3666
1181,24.5324,0.7512,0.4747,2.3867,0.0573,254.532,0.0668,2179.1111
1182,28.577,0.8201000000000002,0.5947,2.3984,0.048999999999999995,250.77599999999998,0.026800000000000004,2212.8667
1183,28.442899999999998,0.3415,2.3062,2.3080999999999996,0.06,264.272,0.0468,2209.1
1184,27.7146,0.8444,1.3096,2.2773,0.0514,266.336,0.005,2114.9458588922266
1185,24.5541,0.8330000000000001,0.5896,2.2967,0.0704,251.134,0.029,2162.8445
1186,17.2615,0.8032000000000001,0.7407,2.2671,0.0866,264.272,0.0448,2241.1778
1187,29.7411,0.9259,1.7657,2.2527,0.0441,264.272,0.051699999999999996,2213.9111
1188,17.1233,0.3769,1.6145,2.3808,0.0386,266.414,0.0519,2204.2889
1189,23.6088,0.6791,0.5936,2.3052,0.039,257.78720000000004,0.0468,2178.7333
1190,25.7113,0.9191999999999999,1.9957,2.3796,0.065,266.374,0.0432,2238.5444
1191,30.6162,0.7797,1.442,2.2718,0.0771,283.86,0.0422,2206.9667
1192,20.979,0.6821,0.7763,2.2705,0.107,251.88,0.0426,2223.0444
1193,24.3925,0.5583,0.5016,2.2563,0.0651,251.50799999999998,0.0262,2185.1
1194,44.1498,0.576,1.2943,2.3715,0.0755,262.1712,0.0545,2233.3667
1195,28.769,0.7512,1.2348,2.2474,0.0987,276.606,0.0371,2201.8666
1196,27.8665,0.6413,1.5652,2.3353,0.0385,272.05,0.0506,2211.0667
1197,24.0019,0.4517999999999999,1.0579,2.3797000000000006,0.0364,264.272,0.0336,2239.7222
1198,31.5768,0.8028,1.4053,2.3079,0.0352,264.272,0.06230000000000001,2209.8
1199,21.173800000000004,0.7358000000000001,1.0165000000000002,2.2604,0.0237,275.134,0.0433,2184.9889
1200,38.2357,0.636,1.8717,2.3715,0.0454,265.8164,0.0418,2201.5777
1201,43.6071,0.47639999999999993,1.8687999999999998,2.3025,0.0701,263.7228,0.0493,2206.4222
1202,34.9855,0.6135,0.7944,2.3997,0.0587,244.482,0.0481,2221.9444
1203,31.5349,0.6385,1.4926,2.3021,0.0641,264.272,0.0554,2205.5
1204,26.8251,0.7299,0.7423000000000001,2.2732,0.0412,256.472,0.056,2173.4889
1205,22.902599999999996,0.6627,1.5329,2.3101,0.072,264.282,0.0484,2197.6444
1206,27.401,0.478,0.8311,2.2718,0.0435,264.272,0.0494,2231.0555
1207,28.964200000000005,0.6979,0.4623999999999999,2.4025,0.0689,247.73799999999997,0.0613,2171.5
1208,26.987200000000005,0.6312,1.6172,2.3161,0.0637,246.874,0.048499999999999995,2218.0555
1209,19.9475,0.5087,1.5570999999999997,2.3437,0.13750336952302658,265.184,0.0426,2248.9
1210,23.8213,0.6177,0.6671999999999999,2.1995,0.0625,256.512,0.049800000000000004,2199.6556
1211,30.321800000000003,0.48599999999999993,0.5442,2.3936000000000006,0.063,264.272,0.0439,2187.4111
1212,29.5,0.5928,2.1742,2.3613,0.0805,262.838,0.0376,2242.2444
1213,22.9914,0.9352000000000001,2.3661,2.3403000000000005,0.0332,263.45079999999996,0.0219,2246.4889
1214,33.5962,0.8790000000000001,0.3813,2.3326,0.13750336952302658,258.504,0.0455,2203.9
1215,27.218,0.7593000000000001,1.9706,2.3796,0.0369,266.894,0.05390000000000001,2198.7222
1216,22.8899,0.7047,1.0392,2.3805,0.1021,260.576,0.0491,2155.3111
1217,31.164000000000005,0.8473,0.8083,2.3985,0.046,264.272,0.0337,2210.9778
1218,22.0706,0.6873,0.5652,2.3391599999999997,0.0383,249.514,0.023600000000000003,2218.5778
1219,31.1657,0.4059,0.9288999999999998,2.2954,0.0921,264.16799999999995,0.0161,2219.7667
1220,28.2938,0.9844999999999999,0.4958,2.2864,0.0363,253.888,0.0087,2147.1111
1221,44.9459616831798,0.8790000000000001,1.6997,2.3237,0.13750336952302658,263.542,0.0455,2164.4111
1222,29.9145,1.0498,1.4987,2.4132,0.0583,259.064,0.0117,2197.3111
1223,21.3495,0.9273,1.3064,2.3715,0.0822,267.56,0.0471,2224.0
1224,22.174,0.5484,0.8395,2.1919,0.073,256.8,0.0423,2191.2111
1225,18.2879,0.8247000000000001,0.5052,2.3672,0.0547,248.928,0.0477,2207.8111
1226,26.281,0.6262,1.8366,2.2881,0.1086,265.924,0.05970000000000001,2214.7111
1227,22.364,0.5562,1.4777,2.3672,0.0428,263.684,0.059,2200.7
1228,33.7386,0.4889,2.2809,2.2757,0.0297,264.272,0.0592,2216.8333
1229,37.9497,1.0039,1.867,2.3971,0.0475,263.026,0.0643,2181.1555
1230,22.2294,0.7888,0.9612000000000002,2.2937,0.0543,265.646,0.0423,2183.3444
1231,26.376200000000004,0.5328,1.6092,2.2247,0.09290000000000001,264.272,0.0321,2255.5222
1232,19.1839,0.8251000000000001,0.5812,2.2881,0.13750336952302658,264.272,0.0204,2180.9666
1233,23.7598,0.6837,0.6803,2.3481,0.0936,264.272,0.0431,2181.0444
1234,24.9379,0.9046,0.5262,2.3403000000000005,0.0532,248.72400000000002,0.0279,2196.6555
1235,22.928,0.636,0.6843,2.3167,0.0695,247.35,0.0291,2194.6444
1236,23.5232,0.7097,1.3634,2.394,0.0948,270.144,0.0203,2168.7
1237,22.5821,0.6139,0.8758,2.2668,0.0522,264.272,0.060399999999999995,2114.9458588922266
1238,23.4212,0.7950000000000002,1.8485999999999998,2.3038,0.0381,268.656,0.0759,2197.2667
1239,23.0824,0.8544,1.5732000000000002,2.3695,0.0478,266.192,0.0389,2196.0889
1240,28.2877,0.7810000000000001,1.6942,2.2959,0.033,264.272,0.0412,2162.5556
1241,28.220299999999998,0.8221,1.2046,2.4284,0.0416,264.272,0.04460000000000001,2117.5889
1242,18.1525,0.8182,1.8549,2.3437,0.0339,265.206,0.0491,2248.9
1243,30.9967,0.7982,0.8175,2.292,0.0275,264.272,0.029899999999999996,2231.9555
1244,29.3191,0.7973,1.4735,2.3406,0.0584,265.682,0.042699999999999995,2160.6
1245,27.7632,0.6413,0.7816,2.2673999999999994,0.0475,253.854,0.0402,2223.0444
1246,34.3403,0.6833,1.2191,2.2553,0.044,269.17,0.0613,2204.5
1247,29.9103,0.6269,0.7592,2.2877,0.0712,264.272,0.04855999999999999,2181.1889
1248,21.2894,0.6989,0.9383,2.3322999999999996,0.0449,251.89,0.0505,2214.9333
1249,21.304800000000004,0.6458,0.5571,2.2989,0.0474,247.31199999999998,0.0235,2224.6778
1250,36.44890000000001,0.8383,1.8297999999999999,2.3646,0.0721,266.104,0.0432,2179.0445
1251,29.508,0.7106,1.4074,2.2886,0.0191,264.272,0.04086,2179.7333
1252,24.847,0.9736999999999999,0.6665,2.3997,0.0569,243.31599999999997,0.0088,2256.1222
