,feature_66,feature_171,feature_427,feature_3
0,23.2216,0.8247,1.3155,2207.0444
1,27.2716,0.7047,0.6593,2155.3111
2,14.7061,0.7804,1.5403,2173.4556
3,36.0791,0.6262,1.6422,2224.0
4,24.3057,0.969,0.8006,2217.8111
5,19.1189,0.4063,0.7004,2212.3
6,22.2064,0.5595,1.4412,2200.2
7,25.3099,0.8028,1.419,2209.8
8,24.2829,1.0824,1.8268,2186.4111
9,21.0974,0.4433,0.9783,2182.5555
10,23.905,0.4788,1.3358,2173.2778
11,17.5983,0.7978,1.5564,2163.5889
12,32.7483,0.781,1.5814,2162.5556
13,22.3647,0.6332,0.7479,2236.0667
14,22.3694,0.7299,0.6601,2239.4111
15,29.1429,0.5868,0.8463,2227.2444
16,25.61527754470584,0.6062,0.5788,2195.6667
17,44.7837700779622,0.7108,2.02,2207.0444
18,15.0471,0.5162,0.6477,2164.3666
19,22.1659,0.7973,2.0504,2170.0666
20,37.258,0.4828,1.5739,2244.1111
21,21.7095,0.4945,1.5151,2160.6
22,23.1287,0.6531,0.737,2191.5667
23,30.7593,0.5357,1.2606,2227.2222
24,19.2834,0.6458,0.5418,2224.6778
25,27.2876,0.8505,1.7251,2207.3889
26,24.3905,0.6791,2.2004,2173.4556
27,21.2465,0.6177,0.8378,2210.8556
28,26.2754,0.5811,1.9544,2230.4222
29,29.809,0.5744,0.6131,2243.8556
30,41.2374,0.6385,1.3431,2171.9
31,30.4914,0.969,0.4793,2220.4778
32,22.9635,0.909,0.9287,2216.5
33,26.2691,0.377,0.9269,2266.8333
34,21.7926,0.7743,1.2483,2205.7445
35,23.8157,0.5844,1.0257,2124.8444
36,26.4132,0.5595,0.5418,2208.5222
37,30.3233,0.6379,1.1716,2228.4778
38,26.448,0.7512,0.8527,2247.3666
39,44.7837700779622,0.5928,1.4389,2191.9
40,21.6831,0.4433,0.5403,2191.3556
41,27.4102,0.8976,1.2655,2223.0333
42,26.8979,0.5756,0.5996,2165.0333
43,27.3211,0.6023,1.3047,2189.9667
44,31.4501,0.4812,1.5308,2218.0555
45,23.5578,0.7555,0.6632,2217.8667
46,22.1353,0.6491,2.1082,2232.5889
47,32.7577,0.9858,0.6269,2196.8
48,22.7275,0.7769,0.5892,2162.1333
49,33.272,0.5786,1.5991,2178.5889
50,30.1062,0.7997,1.6608,2191.7889
51,25.9809,0.6535,1.7426,2217.8667
52,24.7257,0.7888,0.6011,2207.0444
53,30.7182,0.478,0.6632,2206.4
54,44.7837700779622,0.6723,1.2224,2196.6555
55,26.6305,0.7495,0.5648,2183.1
56,22.5569,0.4955,0.6418,2228.4444
57,26.063,0.8273,0.5445,2203.4556
58,22.1675,0.7141,1.1766,2172.5333
59,39.7257,0.7104,2.2773,2207.0444
60,26.2833,0.8756,0.6101,2246.5778
61,25.8939,0.6512,0.7513843831410831,2206.3
62,26.0522,0.5744,1.1702,2222.0111
63,26.2174,0.8505,1.4616,2207.3889
64,19.9076,0.6332,2.2414,2168.7
65,29.3176,0.5969,1.5379,2160.3667
66,23.6041,0.7984,1.9706,2175.9667
67,24.9899,0.7141,1.1539,2178.6889
68,14.1135,0.6791,2.0544,2238.5444
69,27.9713,0.4067,0.7382,2223.0444
70,37.532,0.5398,1.3796,2191.9
71,24.5799,0.5744,1.2366,2194.9556
72,23.4468,0.647,1.5257,2238.1444
73,30.0288,0.6322,0.4832,2218.0555
74,27.3802,0.7049,1.4317,2204.6667
75,27.3069,0.5365,0.5758,2167.2
76,25.7305,0.3596,1.5604,2231.0555
77,22.0576,0.6139,0.5481,2114.99056738201
78,30.9387,0.6925,1.7736,2199.3
79,22.3195,0.5832,0.6244,2175.1222
80,23.5326,0.8687,1.8291,2233.1556
81,24.7337,0.6995,0.5965,2201.0667
82,26.2439,0.6156,0.5518,2213.9111
83,23.2157,0.4955,1.8725,2179.2
84,20.2591,0.9365,2.1221,2222.3222
85,26.3407,0.733,1.0482,2172.3111
86,37.4668,1.0039,1.4978,2213.7556
87,21.2309,0.7473,0.7851,2183.3111
88,44.7837700779622,0.7555,1.2405,2183.5
89,28.1684,0.4518,1.39,2211.4
90,31.4027,0.6214,1.588,2198.5667
91,28.9181,0.8574,0.6811,2250.3667
92,18.6295,0.6474,1.4069,2173.4889
93,13.8957,0.7141,1.6695,2173.4556
94,28.0428,0.5868,0.557,2187.4111
95,26.4354,0.6475,0.7473,2216.4778
96,29.5723,0.7606,0.7797,2200.0666
97,30.6875,0.7025,0.6728,2195.4444
98,27.7301,0.647,1.4506,2182.4111
99,25.4759,0.8221,0.9418,2211.7222
100,25.02,0.6791,1.7597,2186.9889
101,27.5264,0.7448,1.5321,2170.9667
102,28.5851,0.4059,0.4657,2227.2444
103,26.336,0.9174,0.5311,2218.0555
104,21.0498,0.5272,1.4331,2223.0444
105,24.8429,0.9046,0.6266,2184.8778
106,20.9393,0.5217,0.9017,2162.7556
107,23.8674,0.5756,0.6247,2203.1667
108,17.735,0.8247,0.5238,2178.6889
109,44.7837700779622,0.7367,1.6916,2179.0445
110,26.254,0.6853,1.2856,2136.4111
111,22.9551,0.5097,0.8812,2227.9778
112,23.7582,0.5614,0.5256,2178.1444
113,20.0076,0.7797,0.7915,2223.0444
114,36.3451,0.3415,1.272,2213.2889
115,26.3682,0.6607,1.2353,2285.905176053882
116,22.7319,0.9273,0.4244,2155.6333
117,23.5781,0.482,1.1499,2172.3111
118,17.7542,0.7164,1.4744,2265.1889
119,22.2504,0.4776,2.7418947020340756,2199.6334
120,29.1501,0.8544,1.4873,2183.1
121,23.996556966067455,0.5941,1.2939,2193.310851649966
122,44.7837700779622,0.6523,1.6353,2224.4778
123,25.1172,0.5097,1.3654,2170.7444
124,23.5582,0.7071,0.5748,2218.5778
125,22.513,0.9612,0.4496,2215.1778
126,28.6073,0.482,0.4115,2180.5556
127,30.1818,0.6977,0.8449,2159.0556
128,32.1774,0.5344,1.9127,2205.5
129,20.2515,0.6977,1.0177,2203.4556
130,27.0475,0.909,1.1538,2114.99056738201
131,33.7771,0.6322,1.3867,2194.5889
132,44.7837700779622,0.8333,0.9767,2172.3666
133,23.112,0.7637,0.3917,2210.2778
134,20.9574,0.781,1.0549,2195.1
135,19.9951,0.7007,2.4481,2197.2667
136,25.2645,0.6873,0.5565,2218.0555
137,44.7837700779622,0.6523,1.4959,2205.2222
138,29.012,0.6475,2.7418947020340756,2179.0778
139,36.283,0.5272,1.4018,2173.4889
140,21.9929,0.6062,0.9597,2224.6778
141,30.9009,0.781,1.6516,2187.9889
142,26.3771,0.6322,1.2486,2198.7222
143,37.8425,0.4924,1.5108,2207.9555
144,24.1495,0.6482,1.177,2207.1
145,24.1581,0.4924,0.6995,2231.0555
146,27.7378,0.6371,1.507,2177.3222
147,28.7957,0.5774,1.6801,2207.9555
148,28.4754,0.8273,1.0482,2242.8555
149,22.8177,0.34,0.9541,2201.0667
150,28.2316,0.8737,1.145,2266.8333
151,30.5545,0.8274,1.687,2243.7778
152,44.7837700779622,0.879,1.6433,2221.9444
153,44.7837700779622,0.6385,1.5114,2166.5222
154,22.8392,0.5922,1.8575,2177.3222
155,24.7192,0.6791,0.7827,2197.2667
156,39.8719,0.636,1.4282,2171.8111
157,21.6833,0.5087,1.725,2196.2111
158,21.4549,0.4955,1.1178,2146.9111
159,22.4948,0.4518,1.1846,2221.3667
160,33.5324,0.9845,0.6766,2187.7888
161,31.622,0.7362,1.1462,2180.5556
162,29.1444,0.4645,1.068,2200.7333
163,27.4264,0.6419,0.61,2249.2556
164,23.9846,0.7637,0.9771,2191.1333
165,23.2147,0.76,0.4391,2235.0556
166,21.8556,0.6482,1.5403,2195.1
167,27.0269,0.631,2.4842,2238.5444
168,30.4987,0.791,0.5555,2200.2
169,18.3248,0.5562,1.3887,2178.0778
170,34.2074,0.7512,1.1199,2211.6
171,20.7886,0.6676,0.587,2196.8
172,39.6865,0.6135,1.7284,2196.6555
173,20.1161,0.9365,1.261,2196.6555
174,25.9809,0.909,1.126,2189.3556
175,25.1055,0.7793,0.5593,2181.1889
176,37.5213,0.636,1.3533,2197.2333
177,17.4684,0.7164,0.5947,2239.4223
178,26.7205,0.7512,1.2194,2218.6223
179,24.6207,0.6127,1.429,2195.9778
180,29.7075,0.6995,1.3251,2167.2
181,44.7837700779622,0.7716,0.6224,2178.7333
182,34.3077,0.7914,1.3425,2243.8556
183,24.0276,0.5328,1.2937,2236.1111
184,25.5747,0.6607,1.3582,2209.6667
185,22.1925,0.8687,1.4507,2236.0667
186,22.3699,0.7367,0.948,2214.7111
187,42.2381,0.9737,0.8327,2181.5111
188,25.6635,0.5911,1.6932,2203.4445
189,23.1222,0.5756,1.5101,2173.2778
190,30.222,0.5328,1.42,2173.2778
191,41.5043,0.6723,0.9558,2183.4333
192,44.7837700779622,0.7659,1.4775,2139.2667
193,22.2242,0.8301,0.8521,2184.8889
194,24.4119,0.8537,1.9183,2233.1556
195,25.4657,0.7512,1.036,2226.0667
196,26.114,0.5343,0.9145,2181.0444
197,26.9505,0.5053,1.1351,2141.0667
198,32.7145,0.6697,1.0438,2202.3556
199,21.6961,0.7007,0.499,2197.6444
200,23.7588,0.4126,1.1126,2203.1667
201,26.5186,0.7362,1.0423,2228.7222
202,24.5318,0.823,1.4033,2180.8889
203,22.9188,0.5583,0.6153,2232.0778
204,22.1064,0.3745,1.1443,2194.8
205,23.8635,0.7097,1.416,2200.1222
206,31.6904,0.6262,1.5751,2185.8111
207,19.9232,0.7743,1.1092,2218.8778
208,23.8635,0.6791,0.7485,2176.6334
209,16.8961,0.6053,0.589,2188.7111
210,18.8096,0.3769,1.4645,2234.5222
211,29.6277,0.4188,1.3408,2221.9778
212,22.1063,0.8251,0.6104,2208.4444
213,28.2022,0.7187,0.8961,2200.0666
214,29.2332,0.792,0.5862,2159.0556
215,36.1696,0.5344,0.7666,2192.1889
216,21.0159,0.67,0.8832,2210.3556
217,37.0555,0.7716,0.5426,2197.6778
218,34.578,0.6873,2.3536,2218.5778
219,32.6371,0.8623,0.7727,2177.4333
220,34.6022,0.5969,0.8833,2221.9444
221,20.0533,0.8867,0.7133,2235.0556
222,26.314,0.823,0.9055,2192.7556
223,26.5379,0.6531,1.4885,2230.7555
224,28.3035,0.5357,0.7743,2210.2778
225,19.1593,0.5095,1.5638,2185.9333
226,24.6278,0.647,1.1976,2137.6111
227,27.0311,0.7636,0.8222,2178.5889
228,38.8982,0.6385,1.7323,2166.5222
229,22.8831,0.5272,1.2968,2189.6778
230,27.6339,0.6458,1.174,2216.5
231,29.5672,0.7106,0.5358,2177.0333
232,31.7775,0.784,0.6779,2231.6111
233,38.0547,0.7104,1.697,2224.0
234,20.9881,0.5969,0.4833,2205.2222
235,27.7301,0.5398,1.2029,2172.9778
236,15.7033,0.8045,0.9954,2192.3778
237,24.9562,0.7184,1.0296,2167.4222
238,13.5705,0.4657,0.9166,2208.6556
239,24.1408,0.4063,0.8871,2206.4
240,30.1925,0.7245,0.9429,2194.9556
241,21.8247,0.6491,0.5923,2138.8778
242,23.8107,0.5744,1.911,2192.5556
243,31.8429,0.5786,1.7271,2215.5111
244,25.0547,0.5357,0.5866,2247.3666
245,21.0858,0.8221,0.4517,2189.8778
246,24.6357,0.9607,1.2765,2163.5889
247,29.8877,0.791,0.5368,2219.7667
248,31.4055,0.4054,1.6067,2192.1889
249,24.3734,0.4067,0.87,2210.8556
250,30.1905,0.447,1.6506,2187.3444
251,14.406,0.4828,2.0383,2243.7778
252,30.3384,0.7979,1.33,2208.9
253,19.7743,0.7461,2.3024,2220.7111
254,26.841,0.9912,1.0179,2155.6333
255,30.0271,0.6139,1.197,2213.9111
256,39.587,0.6385,0.9742,2206.5112
257,22.0794,0.7512,1.6752,2243.8556
258,20.8163,0.7888,0.5671,2197.6778
259,26.3647,0.5693,1.1396,2188.6
260,32.4091,0.8153,1.0539,2204.2889
261,24.2043,0.795,2.4515,2178.7333
262,25.1914,0.5756,0.5783,2200.1222
263,21.3934,0.48,0.9338,2217.8667
264,29.0059,0.5868,1.1257,2171.5
265,25.6619,0.5293,1.1328,2201.8666
266,34.4785,0.2979,1.4004,2205.5
267,26.2155,0.823,0.672,2172.8111
268,20.0249,0.7804,0.9178,2183.3444
269,28.6915,0.833,0.9433,2229.3333
270,27.8586,0.7053,0.9332,2236.0667
271,15.585,0.6556,0.8101,2224.0
272,28.8169,0.5745,0.6411,2183.5889
273,27.1415,0.7555,1.0165,2199.6334
274,18.6383,0.5583,0.9655,2260.2222
275,28.2459,0.6413,1.8361,2217.0
276,28.4192,0.6676,0.6801,2167.9444
277,30.4269,0.5097,0.543,2200.2
278,24.1042,0.7793,1.5766,2192.7556
279,29.7647,0.5905,1.1059,2172.3111
280,19.9304,0.6969,1.4043,2200.1957820884827
281,29.085,0.7804,1.066,2214.9333
282,26.0255,0.752,0.8903,2246.5778
283,24.4489,0.8301,1.3825,2229.3333
284,27.8129,0.5774,0.8107,2217.0
285,23.195,0.6874,0.9669,2195.5
286,36.7408,0.8955,0.7686,2244.9778
287,37.4995,0.6716,1.2543,2239.3
288,29.5935,1.026,2.1387,2172.5333
289,32.3553,0.6019,0.738,2201.383752905324
290,21.2995,0.7512,1.1757,2241.1778
291,20.4284,0.8576,2.051,2186.9889
292,19.9683,0.6555,0.8661,2200.9556
293,25.7524,0.741,0.5952,2188.5111
294,25.8775,1.1509132575077394,1.0047,2192.7889
295,23.4612,0.6024,1.3849,2124.8444
296,22.2958,0.5831,1.2098,2244.9778
297,20.1338,0.6385,1.2667,2218.8111
298,38.597,0.703,0.6741,2248.4222
299,12.0446,0.6332,0.8297,2170.9667
300,35.4148,0.5922,2.448,2196.6889
301,26.26,0.9845,0.5796,2231.9555
302,20.1913,0.6624,0.6628,2199.6556
303,32.3293,0.7593,2.3988,2203.0445
304,19.9831,0.7448,1.267,2173.4556
305,22.9633,0.827,0.9146,2183.3444
306,21.7752,0.6837,1.8588,2134.7445
307,26.9923,0.428,1.1613,2205.2555
308,25.8412,0.5217,1.0562,2245.3667
309,44.7837700779622,0.9192,1.478,2139.2667
310,30.1316,0.4764,1.8196,2243.7778
311,22.863,0.4972,0.661,2206.9667
312,25.5177,0.9386,1.9245,2195.1222
313,24.6273,0.845,2.7418947020340756,2171.8556
314,28.4535,0.8145,0.5624,2216.8111
315,30.6183,0.8153,1.0395,2192.7556
316,25.5848,0.5116,0.5054,2167.2
317,30.3896,0.5969,1.3557,2170.9667
318,28.8331,0.8145,1.6262,2195.9778
319,44.7837700779622,0.9046,0.663,2221.9444
320,19.9156,0.6425,0.6777,2202.1222
321,27.1184,0.6482,0.8503,2192.7889
322,25.2629,0.6979,0.7847,2205.7
323,32.6343,0.9737,1.1404,2186.2667
324,25.2855,0.8849,0.5176,2213.7556
325,26.308,0.8652,0.4807,2206.1444
326,22.6131,0.8708,0.547,2224.0
327,32.7382,0.8755,0.5159,2231.6111
328,25.4566,0.7141,0.4382,2179.0778
329,23.6862,0.7495,1.1866,2200.7333
330,23.229,0.6475,1.0777,2216.4778
331,26.658,0.879,1.8979,2180.6778
332,21.1288,0.8849,0.4907,2213.7556
333,27.0904,0.784,0.9052,2189.6778
334,18.6087,0.7393,1.2833,2180.1556
335,28.3785,0.4955,0.6415,2216.4778
336,26.5918,0.7914,1.2209,2172.8111
337,28.1825,0.7101,1.0556,2177.4333
338,34.1825,0.6419,1.1885,2244.5
339,39.9106,0.6627,2.4641,2184.8889
340,25.7025,0.7017,1.4643,2171.8556
341,25.5875,0.6371,2.1837,2243.7778
342,23.8478,0.791,1.2156,2194.5889
343,30.2685,0.781,1.0912,2187.9889
344,35.7866,0.7716,1.9645,2196.6889
345,23.5681,0.7448,1.4277,2172.1223
346,40.8846,0.3415,0.6209,2203.1667
347,23.7727,0.6917,1.9923,2218.0555
348,31.4605,0.8687,0.8899,2171.8556
349,31.9995,0.4054,1.4218,2216.8333
350,22.5764,0.7495,1.9578,2177.0222
351,32.12543882142819,0.5583,1.0355,2269.2556
352,23.241,0.7141,1.1257,2170.9667
353,18.5853,0.9265,1.4659,2174.8666
354,29.6922,0.5911,0.4922,2243.8556
355,33.7075,0.7245,1.3401,2188.5444
356,30.1518,0.6676,1.746,2236.0667
357,29.1285,0.6977,0.8158,2171.3222
358,25.8642,0.8986,0.9396,2213.9111
359,20.8541,0.8756,0.54,2190.1555
360,20.1394,0.7217,0.7954,2212.7111
361,22.8619,0.6833,0.6347,2218.7778
362,32.5387,0.8708,1.7394,2177.3222
363,20.8256,0.8756,1.2146,2220.0445
364,44.7837700779622,0.8054,0.8075,2196.6889
365,44.0701,0.8007,1.1821,2171.9
366,29.5895,0.8867,1.0292,2159.0556
367,24.0616,0.6474,0.5019,2170.7444
368,44.7837700779622,0.5398,1.8287,2285.905176053882
369,20.4431,0.9174,1.8924,2208.4444
370,23.2908,0.8849,2.3473,2180.0556
371,23.9046,0.4518,1.5431,2199.6556
372,24.8245,0.5097,1.3016,2266.8333
373,26.1208,0.5217,1.2793,2174.7555
374,28.0815,0.4973,1.0089,2194.9556
375,23.3059,0.5969,1.1364,2186.9889
376,28.8578,0.6332,1.2126,2165.0333
377,44.7837700779622,0.9192,0.8832,2221.9444
378,29.7843,0.4054,1.3151,2196.1111
379,25.9662,0.7978,1.56,2183.3111
380,21.6796,0.6053,0.8488,2218.8778
381,31.879,0.612,0.7724,2200.9889
382,28.1985,0.4945,0.5141,2164.3
383,23.7087,0.5969,0.6813,2197.2333
384,25.2115,0.845,0.9829,2201.8222
385,35.2757,0.4764,0.636,2197.6778
386,30.013,0.4059,0.9405,2206.1444
387,28.6157,0.5139,1.2209,2203.4556
388,31.0321,0.8274,2.3927,2280.8222
389,18.7085,0.5333,1.4867,2173.2778
390,21.9055,0.4973,1.0252,2211.7778
391,24.0673,0.8708,1.053,2196.6889
392,18.2764,0.8705,2.421,2205.4667
393,32.176,0.612,1.8409,2210.2778
394,31.3396,0.909,1.0947,2194.3778
395,23.4301,0.6762,1.4327,2199.6556
396,17.8357,0.7733,1.1921,2217.4111
397,20.5351,0.7888,0.9092,2168.7222
398,23.3895,0.5905,0.9037,2210.2778
399,28.1392,0.5969,1.4406,2224.6222
400,31.7755,0.7249,1.1524,2201.2889
401,26.8972,0.8867,0.5412,2235.0556
402,29.1464,0.8301,1.3462,2205.7222
403,17.3399,0.8544,1.1433,2189.6555
404,22.588,0.7071,0.454,2218.5778
405,25.0401,0.6371,2.1857,2186.9889
406,21.2359,0.5922,1.2893,2197.2333
407,30.2702,0.5073,1.3868,2204.2889
408,22.6626,0.5756,1.8458,2187.9889
409,28.8106,0.909,0.9833,2114.99056738201
410,30.7204,0.6379,1.3541,2236.1111
411,39.683,0.9352,0.8118,2187.5222
412,19.3697,0.8251,0.6189,2208.4444
413,18.6476,0.3607,1.3617,2265.1889
414,22.8489,0.7473,0.7446,2183.3111
415,22.9832,0.7025,0.6305,2231.6111
416,29.8057,0.6925,1.5357,2205.5
417,38.9877,0.7367,2.3928,2201.5777
418,14.8409,0.6053,1.1482,2202.2556
419,32.7742,0.4889,1.6889,2207.9555
420,23.6925,0.7448,0.8588,2180.7
421,22.8057,0.7769,0.6902,2176.4667
422,24.3585,0.7636,0.5434,2227.9778
423,30.59,0.6156,0.5378,2276.4556
424,22.7886,0.3954,1.3679,2171.8556
425,30.3824,0.8301,1.0263,2162.7556
426,26.3334,0.792,1.7921,2159.0556
427,30.9695,0.5201,1.7352,2217.0
428,25.4819,0.5139,1.4776,2190.1555
429,25.4333,0.8929,1.7578,2220.5445
430,31.3826,0.6874,0.9984,2216.5
431,20.2022,0.4188,0.5358,2260.7333
432,33.6506,0.4188,1.5318,2171.8556
433,41.5512,0.7927,1.7925,2166.5222
434,33.9495,0.5171,0.6368,2260.7333
435,24.7094,0.4552,0.6321,2244.5
436,31.3918,0.8986,1.1005,2189.3556
437,22.97,0.5868,0.6766,2200.9889
438,39.6821,0.5398,2.1091,2228.0555
439,25.4943,0.4924,0.9553,2212.3
440,41.9354,0.6523,1.5056,2217.7556
441,38.5841,0.795,1.6454,2194.6444
442,28.8009,0.8273,2.7418947020340756,2184.8889
443,27.2525,0.6874,1.0037,2206.1444
444,29.9212,0.3596,1.6691,2182.4111
445,20.6576,0.7797,1.1005,2195.4444
446,31.81314246303723,0.6019,1.6595,2173.6444
447,30.0241,1.0398,1.9298,2180.3778
448,23.1757,0.6491,1.7021,2183.4333
449,44.7837700779622,0.8756,2.1645,2200.9466436565667
450,30.3538,0.6135,1.7789,2180.3778
451,29.0454,0.5264,0.9172,2195.1
452,26.7098,0.4955,0.7935,2171.8556
453,25.4798,0.5328,1.5394,2173.2778
454,27.984,0.686,2.0675,2166.2111
455,18.277,0.34,0.9863,2205.7222
456,30.2755,0.703,0.8142,2223.4
457,32.4807,0.5745,1.2878,2241.1778
458,26.0868,0.8652,0.8824,2168.7333
459,21.9792,0.6995,1.1737,2205.7222
460,25.688,0.8444,0.4568,2126.6555
461,23.1136,0.8756,0.7458,2204.5445
462,23.8511,0.781,0.9222,2187.9889
463,39.4515,0.7865,2.3584,2280.8222
464,24.5095,0.6097,1.5174,2198.8556
465,29.2938,0.5349,1.6628,2207.9555
466,28.4793,0.5116,0.5152,2253.5111
467,32.0454,1.026,1.4633,2195.7666
468,28.9752,0.4054,0.9923,2212.3
469,26.1038,0.6024,1.174,2155.6333
470,31.3727,0.4054,1.8398,2209.6667
471,27.9706,0.6214,1.5461,2215.8111
472,27.0478,0.5832,0.5554,2151.6889
473,29.0537,0.6214,1.5425,2207.1444
474,18.8532,0.5333,1.6463,2164.3666
475,29.4926,0.969,0.8503,2183.5
476,33.4081,0.6917,1.9569,2218.0555
477,23.1861,0.6332,1.5723,2175.2556
478,21.1535,0.5614,2.0322,2171.9
479,31.5545,0.752,0.621,2210.9778
480,31.016,0.7017,1.0689,2171.3222
481,29.7545,0.686,0.498,2200.9889
482,31.3313,0.4277,0.8767,2223.1667
483,31.0165,0.5595,0.496,2219.7667
484,32.4059,0.7769,1.2528,2223.0444
485,26.3006,0.8273,0.6162,2167.9444
486,33.0615,0.5969,1.3776,2185.3334
487,24.3206,0.538,1.5383,2169.4667
488,26.2879,0.6709,0.7163,2207.9555
489,32.3378,0.5928,1.7486,2246.4889
490,36.343,0.4972,1.8977,2210.7333
491,27.6705,0.6139,1.0303,2182.0222
492,30.3892,0.6676,0.5448,2167.9444
493,23.0468,0.8929,1.1893,2206.5112
494,21.0027,0.5562,1.0161,2178.6889
495,25.849,0.7555,1.0662,2217.8667
496,27.6462,0.7245,1.163,2200.2
497,26.3116,0.6535,0.5544,2171.8556
498,28.803,0.8986,1.7661,2192.0
499,28.6912,0.7979,1.4001,2244.9778
500,22.6504,0.6491,1.5858,2199.3334
501,28.1993,0.4889,2.1399,2209.4667
502,28.189,0.7608,0.9768,2204.6667
503,30.0565,0.4645,1.4319,2183.3111
504,18.2111,0.6491,1.2562,2191.9
505,26.0425,0.6475,0.6287,2159.0556
506,23.7055,0.8755,0.5642,2189.8778
507,26.2629,0.741,0.5072,2199.6556
508,34.1725,0.3728,0.9274,2206.4
509,24.7718,0.647,0.6388,2137.6111
510,27.8252,0.8574,0.5889,2219.7667
511,16.3432,0.4552,1.1453,2228.9445
512,26.0317,0.5365,0.963,2285.905176053882
513,21.2711,0.7056,0.9534,2204.5445
514,27.2483,0.8986,0.5779,2196.0
515,31.416,1.0039,2.1505,2185.9333
516,25.3309,0.7979,1.2665,2178.5889
517,24.3465,0.8687,0.4508,2216.4778
518,23.5304,0.8147,1.8714,2173.6222
519,28.6582,0.5162,0.9273,2210.8556
520,22.3822,0.5844,0.3971,2219.1333
521,32.6465,0.5928,2.1512,2222.3333
522,23.2779,0.8251,1.4487,2180.9666
523,27.0988,0.9273,0.9407,2155.6333
524,24.2974,0.7362,1.169,2196.1111
525,25.7166,0.6535,0.7974,2205.2222
526,25.3734,0.497,0.5985,2242.8555
527,25.1013,0.76,0.6081,2235.0556
528,18.3175,0.7997,1.7144,2185.9333
529,30.7458,0.6762,1.3106,2217.5778
530,30.6953,0.4552,1.3522,2188.5111
531,37.6915,0.5857,1.4197,2270.2556
532,26.4193,0.5272,0.5811,2164.2667
533,19.1895,0.6438,0.8821,2210.3556
534,25.6003,0.7187,0.5732,2159.0556
535,20.6151,0.752,1.1259,2216.7333
536,26.166,0.6332,1.2276,2146.1111
537,22.8211,0.6555,1.2161,2200.9556
538,20.7242,0.7429,0.9775,2114.99056738201
539,18.784,0.7358,0.956,2177.4333
540,26.4708,0.5171,1.653,2219.7667
541,18.9734,0.486,1.7646,2200.2333
542,19.6859,1.026,1.5655,2219.1333
543,18.0095,0.5941,1.1074,2204.2333
544,33.0758,0.631,0.5952,2238.5444
545,27.5177,0.8955,0.9656,2186.9
546,26.8806,0.8473,1.0294,2216.6778
547,33.6192,0.5559,2.2207,2180.3778
548,28.0695,0.6135,1.143,2181.6111
549,23.4873,0.76,0.4977,2163.8667
550,44.7837700779622,0.6521,1.3704,2181.1889
551,23.7193,0.6531,0.9529,2242.4333
552,28.9017,0.7914,0.5774,2147.1111
553,32.6374,0.6177,1.2101,2200.9065208487455
554,41.8842,0.9737,0.5712,2234.6111
555,21.9792,0.7007,2.1467,2214.7111
556,20.5025,0.5941,0.9215,2205.7445
557,26.0917,0.3596,0.7553,2201.3073505291677
558,23.7806,0.7473,0.5063,2213.7556
559,27.527,0.7979,1.5008,2178.4667
560,27.6476,0.8221,1.0674,2136.4111
561,26.8797,0.8054,2.0131,2196.6889
562,24.7298,0.4518,1.4905,2244.5
563,21.0446,0.5484,0.9001,2208.9778
564,27.6301,1.0498,1.4857,2230.4222
565,40.5205,0.9046,0.5697,2196.6555
566,21.3671,0.6482,1.5248,2207.1
567,26.7021,0.6024,1.079,2114.99056738201
568,31.4439,0.4486,0.8458,2200.0666
569,28.7752,0.3745,0.5645,2155.3111
570,30.6289,0.5857,1.205,2197.3111
571,26.1855,0.631,2.2394,2197.6778
572,22.3374,1.0039,0.6183,2202.1222
573,29.3844,0.6385,1.3993,2174.8666
574,21.7381,0.9174,1.6741,2225.5889
575,20.2979,0.4812,1.662,2167.5
576,26.7245,0.6944,0.7625,2169.9444
577,24.3275,0.9858,0.6021,2214.7111
578,30.2505,0.9192,2.0058,2178.7333
579,23.4325,0.497,1.065,2229.3333
580,24.1601,0.4063,0.6534,2199.4595147973737
581,23.7913,0.6635,0.896,2197.6778
582,31.9933,0.4645,1.5624,2183.3111
583,20.9755,0.6979,0.4549,2114.99056738201
584,18.5294,0.8755,0.8581,2211.7778
585,28.1426,0.4889,1.1776,2209.4667
586,22.6375,0.845,0.5981,2216.4778
587,22.519,0.6556,2.3637,2198.7222
588,24.3769,0.5217,1.5979,2218.6333
589,24.1465,0.827,0.4919,2151.6889
590,23.6178,0.428,1.1828,2208.9778
591,20.0445,0.4945,0.5803,2164.3
592,22.969,1.026,0.6342,2214.7111
593,28.252,0.6761,1.2874,2207.1
594,39.9438,0.357,1.3188,2183.4556
595,19.6185,0.6419,0.7779,2169.9444
596,26.3122,0.6556,1.9099,2243.7778
597,23.0148,0.7461,1.4308,2171.9
598,27.8256,0.7184,1.0753,2201.2889
599,29.2883,0.7151,0.808,2127.9555
600,26.977,0.6969,1.507,2189.6778
601,19.9565,0.6716,2.0754,2222.3222
602,28.6558,0.7854,0.7991,2200.9889
603,26.9974,0.7187,0.8728,2165.8666
604,31.0075,0.612,0.6604,2171.5
605,27.5901,0.6805,1.7093,2217.4111
606,28.8518,0.7495,1.2873,2202.2889
607,23.6405,0.6385,1.3873,2239.4111
608,22.9785,0.8867,0.9634,2217.8111
609,26.0408,0.6977,0.7595,2216.5111
610,22.3489,0.5969,2.2069,2166.5222
611,29.6544,0.4063,0.5782,2191.6445
612,22.7338,0.5614,0.9691,2181.1555
613,28.3474,0.5744,0.8104,2192.5556
614,44.7837700779622,0.6627,1.8646,2244.1111
615,21.5576,0.428,2.4909,2205.2555
616,35.7993,0.7299,1.2441,2206.7999
617,26.2719,0.6874,2.7418947020340756,2208.9778
618,29.0235,0.6821,0.9998,2217.4111
619,17.1276,0.8849,0.7518,2180.7
620,33.8496,0.6716,1.5756,2220.4444
621,24.8005,0.5969,1.0833,2224.6222
622,24.1109,0.7245,0.6707,2213.2111
623,29.1406,0.482,1.0045,2194.9556
624,17.5921,0.7141,1.3788,2231.4889
625,16.9061,1.0824,1.8942,2195.1222
626,27.5479,0.686,1.1287,2226.3111
627,29.8969,0.9192,0.7478,2202.7111
628,32.8478,0.8929,1.5639,2242.2444
629,24.6661,0.741,1.3132,2173.2778
630,23.6096,0.733,1.0146,2182.6222
631,26.1512,0.7495,1.6072,2196.0889
632,25.9589,0.5365,1.7343,2171.8556
633,25.7407,0.3954,1.8646,2202.5556
634,26.4206,0.4433,1.2824,2190.7666
635,17.0797,0.7164,1.2446,2183.4556
636,28.121,0.6514,1.4479,2184.8889
637,24.5978,0.4973,0.5786,2187.4111
638,29.4636,0.3596,1.2286,2203.1667
639,27.4876,0.6697,0.8443,2223.9
640,26.3835,0.8737,1.2587,2276.4556
641,36.5432,0.5344,0.6901,2209.4667
642,23.1901,0.412,1.272,2191.8445
643,32.4142,0.8576,2.3757,2177.3222
644,36.6135,0.7108,2.0235,2179.0778
645,33.9056,0.6425,1.6959,2187.6667
646,24.9563,0.9912,2.7418947020340756,2167.9444
647,9.011966180262135,0.8045,0.4843,2200.2333
648,25.2503,0.792,1.694,2189.5777
649,25.8222,0.7217,0.5011,2243.7778
650,29.185,0.8705,0.6689,2218.5778
651,25.0963,0.5139,0.9105,2194.5889
652,31.6501,0.733,1.1152,2211.6
653,23.6254,0.8756,1.033,2187.8111
654,19.064,0.4788,1.2166,2203.1667
655,28.777,0.3993,1.6289,2204.6667
656,15.0708,0.7164,1.4003,2265.1889
657,22.7427,0.7473,0.7664,2201.8222
658,44.7837700779622,0.4126,1.2968,2192.1889
659,28.0999,0.7807,0.5651,2231.6111
660,30.2922,0.9352,2.1936,2183.4556
661,29.453,0.6139,0.5452,2153.9778
662,22.9589,0.8273,0.8849,2233.1556
663,42.2686,0.703,0.507,2192.6889
664,22.23,0.6474,1.1377,2221.3667
665,23.5906,0.6716,1.0448,2242.2444
666,29.6501,0.5832,1.0646,2258.2778
667,24.1854,0.6676,1.1405,2207.8111
668,23.1949,0.7555,1.2783,2215.3889
669,22.5384,0.7888,1.9299,2197.6778
670,15.3094,0.8182,1.6483,2248.9
671,17.1419,0.8201,0.6092,2180.5556
672,19.6579,0.4645,0.9899,2173.6444
673,25.2303,0.5844,1.7408,2233.1556
674,25.4763,0.5832,0.8475,2201.8666
675,29.871,0.7865,2.0216,2202.4333
676,30.7097,0.7804,0.5184,2227.2444
677,26.247,0.7555,1.7231,2189.8111
678,28.7982,0.8867,0.4254,2242.8555
679,27.2628,0.7245,0.7156,2211.4334
680,30.9212,0.7047,0.571,2181.0444
681,28.9871,0.5365,1.0703,2200.0666
682,26.1735,0.8147,1.4174,2227.2444
683,21.3926,0.7007,0.4864,2197.6444
684,31.0753,0.7804,0.8944,2168.7333
685,31.3031,0.5868,0.8722,2171.5
686,16.1776,0.9174,0.4302,2233.7666
687,14.606,0.741,1.2249,2253.3444
688,33.3616,0.4924,1.5465,2255.5222
689,26.3387,0.7025,0.6476,2200.2
690,21.8416,0.6062,2.2819,2195.6667
691,26.4617,0.7807,0.9152,2249.2556
692,28.0488,0.7865,0.451,2214.0556
693,37.4506,0.6385,0.9416,2246.4889
694,24.0609,0.6214,1.6572,2200.2111
695,26.0373,0.8623,1.2411,2191.3556
696,25.7529,0.6607,1.3811,2215.8111
697,26.5409,0.8544,0.9138,2178.6889
698,31.4736,0.6365,1.2261,2223.5333
699,25.2418,0.447,1.4465,2205.5
700,28.6132,0.6458,0.853,2171.5
701,29.8709,0.6023,1.0448,2189.9667
702,23.9411,0.8986,0.8713,2215.5111
703,25.1003,0.909,0.427,2191.1333
704,29.8753,0.6624,0.5207,2231.9555
705,22.1373,0.7716,1.9653,2183.5777
706,24.7459,0.5365,0.8462,2229.3333
707,27.3317,0.6385,1.4497,2217.0
708,44.7837700779622,0.879,1.2177,2222.3222
709,27.2848,0.6917,0.9256,2218.0555
710,28.2487,0.8687,0.9117,2172.4
711,17.7128,0.7345,1.0873,2187.3444
712,21.7888,0.9912,1.2189,2141.0667
713,24.5276,0.6555,0.5596,2228.9445
714,26.3457,0.8274,1.9412,2196.8
715,30.6968,0.3993,1.8981,2182.5555
716,26.6224,0.752,1.0795,2198.2667
717,17.8138,0.784,1.2409,2241.1778
718,40.4031,0.5272,1.4428,2226.5444
719,21.5935,0.8383,1.9286,2244.1111
720,29.5367,0.725,1.7275,2187.7333
721,20.2216,0.6438,0.8934,2210.3556
722,24.3127,0.8849,0.7916,2180.0556
723,27.2606,0.7249,1.7824,2195.9778
724,24.8064,0.5679,0.6138,2175.1222
725,21.7197,0.7637,1.4921,2214.7889
726,17.8882,0.4188,0.608,2215.0222
727,30.5699,0.5357,1.1231,2206.1444
728,19.8754,0.7978,1.5908,2201.8222
729,29.5773,0.9352,0.7839,2202.7111
730,29.6268,0.357,0.9888,2222.3222
731,40.0125,1.0039,2.0087,2230.0333
732,39.7935,0.9046,1.0869,2221.9444
733,31.0771,0.969,0.9706,2217.8667
734,14.1161,0.8147,1.7093,2201.6484911747107
735,31.3539,0.4277,1.1157,2191.6667
736,22.9765,0.9174,2.4264,2201.5889
737,28.1353,0.7512,0.4526,2194.9555
738,25.8855,0.34,0.4961,2233.1556
739,30.6359,0.478,1.4533,2206.4
740,22.698,0.497,0.8611,2242.4333
741,16.9701,0.9103,0.3632,2285.905176053882
742,39.6517,0.6523,1.7361,2224.4778
743,21.0896,0.8535,1.7296,2197.6444
744,22.1809,0.9174,1.8384,2170.5444
745,18.7066,0.6053,0.9103,2220.0445
746,23.9037,0.428,1.0226,2209.1
747,28.3055,0.5349,1.2477,2211.4
748,33.6765,0.4924,1.4739,2198.8556
749,25.1014,0.8652,0.5151,2216.5
750,24.218,0.6379,1.3416,2167.0889
751,27.2003,0.5343,1.5019,2188.7222
752,26.0981,0.7346,1.0044,2175.9667
753,23.8576,0.7807,1.1798,2178.4667
754,31.6736,0.7345,0.6107,2192.1889
755,27.1504,0.8535,0.3697,2191.1111
756,27.8596,0.5333,0.7818,2191.8445
757,24.7969,0.5774,1.1493,2187.3444
758,30.1789,0.5349,0.5818,2182.5555
759,29.1744,0.6269,0.5546,2190.7666
760,24.4,0.5744,0.7867,2221.9778
761,24.6599,0.6024,1.0019,2141.0667
762,16.2643,0.9365,1.1213,2197.8445
763,27.6834,0.7716,0.5832,2197.2333
764,35.4672,0.6019,1.7907,2200.698203974276
765,31.7389,0.6023,1.0353,2189.9667
766,23.9783,0.8145,0.5327,2177.4333
767,29.572,0.7091,1.1769,2202.3556
768,28.5052,0.7854,1.1026,2231.6111
769,32.4414,0.9858,2.7418947020340756,2196.8
770,26.565,0.845,0.928,2171.3222
771,21.8375,0.7461,0.6964,2181.1555
772,21.9494,0.8201,0.5683,2170.0666
773,27.8925,0.3954,1.3328,2204.5445
774,31.9128,0.8505,1.4638,2207.3889
775,29.9815,0.8929,0.376,2206.5112
776,22.6667,0.8301,1.9672,2201.0667
777,22.1827,0.6791,2.073,2244.1111
778,22.0115,0.447,1.5213,2217.0
779,39.091,0.6506,0.5578,2234.6111
780,24.5151,0.5139,1.0584,2211.4334
781,20.9109,0.827,1.3329,2233.1556
782,28.1237,0.5139,0.9661,2250.7445
783,27.1912,0.8473,0.7033,2162.7556
784,28.7462,0.5756,0.6693,2162.1333
785,23.3521,0.5272,1.1999,2197.2001
786,33.7563,0.6475,1.2322,2230.7555
787,24.4754,0.5116,0.4344,2124.8444
788,16.6703,0.631,1.6729,2244.1111
789,37.2145,0.8333,2.2383,2190.4889
790,23.9934,0.7367,2.0182,2186.9889
791,21.9064,0.6853,1.158,2219.3445
792,29.6873,0.5264,0.9602,2192.7889
793,33.4282,0.486,1.1947,2184.7222
794,25.0247,0.9174,2.1312,2211.3889
795,28.709,0.7636,1.1634,2169.8334
796,33.016,0.6214,1.5415,2200.2111
797,19.7445,0.6354,1.0579,2189.3556
798,19.4166,0.5786,0.6101,2200.9556
799,25.9831,0.746,0.9338,2174.7555
800,36.9278,1.0039,1.9899,2185.9333
801,25.5696,0.4188,1.3153,2162.1333
802,24.4002,0.5786,1.5328,2200.2
803,22.2081,0.4776,1.2782,2218.9445
804,25.9046,0.6762,0.8379,2226.4667
805,25.1884,0.7187,0.6141,2210.9778
806,33.0295,0.5595,0.5747,2178.5889
807,32.9674,0.6969,1.1593,2206.7999
808,16.218,0.3607,2.7418947020340756,2209.9222
809,23.5939,0.6512,1.3863,2212.6334
810,29.4088,0.4059,1.5687,2215.5111
811,23.7232,0.8544,1.0274,2217.3777
812,24.1852,0.6531,0.6021,2242.8555
813,34.6714,0.833,1.6938,2215.3889
814,30.5174,0.7299,0.6513,2173.2778
815,30.4154,0.6723,1.4902,2223.8
816,31.5354,0.4828,2.649,2214.7111
817,20.3804,0.741,0.5617,2221.3667
818,24.0994,0.827,0.7087,2163.5889
819,27.041,0.7804,1.4171,2231.4889
820,28.1049,0.6419,0.8352,2169.9444
821,23.4616,0.6238,0.7117,2158.7
822,20.2052,0.538,1.4986,2169.4667
823,30.4948,0.733,1.2635,2206.1444
824,34.3528,0.4764,0.6164,2213.7556
825,28.6955,0.6716,1.1005,2202.7111
826,22.4489,0.9784,1.7554,2198.593637196897
827,27.6111,0.5831,0.6592,2165.0333
828,23.8805,0.6556,2.2218,2238.5444
829,29.9623,0.686,0.4345,2172.3111
830,29.4042,0.6332,0.6509,2172.8111
831,24.0135,0.8935,0.5295,2249.2556
832,20.6354,0.6379,1.0894,2212.3
833,30.6311,0.6474,1.2487,2209.9555
834,29.0827,0.6762,1.3807,2173.4889
835,22.4415,0.6917,1.4611,2218.0555
836,25.9834,0.5349,0.6311,2223.5333
837,19.4876,0.7164,1.458,2265.1889
838,25.2876,0.486,1.2277,2263.3222
839,25.0576,0.8444,1.375,2207.0444
840,24.6272,0.5922,2.4973,2194.6444
841,19.3468,0.7888,2.2649,2180.9666
842,44.7837700779622,0.792,0.5459,2172.9667
843,20.9566,0.6523,1.7536,2217.3777
844,29.0043,0.5756,1.1457,2168.7
845,40.4755,0.6635,2.3008,2184.8778
846,28.1907,0.6107,1.5398,2177.3222
847,34.2167,0.4924,1.1707,2172.8111
848,18.3685,0.6308,1.0841,2233.3667
849,26.1779,0.791,0.9143,2249.2556
850,16.9553,0.7346,1.1304,2225.0222
851,29.827,0.8849,1.1935,2167.2
852,23.4114,0.6556,1.12,2205.2222
853,25.0919,0.833,0.7895,2159.0556
854,27.2235,0.8935,0.5129,2219.7667
855,24.9871,0.4973,0.5589,2189.3556
856,23.6578,0.6413,0.4674,2164.2667
857,31.52,0.6156,0.6646,2168.7
858,24.5446,0.6969,2.7418947020340756,2189.6778
859,24.4248,0.3607,0.9424,2227.2444
860,36.5743,0.7973,0.9487,2179.2
861,26.0093,0.969,1.6577,2229.3333
862,26.7765,0.6932,0.958,2151.6889
863,26.1124,0.8755,0.5415,2136.4111
864,44.7837700779622,0.7612,1.843,2184.8778
865,24.5136,0.8273,0.4541,2124.8444
866,22.7626,0.6837,1.256,2197.5222
867,23.5333,0.8935,1.2828,2190.7666
868,20.4622,0.7807,0.6899,2185.1
869,19.5942,0.6555,0.5734,2240.8666
870,27.5514,0.5168,0.5609,2187.6667
871,23.7545,0.7017,0.7595,2124.8444
872,31.3745,0.5328,1.3182,2236.1111
873,29.1587,0.7017,1.8773,2205.7222
874,29.9794,0.6512,0.924,2212.8445
875,16.5512,0.7141,1.3858,2234.5222
876,26.3681,0.7346,0.5657,2136.4111
877,20.3988,0.8705,1.7694,2201.5777
878,23.4987,0.8756,1.2219,2187.8111
879,28.057,0.8687,1.9185,2236.0667
880,20.636,0.3415,0.7519,2183.0556
881,26.5653,0.6979,1.2467,2213.5111
882,36.222,0.5272,1.081,2209.1
883,23.9156,0.5484,0.8154,2191.2111
884,31.4614,0.8274,2.3585,2185.8111
885,26.6104,0.5343,1.7504,2190.1555
886,20.8865,0.6555,2.0529,2228.9445
887,32.0705,0.8976,1.668,2225.1777
888,30.1427,0.7927,1.2867,2221.5778
889,22.8296,0.4764,1.8404,2197.2333
890,27.9956,0.7025,1.2987,2256.6
891,17.7568,0.7461,1.3212,2222.3222
892,32.9711,0.4889,1.1722,2202.4556
893,24.6959,0.4067,1.9612,2207.9555
894,22.6227,1.0824,0.6467,2222.6778
895,26.1586,0.7888,1.416,2207.0444
896,24.7587,0.5139,1.1737,2210.9778
897,21.4764,0.7007,0.6601,2211.3889
898,20.4859,1.0854,1.871,2251.8222
899,28.3815,0.6944,0.7954,2169.9444
900,23.4619,0.9135,1.477,2204.2889
901,40.3963,0.8705,0.666,2197.2667
902,32.1743,0.7299,1.3407,2172.8111
903,29.8097,0.7217,1.934,2198.7222
904,33.4962,1.026,2.3983,2201.8222
905,25.7896,0.5116,1.7427,2184.8889
906,27.717,0.7982,0.5211,2204.1555
907,21.9517,0.612,0.8868,2180.5556
908,36.5543,0.4277,0.7779,2220.5445
909,25.252,0.5116,1.3864,2171.3222
910,17.925,0.6607,0.6001,2206.4
911,33.2787,0.482,1.9192,2184.7222
912,21.1546,0.538,1.6462,2172.9778
913,26.6434,0.6579,0.9274,2192.7889
914,27.0626,0.5832,0.5398,2249.2556
915,29.7881,0.5168,0.968,2231.9555
916,25.8665,0.7187,1.3115,2201.0667
917,20.0429,0.6853,0.4796,2189.8778
918,32.237,0.6627,2.1957,2201.5777
919,21.3459,0.9365,1.5155,2178.1444
920,27.7028,0.6873,0.499,2198.7222
921,29.1572,0.5868,1.0049,2203.4445
922,19.4363,0.7797,1.146,2195.4444
923,30.0404,0.7217,2.19,2244.1111
924,18.5633,0.5095,1.7835,2273.7556
925,25.2665,0.8976,1.1393,2220.7111
926,36.6103,0.879,1.3234,2166.5222
927,33.0104,0.3596,0.8079,2206.4
928,21.1961,0.6995,2.1538,2150.5889
929,16.5255,0.6458,0.655,2210.7778
930,27.456,0.5053,0.7481,2171.8556
931,26.3724,0.3993,0.5678,2217.4111
932,23.0469,0.6853,1.143,2189.8778
933,31.3079,0.4126,1.3588,2164.2667
934,23.1487,0.7984,1.7385,2214.9333
935,21.4005,0.8648,0.6503,2260.7333
936,23.9262,0.7804,1.9224,2173.6444
937,25.1262,0.9273,2.0403,2180.7
938,28.6008,0.478,1.0939,2206.4
939,23.7265,0.428,0.9148,2231.0555
940,21.0153,0.3745,0.7498,2224.6778
941,24.4144,0.5756,0.6283,2188.5111
942,21.5763,0.6107,1.6653,2195.5333
943,24.2157,0.6425,0.9649,2201.3556
944,30.3514,0.8544,1.1721,2163.5778
945,20.6329,0.7367,2.3045,2195.5333
946,34.0617,0.7854,0.498,2197.3222
947,29.6803,0.6156,0.5795,2233.6334
948,23.5176,0.6944,2.5328,2210.8556
949,21.7279,0.4788,1.3136,2211.4
950,23.9437,0.7047,0.6009,2190.1555
951,31.5295,0.7091,0.4704,2147.1111
952,22.4441,0.7151,1.2535,2170.0666
953,21.2791,0.6135,1.3959,2246.4889
954,32.7516,0.6977,0.6557,2162.8445
955,29.9044,0.478,1.4141,2212.3
956,30.7746,0.7542,0.9351,2266.8333
957,29.1767,0.6874,0.9894,2213.9111
958,20.7358,0.7997,1.6721,2187.4444
959,38.0327,0.6723,1.5905,2191.6667
960,21.5151,0.6873,0.7009,2208.4444
961,14.5322,0.3769,0.9007,2204.2889
962,21.2935,0.6837,1.8965,2204.5445
963,28.2871,0.7854,1.0534,2168.7333
964,26.0554,0.497,0.6165,2205.7222
965,22.3321,0.7104,0.6136,2218.0555
966,23.7805,0.6097,0.5854,2231.0555
967,35.0053,0.5679,0.5621,2246.0666
968,34.0436,0.8054,2.2697,2238.5444
969,21.6323,0.6512,1.131787302883584,2212.6334
970,18.1451,0.7448,1.3733,2172.1223
971,27.4383,0.6944,0.6944,2226.4667
972,19.1247,0.7793,1.2645,2179.7333
973,23.5831,0.3954,0.5823,2254.7111
974,18.5996,0.8147,0.6245,2127.9555
975,15.6295,0.3769,1.3839,2177.0222
976,23.4736,0.9386,1.5441,2199.0333
977,21.1934,0.428,0.6449,2206.4
978,23.4847,0.6716,1.8212,2197.8667
979,38.1045,0.8383,1.7585,2171.8111
980,34.0855,0.6997,1.3003,2270.2556
981,44.7837700779622,0.5484,1.0494,2215.8111
982,35.1195,0.6917,1.9967,2217.3777
983,29.3734,0.3954,0.738,2170.7444
984,26.3291,0.5139,0.9714,2250.7445
985,33.3483,1.1509132575077394,0.9766,2191.5
986,31.0334,0.5264,1.0913,2204.2889
987,20.8271,0.9352,1.525,2174.8666
988,35.8454,0.6535,0.781,2180.7
989,19.162,0.6627,1.4441,2205.2222
990,31.4433,0.9612,0.6264,2213.5111
991,23.4628,0.8648,0.6244,2256.6
992,38.5498,0.7104,2.0226,2204.9223
993,34.5138,0.9265,1.7213,2172.3666
994,33.4591,0.9912,2.0904,2194.2889
995,23.7345,0.8737,0.5356,2222.0111
996,23.38589447670942,0.4945,1.3015,2216.7333
997,34.9236,0.5053,0.8285,2171.8556
998,27.9032,0.6458,1.6864,2214.2889
999,32.3627,0.5053,0.5582,2208.2334
1000,25.3399,0.6535,0.7741,2197.2333
1001,31.317,0.447,1.4108,2200.2111
1002,17.8135,0.5095,2.1254,2196.6889
1003,24.6239,0.6989,0.6124,2223.2778
1004,22.0459,0.2979,1.6051,2210.7333
1005,32.4053,0.7804,0.4547,2206.5777
1006,33.8834,0.9845,0.4397,2153.9778
1007,31.1484,0.5116,0.6073,2216.4778
1008,25.076,0.6332,1.5762,2146.1111
1009,23.5717,0.7097,1.1654,2175.2556
1010,27.5268,0.48,1.84,2171.3222
1011,29.9713,0.6023,1.8239,2213.2111
1012,21.199,0.5398,1.2699,2197.3111
1013,31.4125,0.8976,1.659,2199.3334
1014,9.011966180262135,0.6709,1.4331,2182.6222
1015,22.5685,0.5116,0.9108,2165.8666
1016,27.3648,0.7461,2.2588,2213.7667
1017,29.3803,0.76,0.6906,2233.1556
1018,24.9604,0.8301,0.7204,2167.2
1019,27.0072,0.6332,0.5851,2185.1
1020,17.8522,0.5095,1.8677,2243.7778
1021,31.0876,0.4972,0.8337,2207.9555
1022,25.6798,0.7979,1.4986,2221.5667
1023,28.9358,0.8737,0.6556,2179.1111
1024,26.7568,0.8648,0.7438,2147.1111
1025,23.0596,0.7056,0.8567,2199.6334
1026,25.0179,0.5844,1.3827,2208.2334
1027,24.9344,0.5693,1.0606,2197.5222
1028,31.7791,0.6627,1.9672,2185.8111
1029,32.1132,0.9845,1.2538,2254.7111
1030,25.7279,0.6458,0.9145,2114.99056738201
1031,23.9811,0.3954,1.1355,2153.9778
1032,18.891,0.5343,0.7698,2204.2333
1033,37.1656,0.6523,1.2526,2177.1667
1034,31.2285,0.486,1.2386,2114.99056738201
1035,25.518,0.8444,1.2046,2208.2667
1036,22.3699,0.8247,0.5344,2213.7556
1037,21.6739,0.9607,0.9634,2164.3
1038,38.8044,0.5559,0.9988,2246.4889
1039,24.25,0.6514,0.8584,2167.9444
1040,25.0342,0.7716,0.7148,2201.5777
1041,22.5295,0.8221,1.3515,2197.5222
1042,24.1484,0.792,0.4001,2167.2
1043,13.7855,0.6332,1.4371,2163.5889
1044,19.5172,0.8648,0.5785,2231.0555
1045,31.2819,0.5357,1.4069,2165.5333
1046,24.5728,0.34,0.8468,2233.1556
1047,23.8531,0.5969,0.8476,2197.2333
1048,24.3304,0.7743,1.3535,2194.5889
1049,31.3699,0.5774,1.7301,2150.0556
1050,28.7252,0.4972,1.2604,2209.8
1051,32.5683,0.447,0.6222,2192.1889
1052,25.2206,0.7071,2.242,2218.5778
1053,28.8298,0.7249,0.5656,2191.3556
1054,29.5218,0.4788,0.8541,2209.1
1055,26.9312,0.6514,1.0682,2242.8555
1056,30.5276,0.7358,0.818,2223.5333
1057,23.7857,0.6814454951021356,1.1093,2235.0556
1058,27.0214,0.4945,1.6538,2171.8222
1059,27.4474,0.8976,1.1415,2232.5889
1060,25.5062,0.8986,0.9824,2224.6778
1061,21.7509,0.4054,0.7401,2223.0444
1062,18.6261,0.9365,1.129,2202.7111
1063,24.2367,0.8301,0.6141,2205.7222
1064,26.2118,0.6062,0.6087,2175.3445
1065,27.0205,0.636,1.7945,2214.7111
1066,16.8014,0.9365,1.3395,2248.4222
1067,28.0697,0.7804,0.5225,2169.8334
1068,29.4663,0.7245,1.0598,2168.7333
1069,30.2138,0.8652,0.5285,2240.8666
1070,21.725,0.4552,1.2414,2169.1111
1071,21.5957,0.5614,2.0111,2178.1444
1072,27.1259,0.5844,1.1263,2126.6555
1073,20.2521,0.5614,1.2645,2171.9
1074,22.3967,0.6458,1.0654,2212.8667
1075,25.0267,0.8652,1.6568,2194.3778
1076,24.0673,0.7914,0.687,2173.4889
1077,29.2941,0.5679,1.5741,2195.9778
1078,44.7837700779622,0.784,1.1383,2236.1111
1079,21.9235,0.9265,1.307,2220.7111
1080,22.4191,0.7346,1.9681,2204.2333
1081,23.8671,0.8444,1.4002,2180.8333
1082,28.539,0.48,1.7232,2167.9444
1083,28.9468,0.8333,1.1099,2220.5445
1084,20.874,0.8929,0.8943,2191.6667
1085,23.5298,0.746,0.6856,2130.0556
1086,24.3568,0.6535,2.7418947020340756,2213.9333
1087,24.1247,0.8251,1.4949,2233.7666
1088,29.8481,0.5053,0.4986,2151.2
1089,28.6167,0.5333,0.5396,2195.3
1090,29.9163,0.7769,0.6878,2269.2556
1091,31.4849,0.791,0.9147,2188.7222
1092,20.1964,0.9273,1.8719,2159.0556
1093,28.349,0.6097,2.3927,2217.5778
1094,32.8848,0.4277,1.6027,2221.8445
1095,44.7837700779622,0.6371,1.5684,2184.8778
1096,25.3075,0.6425,1.7746,2172.5333
1097,32.5465,0.6697,1.2689,2276.4556
1098,38.574,0.6482,1.0673,2207.1
1099,42.1115,0.6723,2.5063,2246.4889
1100,19.9461,0.7299,0.5787,2228.4778
1101,27.729,0.792,0.5172,2235.0556
1102,24.9395,0.879,1.1992,2191.6667
1103,28.9236,0.9858,1.2252,2213.7556
1104,27.4813,0.8955,0.9833,2186.9
1105,28.4165,0.6238,1.1899,2260.2222
1106,19.545,0.5343,0.883,2181.0444
1107,27.2417,0.5349,1.4523,2172.8111
1108,33.006,0.8574,1.729,2172.3111
1109,25.1431,0.6944,0.8479,2210.8556
1110,22.4925,0.6833,1.2764,2187.6667
1111,26.2175,0.612,0.8597,2211.4334
1112,22.6844,0.7457,2.7418947020340756,2220.4778
1113,33.171,0.486,1.0355,2185.2111
1114,30.4731,0.5264,0.9797,2155.8556
1115,26.2905,0.8705,1.5615,2205.2889
1116,28.9557,0.6977,1.4678,2216.5111
1117,30.6344,0.6979,0.621,2223.9
1118,23.9232,0.4063,1.1351,2217.0
1119,27.9067,0.5171,0.9599,2200.2
1120,26.5755,0.9912,0.737,2230.7555
1121,35.4979,0.7542,0.9687,2222.0111
1122,27.8836,0.5831,1.2611,2175.1222
1123,24.7756,0.733,0.8834,2206.1444
1124,20.187,0.7978,1.7338,2214.9333
1125,32.4481,0.6874,0.4739,2206.1444
1126,29.8238,0.7091,1.6621,2146.7778
1127,27.1064,0.8028,1.3244,2209.8
1128,22.3245,0.7982,0.6774,2231.6111
1129,25.4548,0.9607,1.7897,2202.2889
1130,35.0597,0.9192,1.6698,2205.2889
1131,35.9269,0.7104,1.9028,2231.9556
1132,19.0935,0.7217,0.4635,2204.2667
1133,23.9068,0.9912,0.4517,2180.7
1134,19.7605,0.3607,1.4541,2183.4556
1135,29.627,0.6023,1.0896,2189.9667
1136,35.1566,0.7345,1.4398,2223.5333
1137,21.9399,0.48,1.2056,2221.5333
1138,23.2014,0.8444,1.0352,2178.6889
1139,14.9671,0.7997,1.5714,2185.9333
1140,30.0506,0.4433,1.2665,2192.7889
1141,31.3063,0.5928,1.4992,2221.9444
1142,25.3772,0.7017,0.9545,2217.8111
1143,34.0215,0.8028,1.4726,2209.1
1144,18.9827,0.6491,1.331,2171.9
1145,24.2607,0.7531,2.7418947020340756,2184.4333
1146,29.3585,0.7025,1.574,2147.1111
1147,39.2802,0.4277,1.2508,2191.6667
1148,29.6804,0.7345,0.881,2191.3556
1149,30.0456,0.7637,0.993,2247.3666
1150,24.9991,0.6062,1.3943,2202.1222
1151,28.0456,0.4945,0.6263,2160.6
1152,30.1688,0.4059,1.2404,2211.4334
1153,29.1971,0.7606,0.6944,2233.1556
1154,14.0352,0.5941,0.5844,2204.5445
1155,29.2308,0.6521,0.5352,2176.8
1156,39.5532,0.8007,1.3012,2191.6667
1157,36.8645,0.6523,1.3085,2219.8222
1158,33.4431,0.8648,1.4308,2254.8667
1159,25.1118,0.8145,1.5998,2168.5111
1160,40.4495,0.5969,0.5029,2232.5889
1161,15.8496,0.8054,2.5527,2218.5778
1162,26.7301,0.795,0.5357,2177.3222
1163,24.2792,0.733,1.4292,2231.6111
1164,26.3692,0.6514,0.6625,2165.8666
1165,26.8975,0.4828,1.7329,2205.2889
1166,34.1662,0.8955,0.6934,2218.7778
1167,25.9181,1.0629,1.332,2213.9333
1168,23.9246,0.5756,1.3008,2281.5667
1169,21.7509,0.8648,1.4517,2169.9444
1170,31.2129,0.5679,1.2288,2175.2556
1171,21.7987,0.5583,1.2295,2183.0556
1172,26.0194,0.6837,0.5882,2155.3111
1173,28.7966,0.792,0.8581,2171.8556
1174,30.0519,0.8028,1.0636,2202.4556
1175,22.0985,0.6413,2.0404,2218.7333
1176,29.1042,0.4645,1.4735,2207.0444
1177,18.2293,0.7429,1.3276,2114.99056738201
1178,23.6314,0.8755,0.428,2136.4111
1179,28.8654,0.7769,1.2955,2233.6334
1180,22.1592,0.6491,2.0198,2172.3666
1181,24.5324,0.7512,0.4747,2179.1111
1182,28.577,0.8201,0.5947,2212.8667
1183,28.4429,0.3415,2.3062,2209.1
1184,27.7146,0.8444,1.3096,2114.99056738201
1185,24.5541,0.833,0.5896,2162.8445
1186,17.2615,0.8032,0.7407,2241.1778
1187,29.7411,0.9259,1.7657,2213.9111
1188,17.1233,0.3769,1.6145,2204.2889
1189,23.6088,0.6791,0.5936,2178.7333
1190,25.7113,0.9192,1.9957,2238.5444
1191,30.6162,0.7797,1.442,2206.9667
1192,20.979,0.6821,0.7763,2223.0444
1193,24.3925,0.5583,0.5016,2185.1
1194,44.1498,0.576,1.2943,2233.3667
1195,28.769,0.7512,1.2348,2201.8666
1196,27.8665,0.6413,1.5652,2211.0667
1197,24.0019,0.4518,1.0579,2239.7222
1198,31.5768,0.8028,1.4053,2209.8
1199,21.1738,0.7358,1.0165,2184.9889
1200,38.2357,0.636,1.8717,2201.5777
1201,43.6071,0.4764,1.8688,2206.4222
1202,34.9855,0.6135,0.7944,2221.9444
1203,31.5349,0.6385,1.4926,2205.5
1204,26.8251,0.7299,0.7423,2173.4889
1205,22.9026,0.6627,1.5329,2197.6444
1206,27.401,0.478,0.8311,2231.0555
1207,28.9642,0.6979,0.4624,2171.5
1208,26.9872,0.6312,1.6172,2218.0555
1209,19.9475,0.5087,1.5571,2248.9
1210,23.8213,0.6177,0.6672,2199.6556
1211,30.3218,0.486,0.5442,2187.4111
1212,29.5,0.5928,2.1742,2242.2444
1213,22.9914,0.9352,2.3661,2246.4889
1214,33.5962,0.879,0.3813,2203.9
1215,27.218,0.7593,1.9706,2198.7222
1216,22.8899,0.7047,1.0392,2155.3111
1217,31.164,0.8473,0.8083,2210.9778
1218,22.0706,0.6873,0.5652,2218.5778
1219,31.1657,0.4059,0.9289,2219.7667
1220,28.2938,0.9845,0.4958,2147.1111
1221,44.7837700779622,0.879,1.6997,2164.4111
1222,29.9145,1.0498,1.4987,2197.3111
1223,21.3495,0.9273,1.3064,2224.0
1224,22.174,0.5484,0.8395,2191.2111
1225,18.2879,0.8247,0.5052,2207.8111
1226,26.281,0.6262,1.8366,2214.7111
1227,22.364,0.5562,1.4777,2200.7
1228,33.7386,0.4889,2.2809,2216.8333
1229,37.9497,1.0039,1.867,2181.1555
1230,22.2294,0.7888,0.9612,2183.3444
1231,26.3762,0.5328,1.6092,2255.5222
1232,19.1839,0.8251,0.5812,2180.9666
1233,23.7598,0.6837,0.6803,2181.0444
1234,24.9379,0.9046,0.5262,2196.6555
1235,22.928,0.636,0.6843,2194.6444
1236,23.5232,0.7097,1.3634,2168.7
1237,22.5821,0.6139,0.8758,2114.99056738201
1238,23.4212,0.795,1.8486,2197.2667
1239,23.0824,0.8544,1.5732,2196.0889
1240,28.2877,0.781,1.6942,2162.5556
1241,28.2203,0.8221,1.2046,2117.5889
1242,18.1525,0.8182,1.8549,2248.9
1243,30.9967,0.7982,0.8175,2231.9555
1244,29.3191,0.7973,1.4735,2160.6
1245,27.7632,0.6413,0.7816,2223.0444
1246,34.3403,0.6833,1.2191,2204.5
1247,29.9103,0.6269,0.7592,2181.1889
1248,21.2894,0.6989,0.9383,2214.9333
1249,21.3048,0.6458,0.5571,2224.6778
1250,36.4489,0.8383,1.8298,2179.0445
1251,29.508,0.7106,1.4074,2179.7333
1252,24.847,0.9737,0.6665,2256.1222
