,feature_66,feature_427,feature_442,feature_133,feature_3
0,23.2216,1.3155,0.9639,2.3766,2207.0444
1,27.2716,0.6593000000000001,0.8427,2.3805,2155.3111
2,14.7061,1.5403,0.9192999999999999,2.3244,2173.4556
3,36.0791,1.6421999999999999,0.7158,2.3725,2224.0
4,24.3057,0.8005999999999999,1.1255,2.3401,2217.8111
5,19.1189,0.7004,0.4782,2.2797,2212.3
6,22.2064,1.4412,0.656,2.2864,2200.2
7,25.3099,1.4190000000000003,0.9319999999999999,2.3080999999999996,2209.8
8,24.2829,1.8268,1.2771,2.2592,2186.4111
9,21.0974,0.9783,0.5317,2.2877,2182.5555
10,23.905,1.3358,0.565,2.212,2173.2778
11,17.5983,1.5564000000000004,0.9361,2.2773,2163.5889
12,32.7483,1.5814,0.9174999999999999,2.2959,2162.5556
13,22.3647,0.7479,0.7316,2.3322999999999996,2236.0667
14,22.3694,0.6601,0.8531999999999998,2.2673999999999994,2239.4111
15,29.1429,0.8463,0.7032,2.2564,2227.2444
16,24.68546,0.5788,0.7139,2.2784,2195.6667
17,44.784266730084916,2.0200000000000005,0.8222,2.3735000000000004,2207.0444
18,15.0471,0.6477,0.6144,2.1911,2164.3666
19,22.1659,2.0504,0.9383,2.3499,2170.0666
20,37.258,1.5739,0.5593,2.2928,2244.1111
21,21.7095,1.5151000000000001,0.5836,2.3146,2160.6
22,23.1287,0.737,0.78,2.3386,2191.5667
23,30.7593,1.2606,0.6373,2.272,2227.2222
24,19.2834,0.5418,0.7655,2.2802,2224.6778
25,27.2876,1.7251,0.9964999999999999,2.3121999999999994,2207.3889
26,24.3905,2.2004,0.7928,2.2728,2173.4556
27,21.2465,0.8378,0.7233,2.2474,2210.8556
28,26.2754,1.9544000000000001,0.6667,2.3216,2230.4222
29,29.809,0.6130999999999999,0.6641,2.4241,2243.8556
30,41.2374,1.3431,0.7584,2.3684,2171.9
31,30.4914,0.4793,1.1255,2.2937,2220.4778
32,22.9635,0.9286999999999999,1.0541,2.2757,2216.5
33,26.2691,0.9269,0.442,2.2658,2266.8333
34,21.7926,1.2483,0.9237999999999998,2.3817,2205.7445
35,23.8157,1.0257,0.6987,2.2771,2124.8444
36,26.4132,0.5418,0.656,2.2864,2208.5222
37,30.3233,1.1716,0.7534,2.2434,2228.4778
38,26.448,0.8527,0.8858999999999999,2.2569,2247.3666
39,44.784266730084916,1.4389,0.6901,2.3712,2191.9
40,21.6831,0.5403,0.5317,2.3187,2191.3556
41,27.4102,1.2655,1.0644,2.2887,2223.0333
42,26.8979,0.5996,0.6815,2.4151,2165.0333
43,27.321099999999998,1.3047,0.7053,2.2616,2189.9667
44,31.4501,1.5307999999999997,0.5632,2.3672,2218.0555
45,23.5578,0.6632,0.8716,2.3375,2217.8667
46,22.1353,2.1082000000000005,0.7613,2.3756,2232.5889
47,32.7577,0.6269,1.1525,2.3099000000000003,2196.8
48,22.7275,0.5892,0.9136,2.2825999999999995,2162.1333
49,33.272,1.5991000000000004,0.684,2.4241,2178.5889
50,30.1062,1.6608,0.9251,2.3275,2191.7889
51,25.9809,1.7426000000000004,0.7663,2.3257,2217.8667
52,24.7257,0.6010999999999999,0.9251,2.3132,2207.0444
53,30.7182,0.6632,0.5669,2.2752,2206.4
54,44.784266730084916,1.2224,0.7898,2.3497,2196.6555
55,26.6305,0.5648,0.8807,2.3259,2183.1
56,22.5569,0.6418,0.577,2.3063,2228.4444
57,26.063,0.5445,0.9588,2.4213999999999998,2203.4556
58,22.1675,1.1766,0.8435,2.3573,2172.5333
59,39.7257,2.2773,0.8384,2.295,2207.0444
60,26.2833,0.6100999999999999,1.0216,2.2807999999999997,2246.5778
61,25.8939,0.8139799999999999,0.7584,2.3285199999999997,2206.3
62,26.0522,1.1702,0.6641,2.3922999999999996,2222.0111
63,26.2174,1.4616,0.9964999999999999,2.3121999999999994,2207.3889
64,19.9076,2.2414,0.7506,2.4079,2168.7
65,29.3176,1.5379,0.7015,2.2936,2160.3667
66,23.6041,1.9706,0.9396,2.349,2175.9667
67,24.9899,1.1539,0.8435,2.3573,2178.6889
68,14.1135,2.0544,0.7928,2.3865,2238.5444
69,27.9713,0.7382000000000001,0.481,2.2797,2223.0444
70,37.532,1.3796,0.6302,2.34284,2191.9
71,24.5799,1.2366,0.6641,2.2647,2194.9556
72,23.4468,1.5257,0.7611,2.2825999999999995,2238.1444
73,30.0288,0.4832,0.7477,2.3161,2218.0555
74,27.380200000000002,1.4316999999999998,0.8470999999999999,2.2915,2204.6667
75,27.3069,0.5758,0.6335,2.3063,2167.2
76,25.7305,1.5604000000000005,0.4254,2.2563,2231.0555
77,22.0576,0.5481,0.7337,2.3883,2114.990560444201
78,30.9387,1.7736,0.8136,2.2859,2199.3
79,22.3195,0.6244,0.6927,2.2726,2175.1222
80,23.532600000000002,1.8291000000000002,1.0189,2.3322999999999996,2233.1556
81,24.7337,0.5965,0.8146,2.3402,2201.0667
82,26.2439,0.5518,0.7258,2.2472,2213.9111
83,23.2157,1.8725000000000003,0.577,2.3604,2179.2
84,20.2591,2.1221000000000005,1.0959,2.3524,2222.3222
85,26.3407,1.0482,0.8594999999999999,2.2445,2172.3111
86,37.4668,1.4978,1.1815,2.3073,2213.7556
87,21.2309,0.7851,0.8751999999999999,2.3162,2183.3111
88,44.784266730084916,1.2405,0.8716,2.3375,2183.5
89,28.1684,1.3900000000000001,0.5194,2.212,2211.4
90,31.4027,1.588,0.7392,2.2877,2198.5667
91,28.9181,0.6811,1.0143,2.4167,2250.3667
92,18.6295,1.4069,0.745,2.1996,2173.4889
93,13.8957,1.6695000000000004,0.8435,2.2697,2173.4556
94,28.042800000000003,0.557,0.7032,2.3936000000000006,2187.4111
95,26.4354,0.7473,0.7643,2.2937,2216.4778
96,29.5723,0.7797,0.9078999999999999,2.3289,2200.0666
97,30.6875,0.6728,0.8229,2.2555,2195.4444
98,27.7301,1.4506,0.7611,2.2915,2182.4111
99,25.4759,0.9418,0.9726000000000001,2.3481,2211.7222
100,25.02,1.7597000000000003,0.7928,2.3099000000000003,2186.9889
101,27.526399999999995,1.5321000000000002,0.8689999999999999,2.2588,2170.9667
102,28.5851,0.4657,0.46599999999999997,2.2725,2227.2444
103,26.336,0.5311,1.062,2.3177,2218.0555
104,21.0498,1.4331,0.6163,2.2673999999999994,2223.0444
105,24.8429,0.6265999999999999,1.0551,2.4244,2184.8778
106,20.9393,0.9017,0.6222,2.4213999999999998,2162.7556
107,23.8674,0.6247,0.6796,2.2949,2203.1667
108,17.735,0.5238,0.9639,2.3672,2178.6889
109,44.784266730084916,1.6915999999999998,0.8556,2.4,2179.0445
110,26.254,1.2856,0.8133,2.4073,2136.4111
111,22.9551,0.8812,0.593,2.2821,2227.9778
112,23.7582,0.5256,0.6641,2.3471,2178.1444
113,20.0076,0.7915,0.9273999999999999,2.2673999999999994,2223.0444
114,36.3451,1.272,0.3973,2.3079,2213.2889
115,26.3682,1.2353,0.7852,2.2789,2285.905182248416
116,22.731900000000003,0.42439999999999994,1.0918,2.2728,2155.6333
117,23.5781,1.1499,0.5779,2.2474,2172.3111
118,17.7542,1.4744000000000002,0.8446,2.3596000000000004,2265.1889
119,22.2504,2.7418953659709207,0.5478,2.3984,2199.6334
120,29.1501,1.4873,1.0135,2.3296,2183.1
121,23.23742,1.2938999999999998,0.7093,2.3883,2194.31558
122,44.784266730084916,1.6353,0.7574,2.3407,2224.4778
123,25.1172,1.3654,0.593,2.4151,2170.7444
124,23.5582,0.5748,0.8342999999999999,2.3099000000000003,2218.5778
125,22.513,0.4496,1.1213,2.2527,2215.1778
126,28.607300000000002,0.4115,0.5779,2.2631,2180.5556
127,30.1818,0.8449,0.8159,2.3495,2159.0556
128,32.1774,1.9127000000000005,0.6268,2.2711,2205.5
129,20.2515,1.0177,0.8159,2.4201,2203.4556
130,27.0475,1.1538,1.0541,2.3883,2114.990560444201
131,33.7771,1.3867,0.7477,2.2989,2194.5889
132,44.784266730084916,0.9767,0.9835999999999999,2.3412599999999997,2172.3666
133,23.112,0.39170000000000005,0.9048,2.2588,2210.2778
134,20.9574,1.0549,0.9174999999999999,2.2877,2195.1
135,19.9951,2.4481,0.8235,2.3038,2197.2667
136,25.2645,0.5565,0.811,2.3978,2218.0555
137,44.784266730084916,1.4959,0.7574,2.3073,2205.2222
138,29.012,2.7418953659709207,0.7643,2.2771,2179.0778
139,36.283,1.4018,0.6163,2.2216,2173.4889
140,21.9929,0.9597,0.7139,2.2802,2224.6778
141,30.9009,1.6516,0.9174999999999999,2.3021,2187.9889
142,26.3771,1.2486,0.7477,2.3161,2198.7222
143,37.8425,1.5107999999999997,0.573,2.2705,2207.9555
144,24.1495,1.177,0.7532,2.2931,2207.1
145,24.1581,0.6994999999999999,0.573,2.2705,2231.0555
146,27.7378,1.507,0.7507,2.3128,2177.3222
147,28.7957,1.6801,0.6787,2.2809,2207.9555
148,28.475399999999997,1.0482,0.9588,2.3063,2242.8555
149,22.8177,0.9541,0.3963,2.3301,2201.0667
150,28.2316,1.145,1.0186,2.4196000000000004,2266.8333
151,30.5545,1.687,0.9683,2.298,2243.7778
152,44.784266730084916,1.6433,1.0459,2.3997,2221.9444
153,44.784266730084916,1.5114000000000003,0.7584,2.3237,2166.5222
154,22.8392,1.8575,0.7059,2.298,2177.3222
155,24.7192,0.7827,0.7928,2.2928,2197.2667
156,39.8719,1.4282,0.7524,2.3314,2171.8111
157,21.6833,1.7250000000000003,0.5955,2.2764,2196.2111
158,21.4549,1.1178,0.577,2.4201,2146.9111
159,22.4948,1.1846,0.5194,2.2892,2221.3667
160,33.5324,0.6766,1.1623,2.3884,2187.7888
161,31.622,1.1462,0.8615999999999999,2.2553,2180.5556
162,29.1444,1.068,0.5377,2.2697,2200.7333
163,27.4264,0.61,0.7677,2.4349,2249.2556
164,23.9846,0.9771,0.9048,2.2616,2191.1333
165,23.214700000000004,0.4391,0.8882999999999999,2.2909,2235.0556
166,21.8556,1.5403,0.7532,2.2859,2195.1
167,27.0269,2.4842,0.7408,2.3715,2238.5444
168,30.4987,0.5555,0.9332,2.4167,2200.2
169,18.3248,1.3887,0.6576,2.3025,2178.0778
170,34.2074,1.1199,0.8858999999999999,2.2634,2211.6
171,20.7886,0.587,0.768,2.3099000000000003,2196.8
172,39.686499999999995,1.7284,0.7162,2.3403000000000005,2196.6555
173,20.1161,1.261,1.0959,2.3403000000000005,2196.6555
174,25.9809,1.126,1.0541,2.4108,2189.3556
175,25.1055,0.5593,0.9066,2.2954,2181.1889
176,37.5213,1.3533000000000002,0.7524,2.3132,2197.2333
177,17.4684,0.5947,0.8446,2.3471,2239.4223
178,26.7205,1.2194,0.8858999999999999,2.2596,2218.6223
179,24.6207,1.4290000000000003,0.7277,2.2711,2195.9778
180,29.7075,1.3251,0.8146,2.2967,2167.2
181,44.784266730084916,0.6224,0.9059,2.3078,2178.7333
182,34.3077,1.3425,0.9276000000000001,2.292,2243.8556
183,24.0276,1.2937,0.6385,2.2825999999999995,2236.1111
184,25.5747,1.3582,0.7852,2.2809,2209.6667
185,22.1925,1.4506999999999999,1.0189,2.3453,2236.0667
186,22.3699,0.948,0.8556,2.3194,2214.7111
187,42.2381,0.8327,1.148,2.3378,2181.5111
188,25.6635,1.6932000000000005,0.685,2.2569,2203.4445
189,23.122200000000003,1.5100999999999998,0.6796,2.2732,2173.2778
190,30.222000000000005,1.42,0.6385,2.212,2173.2778
191,41.5043,0.9558,0.7898,2.3313,2183.4333
192,44.784266730084916,1.4775,0.9087,2.3314,2139.2667
193,22.2242,0.8521,0.9735,2.3453,2184.8889
194,24.4119,1.9183,1.0078,2.3401,2233.1556
195,25.4657,1.036,0.8858999999999999,2.4023,2226.0667
196,26.114,0.9145,0.6257,2.3207,2181.0444
197,26.9505,1.1351,0.5888,2.3162,2141.0667
198,32.7145,1.0438,0.7954,2.2647,2202.3556
199,21.6961,0.499,0.8235,2.3834,2197.6444
200,23.7588,1.1126,0.47490000000000004,2.2392,2203.1667
201,26.5186,1.0423,0.8615999999999999,2.3883,2228.7222
202,24.5318,1.4033,0.9525000000000001,2.2959,2180.8889
203,22.9188,0.6153,0.6644,2.3479,2232.0778
204,22.1064,1.1443,0.4382,2.349,2194.8
205,23.8635,1.416,0.8197999999999999,2.2949,2200.1222
206,31.6904,1.5751000000000004,0.7158,2.3038,2185.8111
207,19.9232,1.1092,0.9237999999999998,2.2989,2218.8778
208,23.8635,0.7485,0.7928,2.307,2176.6334
209,16.8961,0.589,0.713,2.2989,2188.7111
210,18.8096,1.4645,0.4389,2.2773,2234.5222
211,29.6277,1.3408,0.4817,2.2749000000000006,2221.9778
212,22.1063,0.6104000000000002,0.9725,2.295,2208.4444
213,28.2022,0.8961,0.832,2.3289,2200.0666
214,29.2332,0.5862,0.7681,2.3503,2159.0556
215,36.1696,0.7666,0.6268,2.2732,2192.1889
216,21.0159,0.8832,0.7865,2.3124,2210.3556
217,37.0555,0.5426,0.9059,2.3144,2197.6778
218,34.578,2.3536000000000006,0.811,2.2881,2218.5778
219,32.6371,0.7727,1.026,2.2982,2177.4333
220,34.6022,0.8833,0.7015,2.3954000000000004,2221.9444
221,20.0533,0.7133,1.0393,2.2909,2235.0556
222,26.314,0.9055000000000001,0.9525000000000001,2.2982,2192.7556
223,26.5379,1.4885,0.78,2.3259,2230.7555
224,28.3035,0.7743,0.6373,2.2631,2210.2778
225,19.159299999999998,1.5637999999999999,0.596,2.3834,2185.9333
226,24.627799999999997,1.1976,0.7611,2.3138,2137.6111
227,27.0311,0.8222,0.9091,2.4172,2178.5889
228,38.8982,1.7323000000000002,0.7584,2.3248,2166.5222
229,22.8831,1.2968,0.6163,2.2939,2189.6778
230,27.6339,1.174,0.7558,2.2631,2216.5
231,29.5672,0.5358,0.8451999999999998,2.2604,2177.0333
232,31.7775,0.6779,0.9074999999999999,2.4023,2231.6111
233,38.0547,1.6970000000000003,0.8384,2.2881,2224.0
234,20.9881,0.4833,0.687,2.3132,2205.2222
235,27.7301,1.2029,0.6302,2.3179,2172.9778
236,15.7033,0.9954,0.9444,2.418,2192.3778
237,24.9562,1.0296,0.8569,2.2868,2167.4222
238,13.5705,0.9166,0.5374,2.3984,2208.6556
239,24.1408,0.8871,0.4782,2.2729,2206.4
240,30.1925,0.9429,0.7719,2.2647,2194.9556
241,21.8247,0.5923,0.7613,2.3997,2138.8778
242,23.8107,1.911,0.6641,2.2445,2192.5556
243,31.842899999999997,1.7271000000000003,0.684,2.2527,2215.5111
244,25.0547,0.5866,0.6373,2.2445,2247.3666
245,21.0858,0.4517,0.9726000000000001,2.4073,2189.8778
246,24.6357,1.2765,1.1248,2.2697,2163.5889
247,29.8877,0.5368,0.9332,2.4167,2219.7667
248,31.4055,1.6067,0.47439999999999993,2.2757,2192.1889
249,24.3734,0.87,0.481,2.2673999999999994,2210.8556
250,30.1905,1.6506000000000003,0.5329,2.2544,2187.3444
251,14.406000000000002,2.0383,0.5593,2.3038,2243.7778
252,30.3384,1.33,0.9186,2.3079,2208.9
253,19.7743,2.3024000000000004,0.8735,2.3592,2220.7111
254,26.841,1.0179,1.1638,2.2728,2155.6333
255,30.0271,1.197,0.7337,2.2474,2213.9111
256,39.587,0.9742,0.7584,2.4153,2206.5112
257,22.0794,1.6752000000000002,0.8658999999999999,2.292,2243.8556
258,20.8163,0.5671,0.9251,2.3796,2197.6778
259,26.3647,1.1396,0.6805,2.2831,2188.6
260,32.4091,1.0539,0.9707000000000001,2.3058,2204.2889
261,24.2043,2.4515,0.9254999999999999,2.3038,2178.7333
262,25.1914,0.5783,0.6815,2.1995,2200.1222
263,21.3934,0.9338,0.57,2.3308,2217.8667
264,29.005900000000004,1.1257,0.7032,2.4012,2171.5
265,25.6619,1.1328,0.6332,2.2445,2201.8666
266,34.4785,1.4004,0.3512,2.2959,2205.5
267,26.2155,0.672,0.9525000000000001,2.2247,2172.8111
268,20.024899999999995,0.9178,0.9192999999999999,2.3044,2183.3444
269,28.691499999999998,0.9433,0.9715000000000001,2.3453,2229.3333
270,27.8586,0.9331999999999999,0.8336,2.3322999999999996,2236.0667
271,15.585,0.8101,0.7121,2.3149,2224.0
272,28.8169,0.6411,0.6611,2.2337,2183.5889
273,27.1415,1.0165,0.8716,2.2868,2199.6334
274,18.6383,0.9655,0.6644,2.3932,2260.2222
275,28.2459,1.8361,0.7663,2.2757,2217.0
276,28.419199999999996,0.6801,0.768,2.3341000000000003,2167.9444
277,30.4269,0.543,0.593,2.4349,2200.2
278,24.1042,1.5766,0.9066,2.2886,2192.7556
279,29.7647,1.1059,0.6903,2.2474,2172.3111
280,19.9304,1.4043000000000003,0.8089,2.2673999999999994,2204.92442
281,29.085,1.066,0.9072,2.3322999999999996,2214.9333
282,26.0255,0.8903,0.8704999999999999,2.2646000000000006,2246.5778
283,24.4489,1.3825,0.9735,2.3625,2229.3333
284,27.8129,0.8107,0.6787,2.2757,2217.0
285,23.195,0.9668999999999999,0.8149999999999998,2.2647,2195.5
286,36.74079999999999,0.7686,1.0765,2.4241,2244.9778
287,37.4995,1.2543,0.8007,2.3348,2239.3
288,29.5935,2.1387,1.1869,2.3573,2172.5333
289,32.3553,0.738,0.714,2.4160000000000004,2181.61108
290,21.2995,1.1757,0.8658999999999999,2.2671,2241.1778
291,20.4284,2.051,1.0047,2.3025,2186.9889
292,19.968300000000003,0.8661,0.7664,2.3984,2200.9556
293,25.7524,0.5952,0.8571,2.2671,2188.5111
294,25.877499999999998,1.0047,1.0918,2.2785000000000006,2192.7889
295,23.4612,1.3849,0.7153,2.2771,2124.8444
296,22.2958,1.2098,0.6857,2.3932,2244.9778
297,20.133800000000004,1.2667,0.7674,2.2797,2218.8111
298,38.597,0.6741,0.8384,2.3997,2248.4222
299,12.0446,0.8297,0.7316,2.2773,2170.9667
300,35.4148,2.448,0.7059,2.3132,2196.6889
301,26.26,0.5796,1.1623,2.4160000000000004,2231.9555
302,20.1913,0.6628,0.7724,2.2717,2199.6556
303,32.3293,2.3988,0.8962,2.3695,2203.0445
304,19.9831,1.267,0.8689999999999999,2.2588,2173.4556
305,22.9633,0.9146,0.9729,2.2967,2183.3444
306,21.7752,1.8588,0.8160999999999999,2.349,2134.7445
307,26.9923,1.1613,0.5066,2.2939,2205.2555
308,25.8412,1.0562,0.6222,2.4213999999999998,2245.3667
309,44.784266730084916,1.478,1.0803,2.3314,2139.2667
310,30.1316,1.8196000000000006,0.5677,2.3052,2243.7778
311,22.863,0.661,0.5858,2.2729,2206.9667
312,25.517700000000005,1.9245000000000003,1.1054,2.3216,2195.1222
313,24.6273,2.7418953659709207,0.9826,2.3257,2171.8556
314,28.4535,0.5624,0.9329000000000001,2.2604,2216.8111
315,30.6183,1.0395,0.9707000000000001,2.2453,2192.7556
316,25.5848,0.5054,0.604,2.2964999999999995,2167.2
317,30.3896,1.3557,0.687,2.3296,2170.9667
318,28.8331,1.6262,0.9329000000000001,2.2711,2195.9778
319,44.784266730084916,0.663,1.0551,2.4066999999999994,2221.9444
320,19.9156,0.6777,0.7642,2.3073,2202.1222
321,27.1184,0.8503000000000001,0.7532,2.3187,2192.7889
322,25.2629,0.7847,0.8336,2.2868,2205.7
323,32.6343,1.1404,1.148,2.3505,2186.2667
324,25.2855,0.5176,1.0338,2.3073,2213.7556
325,26.308,0.4807,1.0359,2.2553,2206.1444
326,22.6131,0.547,1.0323,2.3796,2224.0
327,32.7382,0.5159,1.0478,2.4439,2231.6111
328,25.4566,0.4382,0.8435,2.3162,2179.0778
329,23.6862,1.1866,0.8807,2.2697,2200.7333
330,23.229000000000003,1.0777,0.7643,2.3063,2216.4778
331,26.658,1.8979000000000001,1.0459,2.3237,2180.6778
332,21.128799999999995,0.49069999999999997,1.0338,2.3073,2213.7556
333,27.0904,0.9052,0.9074999999999999,2.2337,2189.6778
334,18.6087,1.2833,0.8681,2.3582999999999994,2180.1556
335,28.3785,0.6415,0.577,2.3063,2216.4778
336,26.5918,1.2209,0.9276000000000001,2.1996,2172.8111
337,28.1825,1.0556,0.8154999999999999,2.3301,2177.4333
338,34.1825,1.1885,0.7677,2.3797000000000006,2244.5
339,39.9106,2.4641,0.7747,2.31,2184.8889
340,25.7025,1.4643,0.8230999999999999,2.3257,2171.8556
341,25.5875,2.1837,0.7507,2.2928,2243.7778
342,23.8478,1.2156,0.9332,2.3331,2194.5889
343,30.2685,1.0912,0.9174999999999999,2.3021,2187.9889
344,35.7866,1.9644999999999997,0.9059,2.3149,2196.6889
345,23.5681,1.4276999999999997,0.8689999999999999,2.2588,2172.1223
346,40.8846,0.6209,0.3973,2.2949,2203.1667
347,23.7727,1.9923000000000002,0.8041,2.3978,2218.0555
348,31.4605,0.8899,1.0189,2.3257,2171.8556
349,31.9995,1.4218,0.47439999999999993,2.3021,2216.8333
350,22.5764,1.9578000000000004,0.8807,2.3695,2177.0222
351,30.42346,1.0355,0.6644,2.4241,2269.2556
352,23.241,1.1257,0.8435,2.3296,2170.9667
353,18.5853,1.4659,1.0891,2.3403000000000005,2174.8666
354,29.6922,0.49219999999999997,0.685,2.2563,2243.8556
355,33.7075,1.3401,0.7719,2.2527,2188.5444
356,30.1518,1.746,0.768,2.3604,2236.0667
357,29.1285,0.8158,0.8159,2.3322999999999996,2171.3222
358,25.8642,0.9396,1.0631,2.2553,2213.9111
359,20.8541,0.54,1.0216,2.3275,2190.1555
360,20.1394,0.7954,0.8344999999999999,2.31,2212.7111
361,22.8619,0.6347,0.8047,2.4151,2218.7778
362,32.5387,1.7394000000000003,1.0323,2.3101,2177.3222
363,20.8256,1.2146,1.0216,2.3124,2220.0445
364,44.784266730084916,0.8075,0.9413000000000001,2.3099000000000003,2196.6889
365,44.0701,1.1821,0.9393,2.3756,2171.9
366,29.5895,1.0292,1.0393,2.3503,2159.0556
367,24.0616,0.5019,0.745,2.2671,2170.7444
368,44.784266730084916,1.8286999999999998,0.6302,2.3026,2285.905182248416
369,20.4431,1.8923999999999999,1.062,2.3132,2208.4444
370,23.290799999999997,2.3473,1.0338,2.3672,2180.0556
371,23.9046,1.5431,0.5194,2.2717,2199.6556
372,24.8245,1.3016,0.593,2.2954,2266.8333
373,26.1208,1.2793,0.6222,2.3207,2174.7555
374,28.0815,1.0089,0.587,2.2569,2194.9556
375,23.3059,1.1364,0.687,2.3099000000000003,2186.9889
376,28.8578,1.2126,0.7506,2.4201,2165.0333
377,44.784266730084916,0.8832,1.0803,2.4066999999999994,2221.9444
378,29.7843,1.3151,0.47439999999999993,2.2858,2196.1111
379,25.9662,1.56,0.9361,2.2909,2183.3111
380,21.6796,0.8487999999999999,0.713,2.3036,2218.8778
381,31.879000000000005,0.7723999999999999,0.7159,2.2756,2200.9889
382,28.1985,0.5141,0.5836,2.3378,2164.3
383,23.7087,0.6813,0.687,2.3144,2197.2333
384,25.2115,0.9829000000000001,0.9826,2.2771,2201.8222
385,35.2757,0.636,0.5677,2.2948,2197.6778
386,30.013,0.9405,0.46599999999999997,2.2472,2206.1444
387,28.6157,1.2209,0.6066,2.4073,2203.4556
388,31.0321,2.3927,0.9683,2.4,2280.8222
389,18.7085,1.4867,0.6242,2.212,2173.2778
390,21.9055,1.0252,0.587,2.4012,2211.7778
391,24.0673,1.053,1.0323,2.3865,2196.6889
392,18.2764,2.421,1.0323,2.3805,2205.4667
393,32.176,1.8409,0.7159,2.3883,2210.2778
394,31.339600000000004,1.0947,1.0541,2.2564,2194.3778
395,23.4301,1.4326999999999999,0.8076,2.2717,2199.6556
396,17.8357,1.1921,0.9232,2.2555,2217.4111
397,20.5351,0.9092,0.9251,2.3244,2168.7222
398,23.3895,0.9037,0.6903,2.2588,2210.2778
399,28.1392,1.4406,0.7015,2.3262,2224.6222
400,31.7755,1.1524,0.8296999999999999,2.3058,2201.2889
401,26.8972,0.5412,1.0393,2.3044,2235.0556
402,29.1464,1.3462,0.9735,2.3708,2205.7222
403,17.3399,1.1433,1.0135,2.3087,2189.6555
404,22.588,0.45399999999999996,0.8342999999999999,2.3078,2218.5778
405,25.0401,2.1857,0.7507,2.3099000000000003,2186.9889
406,21.2359,1.2893,0.7059,2.3808,2197.2333
407,30.2702,1.3868,0.5967,2.3025,2204.2889
408,22.6626,1.8458000000000003,0.6796,2.2959,2187.9889
409,28.8106,0.9833,1.0541,2.2725,2114.990560444201
410,30.7204,1.3541,0.7534,2.212,2236.1111
411,39.683,0.8118,1.1086,2.3348,2187.5222
412,19.3697,0.6189,0.9725,2.2948,2208.4444
413,18.6476,1.3617,0.4221,2.3592,2265.1889
414,22.8489,0.7446,0.8751999999999999,2.2909,2183.3111
415,22.9832,0.6305,0.8229,2.4723,2231.6111
416,29.8057,1.5357,0.8136,2.3021,2205.5
417,38.9877,2.3928,0.8556,2.3167,2201.5777
418,14.8409,1.1482,0.713,2.2802,2202.2556
419,32.7742,1.6888999999999998,0.5742,2.2737,2207.9555
420,23.692500000000003,0.8587999999999999,0.8689999999999999,2.2622,2180.7
421,22.8057,0.6902,0.9136,2.2927,2176.4667
422,24.3585,0.5434,0.9091,2.2563,2227.9778
423,30.59,0.5378,0.7258,2.4160000000000004,2276.4556
424,22.7886,1.3679,0.4685,2.2216,2171.8556
425,30.3824,1.0263,0.9735,2.4201,2162.7556
426,26.3334,1.7921,0.7681,2.3406,2159.0556
427,30.9695,1.7352,0.6056,2.2799,2217.0
428,25.4819,1.4776,0.6066,2.3275,2190.1555
429,25.4333,1.7578000000000003,1.0407,2.3221,2220.5445
430,31.3826,0.9984,0.8149999999999998,2.2805,2216.5
431,20.2022,0.5358,0.4817,2.3867,2260.7333
432,33.6506,1.5318,0.4817,2.1996,2171.8556
433,41.5512,1.7925000000000002,0.9368,2.3248,2166.5222
434,33.9495,0.6368,0.6161,2.3914,2260.7333
435,24.7094,0.6321000000000001,0.5284,2.4201,2244.5
436,31.3918,1.1005,1.0631,2.3936000000000006,2189.3556
437,22.97,0.6766,0.7032,2.2757,2200.9889
438,39.6821,2.1091,0.6302,2.3505,2228.0555
439,25.4943,0.9553,0.573,2.2673999999999994,2212.3
440,41.9354,1.5056,0.7574,2.4066999999999994,2217.7556
441,38.5841,1.6454,0.9254999999999999,2.3167,2194.6444
442,28.8009,2.7418953659709207,0.9588,2.3322999999999996,2184.8889
443,27.2525,1.0037,0.8149999999999998,2.2474,2206.1444
444,29.9212,1.6691,0.4254,2.2915,2182.4111
445,20.6576,1.1005,0.9273999999999999,2.2868,2195.4444
446,26.147900000000003,1.6595,0.714,2.2689,2173.6444
447,30.0241,1.9297999999999997,1.2223,2.3416,2180.3778
448,23.175700000000003,1.7021000000000002,0.7613,2.3313,2183.4333
449,44.784266730084916,2.1645,1.0216,2.2564,2176.84699208884
450,30.3538,1.7789000000000001,0.7162,2.3416,2180.3778
451,29.0454,0.9172,0.6254,2.3308,2195.1
452,26.7098,0.7935,0.577,2.3306,2171.8556
453,25.4798,1.5394000000000003,0.6385,2.1911,2173.2778
454,27.984,2.0675000000000003,0.8163,2.2569,2166.2111
455,18.277,0.9863,0.3963,2.3391,2205.7222
456,30.275499999999997,0.8142,0.8384,2.3026,2223.4
457,32.4807,1.2878,0.6611,2.2671,2241.1778
458,26.0868,0.8824,1.0359,2.2668,2168.7333
459,21.9792,1.1737,0.8146,2.3391,2205.7222
460,25.688,0.4568,0.9873,2.2689,2126.6555
461,23.1136,0.7458,1.0216,2.3331,2204.5445
462,23.8511,0.9222,0.9174999999999999,2.3021,2187.9889
463,39.4515,2.3584000000000005,0.9109,2.3911,2280.8222
464,24.5095,1.5174000000000003,0.7193,2.2216,2198.8556
465,29.2938,1.6628000000000005,0.6259,2.2673999999999994,2207.9555
466,28.4793,0.5152,0.604,2.2728,2253.5111
467,32.0454,1.4633,1.1869,2.3038,2195.7666
468,28.975199999999997,0.9923,0.47439999999999993,2.2797,2212.3
469,26.1038,1.174,0.7153,2.2967,2155.6333
470,31.3727,1.8398,0.47439999999999993,2.2809,2209.6667
471,27.9706,1.5461000000000003,0.7392,2.2732,2215.8111
472,27.0478,0.5554,0.6927,2.4213999999999998,2151.6889
473,29.0537,1.5425,0.7392,2.2809,2207.1444
474,18.853200000000005,1.6463000000000003,0.6242,2.2825999999999995,2164.3666
475,29.4926,0.8503000000000001,1.1255,2.3257,2183.5
476,33.4081,1.9569,0.8041,2.3978,2218.0555
477,23.1861,1.5723,0.7506,2.2717,2175.2556
478,21.153499999999998,2.0322,0.6641,2.3596000000000004,2171.9
479,31.5545,0.621,0.8704999999999999,2.4044000000000003,2210.9778
480,31.016,1.0689,0.8230999999999999,2.3414,2171.3222
481,29.7545,0.498,0.8163,2.2588,2200.9889
482,31.3313,0.8767,0.4996,2.3397,2223.1667
483,31.0165,0.496,0.656,2.4023,2219.7667
484,32.4059,1.2528,0.9136,2.2673999999999994,2223.0444
485,26.3006,0.6162,0.9588,2.3312,2167.9444
486,33.0615,1.3776,0.687,2.3735000000000004,2185.3334
487,24.3206,1.5383,0.5279,2.3326,2169.4667
488,26.2879,0.7163,0.7849,2.2737,2207.9555
489,32.3378,1.7486,0.6901,2.4035,2246.4889
490,36.343,1.8977,0.5858,2.2757,2210.7333
491,27.6705,1.0303,0.7337,2.2954,2182.0222
492,30.3892,0.5448,0.768,2.3375,2167.9444
493,23.0468,1.1893,1.0407,2.3417,2206.5112
494,21.0027,1.0161,0.6576,2.3672,2178.6889
495,25.849,1.0662,0.8716,2.3297,2217.8667
496,27.6462,1.163,0.7719,2.4196000000000004,2200.2
497,26.3116,0.5544,0.7663,2.2793,2171.8556
498,28.803,1.7661000000000002,1.0631,2.2646000000000006,2192.0
499,28.6912,1.4001,0.9186,2.2563,2244.9778
500,22.650399999999998,1.5858000000000003,0.7613,2.3313,2199.3334
501,28.1993,2.1399,0.5742,2.2809,2209.4667
502,28.188999999999997,0.9768,0.9048999999999999,2.3058,2204.6667
503,30.056500000000003,1.4319,0.5377,2.3259,2183.3111
504,18.2111,1.2562000000000002,0.7613,2.3712,2191.9
505,26.0425,0.6287,0.7643,2.3495,2159.0556
506,23.7055,0.5642,1.0478,2.3793,2189.8778
507,26.2629,0.5072,0.8571,2.2825999999999995,2199.6556
508,34.1725,0.9274,0.4443,2.2729,2206.4
509,24.7718,0.6388,0.7611,2.4201,2137.6111
510,27.8252,0.5889,1.0143,2.2864,2219.7667
511,16.3432,1.1453,0.5284,2.4237,2228.9445
512,26.0317,0.963,0.6335,2.4025,2285.905182248416
513,21.2711,0.9534,0.8230999999999999,2.349,2204.5445
514,27.2483,0.5779,1.0631,2.3938,2196.0
515,31.416,2.1505,1.1815,2.3971,2185.9333
516,25.3309,1.2665,0.9186,2.292,2178.5889
517,24.3465,0.4508,1.0189,2.3063,2216.4778
518,23.5304,1.8714000000000004,0.9725,2.3625,2173.6222
519,28.6582,0.9273,0.6144,2.2474,2210.8556
520,22.3822,0.3971,0.6987,2.3162,2219.1333
521,32.6465,2.1512,0.6901,2.3582999999999994,2222.3333
522,23.2779,1.4486999999999999,0.9725,2.3128,2180.9666
523,27.098800000000004,0.9407000000000001,1.0918,2.2689,2155.6333
524,24.2974,1.169,0.8615999999999999,2.2732,2196.1111
525,25.7166,0.7974,0.7663,2.3144,2205.2222
526,25.3734,0.5985,0.5799,2.3495,2242.8555
527,25.1013,0.6080999999999999,0.8882999999999999,2.2964999999999995,2235.0556
528,18.3175,1.7144000000000001,0.9251,2.4,2185.9333
529,30.7458,1.3105999999999998,0.8076,2.2732,2217.5778
530,30.6953,1.3522,0.5284,2.2671,2188.5111
531,37.6915,1.4196999999999997,0.6783,2.3243,2270.2556
532,26.4193,0.5811,0.6163,2.1995,2164.2667
533,19.1895,0.8821,0.746,2.3124,2210.3556
534,25.6003,0.5732,0.832,2.3406,2159.0556
535,20.6151,1.1259,0.8704999999999999,2.3124,2216.7333
536,26.166,1.2276,0.7316,2.3044,2146.1111
537,22.8211,1.2161,0.7664,2.3042,2200.9556
538,20.724199999999996,0.9775,0.8833999999999999,2.2831,2114.990560444201
539,18.784,0.956,0.8757999999999999,2.3301,2177.4333
540,26.4708,1.6530000000000002,0.6161,2.4196000000000004,2219.7667
541,18.9734,1.7646,0.5765,2.3195,2200.2333
542,19.6859,1.5654999999999997,1.1869,2.2689,2219.1333
543,18.0095,1.1074,0.7093,2.2802,2204.2333
544,33.0758,0.5952,0.7408,2.3865,2238.5444
545,27.517699999999998,0.9656,1.0765,2.4241,2186.9
546,26.8806,1.0294,0.9916000000000001,2.3991,2216.6778
547,33.6192,2.2207,0.662,2.2931,2180.3778
548,28.0695,1.143,0.7162,2.3403000000000005,2181.6111
549,23.4873,0.4977,0.8882999999999999,2.2937,2163.8667
550,44.784266730084916,1.3704,0.7516,2.2982,2181.1889
551,23.7193,0.9529,0.78,2.3991,2242.4333
552,28.9017,0.5774,0.9276000000000001,2.4253,2147.1111
553,32.6374,1.2101,0.7233,2.2678,2213.15554
554,41.8842,0.5712,1.148,2.3408,2234.6111
555,21.9792,2.1467,0.8235,2.3194,2214.7111
556,20.5025,0.9215,0.7093,2.3817,2205.7445
557,26.0917,0.7553,0.4254,2.2779,2196.90888
558,23.7806,0.5063,0.8751999999999999,2.3177,2213.7556
559,27.527,1.5008,0.9186,2.2927,2178.4667
560,27.6476,1.0674,0.9726000000000001,2.4073,2136.4111
561,26.8797,2.0131,0.9413000000000001,2.3865,2196.6889
562,24.7298,1.4905,0.5194,2.3138,2244.5
563,21.0446,0.9001,0.647,2.2949,2208.9778
564,27.630100000000002,1.4857,1.2364,2.2932,2230.4222
565,40.5205,0.5697,1.0551,2.3403000000000005,2196.6555
566,21.367099999999997,1.5247999999999997,0.7532,2.319,2207.1
567,26.7021,1.079,0.7153,2.3162,2114.990560444201
568,31.443900000000003,0.8457999999999999,0.5355,2.3289,2200.0666
569,28.7752,0.5645,0.4382,2.4284,2155.3111
570,30.628900000000005,1.205,0.6783,2.3416,2197.3111
571,26.1855,2.2394,0.7408,2.3796,2197.6778
572,22.3374,0.6183,1.1815,2.3177,2202.1222
573,29.3844,1.3993,0.7584,2.3006,2174.8666
574,21.738099999999996,1.6741000000000001,1.062,2.3704,2225.5889
575,20.2979,1.662,0.5632,2.2948,2167.5
576,26.7245,0.7625,0.8262999999999999,2.3867,2169.9444
577,24.3275,0.6020999999999999,1.1525,2.3715,2214.7111
578,30.2505,2.0058,1.0803,2.3167,2178.7333
579,23.4325,1.065,0.5799,2.3414,2229.3333
580,24.1601,0.6534,0.4782,2.2797,2206.95114
581,23.7913,0.8959999999999999,0.7808,2.3725,2197.6778
582,31.9933,1.5624,0.5377,2.2689,2183.3111
583,20.9755,0.4549,0.8336,2.2647,2114.990560444201
584,18.5294,0.8581,1.0478,2.3938,2211.7778
585,28.1426,1.1776,0.5742,2.2809,2209.4667
586,22.6375,0.5980999999999999,0.9826,2.3063,2216.4778
587,22.519,2.3637000000000006,0.7121,2.3132,2198.7222
588,24.3769,1.5979,0.6222,2.4044000000000003,2218.6333
589,24.1465,0.4919,0.9729,2.3805,2151.6889
590,23.6178,1.1828,0.5066,2.2732,2208.9778
591,20.0445,0.5803,0.5836,2.3378,2164.3
592,22.969,0.6342,1.1869,2.3167,2214.7111
593,28.252,1.2874,0.7942,2.3308,2207.1
594,39.9438,1.3188,0.4184,2.3695,2183.4556
595,19.6185,0.7778999999999999,0.7677,2.3867,2169.9444
596,26.3122,1.9099000000000002,0.7121,2.3038,2243.7778
597,23.0148,1.4308,0.8735,2.3524,2171.9
598,27.8256,1.0753,0.8569,2.2982,2201.2889
599,29.2883,0.808,0.8304,2.3207,2127.9555
600,26.977,1.507,0.8089,2.2939,2189.6778
601,19.9565,2.0754000000000006,0.8007,2.3524,2222.3222
602,28.6558,0.7991,0.9163,2.2805,2200.9889
603,26.9974,0.8728000000000001,0.832,2.3654,2165.8666
604,31.0075,0.6604,0.7159,2.2757,2171.5
605,27.5901,1.7093000000000003,0.8122,2.2869,2217.4111
606,28.851799999999997,1.2873,0.8807,2.3044,2202.2889
607,23.6405,1.3873,0.7674,2.2797,2239.4111
608,22.9785,0.9634,1.0393,2.3654,2217.8111
609,26.0408,0.7595,0.8159,2.3991,2216.5111
610,22.3489,2.2069000000000005,0.7015,2.3179,2166.5222
611,29.6544,0.5782,0.4782,2.2392,2191.6445
612,22.7338,0.9691,0.6641,2.3403000000000005,2181.1555
613,28.3474,0.8104,0.6641,2.2527,2192.5556
614,44.784266730084916,1.8646,0.7747,2.298,2244.1111
615,21.5576,2.4909,0.5066,2.2474,2205.2555
616,35.79930000000001,1.2441,0.8531999999999998,2.2949,2206.7999
617,26.2719,2.7418953659709207,0.8149999999999998,2.1919,2208.9778
618,29.023499999999995,0.9998,0.8184,2.2555,2217.4111
619,17.1276,0.7518,1.0338,2.2771,2180.7
620,33.8496,1.5756,0.8007,2.3582999999999994,2220.4444
621,24.8005,1.0833,0.7015,2.3243,2224.6222
622,24.1109,0.6707,0.7719,2.2588,2213.2111
623,29.1406,1.0045,0.5779,2.2647,2194.9556
624,17.5921,1.3788,0.8435,2.2728,2231.4889
625,16.9061,1.8942,1.2771,2.3715,2195.1222
626,27.5479,1.1287,0.8163,2.2596,2226.3111
627,29.8969,0.7478,1.0803,2.3221,2202.7111
628,32.8478,1.5639000000000003,1.0407,2.3613,2242.2444
629,24.6661,1.3132,0.8571,2.212,2173.2778
630,23.6096,1.0146,0.8594999999999999,2.3283,2182.6222
631,26.1512,1.6072000000000002,0.8807,2.3695,2196.0889
632,25.9589,1.7342999999999997,0.6335,2.3308,2171.8556
633,25.7407,1.8646,0.4685,2.2756,2202.5556
634,26.4206,1.2824,0.5317,2.3301,2190.7666
635,17.0797,1.2446,0.8446,2.3592,2183.4556
636,28.121,1.4479,0.7593,2.3341000000000003,2184.8889
637,24.5978,0.5786,0.587,2.4012,2187.4111
638,29.4636,1.2286,0.4254,2.2434,2203.1667
639,27.4876,0.8443,0.7954,2.2445,2223.9
640,26.3835,1.2587,1.0186,2.2563,2276.4556
641,36.5432,0.6901,0.6268,2.2539,2209.4667
642,23.1901,1.272,0.4129,2.3106,2191.8445
643,32.4142,2.3757000000000006,1.0047,2.307,2177.3222
644,36.61350000000001,2.0235000000000003,0.8222,2.3162,2179.0778
645,33.9056,1.6959000000000004,0.7642,2.3573,2187.6667
646,24.956300000000002,2.7418953659709207,1.1638,2.3375,2167.9444
647,9.011558782594168,0.4843,0.9444,2.3984,2200.2333
648,25.2503,1.694,0.7681,2.2802,2189.5777
649,25.8222,0.5011,0.8344999999999999,2.2928,2243.7778
650,29.185,0.6689,1.0323,2.3078,2218.5778
651,25.0963,0.9105,0.6066,2.3499,2194.5889
652,31.6501,1.1152,0.8594999999999999,2.2474,2211.6
653,23.6254,1.033,1.0216,2.3331,2187.8111
654,19.064,1.2166,0.565,2.2377,2203.1667
655,28.777,1.6289,0.4722,2.319,2204.6667
656,15.0708,1.4003000000000003,0.8446,2.3592,2265.1889
657,22.7427,0.7663999999999999,0.8751999999999999,2.2964999999999995,2201.8222
658,44.784266730084916,1.2968,0.47490000000000004,2.2858,2192.1889
659,28.0999,0.5651,0.9142999999999999,2.4172,2231.6111
660,30.2922,2.1936000000000004,1.1086,2.3582999999999994,2183.4556
661,29.452999999999996,0.5452,0.7337,2.4023,2153.9778
662,22.9589,0.8849,0.9588,2.3604,2233.1556
663,42.2686,0.507,0.8384,2.3170999999999995,2192.6889
664,22.23,1.1377,0.745,2.2892,2221.3667
665,23.5906,1.0448,0.8007,2.3497,2242.2444
666,29.6501,1.0646,0.6927,2.2927,2258.2778
667,24.1854,1.1405,0.768,2.3573,2207.8111
668,23.1949,1.2783,0.8716,2.3402,2215.3889
669,22.538399999999996,1.9299000000000002,0.9251,2.2948,2197.6778
670,15.3094,1.6483,0.9753,2.3437,2248.9
671,17.1419,0.6092,0.9812,2.3883,2180.5556
672,19.6579,0.9899000000000001,0.5377,2.2773,2173.6444
673,25.2303,1.7408000000000001,0.6987,2.3322999999999996,2233.1556
674,25.4763,0.8475,0.6927,2.2527,2201.8666
675,29.871,2.0216,0.9109,2.3704,2202.4333
676,30.7097,0.5184,0.9072,2.2668,2227.2444
677,26.247,1.7231000000000003,0.8716,2.3817,2189.8111
678,28.7982,0.42539999999999994,1.0393,2.3063,2242.8555
679,27.2628,0.7156,0.7719,2.3883,2211.4334
680,30.9212,0.571,0.8427,2.3275,2181.0444
681,28.9871,1.0703,0.6335,2.2793,2200.0666
682,26.1735,1.4174,0.9725,2.3708,2227.2444
683,21.3926,0.4864,0.8235,2.3834,2197.6444
684,31.0753,0.8944,0.9072,2.2472,2168.7333
685,31.303100000000004,0.8722,0.7032,2.2631,2171.5
686,16.1776,0.4302,1.062,2.3704,2233.7666
687,14.606,1.2249,0.8571,2.2216,2253.3444
688,33.3616,1.5465,0.573,2.1911,2255.5222
689,26.3387,0.6476,0.8229,2.4196000000000004,2200.2
690,21.841600000000003,2.2819,0.7139,2.4012,2195.6667
691,26.461699999999997,0.9152,0.9142999999999999,2.2821,2249.2556
692,28.0488,0.45099999999999996,0.9109,2.3834,2214.0556
693,37.4506,0.9416,0.7584,2.3415,2246.4889
694,24.0609,1.6572000000000005,0.7392,2.3056,2200.2111
695,26.0373,1.2411,1.026,2.2453,2191.3556
696,25.7529,1.3811,0.7852,2.2732,2215.8111
697,26.5409,0.9138,1.0135,2.3672,2178.6889
698,31.4736,1.2261,0.757,2.2604,2223.5333
699,25.2418,1.4465,0.5329,2.3021,2205.5
700,28.6132,0.853,0.7558,2.2564,2171.5
701,29.8709,1.0448,0.7053,2.2616,2189.9667
702,23.9411,0.8713,1.0631,2.2445,2215.5111
703,25.1003,0.427,1.0541,2.2757,2191.1333
704,29.8753,0.5207,0.7724,2.3932,2231.9555
705,22.1373,1.9653000000000003,0.9059,2.3052,2183.5777
706,24.7459,0.8462,0.6335,2.3604,2229.3333
707,27.3317,1.4497000000000002,0.7674,2.2539,2217.0
708,44.784266730084916,1.2177,1.0459,2.3505,2222.3222
709,27.2848,0.9256,0.8041,2.3025,2218.0555
710,28.2487,0.9116999999999998,1.0189,2.3322999999999996,2172.4
711,17.7128,1.0873,0.8469,2.2604,2187.3444
712,21.7888,1.2189,1.1638,2.2967,2141.0667
713,24.5276,0.5596,0.7664,2.4151,2228.9445
714,26.3457,1.9412,0.9683,2.3025,2196.8
715,30.6968,1.8981000000000003,0.4722,2.3308,2182.5555
716,26.6224,1.0795,0.8704999999999999,2.3991,2198.2667
717,17.8138,1.2408999999999997,0.9074999999999999,2.2726,2241.1778
718,40.4031,1.4428,0.6163,2.3479,2226.5444
719,21.5935,1.9286,0.9794,2.3038,2244.1111
720,29.5367,1.7275,0.8692999999999999,2.2967,2187.7333
721,20.2216,0.8934,0.746,2.3124,2210.3556
722,24.3127,0.7916,1.0338,2.3177,2180.0556
723,27.2606,1.7824000000000002,0.8296999999999999,2.2959,2195.9778
724,24.8064,0.6138,0.6605,2.2726,2175.1222
725,21.7197,1.4920999999999998,0.9048,2.4025,2214.7889
726,17.8882,0.608,0.4817,2.3193,2215.0222
727,30.5699,1.1231,0.6373,2.2527,2206.1444
728,19.8754,1.5908000000000004,0.9361,2.3044,2201.8222
729,29.5773,0.7838999999999999,1.1086,2.3221,2202.7111
730,29.626800000000003,0.9888,0.4184,2.3403000000000005,2222.3222
731,40.012499999999996,2.0087000000000006,1.1815,2.3704,2230.0333
732,39.793499999999995,1.0869,1.0551,2.3997,2221.9444
733,31.0771,0.9706,1.1255,2.3341000000000003,2217.8667
734,14.1161,1.7093000000000003,0.9725,2.2564,2189.78923208884
735,31.353900000000003,1.1157,0.4996,2.3532,2191.6667
736,22.9765,2.4264,1.062,2.3194,2201.5889
737,28.135300000000004,0.4526,0.8658999999999999,2.292,2194.9555
738,25.8855,0.4961,0.3963,2.3604,2233.1556
739,30.6359,1.4533,0.5669,2.2673999999999994,2206.4
740,22.698,0.8611,0.5799,2.3604,2242.4333
741,16.9701,0.3632,1.0697,2.2805,2285.905182248416
742,39.6517,1.7361,0.7574,2.3407,2224.4778
743,21.0896,1.7296000000000002,1.0147,2.3834,2197.6444
744,22.1809,1.8384000000000003,1.062,2.2881,2170.5444
745,18.7066,0.9103,0.713,2.2802,2220.0445
746,23.9037,1.0226,0.5066,2.2337,2209.1
747,28.3055,1.2477,0.6259,2.1911,2211.4
748,33.6765,1.4739,0.573,2.2216,2198.8556
749,25.1014,0.5151,1.0359,2.2757,2216.5
750,24.218,1.3416,0.7534,2.1996,2167.0889
751,27.2003,1.5019,0.6257,2.3331,2188.7222
752,26.0981,1.0044,0.8638,2.3907,2175.9667
753,23.8576,1.1798,0.9142999999999999,2.2927,2178.4667
754,31.6736,0.6107,0.8469,2.2732,2192.1889
755,27.1504,0.3697,1.0147,2.3235,2191.1111
756,27.8596,0.7818,0.6242,2.2717,2191.8445
757,24.7969,1.1493,0.6787,2.3301,2187.3444
758,30.1789,0.5818,0.6259,2.3025,2182.5555
759,29.1744,0.5546,0.7447,2.2785000000000006,2190.7666
760,24.4,0.7867,0.6641,2.2749000000000006,2221.9778
761,24.6599,1.0019,0.7153,2.2967,2141.0667
762,16.2643,1.1213,1.0959,2.3596000000000004,2197.8445
763,27.683400000000002,0.5832,0.9059,2.3099000000000003,2197.2333
764,35.4672,1.7907000000000002,0.714,2.2564,2164.72255208884
765,31.7389,1.0353,0.7053,2.2725,2189.9667
766,23.9783,0.5327,0.9329000000000001,2.2877,2177.4333
767,29.572,1.1769,0.8387,2.2474,2202.3556
768,28.5052,1.1026,0.9163,2.4439,2231.6111
769,32.4414,2.7418953659709207,1.1525,2.3073,2196.8
770,26.565,0.9280000000000002,0.9826,2.3401,2171.3222
771,21.8375,0.6964,0.8735,2.3596000000000004,2181.1555
772,21.9494,0.5683,0.9812,2.3331,2170.0666
773,27.8925,1.3328,0.4685,2.349,2204.5445
774,31.912800000000004,1.4638,0.9964999999999999,2.3124,2207.3889
775,29.9815,0.376,1.0407,2.3903,2206.5112
776,22.6667,1.9672000000000003,0.9735,2.3391,2201.0667
777,22.1827,2.073,0.7928,2.3052,2244.1111
778,22.0115,1.5213,0.5329,2.2757,2217.0
779,39.091,0.5578,0.764,2.3408,2234.6111
780,24.5151,1.0584,0.6066,2.2553,2211.4334
781,20.9109,1.3329,0.9729,2.3654,2233.1556
782,28.1237,0.9661,0.6066,2.3991,2250.7445
783,27.1912,0.7033,0.9916000000000001,2.4201,2162.7556
784,28.7462,0.6693000000000001,0.6796,2.2825999999999995,2162.1333
785,23.3521,1.1999,0.6163,2.2949,2197.2001
786,33.7563,1.2322000000000002,0.7643,2.3162,2230.7555
787,24.4754,0.43440000000000006,0.604,2.2771,2124.8444
788,16.6703,1.6728999999999998,0.7408,2.3038,2244.1111
789,37.2145,2.2383000000000006,0.9835999999999999,2.2931,2190.4889
790,23.9934,2.0182,0.8556,2.3025,2186.9889
791,21.9064,1.158,0.8133,2.3881,2219.3445
792,29.6873,0.9602000000000002,0.6254,2.2453,2192.7889
793,33.4282,1.1947,0.5765,2.2445,2184.7222
794,25.0247,2.1312,1.062,2.3631999999999995,2211.3889
795,28.709,1.1634,0.9091,2.2634,2169.8334
796,33.016,1.5415,0.7392,2.2539,2200.2111
797,19.7445,1.0579,0.7511,2.4025,2189.3556
798,19.4166,0.6100999999999999,0.684,2.3042,2200.9556
799,25.9831,0.9338,0.8786999999999999,2.3207,2174.7555
800,36.9278,1.9899000000000002,1.1815,2.3834,2185.9333
801,25.5696,1.3152999999999997,0.4817,2.1995,2162.1333
802,24.4002,1.5327999999999997,0.684,2.2954,2200.2
803,22.2081,1.2782,0.5478,2.2989,2218.9445
804,25.9046,0.8379,0.8076,2.212,2226.4667
805,25.1884,0.6141000000000001,0.832,2.4044000000000003,2210.9778
806,33.0295,0.5747,0.656,2.3914,2178.5889
807,32.9674,1.1593,0.8089,2.2392,2206.7999
808,16.218,2.7418953659709207,0.4221,2.362,2209.9222
809,23.5939,1.3863000000000003,0.7584,2.2886,2212.6334
810,29.4088,1.5687000000000002,0.46599999999999997,2.2527,2215.5111
811,23.7232,1.0274,1.0135,2.3573,2217.3777
812,24.1852,0.6020999999999999,0.78,2.2967,2242.8555
813,34.6714,1.6938000000000002,0.9715000000000001,2.3654,2215.3889
814,30.5174,0.6512999999999999,0.8531999999999998,2.3106,2173.2778
815,30.4154,1.4902,0.7898,2.3351,2223.8
816,31.5354,2.649,0.5593,2.3128,2214.7111
817,20.3804,0.5617,0.8571,2.2726,2221.3667
818,24.0994,0.7087,0.9729,2.3162,2163.5889
819,27.041,1.4171,0.9192999999999999,2.3244,2231.4889
820,28.1049,0.8352,0.7677,2.3867,2169.9444
821,23.4616,0.7117,0.74,2.2458,2158.7
822,20.2052,1.4986,0.5279,2.3326,2169.4667
823,30.4948,1.2635,0.8594999999999999,2.2527,2206.1444
824,34.3528,0.6164,0.5677,2.3737,2213.7556
825,28.6955,1.1005,0.8007,2.3221,2202.7111
826,22.4489,1.7554000000000003,1.1404,2.3121999999999994,2218.8489
827,27.6111,0.6592,0.6857,2.3797000000000006,2165.0333
828,23.8805,2.2218,0.7121,2.3149,2238.5444
829,29.9623,0.4345,0.8163,2.2569,2172.3111
830,29.4042,0.6509,0.7506,2.2247,2172.8111
831,24.0135,0.5295,1.0404,2.4160000000000004,2249.2556
832,20.6354,1.0894,0.7534,2.2718,2212.3
833,30.6311,1.2487,0.745,2.3797000000000006,2209.9555
834,29.0827,1.3807,0.8076,2.1996,2173.4889
835,22.4415,1.4611,0.8041,2.3073,2218.0555
836,25.9834,0.6311000000000001,0.6259,2.3187,2223.5333
837,19.4876,1.458,0.8446,2.3596000000000004,2265.1889
838,25.2876,1.2277,0.5765,2.3234,2263.3222
839,25.0576,1.3749999999999998,0.9873,2.3735000000000004,2207.0444
840,24.6272,2.4973,0.7059,2.3128,2194.6444
841,19.3468,2.2649000000000004,0.9251,2.3132,2180.9666
842,44.784266730084916,0.5459,0.7681,2.3312,2172.9667
843,20.9566,1.7536000000000003,0.7574,2.3737,2217.3777
844,29.0043,1.1457,0.6815,2.2726,2168.7
845,40.4755,2.3008,0.7808,2.4066999999999994,2184.8778
846,28.1907,1.5398,0.7162,2.307,2177.3222
847,34.2167,1.1707,0.573,2.2247,2172.8111
848,18.3685,1.0841,0.7384,2.2932,2233.3667
849,26.1779,0.9143,0.9332,2.4349,2249.2556
850,16.9553,1.1304,0.8638,2.2802,2225.0222
851,29.827,1.1934999999999998,1.0338,2.2937,2167.2
852,23.4114,1.12,0.7121,2.3132,2205.2222
853,25.0919,0.7895,0.9715000000000001,2.3406,2159.0556
854,27.2235,0.5129,1.0404,2.4253,2219.7667
855,24.9871,0.5589,0.587,2.3936000000000006,2189.3556
856,23.6578,0.4674,0.7663,2.1995,2164.2667
857,31.519999999999996,0.6646,0.7258,2.3797000000000006,2168.7
858,24.5446,2.7418953659709207,0.8089,2.2939,2189.6778
859,24.4248,0.9424,0.4221,2.3391,2227.2444
860,36.5743,0.9487000000000001,0.9383,2.3402,2179.2
861,26.0093,1.6577,1.1255,2.3322999999999996,2229.3333
862,26.776499999999995,0.958,0.8144999999999999,2.4201,2151.6889
863,26.1124,0.5415,1.0478,2.3793,2136.4111
864,44.784266730084916,1.843,0.8926,2.3997,2184.8778
865,24.5136,0.4541,0.9588,2.3044,2124.8444
866,22.7626,1.256,0.8160999999999999,2.3481,2197.5222
867,23.5333,1.2828,1.0404,2.2604,2190.7666
868,20.4622,0.6899,0.9142999999999999,2.2927,2185.1
869,19.5942,0.5734,0.7664,2.3936000000000006,2240.8666
870,27.5514,0.5609,0.6179,2.2821,2187.6667
871,23.754499999999997,0.7595,0.8230999999999999,2.2771,2124.8444
872,31.3745,1.3182,0.6385,2.3079,2236.1111
873,29.1587,1.8773000000000002,0.8230999999999999,2.3402,2205.7222
874,29.9794,0.9240000000000002,0.7584,2.2886,2212.8445
875,16.5512,1.3858,0.8435,2.2773,2234.5222
876,26.3681,0.5657,0.8638,2.3805,2136.4111
877,20.3988,1.7694,1.0323,2.298,2201.5777
878,23.4987,1.2219,1.0216,2.3331,2187.8111
879,28.057,1.9185,1.0189,2.3322999999999996,2236.0667
880,20.636,0.7519,0.3973,2.3797000000000006,2183.0556
881,26.5653,1.2467,0.8336,2.2757,2213.5111
882,36.222,1.081,0.6163,2.2407,2209.1
883,23.9156,0.8154,0.647,2.1919,2191.2111
884,31.4614,2.3585000000000003,0.9683,2.303,2185.8111
885,26.6104,1.7504000000000002,0.6257,2.3207,2190.1555
886,20.8865,2.0529,0.7664,2.3797000000000006,2228.9445
887,32.0705,1.6680000000000001,1.0644,2.3397,2225.1777
888,30.1427,1.2867,0.9368,2.3397,2221.5778
889,22.8296,1.8404,0.5677,2.3025,2197.2333
890,27.9956,1.2987,0.8229,2.2563,2256.6
891,17.7568,1.3212,0.8735,2.3403000000000005,2222.3222
892,32.9711,1.1722,0.5742,2.2407,2202.4556
893,24.6959,1.9612,0.481,2.2737,2207.9555
894,22.6227,0.6467,1.2771,2.3397,2222.6778
895,26.1586,1.416,0.9251,2.3796,2207.0444
896,24.7587,1.1737,0.6066,2.4213999999999998,2210.9778
897,21.476399999999998,0.6601,0.8235,2.3646,2211.3889
898,20.4859,1.871,1.2672,2.4213999999999998,2251.8222
899,28.3815,0.7954,0.8262999999999999,2.3867,2169.9444
900,23.461900000000004,1.477,1.0765,2.2555,2204.2889
901,40.3963,0.666,1.0323,2.2928,2197.2667
902,32.1743,1.3407,0.8531999999999998,2.2247,2172.8111
903,29.809699999999996,1.934,0.8344999999999999,2.3161,2198.7222
904,33.4962,2.3983,1.1869,2.2771,2201.8222
905,25.7896,1.7427000000000001,0.604,2.3654,2184.8889
906,27.717000000000002,0.5211,0.9358999999999998,2.2474,2204.1555
907,21.9517,0.8868,0.7159,2.2631,2180.5556
908,36.5543,0.7778999999999999,0.4996,2.3903,2220.5445
909,25.252,1.3864,0.604,2.3453,2171.3222
910,17.925,0.6000999999999999,0.7852,2.2752,2206.4
911,33.2787,1.9192000000000002,0.5779,2.3883,2184.7222
912,21.1546,1.6461999999999999,0.5279,2.3248,2172.9778
913,26.6434,0.9274,0.7832,2.2604,2192.7889
914,27.0626,0.5398,0.6927,2.4196000000000004,2249.2556
915,29.7881,0.968,0.6179,2.4160000000000004,2231.9555
916,25.866499999999995,1.3115,0.832,2.3301,2201.0667
917,20.0429,0.4796000000000001,0.8133,2.4213999999999998,2189.8778
918,32.237,2.1957,0.7747,2.303,2201.5777
919,21.3459,1.5155,1.0959,2.3524,2178.1444
920,27.7028,0.499,0.811,2.3796,2198.7222
921,29.1572,1.0049,0.7032,2.2569,2203.4445
922,19.4363,1.146,0.9273999999999999,2.2982,2195.4444
923,30.0404,2.19,0.8344999999999999,2.3038,2244.1111
924,18.5633,1.7835,0.596,2.366,2273.7556
925,25.2665,1.1393,1.0644,2.3756,2220.7111
926,36.6103,1.3234,1.0459,2.3179,2166.5222
927,33.0104,0.8079,0.4254,2.2797,2206.4
928,21.1961,2.1538,0.8146,2.3414,2150.5889
929,16.5255,0.655,0.7655,2.3817,2210.7778
930,27.456,0.7481,0.5888,2.3306,2171.8556
931,26.3724,0.5678,0.4722,2.2982,2217.4111
932,23.0469,1.143,0.8133,2.4073,2189.8778
933,31.3079,1.3588,0.47490000000000004,2.1911,2164.2667
934,23.1487,1.7385,0.9396,2.3414,2214.9333
935,21.400500000000005,0.6502999999999999,1.0199,2.2458,2260.7333
936,23.9262,1.9224000000000003,0.9192999999999999,2.2967,2173.6444
937,25.1262,2.0403,1.0918,2.3087,2180.7
938,28.6008,1.0939,0.5669,2.2673999999999994,2206.4
939,23.7265,0.9148,0.5066,2.2809,2231.0555
940,21.0153,0.7498,0.4382,2.3817,2224.6778
941,24.414399999999997,0.6283,0.6815,2.4079,2188.5111
942,21.5763,1.6653000000000002,0.7162,2.3715,2195.5333
943,24.2157,0.9648999999999999,0.7642,2.4073,2201.3556
944,30.351399999999998,1.1721,1.0135,2.2697,2163.5778
945,20.6329,2.3045,0.8556,2.3715,2195.5333
946,34.0617,0.498,0.9163,2.2472,2197.3222
947,29.680300000000003,0.5795,0.7258,2.4723,2233.6334
948,23.5176,2.5328,0.8262999999999999,2.2474,2210.8556
949,21.7279,1.3136,0.565,2.212,2211.4
950,23.9437,0.6009,0.8427,2.3207,2190.1555
951,31.5295,0.4704,0.8387,2.4023,2147.1111
952,22.4441,1.2535,0.8304,2.3499,2170.0666
953,21.2791,1.3959,0.7162,2.3532,2246.4889
954,32.7516,0.6557,0.8159,2.2937,2162.8445
955,29.9044,1.4141,0.5669,2.2432,2212.3
956,30.7746,0.9351,0.8933999999999999,2.3884,2266.8333
957,29.1767,0.9894,0.8149999999999998,2.2553,2213.9111
958,20.7358,1.6721,0.9251,2.366,2187.4444
959,38.0327,1.5904999999999998,0.7898,2.3313,2191.6667
960,21.5151,0.7009,0.811,2.2948,2208.4444
961,14.5322,0.9007,0.4389,2.3808,2204.2889
962,21.293500000000005,1.8965000000000003,0.8160999999999999,2.349,2204.5445
963,28.287100000000002,1.0534,0.9163,2.2472,2168.7333
964,26.0554,0.6165,0.5799,2.3593,2205.7222
965,22.3321,0.6136,0.8384,2.3025,2218.0555
966,23.7805,0.5854,0.7193,2.2718,2231.0555
967,35.0053,0.5621,0.6605,2.2053,2246.0666
968,34.0436,2.2697000000000003,0.9413000000000001,2.3132,2238.5444
969,21.6323,1.00248,0.7584,2.29832,2212.6334
970,18.1451,1.3733000000000002,0.8689999999999999,2.2588,2172.1223
971,27.4383,0.6944,0.8262999999999999,2.2216,2226.4667
972,19.1247,1.2645,0.9066,2.2453,2179.7333
973,23.5831,0.5823,0.4685,2.4349,2254.7111
974,18.5996,0.6245,0.9725,2.2831,2127.9555
975,15.6295,1.3839,0.4389,2.3737,2177.0222
976,23.4736,1.5441000000000003,1.1054,2.3802000000000003,2199.0333
977,21.1934,0.6449,0.5066,2.2797,2206.4
978,23.484699999999997,1.8212,0.8007,2.3592,2197.8667
979,38.1045,1.7585,0.9794,2.3314,2171.8111
980,34.0855,1.3003,0.8226999999999999,2.3243,2270.2556
981,44.784266730084916,1.0494,0.647,2.2539,2215.8111
982,35.1195,1.9967,0.8041,2.3737,2217.3777
983,29.3734,0.738,0.4685,2.2892,2170.7444
984,26.3291,0.9714,0.6066,2.3991,2250.7445
985,33.3483,0.9766,1.0918,2.2982,2191.5
986,31.0334,1.0913,0.6254,2.2982,2204.2889
987,20.8271,1.525,1.1086,2.3248,2174.8666
988,35.8454,0.781,0.7663,2.3244,2180.7
989,19.162,1.4441,0.7747,2.3025,2205.2222
990,31.4433,0.6264,1.1213,2.2646000000000006,2213.5111
991,23.4628,0.6244,1.0199,2.3867,2256.6
992,38.5498,2.0226000000000006,0.8384,2.4,2204.9223
993,34.5138,1.7213000000000003,1.0891,2.3712,2172.3666
994,33.4591,2.0904,1.1638,2.3796,2194.2889
995,23.7345,0.5356,1.0186,2.4196000000000004,2222.0111
996,23.17264,1.3015,0.5836,2.3124,2216.7333
997,34.9236,0.8285,0.5888,2.3306,2171.8556
998,27.9032,1.6864000000000001,0.7558,2.3195,2214.2889
999,32.3627,0.5582,0.5888,2.2909,2208.2334
1000,25.3399,0.7741,0.7663,2.3161,2197.2333
1001,31.317,1.4108,0.5329,2.2858,2200.2111
1002,17.8135,2.1254000000000004,0.596,2.3132,2196.6889
1003,24.6239,0.6124,0.8216999999999999,2.4213999999999998,2223.2778
1004,22.0459,1.6051,0.3512,2.2858,2210.7333
1005,32.4053,0.4547,0.9072,2.2588,2206.5777
1006,33.8834,0.4397,1.1623,2.2634,2153.9778
1007,31.1484,0.6073,0.604,2.3063,2216.4778
1008,25.076,1.5762000000000003,0.7316,2.2697,2146.1111
1009,23.5717,1.1654,0.8197999999999999,2.2717,2175.2556
1010,27.5268,1.8400000000000003,0.57,2.3414,2171.3222
1011,29.9713,1.8239000000000003,0.7053,2.2805,2213.2111
1012,21.199,1.2698999999999998,0.6302,2.3416,2197.3111
1013,31.4125,1.659,1.0644,2.3415,2199.3334
1014,9.011558782594168,1.4331,0.7849,2.4201,2182.6222
1015,22.5685,0.9108,0.604,2.3401,2165.8666
1016,27.3648,2.2588,0.8735,2.362,2213.7667
1017,29.3803,0.6906,0.8882999999999999,2.3654,2233.1556
1018,24.9604,0.7204,0.9735,2.2967,2167.2
1019,27.0072,0.5851,0.7506,2.4167,2185.1
1020,17.8522,1.8677000000000004,0.596,2.2928,2243.7778
1021,31.087599999999995,0.8337,0.5858,2.2809,2207.9555
1022,25.6798,1.4986,0.9186,2.2726,2221.5667
1023,28.935800000000004,0.6556,1.0186,2.4172,2179.1111
1024,26.756800000000002,0.7438,1.0199,2.3884,2147.1111
1025,23.0596,0.8567,0.8230999999999999,2.2646000000000006,2199.6334
1026,25.017900000000004,1.3827,0.6987,2.3044,2208.2334
1027,24.9344,1.0606,0.6805,2.3907,2197.5222
1028,31.7791,1.9672000000000003,0.7747,2.3052,2185.8111
1029,32.1132,1.2538,1.1623,2.2864,2254.7111
1030,25.7279,0.9145,0.7558,2.2668,2114.990560444201
1031,23.9811,1.1355,0.4685,2.2634,2153.9778
1032,18.891,0.7698,0.6257,2.3817,2204.2333
1033,37.1656,1.2526,0.7574,2.3026,2177.1667
1034,31.2285,1.2386,0.5765,2.2668,2114.990560444201
1035,25.518,1.2046,0.9873,2.2773,2208.2667
1036,22.3699,0.5344,0.9639,2.3073,2213.7556
1037,21.6739,0.9634,1.1248,2.3503,2164.3
1038,38.8044,0.9988,0.662,2.3221,2246.4889
1039,24.25,0.8584,0.7593,2.3301,2167.9444
1040,25.0342,0.7148,0.9059,2.3715,2201.5777
1041,22.5295,1.3515,0.9726000000000001,2.3481,2197.5222
1042,24.1484,0.4001,0.7681,2.2964999999999995,2167.2
1043,13.785499999999999,1.4371,0.7316,2.2697,2163.5889
1044,19.5172,0.5785,1.0199,2.2718,2231.0555
1045,31.2819,1.4069,0.6373,2.2247,2165.5333
1046,24.5728,0.8467999999999999,0.3963,2.3414,2233.1556
1047,23.8531,0.8476,0.687,2.3144,2197.2333
1048,24.3304,1.3535,0.9237999999999998,2.3499,2194.5889
1049,31.3699,1.7301000000000002,0.6787,2.2908,2150.0556
1050,28.7252,1.2604,0.5858,2.3079,2209.8
1051,32.5683,0.6222,0.5329,2.2732,2192.1889
1052,25.2206,2.242,0.8342999999999999,2.3132,2218.5778
1053,28.8298,0.5656,0.8296999999999999,2.2604,2191.3556
1054,29.5218,0.8541,0.565,2.3079,2209.1
1055,26.9312,1.0682,0.7593,2.2937,2242.8555
1056,30.5276,0.818,0.8757999999999999,2.2453,2223.5333
1057,23.7857,1.1093,0.77326,2.3162,2235.0556
1058,27.0214,1.6538000000000002,0.5836,2.3406,2171.8222
1059,27.4474,1.1415,1.0644,2.3582999999999994,2232.5889
1060,25.5062,0.9823999999999999,1.0631,2.2802,2224.6778
1061,21.7509,0.7401,0.47439999999999993,2.2673999999999994,2223.0444
1062,18.6261,1.129,1.0959,2.3415,2202.7111
1063,24.2367,0.6141000000000001,0.9735,2.3519,2205.7222
1064,26.211799999999997,0.6087,0.7139,2.2831,2175.3445
1065,27.0205,1.7945,0.7524,2.3167,2214.7111
1066,16.8014,1.3395,1.0959,2.3408,2248.4222
1067,28.0697,0.5225,0.9072,2.276,2169.8334
1068,29.4663,1.0598,0.7719,2.2864,2168.7333
1069,30.2138,0.5285,1.0359,2.3938,2240.8666
1070,21.725,1.2414,0.5284,2.3481,2169.1111
1071,21.5957,2.0111,0.6641,2.3596000000000004,2178.1444
1072,27.1259,1.1263,0.6987,2.3063,2126.6555
1073,20.2521,1.2645,0.6641,2.3712,2171.9
1074,22.3967,1.0654,0.7558,2.3042,2212.8667
1075,25.0267,1.6568,1.0359,2.2582,2194.3778
1076,24.0673,0.687,0.9276000000000001,2.212,2173.4889
1077,29.2941,1.5741,0.6605,2.2711,2195.9778
1078,44.784266730084916,1.1383,0.9074999999999999,2.2789,2236.1111
1079,21.9235,1.307,1.0891,2.362,2220.7111
1080,22.4191,1.9681,0.8638,2.2802,2204.2333
1081,23.8671,1.4002,0.9873,2.2773,2180.8333
1082,28.539,1.7232,0.57,2.3341000000000003,2167.9444
1083,28.9468,1.1099,0.9835999999999999,2.3403000000000005,2220.5445
1084,20.874,0.8943,1.0407,2.3403000000000005,2191.6667
1085,23.5298,0.6856,0.8786999999999999,2.3207,2130.0556
1086,24.3568,2.7418953659709207,0.7663,2.3695,2213.9333
1087,24.124700000000004,1.4949,0.9725,2.3704,2233.7666
1088,29.8481,0.4986,0.5888,2.2689,2151.2
1089,28.6167,0.5396,0.6242,2.1996,2195.3
1090,29.916299999999996,0.6878,0.9136,2.4172,2269.2556
1091,31.4849,0.9146999999999998,0.9332,2.3499,2188.7222
1092,20.1964,1.8719,1.0918,2.3406,2159.0556
1093,28.349,2.3927,0.7193,2.2757,2217.5778
1094,32.8848,1.6027,0.4996,2.3397,2221.8445
1095,44.784266730084916,1.5684000000000005,0.7507,2.3997,2184.8778
1096,25.3075,1.7746000000000004,0.7642,2.3737,2172.5333
1097,32.5465,1.2689000000000001,0.7954,2.4439,2276.4556
1098,38.574,1.0673,0.7532,2.2931,2207.1
1099,42.1115,2.5063,0.7898,2.3532,2246.4889
1100,19.9461,0.5787,0.8531999999999998,2.1995,2228.4778
1101,27.729,0.5172,0.7681,2.2728,2235.0556
1102,24.939500000000002,1.1992,1.0459,2.3532,2191.6667
1103,28.9236,1.2252,1.1525,2.3025,2213.7556
1104,27.4813,0.9833,1.0765,2.2954,2186.9
1105,28.416499999999996,1.1899,0.74,2.3932,2260.2222
1106,19.545,0.883,0.6257,2.3207,2181.0444
1107,27.2417,1.4523,0.6259,2.2216,2172.8111
1108,33.006,1.7290000000000003,1.0143,2.2472,2172.3111
1109,25.1431,0.8479,0.8262999999999999,2.2474,2210.8556
1110,22.4925,1.2764,0.8047,2.4167,2187.6667
1111,26.2175,0.8597,0.7159,2.2647,2211.4334
1112,22.684399999999997,2.7418953659709207,0.8721,2.2964999999999995,2220.4778
1113,33.171,1.0355,0.5765,2.2588,2185.2111
1114,30.4731,0.9797,0.6254,2.2604,2155.8556
1115,26.2905,1.5615000000000003,1.0323,2.366,2205.2889
1116,28.955699999999997,1.4678,0.8159,2.3625,2216.5111
1117,30.6344,0.621,0.8336,2.2527,2223.9
1118,23.9232,1.1351,0.4782,2.2732,2217.0
1119,27.9067,0.9598999999999999,0.6161,2.4253,2200.2
1120,26.5755,0.737,1.1638,2.3259,2230.7555
1121,35.4979,0.9687,0.8933999999999999,2.2821,2222.0111
1122,27.8836,1.2611,0.6857,2.394,2175.1222
1123,24.7756,0.8834,0.8594999999999999,2.2445,2206.1444
1124,20.187,1.7338000000000002,0.9361,2.3402,2214.9333
1125,32.4481,0.4739,0.8149999999999998,2.2569,2206.1444
1126,29.823799999999995,1.6621000000000001,0.8387,2.2527,2146.7778
1127,27.1064,1.3244,0.9319999999999999,2.3080999999999996,2209.8
1128,22.3245,0.6774,0.9358999999999998,2.2864,2231.6111
1129,25.4548,1.7897,1.1248,2.3296,2202.2889
1130,35.0597,1.6698000000000002,1.0803,2.3646,2205.2889
1131,35.9269,1.9028,0.8384,2.4,2231.9556
1132,19.0935,0.4635000000000001,0.8344999999999999,2.3725,2204.2667
1133,23.9068,0.4517,1.1638,2.2964999999999995,2180.7
1134,19.760500000000004,1.4541,0.4221,2.3596000000000004,2183.4556
1135,29.627000000000002,1.0896,0.7053,2.2616,2189.9667
1136,35.1566,1.4398,0.8469,2.2785000000000006,2223.5333
1137,21.939899999999998,1.2056,0.57,2.3519,2221.5333
1138,23.2014,1.0352,0.9873,2.3672,2178.6889
1139,14.9671,1.5714000000000001,0.9251,2.3646,2185.9333
1140,30.0506,1.2665,0.5317,2.2453,2192.7889
1141,31.3063,1.4992,0.6901,2.4244,2221.9444
1142,25.3772,0.9545,0.8230999999999999,2.3654,2217.8111
1143,34.0215,1.4726,0.9319999999999999,2.3080999999999996,2209.1
1144,18.9827,1.331,0.7613,2.3712,2171.9
1145,24.2607,2.7418953659709207,0.8987,2.3262,2184.4333
1146,29.3585,1.5740000000000003,0.8229,2.4023,2147.1111
1147,39.2802,1.2508,0.4996,2.3532,2191.6667
1148,29.6804,0.881,0.8469,2.2785000000000006,2191.3556
1149,30.0456,0.993,0.9048,2.4023,2247.3666
1150,24.9991,1.3943000000000003,0.7139,2.3124,2202.1222
1151,28.0456,0.6263,0.5836,2.3406,2160.6
1152,30.1688,1.2404,0.46599999999999997,2.3075,2211.4334
1153,29.197100000000002,0.6944,0.9078999999999999,2.3453,2233.1556
1154,14.0352,0.5844,0.7093,2.3499,2204.5445
1155,29.2308,0.5352,0.7516,2.2673999999999994,2176.8
1156,39.5532,1.3012,0.9393,2.3416,2191.6667
1157,36.8645,1.3085,0.7574,2.3389,2219.8222
1158,33.4431,1.4308,1.0199,2.2749000000000006,2254.8667
1159,25.1118,1.5998000000000006,0.9329000000000001,2.2678,2168.5111
1160,40.4495,0.5029,0.7015,2.3592,2232.5889
1161,15.849600000000002,2.5527,0.9413000000000001,2.3128,2218.5778
1162,26.7301,0.5357,0.9254999999999999,2.3101,2177.3222
1163,24.2792,1.4292,0.8594999999999999,2.4023,2231.6111
1164,26.369199999999996,0.6625,0.7593,2.3312,2165.8666
1165,26.8975,1.7329000000000006,0.5593,2.3646,2205.2889
1166,34.1662,0.6934,1.0765,2.4151,2218.7778
1167,25.9181,1.332,1.2471,2.3735000000000004,2213.9333
1168,23.9246,1.3008,0.6815,2.2673999999999994,2281.5667
1169,21.7509,1.4517000000000002,1.0199,2.3867,2169.9444
1170,31.2129,1.2288,0.6605,2.3234,2175.2556
1171,21.7987,1.2295000000000003,0.6644,2.3797000000000006,2183.0556
1172,26.0194,0.5882,0.8160999999999999,2.3805,2155.3111
1173,28.7966,0.8581,0.7681,2.3257,2171.8556
1174,30.0519,1.0636,0.9319999999999999,2.2407,2202.4556
1175,22.0985,2.0404,0.7663,2.2809,2218.7333
1176,29.1042,1.4735,0.5377,2.3766,2207.0444
1177,18.2293,1.3276,0.8833999999999999,2.2831,2114.990560444201
1178,23.6314,0.428,1.0478,2.3793,2136.4111
1179,28.8654,1.2955,0.9136,2.4196000000000004,2233.6334
1180,22.1592,2.0198,0.7613,2.3712,2172.3666
1181,24.532399999999996,0.4747,0.8858999999999999,2.3867,2179.1111
1182,28.577,0.5947,0.9812,2.3984,2212.8667
1183,28.4429,2.3062000000000005,0.3973,2.3080999999999996,2209.1
1184,27.7146,1.3096,0.9873,2.2773,2114.990560444201
1185,24.5541,0.5896,0.9715000000000001,2.2967,2162.8445
1186,17.2615,0.7406999999999999,0.9489,2.2671,2241.1778
1187,29.7411,1.7657,1.0959,2.2527,2213.9111
1188,17.1233,1.6145000000000005,0.4389,2.3808,2204.2889
1189,23.6088,0.5936,0.7928,2.3052,2178.7333
1190,25.7113,1.9957000000000003,1.0803,2.3796,2238.5444
1191,30.6162,1.442,0.9273999999999999,2.2718,2206.9667
1192,20.979,0.7763,0.8184,2.2705,2223.0444
1193,24.3925,0.5016,0.6644,2.2563,2185.1
1194,44.14979999999999,1.2943,0.6672,2.3715,2233.3667
1195,28.769,1.2348,0.8858999999999999,2.2474,2201.8666
1196,27.8665,1.5652,0.7663,2.3353,2211.0667
1197,24.0019,1.0579,0.5194,2.3797000000000006,2239.7222
1198,31.5768,1.4053,0.9319999999999999,2.3079,2209.8
1199,21.1738,1.0165,0.8757999999999999,2.2604,2184.9889
1200,38.2357,1.8717000000000004,0.7524,2.3715,2201.5777
1201,43.6071,1.8688000000000002,0.5677,2.3025,2206.4222
1202,34.9855,0.7944000000000001,0.7162,2.3997,2221.9444
1203,31.5349,1.4926,0.7674,2.3021,2205.5
1204,26.8251,0.7423,0.8531999999999998,2.2732,2173.4889
1205,22.9026,1.5329,0.7747,2.3101,2197.6444
1206,27.401,0.8311,0.5669,2.2718,2231.0555
1207,28.9642,0.4624,0.8336,2.4025,2171.5
1208,26.9872,1.6171999999999997,0.7445,2.3161,2218.0555
1209,19.9475,1.5571,0.5955,2.3437,2248.9
1210,23.821300000000004,0.6672,0.7233,2.1995,2199.6556
1211,30.3218,0.5442,0.5765,2.3936000000000006,2187.4111
1212,29.5,2.1742000000000004,0.6901,2.3613,2242.2444
1213,22.9914,2.3661,1.1086,2.3403000000000005,2246.4889
1214,33.5962,0.3813,1.0459,2.3326,2203.9
1215,27.218,1.9706,0.8962,2.3796,2198.7222
1216,22.8899,1.0392,0.8427,2.3805,2155.3111
1217,31.164,0.8083,0.9916000000000001,2.3985,2210.9778
1218,22.0706,0.5652,0.811,2.3391599999999997,2218.5778
1219,31.1657,0.9289,0.46599999999999997,2.2954,2219.7667
1220,28.2938,0.4958,1.1623,2.2864,2147.1111
1221,44.784266730084916,1.6997000000000002,1.0459,2.3237,2164.4111
1222,29.9145,1.4987,1.2364,2.4132,2197.3111
1223,21.3495,1.3064,1.0918,2.3715,2224.0
1224,22.174,0.8395,0.647,2.1919,2191.2111
1225,18.2879,0.5052,0.9639,2.3672,2207.8111
1226,26.281,1.8366,0.7158,2.2881,2214.7111
1227,22.363999999999997,1.4777,0.6576,2.3672,2200.7
1228,33.7386,2.2809000000000004,0.5742,2.2757,2216.8333
1229,37.9497,1.867,1.1815,2.3971,2181.1555
1230,22.229400000000002,0.9612000000000002,0.9251,2.2937,2183.3444
1231,26.3762,1.6091999999999997,0.6385,2.2247,2255.5222
1232,19.1839,0.5812,0.9725,2.2881,2180.9666
1233,23.7598,0.6803000000000001,0.8160999999999999,2.3481,2181.0444
1234,24.9379,0.5262,1.0551,2.3403000000000005,2196.6555
1235,22.928,0.6843,0.7524,2.3167,2194.6444
1236,23.5232,1.3634,0.8197999999999999,2.394,2168.7
1237,22.5821,0.8758000000000001,0.7337,2.2668,2114.990560444201
1238,23.4212,1.8486,0.9254999999999999,2.3038,2197.2667
1239,23.0824,1.5732,1.0135,2.3695,2196.0889
1240,28.2877,1.6942,0.9174999999999999,2.2959,2162.5556
1241,28.2203,1.2046,0.9726000000000001,2.4284,2117.5889
1242,18.1525,1.8549000000000002,0.9753,2.3437,2248.9
1243,30.9967,0.8175,0.9358999999999998,2.292,2231.9555
1244,29.3191,1.4735,0.9383,2.3406,2160.6
1245,27.7632,0.7816,0.7663,2.2673999999999994,2223.0444
1246,34.3403,1.2191,0.8047,2.2553,2204.5
1247,29.910300000000003,0.7592,0.7447,2.2877,2181.1889
1248,21.2894,0.9383,0.8216999999999999,2.3322999999999996,2214.9333
1249,21.3048,0.5571,0.7558,2.2989,2224.6778
1250,36.4489,1.8298000000000003,0.9794,2.3646,2179.0445
1251,29.508,1.4074,0.8451999999999998,2.2886,2179.7333
1252,24.847,0.6665,1.148,2.3997,2256.1222
