,feature_60,feature_478,feature_248,feature_125,feature_148,feature_442
0,0.6990999999999993,6.0266,0.0152,15.82,0.0173,0.9639
1,-1.417299999999999,4.8218,0.04936000000000001,15.73,0.014,0.8427
2,10.2355,6.1589,0.0345,15.689999999999998,0.0189,0.9192999999999999
3,9.851799999999999,5.061200000000001,0.053880000000000004,15.770000000000001,0.0267,0.7158
4,1.0336000000000007,7.482799999999999,0.027440000000000003,15.95,0.0106,1.1255
5,3.6809000000000007,4.1813,0.01918,15.75,0.0069,0.4782
6,2.8108999999999984,5.933900000000001,0.03496,15.7,0.0251,0.656
7,1.5036000000000005,3.5466,0.02136,15.61,0.0189,0.9319999999999999
8,23.8245,9.122099999999998,0.033740000000000006,15.95,0.0221,1.2771
9,1.5745000000000005,3.3971,0.0434,15.870000000000001,0.0132,0.5317
10,2.9282000000000017,4.7353,0.04664000000000001,16.01,0.0144,0.565
11,5.499100000000002,5.2686,0.0217,15.99,0.0214,0.9361
12,-2.502699999999999,6.867599999999999,0.03352,15.71,0.0241,0.9174999999999999
13,0.3400000000000007,7.0359,0.0153,15.95,0.0092,0.7316
14,4.169100000000001,6.8146,0.03336,15.79,0.008,0.8531999999999998
15,-3.7399999999999998,2.7876,0.0259,15.71,0.0159,0.7032
16,3.9687200000000047,6.45792,0.039819999999999994,15.84,0.0096,0.7139
17,1.9482000000000008,9.1675,0.0167,15.73,0.0262,0.8222
18,8.1455,3.4324000000000003,0.029960000000000004,16.07,0.0055,0.6144
19,4.9555,9.9444,0.0354,15.54,0.0286,0.9383
20,9.188200000000004,5.926900000000001,0.0202,15.92,0.0262,0.5593
21,2.2855000000000008,10.1458,0.02016,15.66,0.0203,0.5836
22,0.6190999999999992,7.557099999999999,0.0444,15.79,0.0102,0.78
23,-3.7509000000000006,3.369,0.02206,15.71,0.0157,0.6373
24,4.9117999999999995,4.8707,0.0196,15.73,0.0088,0.7655
25,0.11999999999999877,5.817,0.027139999999999997,15.84,0.0223,0.9964999999999999
26,1.817299999999999,3.4949,0.0205,15.99,0.0257,0.7928
27,2.792699999999998,3.9522,0.02312,15.870000000000001,0.0112,0.7233
28,2.110899999999999,8.801599999999999,0.04264,15.84,0.0246,0.6667
29,-4.410899999999999,3.7060000000000004,0.025079999999999998,15.75,0.008,0.6641
30,8.9136,7.179899999999999,0.04978,15.73,0.0189,0.7584
31,-2.0763999999999996,6.11,0.0162,15.95,0.0059,1.1255
32,0.5518000000000002,6.0246,0.0225,15.75,0.0163,1.0541
33,-0.9364000000000011,2.9235,0.047499999999999994,15.73,0.0137,0.442
34,5.206399999999998,4.0558,0.018,15.92,0.0232,0.9237999999999998
35,1.2836000000000012,6.82888,0.0293,15.97,0.0189,0.6987
36,1.0026999999999995,7.1442999999999985,0.032920000000000005,15.7,0.0189,0.656
37,-2.6564,2.3646,0.021299999999999996,15.74,0.0153,0.7534
38,-0.0636000000000003,10.0705,0.03942,15.76,0.0134,0.8858999999999999
39,3.9055000000000017,6.1617,0.0182,15.680000000000001,0.0211,0.6901
40,2.031799999999999,4.3582,0.019920000000000004,15.770000000000001,0.0074,0.5317
41,17.3873,5.7628,0.0332,16.05,0.0194,1.0644
42,-0.15450000000000086,4.319,0.0219,15.73,0.0087,0.6815
43,-0.3309000000000006,3.2036,0.030640000000000004,15.8,0.0163,0.7053
44,-5.7181999999999995,6.748,0.038579999999999996,15.85,0.019,0.5632
45,3.6499999999999995,6.0536,0.019,15.98,0.008,0.8716
46,15.008359999999998,5.1949,0.0641,15.64,0.0287,0.7613
47,-5.647300000000001,6.4204,0.04549999999999999,15.85,0.0092,1.1525
48,1.8608999999999987,2.582,0.0219,15.75,0.0068,0.9136
49,-4.492700000000002,4.5795,0.0162,15.75,0.018,0.684
50,17.400000000000002,5.1848,0.0593,15.770000000000001,0.0277,0.9251
51,1.6073,4.6249,0.02424,16.04,0.016,0.7663
52,0.8872999999999998,3.9097,0.033479999999999996,15.88,0.0219,0.9251
53,-2.713600000000001,6.015,0.041420000000000005,15.779999999999998,0.0073,0.5669
54,5.338200000000002,6.0748,0.05070000000000001,15.74,0.0062,0.7898
55,1.6373000000000009,6.026,0.0154,15.75,0.0103,0.8807
56,2.969099999999998,3.4708,0.020299999999999995,15.96,0.0075,0.577
57,-1.0990999999999993,6.1979,0.051,15.63,0.005,0.9588
58,2.951799999999998,4.8857,0.0176,15.88,0.0185,0.8435
59,-10.37,4.4544,0.053520000000000005,15.88,0.0057,0.8384
60,1.3445000000000007,3.9991,0.023420000000000003,15.73,0.0072,1.0216
61,1.1664000000000008,3.4878,0.03964,15.762,0.01464,0.7584
62,0.18730000000000027,3.4793,0.01906,15.8,0.0151,0.6641
63,0.483600000000001,3.9691,0.020700000000000003,15.84,0.0212,0.9964999999999999
64,4.080899999999998,3.2356999999999996,0.02488,15.73,0.0326,0.7506
65,18.3936,4.2732,0.037739999999999996,16.03,0.0203,0.7015
66,1.2809000000000004,4.3922,0.0174,15.67,0.0176,0.9396
67,0.5681999999999999,7.684,0.0359,15.88,0.0181,0.8435
68,8.095499999999998,6.9474,0.09160000000000001,15.75,0.0342,0.7928
69,-1.9699999999999993,2.8027,0.02772,15.75,0.0072,0.481
70,-8.2255,5.2293,0.038700000000000005,15.798,0.0145,0.6302
71,-0.7500000000000011,5.8268,0.0181,15.71,0.0169,0.6641
72,0.1627000000000007,3.2662,0.023299999999999998,15.75,0.0195,0.7611
73,-1.9555000000000005,7.154799999999999,0.03868,15.870000000000001,0.025,0.7477
74,-1.3018000000000012,5.6614,0.03740000000000001,15.51,0.0194,0.8470999999999999
75,-0.0191000000000004,6.423399999999999,0.0411,15.96,0.0062,0.6335
76,-2.0326999999999993,4.8172,0.02378,15.84,0.0203,0.4254
77,3.098200000000002,4.8741,0.0435,15.82,0.0094,0.7337
78,-2.9609000000000005,7.325199999999999,0.04206,15.57,0.0254,0.8136
79,3.5436000000000023,4.3696,0.0,15.7,0.0067,0.6927
80,1.5127000000000006,8.4684,0.02514,15.97,0.017,1.0189
81,1.1699999999999993,4.533,0.1454,15.88,0.0081,0.8146
82,-0.8045000000000012,5.2201,0.04206,15.74,0.0096,0.7258
83,2.989999999999999,6.867399999999999,0.0168,15.870000000000001,0.0205,0.577
84,18.026359999999997,6.722899999999999,0.0427,15.7,0.0216,1.0959
85,0.6999999999999995,3.952,0.021940000000000005,15.65,0.0101,0.8594999999999999
86,10.9955,9.4756,0.0334,15.75,0.0292,1.1815
87,1.737299999999999,4.3682,0.1247,15.770000000000001,0.0261,0.8751999999999999
88,-19.9927,6.6127,0.0149,15.98,0.0151,0.8716
89,0.9572999999999995,5.5044,0.042539999999999994,16.01,0.0176,0.5194
90,-3.3554999999999993,6.5896,0.03649999999999999,15.870000000000001,0.0213,0.7392
91,-0.6327000000000005,5.515,0.0222,15.71,0.011,1.0143
92,5.069099999999999,2.7352,0.0235,16.07,0.0214,0.745
93,11.2909,10.7271,0.0312,15.91,0.0222,0.8435
94,-2.6108999999999996,2.5503,0.0,15.89,0.0071,0.7032
95,-0.37360000000000004,5.7983,0.014699999999999998,15.95,0.0095,0.7643
96,-1.1391000000000007,3.3644999999999996,0.017099999999999997,15.94,0.012379999999999999,0.9078999999999999
97,-4.990000000000002,4.3431,0.022979999999999997,15.72,0.012,0.8229
98,-0.9091000000000009,4.2125,0.02004,15.51,0.0205,0.7611
99,1.8164000000000013,5.801,0.0338,15.66,0.0183,0.9726000000000001
100,0.12269999999999945,6.0602,0.0394,15.85,0.0181,0.7928
101,0.8745000000000009,5.0466,0.0264,15.92,0.0217,0.8689999999999999
102,-1.018199999999999,6.2631,0.029959999999999997,15.75,0.0059,0.46599999999999997
103,0.3036000000000003,6.878199999999999,0.032880000000000006,15.76,0.0086,1.062
104,2.0508999999999995,8.3516,0.018899999999999997,15.84,0.0207,0.6163
105,22.7927,8.414899999999998,0.131,15.770000000000001,0.0057,1.0551
106,4.1464,8.217499999999998,0.027880000000000002,15.63,0.0181,0.6222
107,0.3245000000000012,8.9509,0.03886,15.62,0.0082,0.6796
108,6.1526999999999985,2.6252,0.0284,15.85,0.0095,0.9639
109,-1.8473,8.9647,0.0446,15.83,0.0222,0.8556
110,-1.6436,7.075999999999998,0.050660000000000004,15.72,0.0143,0.8133
111,2.298199999999999,4.252,0.027739999999999997,15.71,0.0098,0.593
112,23.8864,3.6260000000000003,0.058,15.74,0.006,0.6641
113,3.8108999999999997,5.1132,0.020579999999999998,15.84,0.0118,0.9273999999999999
114,-6.740000000000002,4.736,0.024579999999999998,15.61,0.0161,0.3973
115,2.2618000000000014,8.7071,0.029679999999999995,15.71,0.0171,0.7852
116,1.9245000000000014,4.6417,0.0362,15.99,0.0048,1.0918
117,-0.44089999999999907,6.196200000000001,0.022860000000000002,15.7,0.0143,0.5779
118,14.502179999999996,6.5264999999999995,0.07906,15.76,0.0177,0.8446
119,2.4209000000000014,6.6675,0.03426,15.82,0.01572,0.5478
120,-0.8100000000000004,6.07284,0.0138,15.74,0.0257,1.0135
121,0.6892800000000004,3.85542,0.012599999999999998,15.82,0.0169,0.7093
122,-17.9336,4.7846,0.03332000000000001,15.779999999999998,0.0167,0.7574
123,-0.715499999999999,2.1779,0.0289,15.73,0.0209,0.593
124,4.150900000000001,5.0601,0.03588,15.85,0.0111,0.8342999999999999
125,3.967299999999999,5.5115,0.017,15.7,0.0061,1.1213
126,-3.6499999999999995,4.6997,0.0148,15.770000000000001,0.0079,0.5779
127,-1.9855000000000014,7.9214,0.0152,15.770000000000001,0.0046,0.8159
128,-3.8799999999999994,4.8058,0.02838,15.73,0.0283,0.6268
129,5.804499999999998,8.0418,0.0177,15.61,0.0122,0.8159
130,-0.9944999999999997,6.577799999999999,0.0097,15.82,0.0205,1.0541
131,-4.6636,4.3419,0.0434,15.8,0.026,0.7477
132,-19.1518,3.4781,0.08665999999999999,15.782,0.0141,0.9835999999999999
133,3.2509000000000023,5.7289,0.0231,15.9,0.0074,0.9048
134,2.3317999999999985,5.6591,0.0403,15.870000000000001,0.0139,0.9174999999999999
135,5.4018,3.3141,0.0254,15.79,0.0336,0.8235
136,-0.5691000000000002,3.3826,0.023719999999999998,15.73,0.0082,0.811
137,-0.5823599999999973,6.0188,0.060039999999999996,15.75,0.0181,0.7574
138,-1.0573000000000001,3.3903,0.0121,15.97,0.013099999999999999,0.7643
139,-6.8764,4.0285,0.02836,15.98,0.0172,0.6163
140,2.813599999999999,5.8022,0.0125,15.73,0.0185,0.7139
141,-3.7245000000000004,5.1156,0.02652,15.73,0.0256,0.9174999999999999
142,-1.2182000000000004,5.243,0.046540000000000005,15.870000000000001,0.0203,0.7477
143,-5.679999999999999,8.4634,0.01882,15.85,0.0226,0.573
144,1.2517999999999998,4.0841,0.04044,15.61,0.0171,0.7532
145,-0.1144999999999996,5.2041,0.0219,15.85,0.0099,0.573
146,19.5609,6.6339999999999995,0.1307,15.870000000000001,0.023,0.7507
147,-3.7673,5.8656,0.054259999999999996,15.74,0.0185,0.6787
148,-3.6854999999999998,5.7486,0.0225,15.96,0.013,0.9588
149,3.391800000000002,5.4606,0.01782,15.97,0.011,0.3963
150,-2.5035999999999996,5.4421,0.01778,15.73,0.007,1.0186
151,16.2418,6.1628,0.0429,15.85,0.0265,0.9683
152,4.660900000000002,4.2114,0.0711,15.8,0.0199,1.0459
153,1.5881999999999994,2.8513,0.030240000000000003,15.82,0.0248,0.7584
154,24.139999999999997,8.170999999999998,0.0385,15.85,0.0297,0.7059
155,0.15180000000000016,3.0125,0.0323,15.92,0.01,0.7928
156,8.0636,6.2537,0.0216,15.72,0.0234,0.7524
157,25.083599999999997,8.392899999999997,0.04580000000000001,15.860000000000001,0.0327,0.5955
158,3.2655000000000016,7.247099999999999,0.01968,15.61,0.0219,0.577
159,2.2008999999999994,3.977,0.029699999999999997,15.64,0.0133,0.5194
160,-6.6408999999999985,2.9266,0.02004,15.7,0.0084,1.1623
161,-3.7045,6.9715,0.0179,15.7,0.0213,0.8615999999999999
162,-2.63,4.9807,0.021400000000000002,15.91,0.0181,0.5377
163,-2.7282,2.8666,0.0175,15.7,0.01,0.7677
164,2.6717999999999993,2.7091,0.024800000000000003,15.8,0.017,0.9048
165,1.0045,6.831699999999998,0.022100000000000005,15.85,0.0078,0.8882999999999999
166,1.6018000000000008,3.6852,0.02536,15.57,0.0207,0.7532
167,20.7209,4.6032,0.0217,15.8,0.0322,0.7408
168,-3.1254999999999997,4.0177,0.02002,15.71,0.0067,0.9332
169,4.099099999999998,3.9273,0.0182,15.84,0.0223,0.6576
170,-6.339099999999999,2.5684,0.0551,15.72,0.0129,0.8858999999999999
171,6.2455,5.0709,0.0583,15.85,0.008,0.768
172,10.2109,4.8214,0.0191,15.8,0.0231,0.7162
173,4.174900000000004,5.7668,0.1085,15.8,0.0203,1.0959
174,-0.7244999999999987,4.6526,0.0207,15.74,0.0146,1.0541
175,-0.2708999999999987,3.3925,0.024339999999999997,15.56,0.0055,0.9066
176,10.895500000000002,4.3312,0.0465,15.770000000000001,0.0217,0.7524
177,2.86,6.190800000000001,0.1409,15.74,0.018,0.8446
178,-1.0908999999999995,5.727499999999999,0.0274,15.71,0.024,0.8858999999999999
179,-0.5654999999999992,4.8219,0.021500000000000002,15.73,0.0206,0.7277
180,-2.881800000000001,5.3451,0.02,15.89,0.0219,0.8146
181,3.1135999999999986,7.6393,0.0344,15.84,0.0107,0.9059
182,-7.0081999999999995,7.8141,0.02802,15.689999999999998,0.0207,0.9276000000000001
183,3.071800000000002,6.275,0.023440000000000003,15.75,0.0188,0.6385
184,-1.5036000000000005,2.8462,0.026459999999999997,15.74,0.0192,0.7852
185,3.184500000000001,5.4338,0.0169,15.93,0.0163,1.0189
186,22.7173,5.3468,0.04120000000000001,15.9,0.0258,0.8556
187,-12.1527,5.0961,0.03716,15.770000000000001,0.0159,1.148
188,2.3200000000000003,4.7428,0.0316,15.76,0.0282,0.685
189,0.7863999999999989,5.0348,0.0198,15.689999999999998,0.0192,0.6796
190,-2.4818000000000007,3.3746,0.041839999999999995,16.01,0.0176,0.6385
191,9.333599999999999,8.5107,0.04610000000000001,15.870000000000001,0.0141,0.7898
192,2.0427,8.607199999999999,0.0805,15.72,0.0192,0.9087
193,2.4300000000000015,3.6629,0.0201,15.93,0.0105,0.9735
194,0.3036000000000003,7.5994,0.0184,15.95,0.0196,1.0078
195,0.24639999999999943,6.4316,0.01982,15.93,0.0124,0.8858999999999999
196,1.2690999999999997,6.585699999999999,0.0142,15.779999999999998,0.012,0.6257
197,0.2817999999999993,4.4168,0.0215,15.770000000000001,0.0143,0.5888
198,-0.9235999999999998,6.5365,0.0184,15.71,0.0151,0.7954
199,5.378199999999999,5.5785,0.10079999999999999,15.83,0.0098,0.8235
200,0.8045000000000012,7.499299999999999,0.037919999999999995,15.8,0.0177,0.47490000000000004
201,0.4200000000000007,6.8146,0.0188,15.82,0.02,0.8615999999999999
202,2.8235999999999994,7.9017,0.02266,15.71,0.0185,0.9525000000000001
203,1.3282000000000014,2.8024,0.0691,15.67,0.0086,0.6644
204,1.993600000000001,6.703799999999999,0.022599999999999995,15.67,0.015,0.4382
205,2.5855,3.1843,0.02054,15.62,0.0204,0.8197999999999999
206,16.4073,6.616099999999999,0.08730000000000002,15.9,0.0255,0.7158
207,6.6827000000000005,5.5553,0.02482,15.8,0.0178,0.9237999999999998
208,2.8244999999999996,4.2813,0.0665,15.9,0.0078,0.7928
209,7.316399999999999,3.2838999999999996,0.03678000000000001,15.8,0.0109,0.713
210,7.070900000000003,5.782500000000001,0.051500000000000004,15.99,0.0189,0.4389
211,-2.5436000000000005,5.4237,0.0302,15.71,0.0204,0.4817
212,4.632700000000001,3.6741,0.01944,15.88,0.023,0.9725
213,-0.6936000000000001,5.2008,0.0152,15.94,0.0112,0.832
214,-0.9408999999999997,6.4924,0.0236,15.83,0.0075,0.7681
215,-5.326399999999999,5.453499999999999,0.01582,15.73,0.0089,0.6268
216,2.800899999999998,4.0832,0.039920000000000004,15.93,0.0126,0.7865
217,-10.6036,6.8752,0.051,15.82,0.0059,0.9059
218,-5.904500000000001,6.2047,0.046860000000000006,15.92,0.0311,0.811
219,-4.768199999999999,3.8697,0.03084,15.56,0.0103,1.026
220,12.8982,8.285,0.0265,15.79,0.0091,0.7015
221,5.650000000000002,9.0309,0.0522,15.85,0.0094,1.0393
222,0.6055000000000005,4.2645,0.01748,15.56,0.0141,0.9525000000000001
223,1.0290999999999997,6.679000000000001,0.0099,15.75,0.0169,0.78
224,-2.5345000000000004,2.7794,0.02,15.770000000000001,0.0151,0.6373
225,13.917259999999999,8.8334,0.0555,15.83,0.0259,0.596
226,1.7017999999999989,4.1438,0.023299999999999998,15.599999999999998,0.0133,0.7611
227,-3.0099999999999993,2.7758,0.01102,15.689999999999998,0.0058,0.9091
228,5.030000000000003,4.594399999999999,0.028499999999999998,15.83,0.0213,0.7584
229,0.23360000000000064,4.2573,0.020879999999999996,15.74,0.0134,0.6163
230,-1.7900000000000011,2.2725,0.0196,15.770000000000001,0.0147,0.7558
231,-0.1882000000000005,4.4714,0.02572,15.72,0.0079,0.8451999999999998
232,-3.9508999999999994,4.1335,0.020999999999999998,15.93,0.0113,0.9074999999999999
233,-8.4836,6.9918,0.04886,15.92,0.0266,0.8384
234,3.8800000000000017,4.6953,0.047700000000000006,15.770000000000001,0.007,0.687
235,0.6782000000000009,4.7511,0.038040000000000004,15.9,0.0242,0.6302
236,5.794500000000003,6.0735,0.02064,15.860000000000001,0.0132,0.9444
237,1.5645000000000002,6.613800000000001,0.02768,15.76,0.01,0.8569
238,6.8491,4.3849,0.0476,15.82,0.0118,0.5374
239,4.933600000000001,5.822699999999999,0.05044,15.73,0.0122,0.4782
240,-3.8655000000000004,6.381,0.0321,15.71,0.0178,0.7719
241,21.757300000000004,5.7213,0.08290000000000002,15.8,0.0075,0.7613
242,1.7317999999999998,3.7079,0.03146,15.65,0.0225,0.6641
243,-5.519999999999999,3.7167,0.02318,15.79,0.0298,0.684
244,-0.6327000000000005,3.0271,0.02226,15.65,0.008,0.6373
245,5.177300000000002,4.8457,0.01946,15.72,0.0122,0.9726000000000001
246,1.1526999999999994,5.4141,0.0241,15.91,0.0171,1.1248
247,-2.5345000000000004,2.8331000000000004,0.01842,15.71,0.0047,0.9332
248,-3.9617999999999998,4.9627,0.05532000000000001,15.66,0.0189,0.47439999999999993
249,0.6999999999999995,7.0696,0.028539999999999996,15.84,0.0088,0.481
250,-1.8045000000000002,7.204299999999999,0.0243,15.73,0.0277,0.5329
251,6.059279999999999,3.1529,0.0354,15.79,0.0255,0.5593
252,-3.1927000000000008,3.0517,0.0249,15.61,0.0211,0.9186
253,22.31308,5.9742,0.0249,15.74,0.0294,0.8735
254,-0.7036000000000004,4.8678,0.0798,15.99,0.0146,1.1638
255,-4.232700000000001,7.7983,0.0372,15.7,0.0149,0.7337
256,6.739100000000001,6.988699999999999,0.0385,15.680000000000001,0.0138,0.7584
257,3.2173000000000003,5.4916,0.027240000000000007,15.689999999999998,0.0239,0.8658999999999999
258,3.9381999999999984,4.8265,0.04502,15.73,0.0099,0.9251
259,1.1617999999999993,10.5293,0.0243,15.71,0.0142,0.6805
260,-3.450000000000001,5.9053,0.035219999999999994,15.54,0.0171,0.9707000000000001
261,1.1272999999999997,2.8784,0.026300000000000004,15.79,0.0331,0.9254999999999999
262,0.795499999999999,2.4776,0.022040000000000004,16.09,0.0077,0.6815
263,3.5263999999999998,6.2851,0.0168,16.0,0.012,0.57
264,-3.2718000000000007,4.0368,0.0166,15.770000000000001,0.0152,0.7032
265,-2.3891,5.9176,0.0242,15.65,0.0187,0.6332
266,-5.737299999999999,6.2186,0.022680000000000002,15.71,0.0158,0.3512
267,-0.15450000000000086,4.4263,0.0184,15.96,0.0101,0.9525000000000001
268,1.178199999999999,6.4326,0.024000000000000004,15.9,0.0138,0.9192999999999999
269,-0.22819999999999926,5.8776600000000006,0.0224,15.93,0.0104,0.9715000000000001
270,0.34180000000000116,4.5494,0.0242,15.97,0.0093,0.8336
271,9.592700000000002,4.0186,0.026459999999999997,15.85,0.0327,0.7121
272,-1.1455,4.1182,0.01874,15.870000000000001,0.0097,0.6611
273,0.5609000000000003,2.8961,0.012000000000000002,15.75,0.0184,0.8716
274,4.535500000000002,4.1739,0.018279999999999998,15.71,0.015,0.6644
275,-1.99,5.940999999999999,0.03208,15.66,0.0207,0.7663
276,-0.991799999999999,3.4182,0.029979999999999996,16.02,0.013,0.768
277,-2.5682,3.2156000000000002,0.01724,15.7,0.0074,0.593
278,2.969099999999998,3.4776,0.020020000000000003,15.67,0.0249,0.9066
279,-0.016399999999999713,4.2753,0.02894,15.7,0.0143,0.6903
280,2.986399999999998,3.95,0.02808,15.79,0.0162,0.8089
281,0.08549999999999919,7.3841,0.06254,15.95,0.0202,0.9072
282,0.5763999999999998,4.1425,0.019620000000000002,15.81,0.0124,0.8704999999999999
283,3.336399999999999,4.5331,0.0269,15.79,0.0132,0.9735
284,-4.919099999999999,5.667799999999999,0.02748,15.66,0.0087,0.6787
285,1.7082000000000008,4.001,0.0539,15.71,0.0183,0.8149999999999998
286,-9.1,6.1557,0.0136,15.75,0.0088,1.0765
287,12.430900000000001,10.2688,0.02268,15.779999999999998,0.0158,0.8007
288,15.810000000000002,5.8984,0.0189,15.88,0.0281,1.1869
289,-4.15,3.8611,0.02694,15.779999999999998,0.0087,0.714
290,1.4055000000000006,7.147499999999999,0.0161,15.66,0.0132,0.8658999999999999
291,4.801800000000001,6.4164,0.0189,15.84,0.0211,1.0047
292,5.9155,5.5662,0.02082,15.82,0.0167,0.7664
293,-2.3364000000000003,3.2527,0.0209,15.66,0.0068,0.8571
294,-2.1155000000000004,4.6677,0.03026,15.75,0.0151,1.0918
295,2.279999999999999,7.556400000000001,0.0478,15.97,0.026,0.7153
296,1.933599999999999,3.6107,0.014699999999999998,15.71,0.0157,0.6857
297,5.6155,2.9642,0.013800000000000002,15.8,0.0152,0.7674
298,-10.8745,3.8138,0.053880000000000004,15.8,0.0089,0.8384
299,13.3709,6.06238,0.0234,15.99,0.0151,0.7316
300,13.374500000000001,5.0984,0.03366,15.88,0.0301,0.7059
301,0.15360000000000062,7.5973999999999995,0.02722,15.779999999999998,0.0092,1.1623
302,4.1591000000000005,2.9657,0.0261,15.770000000000001,0.0083,0.7724
303,-5.024499999999999,8.711499999999997,0.051980000000000005,15.73,0.0317,0.8962
304,7.059100000000002,5.8522,0.0291,15.92,0.0178,0.8689999999999999
305,2.1045,10.5022,0.0533,15.89,0.019,0.9729
306,2.5490999999999997,5.6037,0.035,15.67,0.0168,0.8160999999999999
307,0.5982000000000008,3.1249,0.025899999999999996,15.74,0.015499999999999998,0.5066
308,-0.17729999999999996,6.41,0.1365,15.63,0.0201,0.6222
309,3.279999999999998,3.5925,0.0174,15.72,0.0198,1.0803
310,16.015500000000003,8.5333,0.0431,15.89,0.0189,0.5677
311,3.3691000000000004,5.0427,0.0274,15.73,0.0066,0.5858
312,22.622699999999995,4.5258,0.0317,15.84,0.0236,1.1054
313,1.3791000000000007,9.2809,0.030900000000000004,16.04,0.0092,0.9826
314,-3.1818000000000004,6.16,0.020479999999999998,15.72,0.0059,0.9329000000000001
315,-4.617299999999999,5.0841,0.024399999999999998,15.770000000000001,0.0169,0.9707000000000001
316,-0.8963999999999999,4.4311,0.016,15.91,0.0117,0.604
317,2.5083799999999976,4.62132,0.0783,15.74,0.016,0.687
318,-1.460900000000001,7.3778,0.01836,15.73,0.0206,0.9329000000000001
319,4.974499999999997,3.4411999999999994,0.1286,15.73,0.0068,1.0551
320,5.9073,5.579900000000001,0.0242,15.75,0.0089,0.7642
321,0.902699999999999,3.8619,0.021699999999999997,15.770000000000001,0.0112,0.7532
322,0.9591,3.1241,0.023,15.75,0.0156,0.8336
323,-3.2508999999999997,7.3364,0.04316,15.79,0.018,1.148
324,3.2591000000000023,6.04266,0.0149,15.75,0.0073,1.0338
325,-0.8727000000000005,4.3145,0.0209,15.7,0.0082,1.0359
326,4.409099999999999,6.7011,0.0557,15.73,0.0089,1.0323
327,-4.659100000000001,5.8666,0.0198,15.580000000000002,0.0054,1.0478
328,2.012699999999999,4.571,0.0182,15.770000000000001,0.0051,0.8435
329,1.0218,3.4914,0.04519999999999999,15.91,0.0196,0.8807
330,4.042699999999997,5.4374,0.031,15.96,0.0205,0.7643
331,21.39,3.0761,0.0354,15.82,0.030900000000000004,1.0459
332,4.4563999999999995,6.327560000000001,0.024399999999999998,15.75,0.0083,1.0338
333,1.8582000000000005,6.817999999999998,0.0374,15.870000000000001,0.0116,0.9074999999999999
334,4.3109,4.5025,0.04728,15.74,0.0256,0.8681
335,0.25359999999999877,5.743099999999999,0.0157,15.96,0.0117,0.577
336,0.6573,7.111699999999999,0.0212,16.07,0.0208,0.9276000000000001
337,-1.5090999999999997,6.8431,0.0293,15.81,0.0153,0.8154999999999999
338,-5.7473,2.6227,0.026439999999999998,15.779999999999998,0.016,0.7677
339,7.7745,3.4881,0.03336,15.93,0.0326,0.7747
340,1.4372999999999996,9.2986,0.0154,16.04,0.0124,0.8230999999999999
341,20.7118,4.7381,0.0448,15.92,0.0277,0.7507
342,2.4218000000000015,5.6564,0.11220000000000001,15.73,0.0245,0.9332
343,-3.237300000000001,4.4719,0.028339999999999997,15.73,0.0174,0.9174999999999999
344,10.7709,8.6732,0.04154,15.85,0.0264,0.9059
345,2.2117999999999998,3.3886999999999996,0.0446,15.92,0.0182,0.8689999999999999
346,-9.7682,6.4163,0.02242,15.62,0.0082,0.3973
347,2.1472999999999995,2.5138,0.048740000000000006,15.73,0.0261,0.8041
348,-3.1455,8.0986,0.02852,16.04,0.0071,1.0189
349,-4.249999999999998,5.0001,0.03264,15.73,0.0202,0.47439999999999993
350,1.0635999999999992,7.3976999999999995,0.0208,15.73,0.0262,0.8807
351,-0.3183599999999971,4.5841,0.030079999999999996,15.75,0.0157,0.6644
352,4.539279999999996,6.02748,0.020299999999999995,15.74,0.0193,0.8435
353,8.667300000000001,3.5482,0.045419999999999995,15.74,0.0241,1.0891
354,-1.4327000000000005,3.8467,0.0658,15.689999999999998,0.0073,0.685
355,-5.856399999999998,4.6662,0.0369,15.7,0.0126,0.7719
356,-1.1172999999999995,5.1698,0.03906,15.870000000000001,0.0187,0.768
357,-4.8145,5.678,0.031459999999999995,15.97,0.0088,0.8159
358,-1.194500000000001,6.472799999999999,0.02456,15.7,0.0165,1.0631
359,5.471799999999997,6.0985,0.0407,15.74,0.0107,1.0216
360,6.5191,6.4151,0.06026,15.93,0.011,0.8344999999999999
361,3.176399999999999,4.0713,0.0179,15.73,0.0067,0.8047
362,14.749999999999998,9.9885,0.0438,15.82,0.0266,1.0323
363,2.1917999999999993,4.8167,0.0163,15.79,0.023,1.0216
364,5.0809,8.417099999999998,0.0666,15.85,0.0109,0.9413000000000001
365,6.9918,5.258700000000001,0.1185,15.64,0.017,0.9393
366,-3.931799999999999,3.8097,0.0187,15.83,0.0128,1.0393
367,1.2800000000000002,8.226,0.0306,15.66,0.0058,0.745
368,-17.3591,6.8911999999999995,0.0664,15.8,0.024,0.6302
369,6.336400000000003,4.6662,0.05342000000000001,15.88,0.026,1.062
370,4.5645,8.1722,0.053,15.85,0.0067,1.0338
371,0.136400000000001,4.6148,0.01918,15.770000000000001,0.0201,0.5194
372,-0.5955000000000003,2.1151,0.038740000000000004,15.680000000000001,0.0142,0.593
373,0.33910000000000046,8.603699999999998,0.017959999999999997,15.779999999999998,0.0181,0.6222
374,-2.2635999999999994,3.5046000000000004,0.0262,15.76,0.0143,0.587
375,3.893599999999998,4.8816,0.0555,15.85,0.0245,0.687
376,-0.007299999999999629,6.733599999999999,0.02658,15.83,0.019,0.7506
377,0.483600000000001,6.411,0.04629999999999999,15.73,0.0088,1.0803
378,-2.3263999999999996,3.253,0.0174,15.76,0.0172,0.47439999999999993
379,1.4744999999999997,5.6832,0.0202,15.85,0.0274,0.9361
380,1.2326999999999992,4.0468,0.0166,15.65,0.015,0.713
381,-4.9018,4.0905,0.0185,15.82,0.0103,0.7159
382,-2.6655,5.533,0.0876,15.95,0.0112,0.5836
383,2.066399999999999,7.140499999999999,0.0185,15.82,0.0095,0.687
384,0.7655000000000005,5.7586,0.024399999999999998,15.97,0.0105,0.9826
385,-7.4155,4.3502,0.047,15.67,0.0076,0.5677
386,-0.4499999999999991,5.1544,0.022900000000000004,15.74,0.0123,0.46599999999999997
387,-0.2481999999999999,5.6555,0.0354,15.72,0.0152,0.6066
388,17.174500000000002,9.4912,0.0776,15.83,0.0266,0.9683
389,3.8882000000000017,3.9965,0.0208,16.01,0.016,0.6242
390,4.398200000000003,3.2659,0.0207,15.770000000000001,0.0128,0.587
391,22.6936,9.189099999999998,0.025199999999999997,15.75,0.0181,1.0323
392,24.26,3.8906000000000005,0.0333,15.91,0.0238,1.0323
393,-4.2364,3.5871,0.0174,15.82,0.0249,0.7159
394,-3.4444999999999992,4.7695,0.0264,15.71,0.0206,1.0541
395,3.137299999999998,5.3052,0.021759999999999998,15.770000000000001,0.0183,0.8076
396,5.934499999999997,3.6369,0.022080000000000002,15.72,0.0133,0.9232
397,0.9091000000000009,3.4436,0.02748,15.689999999999998,0.0084,0.9251
398,2.484499999999999,4.0141,0.0175,15.9,0.0118,0.6903
399,17.638199999999998,5.096,0.05808,15.8,0.0214,0.7015
400,-1.3327,8.914299999999999,0.016359999999999996,15.54,0.0183,0.8296999999999999
401,1.1681999999999988,4.7835,0.0162,15.9,0.0087,1.0393
402,-1.3726999999999987,5.2717,0.0302,15.89,0.0142,0.9735
403,8.144500000000003,8.3032,0.148,15.779999999999998,0.0217,1.0135
404,4.999100000000002,6.723499999999999,0.038220000000000004,15.776,0.0089,0.8342999999999999
405,22.1027,6.583599999999999,0.0385,15.85,0.0229,0.7507
406,12.992939999999997,8.106499999999999,0.0655,15.84,0.0214,0.7059
407,-2.5418000000000003,3.965,0.032,15.47,0.0189,0.5967
408,3.625500000000003,5.26518,0.020220000000000002,15.71,0.0261,0.6796
409,-2.9208999999999996,1.9674,0.0451,15.75,0.017,1.0541
410,-3.5727,6.4423,0.050539999999999995,16.01,0.0182,0.7534
411,9.049999999999999,6.364,0.1343,15.779999999999998,0.0119,1.1086
412,6.3436,3.7264,0.025300000000000003,15.67,0.0103,0.9725
413,16.638739999999995,3.5796,0.1551,15.74,0.0271,0.4221
414,2.874500000000001,9.7565,0.0188,15.85,0.0099,0.8751999999999999
415,0.9735999999999989,5.374,0.022779999999999998,15.57,0.0072,0.8229
416,-3.1827000000000005,4.2716,0.03236,15.73,0.0178,0.8136
417,5.809100000000003,4.3589,0.030500000000000003,15.85,0.0313,0.8556
418,5.6155,4.7003,0.0155,15.73,0.0175,0.713
419,-3.5400000000000014,4.8902,0.027499999999999993,15.860000000000001,0.0229,0.5742
420,3.99,4.0074,0.0204,15.81,0.0115,0.8689999999999999
421,0.7699999999999991,3.9462,0.024679999999999997,15.75,0.0076,0.9136
422,2.0672999999999995,6.390599999999999,0.027299999999999994,15.689999999999998,0.0081,0.9091
423,-2.437300000000001,3.6829,0.03026,15.779999999999998,0.0068,0.7258
424,3.1527,5.1688,0.018279999999999998,15.98,0.0209,0.4685
425,-1.9890999999999999,5.3999,0.0337,15.61,0.0181,0.9735
426,0.9518000000000003,5.8937,0.0174,15.98,0.016,0.7681
427,-4.933600000000001,5.045599999999999,0.030379999999999997,15.57,0.0225,0.6056
428,1.7073000000000005,5.6009,0.028759999999999997,15.74,0.0292,0.6066
429,22.4345,6.066600000000001,0.0947,15.83,0.0189,1.0407
430,-3.4991,4.3926,0.0216,15.89,0.0188,0.8149999999999998
431,-0.4681999999999993,4.8846,0.02608,15.770000000000001,0.0068,0.4817
432,-5.709099999999999,5.605,0.021859999999999997,16.07,0.0231,0.4817
433,8.304500000000003,4.665,0.0375,15.83,0.0216,0.9368
434,-6.045499999999999,3.5785,0.011660000000000002,15.76,0.0086,0.6161
435,-0.2626999999999988,2.7083,0.028579999999999994,15.83,0.0086,0.5284
436,-3.7535999999999987,4.8003,0.0,15.89,0.0222,1.0631
437,-1.1836000000000004,4.1362,0.0146,15.75,0.0115,0.7032
438,-10.1291,7.744199999999998,0.05984,15.79,0.028,0.6302
439,-1.2954999999999997,7.928499999999999,0.041319999999999996,15.84,0.0142,0.573
440,-12.1373,3.406,0.0465,15.73,0.0242,0.7574
441,-8.6082,5.2385,0.049,15.85,0.0255,0.9254999999999999
442,-0.8045000000000012,4.1344,0.0175,15.97,0.0207,0.9588
443,-1.5945000000000011,7.054899999999998,0.029820000000000003,15.7,0.0121,0.8149999999999998
444,-1.738199999999999,8.3401,0.02136,15.51,0.0249,0.4254
445,3.068200000000001,4.9841,0.0238,15.76,0.0135,0.9273999999999999
446,2.168719999999998,6.468,0.0154,15.99,0.0249,0.714
447,-2.6635999999999993,3.9721,0.04802,15.870000000000001,0.0237,1.2223
448,24.3509,5.3991999999999996,0.063,15.870000000000001,0.0276,0.7613
449,22.467300000000005,2.5653,0.025,15.71,0.019,1.0216
450,-2.4636000000000005,3.3684000000000003,0.06842,15.870000000000001,0.0226,0.7162
451,-3.142699999999999,4.191,0.02378,15.57,0.0103,0.6254
452,0.9408999999999997,4.885599999999999,0.0165,16.01,0.0062,0.577
453,-0.18910000000000074,2.3933,0.0387,16.07,0.0164,0.6385
454,-1.1764000000000012,2.9801,0.0245,15.76,0.0272,0.8163
455,4.055500000000001,4.3634,0.02704,15.9,0.015499999999999998,0.3963
456,-7.962700000000001,3.7271,0.05588,15.8,0.0106,0.8384
457,-1.9382000000000004,4.8264,0.0185,15.66,0.014,0.6611
458,-2.1308999999999996,6.4533,0.0197,15.73,0.012,1.0359
459,16.649100000000004,7.060000000000001,0.04548,15.9,0.0231,0.8146
460,1.3663999999999996,6.4272,0.0217,15.99,0.0056,0.9873
461,1.1136000000000008,5.5958,0.0185,15.73,0.0112,1.0216
462,2.3091,5.1075,0.0581,15.73,0.015,0.9174999999999999
463,9.656399999999998,8.314599999999999,0.0701,15.8,0.0237,0.9109
464,0.5536000000000006,3.1414,0.020600000000000004,15.98,0.0211,0.7193
465,-4.658200000000001,4.7022,0.04694,15.84,0.0293,0.6259
466,-0.34549999999999986,7.183440000000001,0.0211,15.99,0.0107,0.604
467,11.696400000000002,7.259999999999999,0.0225,15.9,0.0243,1.1869
468,-1.7818000000000014,4.0694,0.020339999999999997,15.75,0.0098,0.47439999999999993
469,0.16639999999999944,8.6404,0.0148,15.89,0.0272,0.7153
470,-3.992700000000001,2.5272,0.018959999999999998,15.74,0.0208,0.47439999999999993
471,-0.2799999999999988,8.944899999999999,0.024260000000000004,15.73,0.0192,0.7392
472,-2.117300000000001,6.2890999999999995,0.0299,15.63,0.0108,0.6927
473,-3.8691000000000013,5.1033,0.06352,15.74,0.0175,0.7392
474,4.938199999999999,4.6676,0.04762,15.75,0.0223,0.6242
475,-0.9618000000000007,9.4501,0.02228,16.04,0.0117,1.1255
476,-6.855499999999999,6.450799999999999,0.04736,15.73,0.0252,0.8041
477,0.7736000000000001,7.411299999999998,0.023020000000000002,15.770000000000001,0.0243,0.7506
478,23.7864,4.8968,0.1278,15.76,0.0263,0.6641
479,-2.029100000000001,7.4350999999999985,0.0156,15.62,0.0137,0.8704999999999999
480,-2.667300000000001,6.329300000000001,0.0238,15.95,0.009,0.8230999999999999
481,0.7899999999999998,4.9118,0.05970000000000001,15.9,0.0066,0.8163
482,13.9782,6.0235,0.0231,15.93,0.0179,0.4996
483,-5.469100000000002,4.6156,0.03058,15.93,0.0063,0.656
484,-5.2427,8.0432,0.036539999999999996,15.84,0.0213,0.9136
485,-1.2335999999999996,4.646,0.022599999999999995,15.99,0.0112,0.9588
486,-7.156399999999999,7.9407,0.0158,15.73,0.0223,0.687
487,23.473600000000005,2.6882,0.0268,15.96,0.0224,0.5279
488,0.6327000000000005,5.3109,0.020819999999999998,15.860000000000001,0.0099,0.7849
489,16.4582,4.9435,0.0165,15.76,0.0241,0.6901
490,-7.814500000000002,7.7685,0.02256,15.66,0.0237,0.5858
491,-0.09449999999999897,4.0299,0.02106,15.680000000000001,0.0133,0.7337
492,-5.1655000000000015,3.6904000000000003,0.022599999999999995,15.98,0.0072,0.768
493,22.8809,5.2902,0.0503,15.81,0.0204,1.0407
494,2.0063999999999997,5.3257,0.0182,15.85,0.0199,0.6576
495,1.575500000000001,8.0824,0.0191,16.02,0.0084,0.8716
496,-3.1818000000000004,2.9339,0.02046,15.73,0.0161,0.7719
497,1.5444999999999995,7.405499999999999,0.0209,15.74,0.0064,0.7663
498,-0.2227000000000001,4.4168,0.019,15.81,0.0224,1.0631
499,-2.020900000000001,2.5282,0.0159,15.689999999999998,0.018,0.9186
500,18.497259999999997,6.2376000000000005,0.05238,15.870000000000001,0.0222,0.7613
501,-3.1963999999999997,4.4213,0.028339999999999994,15.74,0.0287,0.5742
502,-1.123600000000001,3.8851,0.04178,15.54,0.0156,0.9048999999999999
503,-1.220900000000001,5.873,0.0217,15.75,0.0176,0.5377
504,23.97092,6.8027,0.0623,15.680000000000001,0.0232,0.7613
505,-0.6600000000000007,6.643199999999999,0.012599999999999998,15.770000000000001,0.0053,0.7643
506,3.4390999999999976,6.20004,0.029160000000000005,15.82,0.0148,1.0478
507,1.0400000000000003,3.251,0.017,15.75,0.0059,0.8571
508,-6.5027,3.3019,0.029879999999999997,15.73,0.0127,0.4443
509,3.9982,4.4321,0.0216,15.83,0.0065,0.7611
510,-0.24360000000000095,6.486399999999999,0.025099999999999997,15.7,0.0102,1.0143
511,6.349099999999999,3.6306,0.016780000000000003,15.81,0.0179,0.5284
512,0.7635999999999998,4.7589,0.024360000000000003,15.91,0.0132,0.6335
513,6.1727,10.9203,0.019,15.67,0.0174,0.8230999999999999
514,0.4526999999999998,7.173,0.0401,15.84,0.0101,1.0631
515,18.604500000000005,7.04694,0.024000000000000004,15.73,0.029,1.1815
516,-1.6109000000000009,5.824,0.048499999999999995,15.689999999999998,0.0196,0.9186
517,1.4899999999999993,4.0638,0.0158,15.96,0.0053,1.0189
518,1.7618000000000007,5.5131,0.0198,15.79,0.0178,0.9725
519,0.4264000000000001,3.7573,0.023320000000000004,15.870000000000001,0.0099,0.6144
520,2.9409000000000027,3.9316000000000004,0.0212,15.770000000000001,0.0064,0.6987
521,16.525499999999997,3.6187999999999994,0.05316,15.74,0.0254,0.6901
522,1.8181999999999992,5.085800000000001,0.041440000000000005,15.870000000000001,0.0276,0.9725
523,-1.1927000000000005,4.5513,0.0199,15.99,0.0138,1.0918
524,2.8691,9.6984,0.03322,15.73,0.0144,0.8615999999999999
525,1.7700000000000007,3.7064000000000004,0.0264,15.82,0.0111,0.7663
526,3.3600000000000003,7.030199999999999,0.039779999999999996,15.770000000000001,0.0088,0.5799
527,2.649099999999998,9.852700000000002,0.0468,15.91,0.01,0.8882999999999999
528,5.002899999999999,9.904600000000002,0.08780000000000002,15.83,0.0266,0.9251
529,-3.4617999999999993,2.3936000000000006,0.02492,15.73,0.015499999999999998,0.8076
530,-2.359099999999999,5.778600000000001,0.0173,15.66,0.015499999999999998,0.5284
531,-8.1182,4.1477,0.04072,15.82,0.0184,0.6783
532,0.6855000000000006,4.4256,0.0413,16.09,0.0099,0.6163
533,3.6809000000000007,3.5974,0.034600000000000006,15.93,0.0122,0.746
534,0.5082000000000005,4.7158,0.0184,15.98,0.007,0.832
535,6.188199999999999,7.0742,0.0232,15.79,0.0209,0.8704999999999999
536,-0.174499999999999,5.68,0.0258,15.9,0.0157,0.7316
537,1.9273,6.2851,0.022359999999999998,15.71,0.0226,0.7664
538,5.5964,4.8447,0.0137,15.71,0.0189,0.8833999999999999
539,4.9209,5.3264,0.02256,15.81,0.0137,0.8757999999999999
540,-0.8435999999999998,6.622299999999999,0.02226,15.73,0.02,0.6161
541,5.3191000000000015,4.8468,0.0174,15.680000000000001,0.0243,0.5765
542,7.8264,10.4973,0.05229999999999999,15.99,0.0097,1.1869
543,4.444500000000001,2.9431,0.09540000000000001,15.73,0.0201,0.7093
544,13.6809,4.676,0.048780000000000004,15.75,0.0107,0.7408
545,-3.8791000000000015,5.1665,0.020700000000000003,15.75,0.013,1.0765
546,1.1845000000000008,7.783599999999998,0.0152,15.65,0.0083,0.9916000000000001
547,13.148199999999997,4.6964,0.1551,16.01,0.0229,0.662
548,0.23089999999999994,5.9349,0.039139999999999994,15.8,0.0266,0.7162
549,3.2491000000000017,6.1087,0.0138,15.95,0.0065,0.8882999999999999
550,1.5176600000000027,6.090519999999999,0.02202,15.56,0.018,0.7516
551,1.5927000000000007,5.0804,0.026840000000000003,15.65,0.0081,0.78
552,-3.6144999999999996,3.0022,0.01758,15.75,0.0066,0.9276000000000001
553,-1.790899999999999,8.2849,0.036660000000000005,15.75,0.0168,0.7233
554,-13.357300000000002,2.8962,0.029059999999999996,15.83,0.0094,1.148
555,5.780000000000001,7.2905,0.0484,15.9,0.0278,0.8235
556,2.233600000000001,3.9954000000000005,0.017859999999999997,15.92,0.0163,0.7093
557,1.4791000000000012,3.9117,0.029240000000000002,15.689999999999998,0.0092,0.4254
558,1.2264000000000002,11.173,0.0134,15.76,0.0077,0.8751999999999999
559,-1.249099999999999,3.8315,0.03566,15.75,0.0173,0.9186
560,1.1626999999999996,7.230999999999998,0.023320000000000004,15.72,0.012,0.9726000000000001
561,19.102700000000002,6.906399999999999,0.024800000000000003,15.75,0.0277,0.9413000000000001
562,-1.0199999999999996,3.5486,0.02454,15.599999999999998,0.0198,0.5194
563,3.4845000000000006,3.5149,0.02176,15.62,0.0184,0.647
564,0.8072999999999998,5.8042,0.0251,15.88,0.0204,1.2364
565,10.080000000000002,9.4293,0.0337,15.8,0.0105,1.0551
566,3.6663999999999994,3.6807,0.022899999999999997,15.63,0.0212,0.7532
567,-0.2844999999999999,6.1134,0.0676,15.770000000000001,0.013,0.7153
568,-2.4609,4.2918,0.0189,15.94,0.0108,0.5355
569,-1.7135999999999996,4.3599,0.025019999999999997,15.51,0.0111,0.4382
570,-3.3864000000000005,5.3197,0.06374,15.870000000000001,0.0192,0.6783
571,21.108199999999997,5.7399,0.0562,15.73,0.0295,0.7408
572,4.502700000000002,5.7879,0.0142,15.76,0.0247,1.1815
573,19.3136,7.127999999999999,0.0346,16.1,0.0202,0.7584
574,2.6173000000000015,5.9411,0.03372,15.83,0.0279,1.062
575,5.047299999999998,4.3207,0.034719999999999994,15.67,0.0274,0.5632
576,-1.1726999999999999,4.338,0.051500000000000004,15.770000000000001,0.0113,0.8262999999999999
577,0.5373000000000012,3.4170000000000003,0.03702,15.8,0.0079,1.1525
578,17.732699999999998,9.9305,0.0401,15.85,0.0325,1.0803
579,4.381799999999998,6.953799999999999,0.0242,15.95,0.0101,0.5799
580,-0.24910000000000013,3.1226,0.03248,15.8,0.0077,0.4782
581,2.9535999999999984,4.0489,0.0197,15.770000000000001,0.0116,0.7808
582,-3.9435999999999996,6.899999999999999,0.0372,15.99,0.0218,0.5377
583,5.113600000000002,7.7186,0.017,15.71,0.0073,0.8336
584,5.470900000000002,5.2009,0.0372,15.84,0.0116,1.0478
585,-2.3617999999999997,4.0841,0.04042000000000001,15.74,0.0167,0.5742
586,4.907299999999998,5.4231,0.0302,15.96,0.0068,0.9826
587,3.5336000000000016,8.9725,0.05726,15.770000000000001,0.0054,0.7121
588,0.8235999999999991,6.2963,0.039400000000000004,15.62,0.0138,0.6222
589,0.8536000000000001,5.7716,0.053399999999999996,15.73,0.0091,0.9729
590,3.3063999999999982,5.1124,0.037880000000000004,15.689999999999998,0.0196,0.5066
591,4.836400000000001,9.3323,0.0182,15.95,0.0127,0.5836
592,2.037300000000001,5.3147,0.0623,15.85,0.0101,1.1869
593,-0.0444999999999999,5.4095,0.0364,15.57,0.0178,0.7942
594,8.9418,4.1464,0.0748,15.65,0.0165,0.4184
595,4.395500000000002,3.3263,0.02324,15.770000000000001,0.0116,0.7677
596,-1.1608999999999992,5.8827,0.0328,15.79,0.0248,0.7121
597,23.036400000000004,5.1101,0.0568,15.7,0.0234,0.8735
598,-0.7417999999999987,6.785499999999999,0.019760000000000003,15.56,0.017,0.8569
599,-2.118200000000001,6.421000000000001,0.0379,15.779999999999998,0.0147,0.8304
600,-1.0444999999999989,4.6415,0.02676,15.74,0.0165,0.8089
601,14.157459999999997,6.910199999999999,0.1115,15.7,0.0216,0.8007
602,1.4726999999999995,5.654,0.04359999999999999,15.89,0.0118,0.9163
603,-1.1526999999999994,5.3217,0.025999999999999995,15.8,0.0157,0.832
604,-5.2327,5.8077,0.0307,15.75,0.0116,0.7159
605,0.5773,5.9787,0.02132,15.75,0.0193,0.8122
606,-0.120899999999999,10.4836,0.127,15.9,0.0176,0.8807
607,5.519099999999998,9.4815,0.030299999999999997,15.8,0.0161,0.7674
608,3.9308999999999985,4.7656,0.0152,15.8,0.0176,1.0393
609,1.949100000000001,9.2499,0.0222,15.65,0.0086,0.8159
610,23.1373,9.4939,0.022100000000000005,15.9,0.0307,0.7015
611,-1.8808999999999994,2.3399,0.02782,15.8,0.01,0.4782
612,22.7418,5.1423,0.0421,15.8,0.0147,0.6641
613,-2.2190999999999996,3.8687,0.04200000000000001,15.79,0.0095,0.6641
614,1.371800000000001,4.313,0.0743,15.85,0.0294,0.7747
615,3.6399999999999992,4.9673,0.039959999999999996,15.870000000000001,0.0344,0.5066
616,-7.87,6.0516,0.0188,15.62,0.0171,0.8531999999999998
617,1.0691000000000008,4.55,0.0363,16.08,0.017480000000000002,0.8149999999999998
618,-3.1909000000000005,5.9387,0.024120000000000003,15.72,0.0116,0.8184
619,8.986400000000001,4.7606,0.1053,15.97,0.0092,1.0338
620,15.018200000000002,4.8764,0.04352,15.74,0.0158,0.8007
621,20.420900000000003,8.0698,0.0706,15.82,0.0182,0.7015
622,0.27449999999999963,2.8753,0.0185,15.9,0.0086,0.7719
623,0.9909000000000013,4.2708,0.0185,15.71,0.0199,0.5779
624,7.975499999999999,4.2849,0.030899999999999997,15.99,0.0163,0.8435
625,15.203080000000003,8.845399999999998,0.058,15.71,0.0349,1.2771
626,-0.9000000000000008,4.7778,0.024739999999999998,15.71,0.0203,0.8163
627,18.2809,4.5369,0.027499999999999997,15.83,0.0108,1.0803
628,15.860899999999999,2.7354,0.03846000000000001,15.680000000000001,0.0223,1.0407
629,-0.6299999999999998,2.9179,0.0317,16.01,0.0157,0.8571
630,0.49820000000000025,7.2128,0.0228,15.62,0.0128,0.8594999999999999
631,2.4173000000000004,7.1468,0.0225,15.73,0.0173,0.8807
632,1.498199999999999,6.5280000000000005,0.020700000000000003,16.0,0.016,0.6335
633,-2.5955000000000004,7.495199999999998,0.0278,15.82,0.024,0.4685
634,0.44449999999999995,5.0272,0.0217,15.81,0.0207,0.5317
635,23.44382,4.8666,0.1351,15.74,0.0256,0.8446
636,-0.17000000000000035,5.2194,0.025859999999999994,16.02,0.0196,0.7593
637,2.1135999999999995,4.1174,0.024739999999999998,15.770000000000001,0.0099,0.587
638,-1.7336000000000003,3.454,0.04344,15.74,0.0167,0.4254
639,2.23,2.0773,0.022779999999999998,15.65,0.007,0.7954
640,-0.4109000000000006,4.7785,0.030079999999999996,15.689999999999998,0.0176,1.0186
641,-6.247300000000001,7.5956,0.02836,15.770000000000001,0.0082,0.6268
642,-0.01820000000000017,4.277,0.014100000000000001,15.689999999999998,0.0145,0.4129
643,14.438199999999998,9.8466,0.05584000000000001,15.9,0.024,1.0047
644,9.486400000000001,4.1354,0.024399999999999998,15.770000000000001,0.0097,0.8222
645,-6.862700000000001,7.2038,0.034,15.88,0.0285,0.7642
646,0.5791000000000005,6.882699999999999,0.03376,15.98,0.014300000000000002,1.1638
647,13.551800000000002,5.5607999999999995,0.028960000000000003,15.82,0.0062,0.9444
648,-0.0699999999999997,7.791099999999999,0.0183,15.73,0.0161,0.7681
649,0.7591000000000011,4.3304,0.04866,15.92,0.0093,0.8344999999999999
650,17.978199999999998,7.9506,0.0328,15.84,0.0124,1.0323
651,2.1981999999999986,6.1374,0.0411,15.54,0.0122,0.6066
652,-1.3100000000000012,8.1214,0.02754,15.7,0.0213,0.8594999999999999
653,0.7482000000000006,6.614600000000001,0.0199,15.73,0.013,1.0216
654,5.7309,8.1035,0.1143,15.870000000000001,0.014,0.565
655,1.4845000000000002,6.1176,0.02176,15.63,0.0186,0.4722
656,10.612020000000001,3.7282,0.08624,15.74,0.0277,0.8446
657,4.92,7.760100000000001,0.0272,15.91,0.0091,0.8751999999999999
658,4.738199999999998,4.62376,0.02418,15.76,0.0158,0.47490000000000004
659,-0.8173,4.5853,0.02564,15.689999999999998,0.006,0.9142999999999999
660,15.793600000000001,3.4193,0.035320000000000004,15.74,0.0257,1.1086
661,-2.100000000000001,6.573699999999998,0.03088,15.93,0.015499999999999998,0.7337
662,4.482700000000001,4.2433,0.0115,15.870000000000001,0.0086,0.9588
663,-15.5318,3.3351,0.03781999999999999,15.71,0.0082,0.8384
664,1.355499999999999,4.8659,0.020999999999999998,15.64,0.0125,0.745
665,22.216400000000004,5.7072,0.0224,15.74,0.0149,0.8007
666,-4.989099999999999,2.4392999999999994,0.02,15.75,0.0148,0.6927
667,-0.33270000000000105,5.0396,0.0302,15.88,0.019,0.768
668,1.9254999999999995,6.0788,0.01892,15.88,0.0182,0.8716
669,3.218200000000001,5.0597,0.03524,15.67,0.0294,0.9251
670,22.795640000000002,6.82112,0.0643,15.8,0.0313,0.9753
671,7.030000000000001,6.4357999999999995,0.05229999999999999,15.82,0.0077,0.9812
672,6.3690999999999995,3.5094,0.0342,15.99,0.0162,0.5377
673,-0.35179999999999895,4.7047,0.0223,15.97,0.0192,0.6987
674,-1.7155000000000005,4.2076,0.026799999999999994,15.7,0.009,0.6927
675,18.1782,10.2601,0.0516,15.83,0.0324,0.9109
676,0.1082000000000005,8.685999999999998,0.02666,15.73,0.0086,0.9072
677,-0.5718000000000009,4.6034,0.0156,15.92,0.0158,0.8716
678,-0.7845000000000006,7.7185,0.0498,15.96,0.0054,1.0393
679,-2.170900000000001,4.197,0.02514,15.82,0.0069,0.7719
680,-3.2082,8.589199999999998,0.0486,15.74,0.0103,0.8427
681,-1.3773000000000002,10.027199999999999,0.02964,15.74,0.0144,0.6335
682,-0.6726999999999992,6.8464,0.012599999999999998,15.89,0.0182,0.9725
683,5.4191,4.3832,0.0377,15.83,0.0086,0.8235
684,-5.139100000000001,4.3478,0.0365,15.74,0.0184,0.9072
685,-4.9682,1.8685,0.0279,15.770000000000001,0.012,0.7032
686,5.9944999999999995,3.4932999999999996,0.05371999999999999,15.83,0.0059,1.062
687,4.689099999999997,6.0446,0.02828,15.98,0.0168,0.8571
688,-5.549999999999999,2.4673,0.0212,16.07,0.0216,0.573
689,-0.7391000000000005,5.1621,0.022639999999999997,15.73,0.0084,0.8229
690,3.9290999999999983,4.1375,0.0217,15.770000000000001,0.01632,0.7139
691,-1.4409000000000005,2.5745,0.0518,15.71,0.013,0.9142999999999999
692,0.7582000000000009,7.0841,0.0413,15.83,0.0087,0.9109
693,12.5391,9.0303,0.06069999999999999,15.83,0.0168,0.7584
694,1.7791000000000006,8.0368,0.033839999999999995,15.75,0.0205,0.7392
695,-0.2255000000000011,4.012,0.035460000000000005,15.770000000000001,0.0149,1.026
696,-1.462699999999999,6.6101,0.022480000000000003,15.73,0.0169,0.7852
697,1.1400000000000008,5.524,0.0205,15.85,0.0168,1.0135
698,-4.3518,5.917500000000001,0.031740000000000004,15.72,0.0203,0.757
699,-2.126400000000001,4.5812,0.02442,15.73,0.0199,0.5329
700,-2.1518000000000006,4.4519,0.0219,15.71,0.0164,0.7558
701,-4.5936,4.1924,0.022080000000000002,15.8,0.0137,0.7053
702,2.6344999999999987,4.0633,0.0216,15.65,0.0097,1.0631
703,0.5217999999999993,2.9002,0.0249,15.75,0.0071,1.0541
704,-2.9491,3.5892,0.030119999999999997,15.71,0.0072,0.7724
705,22.182699999999997,8.756399999999998,0.0262,15.89,0.0209,0.9059
706,2.8627000000000007,9.290699999999998,0.022219999999999997,15.870000000000001,0.0118,0.6335
707,-1.8509000000000009,5.927300000000001,0.030340000000000002,15.770000000000001,0.0165,0.7674
708,-8.3127,4.1397,0.0397,15.79,0.0236,1.0459
709,-1.0773000000000008,4.6703,0.028020000000000003,15.84,0.0213,0.8041
710,-0.09639999999999972,8.9009,0.031,15.97,0.0096,1.0189
711,5.9282,4.936,0.031979999999999995,15.72,0.0136,0.8469
712,2.8618,6.4813,0.0199,15.89,0.0152,1.1638
713,-0.11910000000000104,2.8254,0.02212,15.73,0.0067,0.7664
714,18.7173,6.855499999999998,0.1308,15.84,0.0264,0.9683
715,-5.0355,3.7746,0.012599999999999998,15.57,0.023,0.4722
716,-0.7890999999999996,5.4846,0.0205,15.65,0.0153,0.8704999999999999
717,6.275500000000001,3.2291,0.0211,15.7,0.0158,0.9074999999999999
718,-10.4455,5.4725,0.014,15.668000000000001,0.0184,0.6163
719,6.31566,6.5942,0.028419999999999997,15.79,0.0254,0.9794
720,-1.7264000000000008,5.8142,0.03227999999999999,15.93,0.0328,0.8692999999999999
721,3.288199999999998,2.8136,0.018539999999999997,15.93,0.012,0.746
722,0.09449999999999897,6.5727,0.0274,15.76,0.0084,1.0338
723,-1.0454999999999994,4.5404,0.02326,15.71,0.0242,0.8296999999999999
724,-0.1463999999999988,4.58,0.016,15.7,0.0055,0.6605
725,5.661800000000003,5.5285,0.0475,15.91,0.0194,0.9048
726,4.073599999999999,5.5816,0.02022,15.580000000000002,0.0093,0.4817
727,-3.1226999999999987,3.3196,0.031079999999999997,15.79,0.012,0.6373
728,5.630899999999997,5.0146,0.0184,15.9,0.0211,0.9361
729,18.830900000000003,3.4336,0.022100000000000005,15.83,0.0123,1.1086
730,16.603599999999997,4.1499,0.020999999999999998,15.8,0.0166,0.4184
731,8.4236,10.099000000000002,0.0402,15.83,0.0266,1.1815
732,9.6745,5.6653,0.0324,15.8,0.0161,1.0551
733,-1.8790999999999989,5.2597,0.02038,16.02,0.0126,1.1255
734,6.250000000000001,4.275,0.02246,15.71,0.0157,0.9725
735,17.637300000000003,5.0493,0.04016,15.83,0.0203,0.4996
736,1.9145000000000012,6.209099999999999,0.047459999999999995,15.9,0.0273,1.062
737,-3.005500000000001,4.3632,0.0348,15.689999999999998,0.0055,0.8658999999999999
738,-0.5463999999999989,4.7047,0.020860000000000004,15.870000000000001,0.0082,0.3963
739,-2.8054999999999994,5.1201,0.04558,15.84,0.0165,0.5669
740,2.6373000000000024,6.0599,0.025160000000000002,15.870000000000001,0.0091,0.5799
741,6.564499999999997,2.0751,0.027499999999999997,15.89,0.0072,1.0697
742,-9.2836,5.6813,0.03622,15.779999999999998,0.0179,0.7574
743,5.9136000000000015,3.0996,0.029399999999999996,15.83,0.0273,1.0147
744,4.305499999999999,6.2869,0.029900000000000003,15.92,0.0315,1.062
745,3.9526999999999997,2.0008,0.0307,15.73,0.0156,0.713
746,0.0954999999999995,4.937500000000001,0.03206,15.870000000000001,0.0135,0.5066
747,-1.4227000000000003,4.6557,0.031799999999999995,16.07,0.0167,0.6259
748,-5.414500000000001,8.194399999999998,0.033240000000000006,15.98,0.0218,0.573
749,1.4418000000000006,4.6325,0.0158,15.75,0.0066,1.0359
750,-0.31360000000000066,9.1663,0.03286,16.07,0.0212,0.7534
751,0.1809000000000009,4.282,0.0231,15.73,0.014,0.6257
752,1.91,9.243,0.03716,15.75,0.0196,0.8638
753,2.6035999999999975,4.3881,0.0315,15.75,0.011,0.9142999999999999
754,-2.9790999999999985,4.6832,0.03114,15.73,0.0069,0.8469
755,-1.4199999999999997,7.318199999999999,0.0323,15.88,0.0072,1.0147
756,-0.5126999999999992,4.7687,0.0246,15.770000000000001,0.0097,0.6242
757,2.439999999999999,6.040100000000001,0.027620000000000002,15.81,0.0164,0.6787
758,-2.855499999999999,3.5168999999999997,0.03303999999999999,15.47,0.0083,0.6259
759,-2.5381999999999993,6.2289,0.04324,15.75,0.0069,0.7447
760,1.470000000000001,5.7143,0.0138,15.71,0.0113,0.6641
761,0.1691000000000001,6.968059999999999,0.0192,15.89,0.0147,0.7153
762,8.191980000000001,9.2718,0.028,15.76,0.0143,1.0959
763,18.4,8.920199999999998,0.027100000000000003,15.85,0.0239,0.9059
764,-5.933599999999999,6.037799999999999,0.030059999999999993,15.71,0.0148,0.714
765,-5.927300000000001,5.2422,0.027659999999999997,15.75,0.0141,0.7053
766,0.06270000000000008,2.6068,0.019639999999999998,15.870000000000001,0.0091,0.9329000000000001
767,-2.6655,2.2386,0.03744,15.7,0.0148,0.8387
768,-1.0409000000000004,4.9073,0.022,15.580000000000002,0.0131,0.9163
769,-5.335499999999999,5.6449,0.0596,15.75,0.019080000000000003,1.1525
770,-1.9681999999999988,10.2046,0.0516,15.95,0.0087,0.9826
771,23.7136,8.0391,0.121,15.76,0.0097,0.8735
772,3.227300000000001,6.132,0.0228,15.73,0.0119,0.9812
773,0.34910000000000074,4.672,0.0178,15.67,0.0254,0.4685
774,-3.656399999999999,4.4621,0.03512,15.88,0.0282,0.9964999999999999
775,18.3209,2.2849,0.08180000000000001,15.73,0.0062,1.0407
776,2.6217999999999977,5.5797,0.01934,15.9,0.0181,0.9735
777,2.502699999999999,7.8622,0.0292,15.89,0.0212,0.7928
778,1.8318000000000005,4.2518,0.01802,15.66,0.0187,0.5329
779,-11.4709,3.3268,0.04818000000000001,15.83,0.009,0.764
780,1.0145000000000004,3.6118,0.02868,15.7,0.0129,0.6066
781,2.571800000000001,6.2216000000000005,0.0262,15.8,0.0137,0.9729
782,0.25270000000000103,5.4828600000000005,0.022,15.65,0.0128,0.6066
783,-3.1517999999999993,4.6772,0.03406,15.61,0.0047,0.9916000000000001
784,-1.8735999999999997,4.2324,0.01934,15.75,0.0092,0.6796
785,1.5881999999999994,5.4022,0.02054,15.62,0.0164,0.6163
786,-7.5073,6.200900000000001,0.0215,15.770000000000001,0.0192,0.7643
787,2.4718000000000004,6.6471,0.0194,15.97,0.0094,0.604
788,17.450359999999996,6.0001,0.0211,15.79,0.0215,0.7408
789,13.113599999999998,5.8357,0.05970000000000001,16.01,0.0238,0.9835999999999999
790,22.7636,5.207199999999999,0.0245,15.84,0.0215,0.8556
791,5.949099999999997,6.4118,0.021119999999999996,15.779999999999998,0.0225,0.8133
792,-1.6499999999999992,4.5493,0.018099999999999998,15.770000000000001,0.0106,0.6254
793,-6.6617999999999995,5.7503,0.043,15.65,0.015,0.5765
794,-0.33270000000000105,6.2662,0.028980000000000002,15.870000000000001,0.0272,1.062
795,-2.669999999999999,7.8399,0.01842,15.72,0.013,0.9091
796,-4.571799999999999,6.495899999999999,0.03808,15.770000000000001,0.0171,0.7392
797,4.908199999999999,3.0357,0.01332,15.91,0.0133,0.7511
798,5.4209000000000005,7.015299999999999,0.0446,15.71,0.0122,0.684
799,1.5218000000000007,4.3655,0.034620000000000005,15.779999999999998,0.0193,0.8786999999999999
800,9.208199999999998,9.6042,0.0907,15.83,0.0323,1.1815
801,1.1655000000000006,3.6021999999999994,0.02122,16.09,0.016,0.4817
802,-2.872700000000001,3.7156,0.016720000000000002,15.680000000000001,0.0203,0.684
803,4.591799999999999,3.8241,0.027099999999999996,15.8,0.0237,0.5478
804,0.22360000000000033,3.3124000000000002,0.018940000000000002,16.01,0.0083,0.8076
805,-0.27179999999999893,8.492599999999998,0.0185,15.62,0.0112,0.832
806,-5.968200000000002,3.8774,0.0146,15.76,0.0063,0.656
807,-6.063600000000001,4.5022,0.020739999999999998,15.8,0.0185,0.8089
808,7.508559999999998,6.3688,0.0418,15.66,0.0264,0.4221
809,2.9544999999999986,5.741500000000001,0.03146,15.67,0.0186,0.7584
810,-2.9182000000000015,5.7046,0.033280000000000004,15.7,0.0201,0.46599999999999997
811,2.7500000000000013,3.8384,0.0172,15.88,0.0171,1.0135
812,0.7227000000000008,3.6395,0.0378,15.89,0.0053,0.78
813,-8.64,8.845999999999998,0.0175,15.8,0.0189,0.9715000000000001
814,-3.0909,7.2454,0.01338,15.689999999999998,0.008,0.8531999999999998
815,15.952700000000002,3.614,0.029700000000000004,15.71,0.0196,0.7898
816,14.901800000000003,7.856099999999999,0.1183,15.870000000000001,0.0229,0.5593
817,2.872700000000001,5.1336,0.0183,15.7,0.0066,0.8571
818,3.1190999999999978,4.7727,0.022900000000000004,15.770000000000001,0.0062,0.9729
819,-1.1254999999999993,6.3446,0.0194,15.689999999999998,0.0163,0.9192999999999999
820,-2.972699999999999,5.858600000000001,0.028879999999999996,15.770000000000001,0.0119,0.7677
821,2.2726999999999995,5.0108,0.03,15.73,0.0093,0.74
822,25.0382,4.89262,0.0292,15.96,0.0214,0.5279
823,-0.004500000000001142,7.530299999999999,0.03248,15.7,0.0159,0.8594999999999999
824,14.734500000000004,5.028400000000001,0.0162,15.85,0.0096,0.5677
825,19.8,7.009600000000001,0.0457,15.83,0.0166,0.8007
826,3.9699999999999998,6.5183,0.02844,15.84,0.023,1.1404
827,-0.5044999999999994,2.8381,0.02106,15.779999999999998,0.0086,0.6857
828,3.3054999999999977,6.029419999999999,0.0337,15.85,0.03,0.7121
829,0.43820000000000087,5.5751,0.05162,15.76,0.0221,0.8163
830,-2.030899999999999,3.7988999999999997,0.018240000000000003,15.96,0.0098,0.7506
831,0.5364000000000011,4.1514,0.01896,15.779999999999998,0.0055,1.0404
832,4.728199999999998,5.44,0.03949999999999999,15.860000000000001,0.0183,0.7534
833,0.2354999999999989,5.5748,0.03264,15.779999999999998,0.0178,0.745
834,-1.9727000000000001,2.7865,0.02198,16.07,0.0213,0.8076
835,2.996399999999998,4.3328,0.049159999999999995,15.75,0.0178,0.8041
836,-0.37730000000000125,5.0724,0.023979999999999998,15.770000000000001,0.0066,0.6259
837,24.8064,7.165399999999998,0.05450000000000001,15.76,0.0181,0.8446
838,0.4781999999999996,5.2546,0.0169,15.52,0.0167,0.5765
839,2.596400000000001,6.0507,0.014100000000000001,15.73,0.0216,0.9873
840,1.4218,5.4321,0.030379999999999997,15.870000000000001,0.0314,0.7059
841,1.4036,2.7193,0.024140000000000005,15.88,0.0281,0.9251
842,2.61382,6.06964,0.04589999999999999,15.99,0.0097,0.7681
843,4.7863999999999995,3.9746,0.048060000000000005,15.85,0.0232,0.7574
844,-1.8826999999999998,3.4658,0.0186,15.7,0.0124,0.6815
845,9.8418,4.8133,0.0193,15.73,0.0234,0.7808
846,18.63,3.6187999999999994,0.0381,15.9,0.0249,0.7162
847,-6.646400000000001,4.6056,0.02054,15.96,0.0168,0.573
848,5.7250600000000045,8.5143,0.0217,15.88,0.0141,0.7384
849,-1.9827000000000004,3.8989,0.01744,15.7,0.0117,0.9332
850,4.812700000000001,2.9198,0.021539999999999997,15.73,0.0188,0.8638
851,-1.3226999999999995,6.02824,0.04059999999999999,15.95,0.0232,1.0338
852,1.435499999999999,6.3172,0.1206,15.770000000000001,0.0134,0.7121
853,0.11550000000000013,5.1901,0.028,15.98,0.0106,0.9715000000000001
854,-0.0508999999999993,3.5047,0.01758,15.75,0.0067,1.0404
855,1.8899999999999995,3.255,0.017,15.89,0.0104,0.587
856,2.6990999999999996,6.235699999999999,0.027960000000000002,16.09,0.0053,0.7663
857,-2.935500000000001,4.0987,0.020299999999999995,15.779999999999998,0.0097,0.7258
858,1.5272999999999999,6.2217,0.022539999999999998,15.74,0.0319,0.8089
859,1.5526999999999993,4.471,0.021799999999999996,15.9,0.0135,0.4221
860,-8.6982,6.9142,0.019,15.88,0.0082,0.9383
861,0.14909999999999948,5.4108,0.0168,15.97,0.0215,1.1255
862,-1.8899999999999995,6.5694,0.0487,15.61,0.0151,0.8144999999999999
863,1.051800000000001,7.463899999999999,0.03336,15.82,0.0079,1.0478
864,-1.566400000000001,3.686,0.1606,15.8,0.02,0.8926
865,2.251800000000001,4.0085,0.0396,15.9,0.012,0.9588
866,3.902699999999998,9.1554,0.0198,15.66,0.0232,0.8160999999999999
867,5.638200000000002,7.151599999999999,0.025760000000000005,15.72,0.007,1.0404
868,4.879099999999998,3.1537,0.020720000000000002,15.75,0.0075,0.9142999999999999
869,4.4409,4.796600000000001,0.029000000000000005,15.89,0.007,0.7664
870,-2.240900000000001,5.1201,0.0258,15.71,0.009,0.6179
871,1.4463999999999997,4.7955,0.0158,15.97,0.0088,0.8230999999999999
872,-3.4191,4.1054,0.019219999999999998,15.61,0.0214,0.6385
873,-2.3391000000000006,4.2557,0.0196,15.88,0.024,0.8230999999999999
874,-2.4436,5.0766,0.025059999999999995,15.67,0.0118,0.7584
875,9.282700000000002,4.1834,0.0253,15.99,0.0188,0.8435
876,1.0673000000000004,4.878999999999999,0.020700000000000003,15.73,0.0066,0.8638
877,22.4382,6.1088000000000005,0.0259,15.85,0.0287,1.0323
878,1.300900000000001,5.1379,0.03686,15.73,0.0241,1.0216
879,0.22999999999999973,7.580399999999999,0.0332,15.97,0.0236,1.0189
880,3.388200000000001,3.9686,0.0265,15.779999999999998,0.0093,0.3973
881,-0.5336000000000001,5.1598,0.0289,15.75,0.0237,0.8336
882,-7.6655,4.0743,0.0301,15.79,0.0138,0.6163
883,0.670000000000001,3.9365,0.03416,16.08,0.0087,0.647
884,15.679100000000002,8.6597,0.04549999999999999,15.82,0.0299,0.9683
885,0.48549999999999927,6.857899999999999,0.04274000000000001,15.779999999999998,0.0148,0.6257
886,0.3209000000000003,3.7579,0.018399999999999996,15.779999999999998,0.0244,0.7664
887,17.5473,4.4298,0.0974,15.93,0.0064,1.0644
888,15.150900000000002,5.1087,0.07,15.93,0.0052,0.9368
889,2.835499999999998,3.5958,0.0803,15.84,0.0237,0.5677
890,-3.345499999999999,5.7818,0.0339,15.689999999999998,0.0202,0.8229
891,11.64908,7.5725999999999996,0.0933,15.8,0.0176,0.8735
892,-3.1382000000000008,3.4336,0.05138,15.79,0.0202,0.5742
893,1.7035999999999993,4.4746,0.02856,15.860000000000001,0.0266,0.481
894,24.9027,6.9238,0.026699999999999998,15.93,0.017,1.2771
895,0.8018000000000006,5.6521,0.03731999999999999,15.73,0.0237,0.9251
896,-0.2418000000000005,6.9587,0.0316,15.63,0.0188,0.6066
897,5.5782,4.5757,0.051160000000000004,15.96,0.0091,0.8235
898,3.816399999999999,9.7437,0.0212,15.63,0.0253,1.2672
899,-3.496399999999999,6.2188,0.0353,15.770000000000001,0.012,0.8262999999999999
900,3.4827,2.4138,0.032459999999999996,15.72,0.0238,1.0765
901,-11.968200000000001,7.092599999999999,0.08560000000000001,15.92,0.0091,1.0323
902,-7.1518,3.2322,0.018220000000000004,15.96,0.0194,0.8531999999999998
903,-2.9972999999999987,6.1033,0.03536000000000001,15.870000000000001,0.0318,0.8344999999999999
904,15.3073,5.9828,0.0178,15.97,0.0282,1.1869
905,-0.05550000000000074,11.0059,0.026199999999999998,15.8,0.0224,0.604
906,-2.6363999999999996,3.7718,0.03078,15.7,0.01,0.9358999999999998
907,1.0309000000000001,5.1741,0.0222,15.770000000000001,0.016,0.7159
908,13.8118,4.9417,0.07718,15.73,0.0117,0.4996
909,2.4672999999999994,2.8374,0.05106,15.93,0.0184,0.604
910,6.263600000000003,8.6184,0.023440000000000003,15.779999999999998,0.0069,0.7852
911,-5.957300000000002,5.1833,0.0508,15.82,0.0177,0.5779
912,23.9555,4.3641,0.024399999999999998,15.83,0.0208,0.5279
913,1.5118000000000005,5.0366,0.01882,15.72,0.0144,0.7832
914,0.032699999999999126,2.5159,0.0159,15.73,0.0059,0.6927
915,-2.502699999999999,4.6539,0.0269,15.779999999999998,0.0104,0.6179
916,2.0336,4.4464,0.0247,15.97,0.0162,0.832
917,5.496400000000002,6.2816,0.028280000000000003,15.63,0.0096,0.8133
918,10.374499999999998,6.901399999999999,0.047080000000000004,15.82,0.0289,0.7747
919,15.249280000000002,8.6352,0.0667,15.7,0.0215,1.0959
920,-2.793600000000001,5.9309,0.041440000000000005,15.73,0.0087,0.811
921,-1.5991,6.0422,0.0246,15.76,0.0145,0.7032
922,4.7545,6.2911,0.01828,15.56,0.0131,0.9273999999999999
923,-0.8399999999999989,7.451599999999999,0.050699999999999995,15.9,0.0292,0.8344999999999999
924,1.3350999999999973,5.6325,0.0801,15.91,0.0264,0.596
925,20.6,4.3662,0.0705,15.64,0.0142,1.0644
926,12.0945,5.2191,0.1467,15.9,0.0261,1.0459
927,-4.962699999999999,5.874600000000001,0.02442,15.75,0.0079,0.4254
928,3.4827,6.836799999999999,0.011299999999999998,15.95,0.0235,0.8146
929,7.0273,3.7145999999999995,0.0168,15.92,0.0068,0.7655
930,-2.0554999999999986,5.2289,0.0219,16.01,0.0063,0.5888
931,-1.1626999999999996,3.975,0.0186,15.56,0.006,0.4722
932,2.164499999999999,6.8985,0.028039999999999995,15.72,0.022,0.8133
933,-5.885499999999999,2.5985,0.02622,16.07,0.0194,0.47490000000000004
934,2.5055,6.3005,0.03847999999999999,15.95,0.0161,0.9396
935,3.1645000000000003,3.11,0.022100000000000005,15.73,0.0081,1.0199
936,0.7063999999999989,6.7658,0.09,15.89,0.0265,0.9192999999999999
937,0.16180000000000047,9.6091,0.022100000000000005,15.779999999999998,0.0245,1.0918
938,-1.2164,10.9187,0.06604000000000002,15.84,0.0132,0.5669
939,1.1890999999999996,6.2608,0.02824,15.74,0.0133,0.5066
940,3.4481999999999977,5.2947,0.0041,15.92,0.0072,0.4382
941,2.090900000000001,4.8154,0.0186,15.73,0.0077,0.6815
942,24.4791,7.739399999999999,0.0555,15.8,0.0279,0.7162
943,-0.32360000000000094,3.596,0.03566,15.72,0.0107,0.7642
944,-1.5118000000000005,6.4178999999999995,0.0195,15.91,0.0153,1.0135
945,23.2655,5.8803,0.0457,15.8,0.0298,0.8556
946,-2.635499999999999,6.112699999999999,0.0171,15.74,0.0093,0.9163
947,-1.9291000000000005,4.0911,0.038919999999999996,15.57,0.0068,0.7258
948,1.3255000000000006,7.4533,0.036259999999999994,15.870000000000001,0.0294,0.8262999999999999
949,1.790899999999999,5.1569,0.025040000000000003,16.01,0.0164,0.565
950,3.0791000000000017,4.4853,0.0191,15.779999999999998,0.0134,0.8427
951,-5.760000000000001,3.5226,0.0207,15.93,0.0053,0.8387
952,4.620900000000001,5.970600000000001,0.0394,15.54,0.0257,0.8304
953,3.850900000000001,3.3876,0.05118,15.83,0.0182,0.7162
954,-6.605500000000001,6.0071,0.0251,15.95,0.0093,0.8159
955,-4.8609,6.2351,0.03112,15.91,0.0165,0.5669
956,-3.2155,2.7452,0.0158,15.7,0.012,0.8933999999999999
957,-1.67,6.8633999999999995,0.0273,15.7,0.0172,0.8149999999999998
958,23.9018,8.4806,0.02884,15.91,0.0214,0.9251
959,12.0627,5.309,0.0445,15.870000000000001,0.0261,0.7898
960,3.141799999999999,4.4095,0.02694,15.67,0.0086,0.811
961,8.817300000000001,8.7428,0.033,15.84,0.0152,0.4389
962,5.531799999999999,5.0629,0.0241,15.67,0.0169,0.8160999999999999
963,-1.4564,3.5747,0.0201,15.74,0.0138,0.9163
964,-0.778199999999999,3.9458,0.033,15.860000000000001,0.0128,0.5799
965,0.45909999999999923,4.2411,0.029619999999999997,15.84,0.0067,0.8384
966,1.8108999999999995,5.9964,0.0351,15.860000000000001,0.0096,0.7193
967,-6.384500000000002,5.1659,0.0407,16.02,0.0082,0.6605
968,13.595499999999996,8.335099999999999,0.0516,15.88,0.0328,0.9413000000000001
969,4.622700000000001,3.6709,0.03262,15.778,0.0182,0.7584
970,7.937299999999999,3.0303,0.026300000000000004,15.92,0.0156,0.8689999999999999
971,-0.6817999999999993,4.6431,0.04146,15.98,0.0098,0.8262999999999999
972,4.420899999999999,5.5992,0.03944,15.770000000000001,0.0203,0.9066
973,1.460900000000001,5.814900000000001,0.03808000000000001,15.7,0.0062,0.4685
974,6.0773,3.9105,0.037880000000000004,15.71,0.0077,0.9725
975,7.7726999999999995,9.7235,0.0177,15.85,0.0232,0.4389
976,24.3791,6.4746,0.0191,15.590000000000002,0.019,1.1054
977,3.755500000000002,7.5153,0.027839999999999997,15.75,0.0078,0.5066
978,23.9945,3.6100000000000003,0.0273,15.74,0.0188,0.8007
979,10.0236,8.184199999999999,0.0752,15.72,0.0285,0.9794
980,-5.532699999999999,4.2575,0.05696,15.82,0.0194,0.8226999999999999
981,3.142699999999999,4.1328,0.018899999999999997,15.770000000000001,0.0126,0.647
982,-8.3955,6.213399999999999,0.04534,15.85,0.0216,0.8041
983,-1.3126999999999993,4.3131,0.019,15.64,0.0079,0.4685
984,-1.5763999999999987,5.436299999999999,0.014,15.65,0.0205,0.6066
985,-2.659100000000001,6.2544,0.038,15.56,0.0139,1.0918
986,-2.8845000000000014,2.406,0.022600000000000002,15.56,0.0164,0.6254
987,23.310900000000004,4.9295,0.0421,15.83,0.0261,1.1086
988,-6.054500000000001,6.0601,0.0185,15.689999999999998,0.0089,0.7663
989,12.464900000000004,7.749600000000001,0.0202,15.84,0.0282,0.7747
990,-4.6109,6.1402,0.0427,15.81,0.0126,1.1213
991,0.19820000000000082,2.5177,0.020479999999999998,15.770000000000001,0.0074,1.0199
992,-12.0473,10.8564,0.052480000000000006,15.83,0.0218,0.8384
993,-6.483599999999999,4.0269,0.05878,15.680000000000001,0.0216,1.0891
994,-5.601800000000002,5.7121,0.047240000000000004,15.73,0.0289,1.1638
995,-0.023599999999999042,5.4204,0.0166,15.73,0.0059,1.0186
996,1.3536199999999998,5.14038,0.0187,15.79,0.0246,0.5836
997,-6.044500000000001,9.367899999999999,0.0494,16.01,0.0069,0.5888
998,-2.155499999999999,3.9525,0.020999999999999998,15.680000000000001,0.0233,0.7558
999,-3.8981999999999997,3.6575,0.034,15.85,0.0102,0.5888
1000,2.0009000000000006,7.7429,0.0219,15.870000000000001,0.01,0.7663
1001,-2.3109,7.9418999999999995,0.03134,15.76,0.018,0.5329
1002,11.29308,4.4594,0.0315,15.88,0.0264,0.596
1003,2.7582000000000013,7.593,0.014,15.63,0.0114,0.8216999999999999
1004,3.1727000000000003,3.742,0.02788,15.76,0.0197,0.3512
1005,-1.2426999999999997,5.5738,0.0498,15.9,0.0082,0.9072
1006,-6.084500000000002,5.424600000000001,0.027540000000000005,15.72,0.0057,1.1623
1007,-1.7609000000000006,11.0497,0.0151,15.96,0.0122,0.604
1008,3.3654999999999995,3.9414,0.032,15.91,0.0201,0.7316
1009,0.8526999999999999,5.549499999999999,0.021179999999999997,15.770000000000001,0.0169,0.8197999999999999
1010,1.540000000000001,9.365999999999998,0.024559999999999995,15.95,0.0194,0.57
1011,-2.784500000000001,2.6974,0.02242,15.89,0.0172,0.7053
1012,4.403599999999999,4.6098,0.025160000000000002,15.870000000000001,0.0054,0.6302
1013,-5.3055,3.6862,0.04576,15.83,0.0284,1.0644
1014,1.6300000000000012,6.7437999999999985,0.0,15.83,0.0196,0.7849
1015,3.1900000000000004,7.8401,0.05258000000000001,15.95,0.0096,0.604
1016,20.5864,4.7979,0.057760000000000006,15.66,0.0216,0.8735
1017,-1.158200000000001,4.9308,0.0334,15.8,0.0092,0.8882999999999999
1018,-0.9499999999999998,3.4077,0.028599999999999997,15.89,0.0128,0.9735
1019,-1.860000000000001,4.7955,0.020239999999999998,15.71,0.0104,0.7506
1020,6.404359999999996,4.4058,0.0418,15.92,0.0251,0.596
1021,-3.2436000000000003,5.7353000000000005,0.022640000000000007,15.74,0.0109,0.5858
1022,0.5900000000000011,2.3731,0.0178,15.7,0.0165,0.9186
1023,-3.6155,2.9962,0.0,15.689999999999998,0.0087,1.0186
1024,-1.6045000000000014,3.8037999999999994,0.016839999999999997,15.7,0.0095,1.0199
1025,3.0944999999999983,1.6872,0.015,15.81,0.0116,0.8230999999999999
1026,0.5754999999999996,8.1897,0.0195,15.9,0.0189,0.6987
1027,1.2882,8.231799999999998,0.0329,15.75,0.0196,0.6805
1028,16.8445,9.8085,0.0825,15.89,0.0205,0.7747
1029,-1.054499999999999,9.2151,0.026979999999999997,15.7,0.0151,1.1623
1030,-0.19179999999999892,3.0794,0.0194,15.73,0.0131,0.7558
1031,2.622699999999998,4.3681,0.027659999999999997,15.72,0.0147,0.4685
1032,2.1972999999999985,3.7115,0.05768000000000001,15.92,0.0074,0.6257
1033,-9.4964,4.1991,0.029439999999999997,15.8,0.0205,0.7574
1034,-5.1255,3.6831,0.0199,15.73,0.0117,0.5765
1035,0.2573,8.6821,0.0138,15.99,0.0175,0.9873
1036,3.3955000000000006,6.8736999999999995,0.02,15.75,0.0062,0.9639
1037,2.6872999999999987,3.6244,0.020459999999999996,15.83,0.0128,1.1248
1038,11.681800000000003,6.666500000000001,0.0251,15.83,0.0123,0.662
1039,2.5336000000000003,4.8187,0.0135,15.97,0.0109,0.7593
1040,22.3736,9.6886,0.0744,15.8,0.0092,0.9059
1041,2.385499999999999,6.780499999999999,0.04168,15.66,0.0157,0.9726000000000001
1042,0.9991000000000012,4.7485,0.1087,15.91,0.0083,0.7681
1043,11.4855,5.4073,0.0254,15.91,0.0143,0.7316
1044,1.2109000000000008,3.1765,0.02716,15.860000000000001,0.0096,1.0199
1045,-0.5455000000000011,5.4201,0.028880000000000003,15.96,0.0188,0.6373
1046,2.740000000000001,4.2038,0.0132,15.95,0.0075,0.3963
1047,-0.21730000000000121,3.1175,0.023,15.82,0.0116,0.687
1048,0.7354999999999996,4.7399,0.0151,15.54,0.0272,0.9237999999999998
1049,-2.8244999999999996,2.9356,0.023880000000000002,15.67,0.0227,0.6787
1050,-3.707300000000001,3.3667,0.0149,15.61,0.0173,0.5858
1051,-5.1645,4.42,0.02638,15.73,0.0075,0.5329
1052,-0.26180000000000114,6.201700000000001,0.028960000000000003,15.88,0.0059,0.8342999999999999
1053,-2.312700000000001,4.7977,0.03636,15.72,0.0115,0.8296999999999999
1054,-1.99,6.1495,0.03678,15.61,0.0073,0.565
1055,-0.21730000000000121,5.3995999999999995,0.1298,15.95,0.0167,0.7593
1056,-3.9072999999999998,6.9496,0.03442,15.770000000000001,0.0106,0.8757999999999999
1057,2.0608999999999997,3.9852,0.02,15.770000000000001,0.0189,0.7313000000000002
1058,-1.957300000000001,9.1321,0.0145,15.98,0.0167,0.5836
1059,17.6864,6.5423,0.0353,15.74,0.0177,1.0644
1060,2.1145,5.191199999999999,0.042800000000000005,15.73,0.0193,1.0631
1061,5.169999999999997,6.488599999999998,0.020560000000000005,15.84,0.0085,0.47439999999999993
1062,11.917280000000002,2.6817,0.0649,15.83,0.0204,1.0959
1063,0.9826999999999989,6.453999999999999,0.014,15.85,0.012,0.9735
1064,2.3182,8.4018,0.0265,15.71,0.0076,0.7139
1065,20.023599999999995,8.0814,0.0364,15.85,0.0299,0.7524
1066,9.515999999999996,8.118299999999998,0.025999999999999995,15.83,0.0259,1.0959
1067,0.5609000000000003,7.40246,0.03768,15.66,0.0062,0.9072
1068,-0.5326999999999998,6.4536999999999995,0.0216,15.7,0.0132,0.7719
1069,-3.9044999999999987,5.3634,0.0393,15.84,0.0071,1.0359
1070,3.138199999999998,7.821899999999999,0.05262,15.66,0.023,0.5284
1071,24.2918,4.2267,0.1286,15.76,0.027,0.6641
1072,-0.4173,9.9344,0.0175,15.96,0.0156,0.6987
1073,24.8282,5.097100000000001,0.025199999999999997,15.680000000000001,0.0237,0.6641
1074,1.762700000000001,2.0193,0.0179,15.71,0.0188,0.7558
1075,1.5555000000000003,2.8002,0.021840000000000002,15.870000000000001,0.0149,1.0359
1076,2.5055,6.284,0.021559999999999996,16.01,0.0062,0.9276000000000001
1077,-3.487299999999999,5.922200000000001,0.021200000000000004,15.73,0.0223,0.6605
1078,-2.7973,4.389220000000001,0.022000000000000002,15.71,0.0152,0.9074999999999999
1079,3.8964000000000016,3.7055,0.055959999999999996,15.66,0.0253,1.0891
1080,5.0818,5.2405,0.03824,15.73,0.0183,0.8638
1081,-0.030900000000001173,7.741599999999999,0.010499999999999999,15.99,0.0144,0.9873
1082,-1.0082000000000013,2.2394,0.0444,16.02,0.0225,0.57
1083,18.682699999999997,7.4078,0.0398,15.74,0.017,0.9835999999999999
1084,20.64162,5.67736,0.04390000000000001,15.74,0.0146,1.0407
1085,4.055500000000001,6.1799,0.027899999999999994,15.779999999999998,0.0102,0.8786999999999999
1086,1.220900000000001,9.3285,0.0166,15.73,0.015399999999999999,0.7663
1087,2.7764000000000015,7.4219,0.045239999999999995,15.83,0.0204,0.9725
1088,-4.037300000000001,6.2882,0.0555,15.99,0.0061,0.5888
1089,-0.7109,3.1152999999999995,0.015,16.07,0.0089,0.6242
1090,-4.7818000000000005,3.7689,0.026699999999999998,15.689999999999998,0.0102,0.9136
1091,-3.1226999999999987,4.6652,0.029500000000000002,15.54,0.0086,0.9332
1092,7.240000000000002,7.0695,0.0175,15.98,0.025,1.0918
1093,-0.46360000000000035,3.5555,0.029319999999999995,15.66,0.0308,0.7193
1094,13.489100000000004,6.972499999999999,0.0306,15.93,0.0191,0.4996
1095,2.5827000000000018,8.3284,0.1309,15.8,0.0162,0.7507
1096,1.2672999999999992,2.5672,0.028200000000000003,15.85,0.0277,0.7642
1097,-4.488200000000001,4.3095,0.0212,15.580000000000002,0.0141,0.7954
1098,-10.68,2.5881,0.032720000000000006,15.61,0.0144,0.7532
1099,8.692699999999999,3.0731,0.04420000000000001,15.83,0.0347,0.7898
1100,3.133599999999999,4.2996,0.027,16.09,0.009,0.8531999999999998
1101,-1.0927,8.817699999999999,0.02474,15.99,0.01,0.7681
1102,20.550899999999995,4.0288,0.05450000000000001,15.83,0.0209,1.0459
1103,-3.0899999999999994,4.5813,0.0129,15.84,0.0182,1.1525
1104,-2.2363999999999993,4.0483,0.024419999999999997,15.680000000000001,0.0098,1.0765
1105,-1.9482000000000008,5.7,0.024579999999999998,15.71,0.0186,0.74
1106,2.117300000000001,6.535399999999999,0.01818,15.779999999999998,0.0179,0.6257
1107,-0.3954999999999989,5.28,0.02541999999999999,15.98,0.0215,0.6259
1108,-4.889999999999999,2.9432,0.0224,15.74,0.0168,1.0143
1109,0.17729999999999996,6.3655,0.021800000000000003,15.870000000000001,0.0091,0.8262999999999999
1110,2.6473000000000027,3.2434,0.02094,15.71,0.0186,0.8047
1111,-0.06909999999999947,2.6536,0.01986,15.71,0.0171,0.7159
1112,2.8181999999999983,6.4263,0.0482,15.91,0.01584,0.8721
1113,-4.622700000000001,5.7416,0.020299999999999995,15.9,0.0135,0.5765
1114,-3.8991,4.1392,0.029899999999999996,15.72,0.0123,0.6254
1115,20.7782,6.81934,0.0312,15.91,0.0255,1.0323
1116,-0.3918000000000002,5.691900000000001,0.019,15.79,0.0143,0.8159
1117,-3.0882000000000014,6.609599999999999,0.02354,15.7,0.0066,0.8336
1118,2.6826999999999996,4.2653,0.04782,15.73,0.0141,0.4782
1119,-1.0826999999999996,5.5896,0.020239999999999998,15.75,0.0118,0.6161
1120,-0.0636000000000003,6.519299999999999,0.0231,15.75,0.0196,1.1638
1121,-9.4318,5.5267,0.03382,15.71,0.0119,0.8933999999999999
1122,1.1473000000000004,5.5049,0.0231,15.770000000000001,0.0172,0.6857
1123,0.7382000000000003,5.8034,0.021419999999999998,15.65,0.0112,0.8594999999999999
1124,4.145499999999999,4.3536,0.0174,15.88,0.0189,0.9361
1125,-2.519099999999999,7.4066,0.0629,15.76,0.0048,0.8149999999999998
1126,-3.921800000000001,6.2586,0.027480000000000004,15.79,0.0189,0.8387
1127,0.9427000000000002,4.6356,0.019200000000000002,15.61,0.0177,0.9319999999999999
1128,1.4409000000000005,5.942,0.02482,15.7,0.0079,0.9358999999999998
1129,-0.3181999999999996,5.8228,0.0539,15.74,0.021,1.1248
1130,13.7255,3.9959999999999996,0.04078,15.96,0.0273,1.0803
1131,-10.2673,9.876599999999998,0.05564,15.83,0.0313,0.8384
1132,4.415499999999998,4.5129,0.032679999999999994,15.770000000000001,0.0087,0.8344999999999999
1133,4.837300000000002,3.1119,0.020600000000000004,15.91,0.0076,1.1638
1134,24.4727,4.8236,0.0987,15.76,0.018,0.4221
1135,-2.4345,3.6743999999999994,0.03068,15.8,0.0151,0.7053
1136,-4.430899999999999,7.322799999999999,0.03672,15.75,0.0171,0.8469
1137,5.095499999999999,6.726360000000001,0.0142,15.85,0.0249,0.57
1138,1.9855000000000014,7.018099999999999,0.023700000000000002,15.85,0.0203,0.9873
1139,1.7689200000000014,4.7052,0.0338,15.96,0.0261,0.9251
1140,-2.2382,5.152599999999999,0.03362,15.770000000000001,0.0167,0.5317
1141,17.7927,8.323799999999999,0.040040000000000006,15.770000000000001,0.0192,0.6901
1142,-0.6609000000000009,2.6206,0.0118,15.8,0.0119,0.8230999999999999
1143,-4.719999999999998,5.759099999999999,0.021819999999999996,15.61,0.015,0.9319999999999999
1144,17.847440000000006,10.2301,0.058820000000000004,15.680000000000001,0.025,0.7613
1145,-1.1927000000000005,4.3639,0.02678,15.8,0.0345,0.8987
1146,-4.395499999999999,5.4073,0.01932,15.93,0.0193,0.8229
1147,11.559100000000003,6.6445,0.04610000000000001,15.83,0.021,0.4996
1148,-3.6509,3.9068000000000005,0.026119999999999994,15.75,0.011,0.8469
1149,-3.9555000000000007,4.0088,0.028000000000000004,15.93,0.0114,0.9048
1150,3.5944999999999987,6.0911,0.043,15.79,0.0261,0.7139
1151,-0.44820000000000115,7.870399999999999,0.03592,15.98,0.0131,0.5836
1152,-2.9572999999999996,5.196699999999999,0.035519999999999996,15.57,0.0133,0.46599999999999997
1153,-1.7099999999999986,5.8362,0.023320000000000004,15.93,0.0097,0.9078999999999999
1154,6.185500000000003,5.9842,0.025840000000000002,15.54,0.011,0.7093
1155,-2.1135999999999995,4.9854,0.03678000000000001,15.79,0.0072,0.7516
1156,-10.1245,4.3614,0.06168,15.870000000000001,0.0255,0.9393
1157,-7.538200000000002,3.5277,0.019899999999999998,15.779999999999998,0.0235,0.7574
1158,-5.3318,3.9171,0.021279999999999997,15.71,0.0214,1.0199
1159,2.1926999999999994,6.1039,0.024139999999999998,15.75,0.02,0.9329000000000001
1160,5.134500000000002,3.1492,0.02858,15.74,0.0068,0.7015
1161,2.0225199999999974,3.0522,0.0519,15.870000000000001,0.0082,0.9413000000000001
1162,1.1591000000000011,7.1718,0.042019999999999995,15.82,0.0085,0.9254999999999999
1163,0.7136000000000007,4.1454,0.01858,15.93,0.0167,0.8594999999999999
1164,2.1917999999999993,5.3635,0.03242,15.99,0.0077,0.7593
1165,18.8673,7.4998999999999985,0.0503,15.96,0.0189,0.5593
1166,-6.025499999999998,3.6401,0.0219,15.73,0.008,1.0765
1167,-0.40910000000000013,7.7667,0.0212,15.73,0.023,1.2471
1168,-0.4490999999999989,3.2363,0.021900000000000003,15.79,0.016,0.6815
1169,1.2954999999999997,4.624,0.01808,15.770000000000001,0.0229,1.0199
1170,-0.9499999999999998,4.3441,0.020239999999999998,15.52,0.0171,0.6605
1171,3.431799999999998,5.243499999999999,0.0311,15.779999999999998,0.0087,0.6644
1172,0.8827000000000008,7.1603,0.03574,15.73,0.0126,0.8160999999999999
1173,-2.5727000000000015,3.1585,0.0131,16.04,0.0073,0.7681
1174,-2.146399999999999,2.6374,0.0277,15.79,0.0177,0.9319999999999999
1175,1.335500000000001,4.9672,0.04156,15.74,0.0278,0.7663
1176,-0.723600000000001,7.7214,0.1541,15.82,0.0235,0.5377
1177,4.313600000000001,5.1801,0.0177,15.71,0.0266,0.8833999999999999
1178,3.4490999999999983,5.6384,0.023999999999999997,15.82,0.0106,1.0478
1179,-4.101799999999999,4.0088,0.026959999999999994,15.73,0.015,0.9136
1180,24.6118,2.9844,0.0471,15.680000000000001,0.0258,0.7613
1181,3.6536000000000004,7.3859,0.0302,15.770000000000001,0.0073,0.8858999999999999
1182,-1.2335999999999996,4.0648,0.0202,15.82,0.0085,0.9812
1183,-0.3444999999999993,9.8065,0.021179999999999997,15.61,0.0258,0.3973
1184,0.18910000000000074,5.7327,0.0213,15.99,0.0177,0.9873
1185,3.138199999999998,9.1637,0.0148,15.89,0.0124,0.9715000000000001
1186,4.538199999999997,4.351,0.0235,15.66,0.0083,0.9489
1187,-3.2882000000000002,4.5105,0.03012,15.7,0.0184,1.0959
1188,6.600000000000002,5.2891,0.0216,15.84,0.018,0.4389
1189,1.5018,10.8289,0.061000000000000006,15.89,0.0061,0.7928
1190,20.81,10.9632,0.03402,15.73,0.0272,1.0803
1191,-3.6345,4.6133,0.04482,15.860000000000001,0.023,0.9273999999999999
1192,2.4209000000000014,4.2983,0.02054,15.85,0.0078,0.8184
1193,-1.6863999999999997,5.5709,0.02152,15.689999999999998,0.0072,0.6644
1194,-12.2945,6.1979,0.03324,15.71,0.024,0.6672
1195,-1.6599999999999997,1.9419999999999997,0.0183,15.7,0.024,0.8858999999999999
1196,-2.668200000000001,4.3753,0.019960000000000002,15.770000000000001,0.0198,0.7663
1197,0.19730000000000059,5.9703,0.028239999999999998,15.779999999999998,0.0133,0.5194
1198,-3.7773000000000003,2.2464,0.038380000000000004,15.61,0.0151,0.9319999999999999
1199,-0.4526999999999998,5.7777,0.0169,15.72,0.0118,0.8757999999999999
1200,6.908200000000002,8.6041,0.0351,15.8,0.0248,0.7524
1201,7.391799999999997,5.726,0.0175,15.84,0.0201,0.5677
1202,12.307300000000001,5.5164800000000005,0.0592,15.8,0.0087,0.7162
1203,-5.1618,4.881,0.03532,15.73,0.0162,0.7674
1204,-2.100900000000001,4.1239,0.015259999999999998,15.689999999999998,0.0081,0.8531999999999998
1205,23.7709,5.1866,0.0632,15.82,0.0249,0.7747
1206,-2.5945,3.3232,0.023420000000000003,15.860000000000001,0.0139,0.5669
1207,-2.4709000000000003,2.5702,0.019,15.91,0.0054,0.8336
1208,-0.8891000000000002,6.057299999999999,0.030240000000000003,15.870000000000001,0.0083,0.7445
1209,13.650899999999998,4.9673,0.0306,15.8,0.0298,0.5955
1210,1.1991,4.6582,0.027559999999999998,16.09,0.0083,0.7233
1211,-2.810000000000001,4.4836,0.0635,15.89,0.0067,0.5765
1212,17.3018,6.555699999999999,0.05392,15.680000000000001,0.0202,0.6901
1213,22.924499999999995,6.6983999999999995,0.0958,15.74,0.026,1.1086
1214,15.353599999999998,4.0729,0.0225,15.7,0.0058,1.0459
1215,-0.32639999999999947,3.6306,0.032080000000000004,15.73,0.027,0.8962
1216,0.5563999999999992,5.841400000000001,0.02718,15.73,0.0201,0.8427
1217,-1.4190999999999994,8.0345,0.0146,15.680000000000001,0.0115,0.9916000000000001
1218,2.7800000000000025,10.4267,0.038279999999999995,15.802,0.01,0.811
1219,-5.9418,7.372099999999999,0.0185,15.680000000000001,0.0118,0.46599999999999997
1220,-1.0473,4.6312,0.02106,15.7,0.0064,1.1623
1221,2.5208999999999993,4.3093,0.026699999999999998,15.82,0.0219,1.0459
1222,-1.6545000000000005,6.571300000000001,0.03872,15.72,0.0248,1.2364
1223,6.204500000000001,4.44808,0.03714,15.8,0.0256,1.0918
1224,1.7273000000000012,3.4184,0.027520000000000003,16.08,0.0094,0.647
1225,8.301800000000002,5.8283,0.0287,15.85,0.0098,0.9639
1226,1.230000000000001,4.139,0.03442,15.92,0.0244,0.7158
1227,2.4345,4.0485,0.0183,15.85,0.0151,0.6576
1228,-6.4945,6.570799999999999,0.024839999999999997,15.66,0.0354,0.5742
1229,12.160900000000002,5.676700000000001,0.0653,15.73,0.0263,1.1815
1230,3.7126999999999972,5.1701,0.02336,15.95,0.0159,0.9251
1231,-1.0981999999999992,3.6475,0.019119999999999998,15.96,0.0227,0.6385
1232,5.8727,4.7116,0.01764,15.92,0.008,0.9725
1233,1.6309000000000013,6.4754,0.016880000000000003,15.66,0.0122,0.8160999999999999
1234,23.8745,5.5544,0.0853,15.8,0.01,1.0551
1235,23.7109,6.3497,0.0381,15.85,0.0085,0.7524
1236,-1.4973000000000014,4.486,0.049600000000000005,15.770000000000001,0.0179,0.8197999999999999
1237,5.7181999999999995,7.530699999999999,0.0216,15.73,0.0093,0.7337
1238,0.7218000000000006,4.1323,0.0443,15.9,0.0316,0.9254999999999999
1239,1.034500000000001,4.9982,0.019,15.73,0.0171,1.0135
1240,-2.099100000000001,4.0262,0.0335,15.71,0.0253,0.9174999999999999
1241,-1.3073000000000004,4.8576,0.02704,15.51,0.022,0.9726000000000001
1242,12.726700000000003,7.528919999999999,0.0368,15.8,0.0344,0.9753
1243,-5.6945,3.8017,0.03226,15.689999999999998,0.012,0.9358999999999998
1244,-0.9126999999999993,8.4692,0.0205,15.98,0.0192,0.9383
1245,-2.15,8.2545,0.03918,15.84,0.0079,0.7663
1246,-6.5282,3.8322,0.0277,15.7,0.0144,0.8047
1247,-2.7673000000000014,5.789100000000001,0.03746,15.870000000000001,0.0103,0.7447
1248,3.2963999999999976,4.639,0.037399999999999996,15.95,0.0118,0.8216999999999999
1249,3.0345000000000013,6.673999999999999,0.020299999999999995,15.8,0.0114,0.7558
1250,11.4855,6.3958,0.1383,15.96,0.0294,0.9794
1251,-2.3109,4.3482,0.021959999999999997,15.67,0.0225,0.8451999999999998
1252,0.376400000000001,2.9581,0.02912,15.8,0.0083,1.148
