,feature_66,feature_349,feature_421,feature_478,feature_125,feature_563,feature_519,feature_60,feature_476
0,23.2216,0.0237,1.8087,6.0266,15.82,267.07,1.5558126562814247,0.6991,4.5173
1,27.2716,0.0272,1.4549,4.8218,15.73,250.084,1.5733629445036312,-1.4173,4.2949
2,14.7061,0.0163,1.988,6.1589,15.69,264.272,1.5757104592154128,10.2355,4.489
3,36.0791,0.03,2.8063,5.0612,15.77,262.87954663375837,1.6315677040645042,9.8518,4.8503
4,24.3057,0.0243,1.0932,7.4828,15.95,261.80471206276025,1.565647859831893,1.0336,4.9923
5,19.1189,0.0205,0.7021,4.1813,15.75,264.272,1.5669863213142696,3.6809,2.4905
6,22.2064,0.0245,2.6354,5.9339,15.7,264.272,1.415,2.8109,3.7727
7,25.3099,0.0174,1.9699,3.5466,15.61,264.272,1.5824347045891707,1.5036,4.1869
8,24.2829,0.0105,2.2943,9.1221,15.95,267.064,1.6093312627176581,9.376869538429531,3.1842
9,21.0974,0.023011544909180004,1.3589,3.3971,15.87,264.272,1.7886,1.5745,3.9223
10,23.905,0.0339,1.4902,4.7353,16.01,272.796,2.3005,2.9282,4.3873
11,17.5983,0.0172,2.2458,5.2686,15.99,265.306,1.5808064689396493,5.4991,4.9517
12,32.7483,0.0198,2.5142,6.8676,15.71,270.44,2.1356,-2.5027,3.0789
13,22.3647,0.0116,0.9559,7.0359,15.95,251.616,1.579285793688885,0.34,3.8263
14,22.3694,0.0225,0.8173,6.8146,15.79,256.842,1.5545,4.1691,3.3926
15,29.1429,0.0236,1.653,2.7876,15.71,258.924,1.6002631630389,-3.74,4.9513
16,26.78624315185727,0.0148,0.9921,5.41734240028708,15.84,249.918,1.4338,4.197344806158355,4.160467983327913
17,36.8711335331414,0.0381,2.7501,9.1675,15.73,261.168,1.636536142748808,1.9482,6.0769
18,15.0471,0.0253,0.5649,3.4324,16.07,264.272,1.1195,8.1455,4.6131
19,22.1659,0.0184,3.0235,9.9444,15.54,269.366,1.5788933095024469,4.9555,3.5685
20,37.258,0.014,2.7521,5.9269,15.92,262.7878805925857,1.625260763151911,9.1882,3.9739
21,21.7095,0.0162,2.126,10.1458,15.66,264.272,1.5827908120870553,2.2855,4.5947
22,23.1287,0.0229,1.0582,7.5571,15.79,251.03,1.5599010860322668,0.6191,4.0264
23,30.7593,0.0209,1.6264,3.369,15.71,264.272,1.5859985123824285,-3.7509,4.8696
24,19.2834,0.0154,0.9131,4.8707,15.73,264.272,1.6072,4.9118,4.9201
25,27.2876,0.0241,2.3232,5.817,15.84,263.02,1.5866554758099092,0.12,3.1824
26,24.3905,0.0445,2.6912,3.4949,15.99,265.908,1.5892123323295444,1.8173,4.2736
27,21.2465,0.0245,1.1494,3.9522,15.87,253.314,0.889,2.7927,4.074
28,26.2754,0.0177,2.5678,8.8016,15.84,262.0695400814298,1.563342218126703,2.1109,2.5947
29,29.809,0.0199,0.8233,3.706,15.75,264.272,2.4239,-4.4109,4.1186
30,41.2374,0.0373,1.9599,7.1799,15.73,260.674,1.6397394881822343,8.9136,3.2204
31,30.4914,0.0278,0.5995,6.11,15.95,261.7809357656235,1.571089416634222,-2.0764,4.3566
32,22.9635,0.0273,1.6993,6.0246,15.75,264.272,1.5993113040122742,0.5518,5.1134
33,26.2691,0.017,1.4106,2.9235,15.73,277.55,1.5396,-0.9364,4.2548
34,21.7926,0.0207,2.4229,4.0558,15.92,264.272,1.6398,5.2064,4.2416
35,23.8157,0.0319,1.9827,5.505789049773666,15.97,264.47,1.5798158733174714,1.2836,5.2874
36,26.4132,0.0221,1.9321,7.1443,15.7,264.272,1.2376,1.0027,5.69
37,30.3233,0.0256,1.5853,2.3646,15.74,272.572,1.6881,-2.6564,4.2248
38,26.448,0.0253,1.3856,10.0705,15.76,256.014,2.0305,-0.0636,3.9759
39,36.26969054901792,0.0164,2.1898,6.1617,15.68,263.176,1.6515496753652013,3.9055,2.5731
40,21.6831,0.0227,0.758,4.3582,15.77,253.17,2.1018,2.0318,4.5964
41,27.4102,0.030138616592255862,2.0262,5.7628,16.05,265.49,1.6388501492978869,17.3873,3.2402
42,26.8979,0.0241,0.8954,4.319,15.73,250.206,1.6407,-0.1545,3.0934
43,27.3211,0.0169,1.686,3.2036,15.8,264.272,1.0659,-0.3309,4.2119
44,31.4501,0.0144,1.9769,6.748,15.85,264.272,1.5795148613084522,-5.7182,4.9331
45,23.5578,0.0247,0.8225,6.0536,15.98,250.292,1.57064390650558,3.65,5.0093
46,22.1353,0.0151,3.0263,5.1949,15.64,261.542,1.6014520301720163,13.401781628871177,3.188
47,32.7577,0.0252,0.9489,6.4204,15.85,249.548,1.575244383188312,-5.6473,3.4652
48,22.7275,0.0197,0.6982,2.582,15.75,264.272,1.7113,1.8609,4.975
49,33.272,0.0141,1.865,4.5795,15.75,264.272,2.012,-4.4927,2.9348
50,30.1062,0.0256,2.9276,5.1848,15.77,262.938,1.6456461992030922,17.4,5.2024
51,25.9809,0.0232,1.6524,4.6249,16.04,263.0210599418622,1.5677644939675441,1.6073,4.3563
52,24.7257,0.03578461941260755,2.2843,3.9097,15.88,261.02563365093005,1.6004145820044153,0.8873,4.1828
53,30.7182,0.0211,0.7504,6.015,15.78,257.404,2.6006,-2.7136,2.7359
54,36.08458708373663,0.0162,0.6393,6.0748,15.74,264.136,1.6246797264993003,5.3382,5.345
55,26.6305,0.0236,1.0597,6.026,15.75,250.0,1.5801438376187587,1.6373,4.9704
56,22.5569,0.0141,0.7677,3.4708,15.96,250.698,1.5765086208912489,2.9691,4.5991
57,26.063,0.0154,0.5105,6.1979,15.63,248.774,1.5893314904305211,-1.0991,3.0857
58,22.1675,0.0194,1.9332,4.8857,15.88,263.37181414540896,1.5922440806335392,2.9518,4.4005
59,39.7257,0.021669981245256542,0.587,4.4544,15.88,262.09697672496753,1.5686621930240325,-10.37,4.0395
60,26.2833,0.0208,0.7364,3.9991,15.73,251.156,2.3081,1.3445,4.9827
61,25.8939,0.02469190792873993,0.9943403478032451,3.4878,15.786873280325599,256.73,1.9592,1.1664,4.2035
62,26.0522,0.0248,1.5628,3.4793,15.8,268.152,2.0695,0.1873,4.0359
63,26.2174,0.0185,2.2048,3.9691,15.84,263.066,1.573888775520159,0.4836,2.9759
64,19.9076,0.0208,3.4596,3.2357,15.73,264.272,2.0513,4.0809,4.4514
65,29.3176,0.0386,2.1094,4.2732,16.03,262.04043780087125,1.6391486935021577,18.3936,3.6281
66,23.6041,0.0208,1.8251,4.3922,15.67,266.8,1.5750871704736198,1.2809,4.9328
67,24.9899,0.0183,1.8931,7.684,15.88,262.91990399234504,1.5869428909984837,0.5682,5.2481
68,14.1135,0.03099623483216804,3.6139,6.9474,15.75,262.35974289119247,1.5948015481075346,8.0955,4.5079
69,27.9713,0.0337,0.7325,2.8027,15.75,256.778,2.866,-1.97,3.755
70,37.532,0.0138,1.4955,5.2293,15.761796235601489,261.436,1.5747950657528478,-8.2255,2.117
71,24.5799,0.025,1.7461,5.8268,15.71,261.234,1.8422,-0.75,4.7419
72,23.4468,0.0215,2.0227,3.2662,15.75,264.272,1.541,0.1627,3.4346
73,30.0288,0.0201,2.6144,7.1548,15.87,264.272,1.586273370070234,-1.9555,3.0304
74,27.3802,0.0281,2.0111,5.6614,15.51,264.272,0.7811,-1.3018,3.5618
75,27.3069,0.0149,0.6356,6.4234,15.96,250.556,1.577191655678869,-0.0191,4.7358
76,25.7305,0.0229,2.107,4.8172,15.84,280.32,1.6057,-2.0327,3.2049
77,22.0576,0.0192,0.9782,4.8741,15.82,264.272,1.0899,3.0982,5.1445
78,30.9387,0.0134,2.6642,7.3252,15.57,271.75,2.8104,-2.9609,2.8175
79,22.3195,0.0199,0.6798,4.3696,15.7,248.426,1.6174752215214996,3.5436,2.4568
80,23.5326,0.0239,1.7616,8.4684,15.97,261.71176262322643,1.5617002477016202,1.5127,4.8087
81,24.7337,0.0234,0.8233,4.533,15.88,252.932,1.584306235461289,1.17,4.1644
82,26.2439,0.0152,0.9967,5.2201,15.74,256.832,0.9154,-0.8045,4.4172
83,23.2157,0.03056311852420257,2.1239,6.8674,15.87,260.93065460670834,1.5911204158543466,2.99,5.2121
84,20.2591,0.0135,2.2424,6.7229,15.7,260.17,1.5811217855177007,12.439350111647272,3.2354
85,26.3407,0.0175,1.0328,3.952,15.65,264.272,1.7315,0.7,4.3903
86,37.4668,0.0306,3.0711,9.4756,15.75,262.0450413359173,1.6420826898547265,10.9955,6.207
87,21.2309,0.0269,2.7535,4.3682,15.77,263.0513178743075,1.5874760720886727,1.7373,4.6671
88,30.7567706943747,0.0323,1.558,6.6127,15.98,265.16,1.58516490823777,1.2841371930689576,4.766
89,28.1684,0.0219,1.8251,5.5044,16.01,264.272,0.9408,0.9573,4.9598
90,31.4027,0.02522419019341962,2.2185,6.5896,15.87,266.832,1.5675,-3.3555,4.4892
91,28.9181,0.0169,1.1295,5.515,15.71,264.272,1.5773896735499822,-0.6327,4.1632
92,18.6295,0.0193,2.2274,2.7352,16.07,272.312,1.0922,5.0691,4.8756
93,13.8957,0.021,2.3213,10.7271,15.91,265.432,1.60488136785144,11.2909,4.8743
94,28.0428,0.0151,0.728,2.5503,15.89,264.272,1.7022,-2.6109,5.0935
95,26.4354,0.0127,0.985,5.7983,15.95,262.0675500946717,1.57895616099392,-0.3736,4.6938
96,29.5723,0.0204,1.0732235853201395,3.3645,15.94,250.78,1.5872458434766379,-1.1391,4.1113
97,30.6875,0.021883080570894775,1.2342,4.3431,15.72,251.976,1.4299,-4.99,5.1283
98,27.7301,0.0176,2.1252,4.2125,15.51,272.74,2.1006,-0.9091,4.8882
99,25.4759,0.0226,1.9196,5.801,15.66,263.4726360797471,1.5812267186217417,1.8164,3.4326
100,25.02,0.0262,1.8766,6.0602,15.85,261.43465433269256,1.5936236876314138,0.1227,4.4674
101,27.5264,0.0125,2.2727,5.0466,15.92,262.53228184880584,1.5730928710218886,0.8745,2.8047
102,28.5851,0.0142,0.6018,6.2631,15.75,251.252,1.6016929066124872,-1.0182,4.6327
103,26.336,0.0189,0.8932,6.8782,15.76,264.272,1.5768660891975093,0.3036,4.9535
104,21.0498,0.026,2.1524,8.3516,15.84,264.272,1.585005554379351,2.0509,3.8515
105,24.8429,0.0352,0.5819,8.4149,15.77,262.1120179491956,1.6367362788401427,22.7927,4.17633283616321
106,20.9393,0.0202,1.8864,8.2175,15.63,259.932,1.5740999006612109,4.1464,4.78
107,23.8674,0.016453591382345367,0.8376,8.9509,15.62,264.272,1.5926,0.3245,4.4326
108,17.735,0.0183,0.9826,2.6252,15.85,250.676,1.5918868780650026,6.1527,4.6858
109,39.48155308568392,0.0249,2.3236,8.9647,15.83,264.774,1.625832676031506,-1.8473,4.5478
110,26.254,0.0202,1.4712,7.076,15.72,261.24,1.5699078060542977,-1.6436,4.3106
111,22.9551,0.0171,0.9955,4.252,15.71,266.644,1.5934785065866002,2.2982,4.052
112,23.7582,0.0395,0.6129,3.626,15.74,243.712,1.5781496925677587,9.714478870922449,3.4715
113,20.0076,0.0146,1.2073,5.1132,15.84,264.272,1.5856697082515052,3.8109,2.4119
114,36.3451,0.0195,1.6664,4.736,15.61,273.694,1.6008,-6.74,3.6141
115,26.3682,0.0253,1.775,8.7071,15.71,264.298,2.6155,2.2618,4.6461
116,22.7319,0.0136,0.4866,4.6417,15.99,250.11,1.5985347813549036,1.9245,5.088
117,23.5781,0.0175,1.4757,6.1962,15.7,264.272,1.907,-0.4409,4.9526
118,17.7542,0.0432,1.836,6.5265,15.76,262.07390756362406,1.5854508047719147,11.721666215538647,4.147516632885565
119,22.2504,0.0218,1.8804707211875282,6.6675,15.82,261.262,1.8441,2.4209,4.5496
120,29.1501,0.0294,2.7057,5.498986982614979,15.74,262.15462753254724,1.5654340582336717,-0.81,4.8724
121,25.604574829127323,0.0153,1.7405,5.4559189294414825,15.82,265.378,1.3352,0.5088811468954475,4.142596138585145
122,39.30079984595506,0.0237,1.7306,4.7846,15.78,260.87,1.565439725420595,-17.9336,4.0508
123,25.1172,0.0245,2.1813,2.1779,15.73,266.126,1.590758465589952,-0.7155,4.7775
124,23.5582,0.0285,1.1449,5.0601,15.85,247.374,1.5649860206942612,4.1509,4.6466
125,22.513,0.0171,0.6254,5.5115,15.7,264.272,1.595172738590004,3.9673,4.8144
126,28.6073,0.0261,0.8176,4.6997,15.77,247.772,2.5773,-3.65,4.2494
127,30.1818,0.0197,0.4724,7.9214,15.77,261.9109799660497,1.588134835670812,-1.9855,4.6683
128,32.1774,0.0122,2.9509,4.8058,15.73,264.272,1.9034,-3.88,3.0296
129,20.2515,0.0248,1.2537,8.0418,15.61,260.13,1.5802167700525818,5.8045,4.2753
130,27.0475,0.0284,2.1512,6.5778,15.82,272.668,1.5876458868018777,-0.9945,4.4923
131,33.7771,0.0224,2.7454,4.3419,15.8,269.484,1.5864463248972223,-4.6636,3.9435
132,45.09757868274456,0.0283,1.4538,3.4781,15.801136087079673,265.006,1.5914834988433755,3.589513954052819,2.6739
133,23.112,0.0222,0.7672,5.7289,15.9,264.272,2.3661,3.2509,5.0098
134,20.9574,0.01925765013802408,1.4371,5.6591,15.87,267.712,2.4309,2.3318,5.3288
135,19.9951,0.0146,3.5447,3.3141,15.79,261.6103834762804,1.574988273766365,5.4018,4.5339
136,25.2645,0.0156,0.8435,3.3826,15.73,248.468,1.5778939541671837,-0.5691,4.7154
137,27.80415159561209,0.0362,1.8808,6.0188,15.75,264.272,1.5833716583645163,-1.8304948702769366,3.9122
138,29.012,0.024,1.7821888178708285,3.3903,15.97,263.1624938885498,1.590902453272127,-1.0573,4.8199
139,36.283,0.0195,1.7813,4.0285,15.98,279.076,1.2389,-6.8764,3.7256
140,21.9929,0.0164,1.9253,5.8022,15.73,267.726,0.9313,2.8136,4.2241
141,30.9009,0.0307,2.6715,5.1156,15.73,274.576,1.0058,-3.7245,3.3405
142,26.3771,0.0342,2.1351,5.243,15.87,267.428,1.5796623902307518,-1.2182,5.0808
143,37.8425,0.0245,2.3414,8.4634,15.85,263.57093090742575,0.8703,-5.68,2.5952
144,24.1495,0.0372,1.775,4.0841,15.61,264.272,2.3101,1.2518,4.0242
145,24.1581,0.0229,1.02,5.2041,15.85,252.594,1.5875881276280055,-0.1145,3.2943
146,27.7378,0.0243,2.4078,6.634,15.87,261.92603273291695,1.6256527084359085,19.5609,4.3498
147,28.7957,0.0293,1.9113,5.8656,15.74,264.272,1.6298,-3.7673,2.742
148,28.4754,0.0291,1.3434,5.7486,15.96,265.448,1.574666120394058,-3.6855,5.2778
149,22.8177,0.022,1.1369,5.4606,15.97,264.272,1.5667796993198961,3.3918,4.3526
150,28.2316,0.0128,0.7179,5.4421,15.73,264.272,1.2067,-2.5036,2.6288
151,30.5545,0.0293,2.7813,6.1628,15.85,268.064,1.6007983173661469,16.2418,2.7893
152,36.45346143894186,0.0386,2.0708,4.2114,15.8,261.2,1.645261814742684,4.6609,3.9779
153,35.224365810113795,0.0169,2.6078,2.8513,15.82,261.63906933607325,1.6485349242738638,1.5882,4.6015
154,22.8392,0.0187,3.1339,8.171,15.85,261.8968779734836,1.5870681253595493,10.21888253968119,4.1703
155,24.7192,0.0239,1.0383,3.0125,15.92,248.276,1.577009828932814,0.1518,4.8136
156,39.8719,0.0244,2.4536,6.2537,15.72,262.798,1.6321113589360083,8.0636,4.446
157,21.6833,0.037,3.4671,8.3929,15.86,264.188,1.5962433250407377,9.1425000757838,5.6355
158,21.4549,0.0145,2.3014,7.2471,15.61,264.36,1.5841547031734748,3.2655,4.3697
159,22.4948,0.0191,1.3672,3.977,15.64,273.0,1.4716,2.2009,4.8541
160,33.5324,0.0186,0.862,2.9266,15.7,264.272,1.9328,-6.6409,3.5069
161,31.622,0.0264,2.2267,6.9715,15.7,264.272,0.8246,-3.7045,4.8162
162,29.1444,0.0221,1.8963,4.9807,15.91,263.03703825250824,1.5864065642438165,-2.63,4.5849
163,27.4264,0.0143,1.0244,2.8666,15.7,264.272,1.2941,-2.7282,4.2371
164,23.9846,0.0213,1.7514,2.7091,15.8,266.568,1.5515,2.6718,4.2699
165,23.2147,0.0264,0.8049,6.8317,15.85,249.896,1.5897161829995492,1.0045,4.9156
166,21.8556,0.0151,2.1633,3.6852,15.57,264.272,1.4283,1.6018,4.0386
167,27.0269,0.02850989646363905,3.3969,4.6032,15.8,261.7950106354795,1.631537059768809,20.7209,4.2629
168,30.4987,0.0203,0.6876,4.0177,15.71,264.272,1.1827,-3.1255,4.3523
169,18.3248,0.0289,2.3478,3.9273,15.84,264.272,1.5628528803717752,4.0991,4.8575
170,34.2074,0.0158,1.3299,2.5684,15.72,264.272,1.6087446013642952,-6.3391,4.2859
171,20.7886,0.0277,0.8252,5.0709,15.85,261.45217216956706,1.5602663632128044,6.2455,4.6731
172,39.6865,0.0405,2.4317,4.8214,15.8,263.0763109118928,1.6300563557120522,10.2109,4.4075
173,20.1161,0.0371,2.1292,5.7668,15.8,265.296,1.5878937663183128,16.6829432273732,3.4345
174,25.9809,0.014,1.5148,4.6526,15.74,267.526,1.5818650719601564,-0.7245,4.4442
175,25.1055,0.0247,0.5628,3.3925,15.56,253.892,1.2515,-0.2709,2.6026
176,37.5213,0.0328,2.2772,4.3312,15.77,262.1176058453519,1.6422344939803746,10.8955,4.035
177,17.4684,0.0162,1.8718,5.492582966842389,15.74,263.738,1.554217028646705,9.007415767711677,4.4825
178,26.7205,0.0177,2.5222,5.7275,15.71,264.272,0.9327,-1.0909,4.0689
179,24.6207,0.0209,2.1379,4.8219,15.73,270.686,1.8607,-0.5655,2.9156
180,29.7075,0.015,2.3022,5.3451,15.89,271.168,1.5762766390444545,-2.8818,3.6236
181,38.278730384273,0.0296,1.1073,7.6393,15.84,247.164,1.6346576737802432,3.1136,2.5528
182,34.3077,0.0296,2.1375,7.8141,15.69,264.272,1.572641479782549,-7.0082,3.8601
183,24.0276,0.0207,1.955,6.275,15.75,270.158,1.4477,3.0718,4.4649
184,25.5747,0.0269,2.0028,2.8462,15.74,264.272,2.5116,-1.5036,4.2644
185,22.1925,0.0182,1.6881,5.4338,15.93,266.496,1.583866453363349,3.1845,5.1403
186,22.3699,0.0219,2.7002,5.3468,15.9,250.474,1.6452637164189758,22.7173,4.6613
187,42.2381,0.0132,1.6525,5.0961,15.77,262.136,1.5784928170013015,-12.1527,2.7845
188,25.6635,0.0264,2.9692,4.7428,15.76,272.624,1.597606859484284,2.32,4.5178
189,23.1222,0.0217,1.9955,5.0348,15.69,277.982,0.8493,0.7864,3.8929
190,30.222,0.0202,1.8234,3.3746,16.01,268.894,1.4438,-2.4818,4.138
191,41.5043,0.0153,1.4548,8.5107,15.87,264.188,1.6359944764285004,9.3336,4.2004
192,37.084752157762566,0.0316,1.9924,8.6072,15.72,261.925899489738,1.6592090748268704,2.0427,4.6783
193,22.2242,0.0163,1.0834,3.6629,15.93,264.272,1.5753306058494596,2.43,5.0765
194,24.4119,0.0216,2.0297,7.5994,15.95,267.28,1.5739118705627242,0.3036,4.7271
195,25.4657,0.0241,1.278,6.4316,15.93,264.272,1.3495,0.2464,4.4596
196,26.114,0.0301,1.2354,6.5857,15.78,258.346,1.5704413699689215,1.2691,3.7994
197,26.9505,0.0261,1.4825,4.4168,15.77,262.98,1.561442962088165,0.2818,5.0438
198,32.7145,0.0225,1.5611,6.5365,15.71,264.272,1.6031,-0.9236,4.7085
199,21.6961,0.0326,1.0077,5.5785,15.83,251.098,1.5659429323813896,5.3782,4.0851
200,23.7588,0.033,1.8409,7.4993,15.8,264.39,0.8631,0.8045,4.2343
201,26.5186,0.0212,2.0961,6.8146,15.82,272.358,1.8541,0.42,4.2591
202,24.5318,0.0216,1.9215,7.9017,15.71,264.272,1.5987868402152208,2.8236,3.1162
203,22.9188,0.0277,0.8874,2.8024,15.459435265348265,264.272,1.85,1.3282,2.9253
204,22.1064,0.0247,1.5426,6.7038,15.67,266.33,1.5944,1.9936,3.1419
205,23.8635,0.0366,2.1252,3.1843,15.62,271.406,1.6528,2.5855,3.1977
206,31.6904,0.0411,2.6824,6.6161,15.9,269.33,1.638114009598206,16.4073,4.4217
207,19.9232,0.0247,1.8492,5.5553,15.8,266.086,1.5851152707587806,6.6827,4.9251
208,23.8635,0.0205,0.7962,4.2813,15.9,261.83360074967686,1.5840140871399855,2.8245,4.769
209,16.8961,0.0169,1.1332,3.2839,15.8,247.666,1.3046,7.3164,4.9802
210,18.8096,0.0205,1.9733,5.7825,15.99,264.716,1.570138809063149,7.0709,4.9349
211,29.6277,0.0192,2.1248,5.4237,15.71,267.884,0.7027,-2.5436,5.0345
212,22.1063,0.025766094382836696,2.4001,3.6741,15.88,249.402,1.585324143702542,4.6327,4.7807
213,28.2022,0.0196,1.1627,5.2008,15.94,251.508,1.5840984109434344,-0.6936,4.723
214,29.2332,0.0122,0.7652,6.4924,15.83,249.254,1.571818738408185,-0.9409,3.8529
215,36.1696,0.0163,0.9079,5.4535,15.73,264.272,0.859,-5.3264,2.5986
216,21.0159,0.020075457252568873,1.297,4.0832,15.93,256.698,1.005,2.8009,3.2589
217,37.0555,0.0176,0.6016,6.8752,15.82,261.33513066559556,1.5724582441232406,-10.6036,4.5136
218,34.578,0.0272,3.2785,6.2047,15.92,264.272,1.5850475360024325,-5.9045,3.8645
219,32.6371,0.0238,1.0596,3.8697,15.56,259.108,1.5899,-4.7682,4.3765
220,34.6022,0.0341,0.9323,8.285,15.79,243.178,1.639213555015395,12.8982,2.9648
221,20.0533,0.0165,0.9712,9.0309,15.85,261.7814667622265,1.5636639394494924,5.65,4.1875
222,26.314,0.0264,1.4585,4.2645,15.56,264.272,2.4022,0.6055,3.9629
223,26.5379,0.0208,1.7501,6.679,15.75,264.272,1.5821626666530484,1.0291,5.6977
224,28.3035,0.0228,1.5833,2.7794,15.77,260.832,1.1046,-2.5345,5.2685
225,19.1593,0.0116,2.7269,8.8334,15.83,262.36825813555225,1.5828467561992225,12.22820802330267,4.8487
226,24.6278,0.0211,1.3701,4.1438,15.6,266.612,1.5920227326480885,1.7018,4.9364
227,27.0311,0.0243,0.5965,2.7758,15.69,264.272,1.9595,-3.01,3.7605
228,38.8982,0.013,2.2181,5.463326724436033,15.83,262.644,1.652502892040808,5.03,5.5794
229,22.8831,0.0172,1.3857,4.2573,15.74,263.936,1.593992883052822,0.2336,3.6959
230,27.6339,0.0151,1.5165,2.2725,15.77,265.89,1.6069,-1.79,4.49
231,29.5672,0.0273,0.8135,4.4714,15.72,251.418,2.0661,-0.1882,4.3796
232,31.7775,0.0236,1.1642,4.1335,15.93,264.272,2.0737,-3.9509,4.71
233,38.0547,0.0175,2.7878,6.9918,15.92,264.802,1.5943967219212072,-8.4836,4.5956
234,20.9881,0.0381,0.7131,4.6953,15.77,261.55523329992957,1.5855381409592495,3.88,4.4141
235,27.7301,0.0184,2.543,4.7511,15.9,261.714,1.5817068234209777,0.6782,3.1036
236,15.7033,0.0242,1.3642,6.0735,15.86,259.102,1.134,5.7945,4.9074
237,24.9562,0.0262678527046471,1.0315,6.6138,15.76,264.272,1.9898,1.5645,4.2806
238,13.5705,0.0272,1.2181,4.3849,15.82,268.032,1.5745634668042798,6.8491,5.0775
239,24.1408,0.0284,1.2591,5.8227,15.73,264.272,1.1711,4.9336,4.3946
240,30.1925,0.0203,1.8574,6.381,15.71,260.564,1.572265316969468,-3.8655,4.1482
241,21.8247,0.011,0.7752,5.7213,15.8,242.286,1.6515654994906976,21.7573,3.131
242,23.8107,0.028,2.3522,3.7079,15.65,264.272,0.8502,1.7318,3.7242
243,31.8429,0.033,3.1518,3.7167,15.79,273.346,1.9444,-5.52,4.7584
244,25.0547,0.0197,0.8157,3.0271,15.65,264.272,1.8788,-0.6327,4.5832
245,21.0858,0.0247,1.2656,4.8457,15.72,247.852,1.5880513380526176,5.1773,4.1164
246,24.6357,0.0162,1.7824,5.4141,15.91,263.458,1.5856066126322277,1.1527,4.7275
247,29.8877,0.0163,0.4774,2.8331,15.71,251.872,1.5870879989188982,-2.5345,4.1801
248,31.4055,0.0132,1.9589,4.9627,15.66,281.27,1.4587,-3.9618,3.7806
249,24.3734,0.0257,0.9041,7.0696,15.84,264.272,1.593552056819214,0.7,2.6643
250,30.1905,0.0205,2.896,7.2043,15.73,264.272,2.3965,-1.8045,3.371
251,14.406,0.0263,2.6733,3.1529,15.79,261.23048991082305,1.564287509527065,9.182371189803092,3.9458
252,30.3384,0.0156,2.2056,3.0517,15.61,264.272,2.084,-3.1927,4.8585
253,19.7743,0.0175,3.1111,5.9742,15.74,265.482,1.606964879603747,18.083256704143935,2.825
254,26.841,0.0251,1.5064,4.8678,15.99,263.0472058742035,1.5807396162604592,-0.7036,5.1409
255,30.0271,0.0184,1.5364,7.7983,15.7,278.088,1.9643,-4.2327,4.4205
256,39.587,0.0392,1.4232,6.9887,15.68,263.86,1.638169463032912,6.7391,5.5343
257,22.0794,0.0192,2.4854,5.4916,15.69,275.108,1.5837004244221393,3.2173,4.3299
258,20.8163,0.0308,1.0244,4.8265,15.73,264.272,1.5555607644691405,3.9382,4.9008
259,26.3647,0.0276,1.4587,10.5293,15.71,263.804,1.4539,1.1618,4.4631
260,32.4091,0.018,1.775,5.9053,15.54,264.272,1.8248,-3.45,2.5218
261,24.2043,0.0315,3.4979,2.8784,15.79,261.78209725265407,1.5684626392042516,1.1273,4.4577
262,25.1914,0.0224,0.7925,2.4776,16.09,264.272,0.9093,0.7955,5.1209
263,21.3934,0.022,1.2446,6.2851,16.0,251.078,1.5701162054742714,3.5264,4.2638
264,29.0059,0.0151,1.5641,4.0368,15.77,264.272,0.8688,-3.2718,4.4454
265,25.6619,0.0255,1.9608,5.9176,15.65,264.272,1.6717,-2.3891,4.5976
266,34.4785,0.0116,1.6343,6.2186,15.71,264.272,1.4592,-5.7373,2.6068
267,26.2155,0.0183,1.0407,4.4263,15.96,264.272,1.6018205449276957,-0.1545,5.0067
268,20.0249,0.0228,1.4277,6.4326,15.9,262.42565325180016,1.572533110397714,1.1782,4.8599
269,28.6915,0.028,1.0676,5.449544146811565,15.93,256.45,1.5836773027708357,-0.2282,4.9849
270,27.8586,0.0143,0.9587,4.5494,15.97,264.272,1.559155503008262,0.3418,4.884
271,15.585,0.034,3.455,4.0186,15.85,249.066,1.5761231107120734,9.5927,5.1528
272,28.8169,0.0216,0.995,4.1182,15.87,264.272,1.9622,-1.1455,3.0652
273,27.1415,0.02,1.9302,2.8961,15.75,264.272,1.5668809263576098,0.5609,4.4057
274,18.6383,0.0145,1.5435,4.1739,15.71,264.272,1.7872,4.5355,4.054
275,28.2459,0.0157,2.1489,5.941,15.66,267.524,1.0711,-1.99,3.0235
276,28.4192,0.0269,1.35,3.4182,16.02,261.93318878801296,1.590211217124219,-0.9918,4.2592
277,30.4269,0.0171,0.7577,3.2156,15.7,264.272,2.0093,-2.5682,4.6662
278,24.1042,0.03242580179561924,2.6027,3.4776,15.67,264.272,1.4469,2.9691,2.4403
279,29.7647,0.0192,1.472,4.2753,15.7,268.78,1.9196,-0.0164,3.9594
280,19.9304,0.0327,1.6735,3.95,15.79,270.35,1.5891,2.9864,4.5752
281,29.085,0.0222,2.1119,7.3841,15.95,266.738,1.592764604583203,0.0855,2.8748
282,26.0255,0.0245,1.2718,4.1425,15.81,266.71,1.6008982861524024,0.5764,4.3983
283,24.4489,0.0187,1.3634,4.5331,15.79,262.9705057722542,1.5755883504782335,3.3364,4.2604
284,27.8129,0.0204,0.8959,5.6678,15.66,249.132,2.7588,-4.9191,2.6195
285,23.195,0.0182,1.9194,4.001,15.71,267.64,1.5646186763330725,1.7082,4.6559
286,36.7408,0.0176,0.9013,6.1557,15.75,249.176,0.9453,-9.1,3.1981
287,37.4995,0.0147,1.6419,10.2688,15.78,265.058,1.6340486301691222,12.4309,5.2041
288,29.5935,0.0368,2.9613,5.8984,15.88,262.11831619506034,1.6621656756718648,15.81,4.2503
289,32.3553,0.0188,0.887,3.8611,15.78,262.8,1.5579659021926644,-4.15,4.5692
290,21.2995,0.0168,1.3566,7.1475,15.66,267.938,1.5681397542179838,1.4055,4.8343
291,20.4284,0.0262,2.1946,6.4164,15.84,261.397211003643,1.5839143439782517,4.8018,4.6821
292,19.9683,0.0317,1.7398,5.5662,15.82,259.606,1.5860650867634596,5.9155,4.8343
293,25.7524,0.0284,0.697,3.2527,15.66,250.258,1.6763,-2.3364,4.8647
294,25.8775,0.024,1.5606,4.6677,15.75,264.272,2.1728,-2.1155,3.4517
295,23.4612,0.0161,2.7214,7.5564,15.97,264.444,1.5618808686550383,2.28,4.7481
296,22.2958,0.0217,1.612,3.6107,15.71,272.118,1.5561,1.9336,3.5709
297,20.1338,0.0208,1.5762,2.9642,15.8,267.694,1.8691,5.6155,4.6088
298,38.597,0.0155,0.9174,3.8138,15.8,262.77025733021105,1.564187675067925,-10.8745,2.9804
299,12.0446,0.0116,1.5739,5.481467104496601,15.99,262.51636926779753,1.5899104208808885,13.3709,5.0754
300,35.4148,0.028206156533034515,3.1759,5.0984,15.88,265.12,1.659899404792229,13.3745,4.7462
301,26.26,0.0259,0.9381,7.5974,15.78,253.846,1.9184,0.1536,4.1253
302,20.1913,0.017,0.8528,2.9657,15.77,264.272,0.8311,4.1591,4.7381
303,32.3293,0.0309,3.3517,8.7115,15.73,268.11,1.5508173469809359,-5.0245,5.0428
304,19.9831,0.0141,1.8692,5.8522,15.92,264.272,1.5647061550268269,7.0591,5.6433
305,22.9633,0.0308,1.9806,10.5022,15.89,261.6016283469499,1.5897569794852608,2.1045,5.1573
306,21.7752,0.0269,1.739,5.6037,15.67,258.972,1.049,2.5491,3.4922
307,26.9923,0.0242,1.603,3.1249,15.74,263.834,1.7129,0.5982,4.0345
308,25.8412,0.0131,2.1101,6.41,15.63,262.55,1.5761698777741717,-0.1773,4.0077
309,37.273762385298234,0.0224,2.0531,3.5925,15.72,259.348,1.6433896980647384,3.28,3.4405
310,30.1316,0.0263,1.962,8.5333,15.89,262.2778778695784,1.6332998482379946,16.0155,2.4697
311,22.863,0.0278,0.6811,5.0427,15.73,259.364,1.566,3.3691,3.8531
312,25.5177,0.0156,2.4636,4.5258,15.84,262.02580776338675,1.619223593059033,22.6227,3.5775
313,24.6273,0.024906890992153347,0.9467,9.2809,16.04,253.182,1.5689387758626276,1.3791,5.5684
314,28.4535,0.0239,0.5997,6.16,15.72,264.272,1.2348,-3.1818,2.7866
315,30.6183,0.0208,1.757,5.0841,15.77,273.094,1.8437,-4.6173,3.5047
316,25.5848,0.02,1.2101,4.4311,15.91,250.234,1.5918232749380388,-0.8964,4.281
317,30.3896,0.016,1.6622,5.4718430242147855,15.74,266.03,1.6488716452632486,5.686541173617243,4.118184737848168
318,28.8331,0.0156,2.1459,7.3778,15.73,264.272,1.167,-1.4609,2.8885
319,36.65685194764284,0.0344,0.6991,3.4412,15.73,243.716,1.626131642946436,4.9745,3.8986
320,19.9156,0.0316,0.9218,5.5799,15.75,262.21938197131925,1.5751195852578135,5.9073,4.5847
321,27.1184,0.0208,1.1523,3.8619,15.77,263.5,1.0234,0.9027,4.8881
322,25.2629,0.0247,1.6313,3.1241,15.75,259.75,1.8487,0.9591,4.3521
323,32.6343,0.0272,1.8787,7.3364,15.79,261.956,1.5492777322556461,-3.2509,3.2722
324,25.2855,0.0264,0.7543,5.474507525385404,15.75,262.1105129685066,1.5843649857015283,3.2591,4.7881
325,26.308,0.0195,0.8444,4.3145,15.7,264.272,1.0956,-0.8727,4.2649
326,22.6131,0.0149,0.9225,6.7011,15.73,248.98,1.5535889164202055,4.4091,4.6068
327,32.7382,0.0205,0.5484,5.8666,15.58,264.272,1.5687889509846191,-4.6591,4.1204
328,25.4566,0.0227,0.5202,4.571,15.77,249.706,1.5992475128602257,2.0127,4.6797
329,23.6862,0.0168,2.06,3.4914,15.91,264.376,1.5643652413627889,1.0218,4.9585
330,23.229,0.0179,2.1483,5.4374,15.96,265.996,1.5614432114477252,4.0427,4.3258
331,26.658,0.0259,3.2684,3.0761,15.82,264.014,1.6569288468509922,21.39,3.0336
332,21.1288,0.0289,0.8538,5.684172378681451,15.75,262.4069476309615,1.5788396598484313,4.4564,4.8178
333,27.0904,0.0221,1.1948,6.818,15.87,272.278,2.2039,1.8582,4.7795
334,18.6087,0.0266,2.6819,4.5025,15.74,262.99680108223254,1.5710572770015534,4.3109,4.2826
335,28.3785,0.0257,1.2137,5.7431,15.96,262.6341763816629,1.5703729914985114,0.2536,4.4349
336,26.5918,0.0242,2.1677,7.1117,16.07,279.274,1.5811480433696277,0.6573,2.7682
337,28.1825,0.0277,1.585,6.8431,15.81,264.272,1.7978,-1.5091,4.8624
338,34.1825,0.0242,1.657,2.6227,15.78,264.272,1.5817068079478198,-5.7473,3.361
339,39.9106,0.0231,3.4495,3.4881,15.93,265.704,1.624878662451313,7.7745,4.9168
340,25.7025,0.0232,1.2794,9.2986,16.04,268.924,1.5844768726011165,1.4373,5.3688
341,25.5875,0.0315,2.9175,4.7381,15.92,261.96473791661833,1.6329995391630552,20.7118,2.8353
342,23.8478,0.0232,2.5844,5.6564,15.73,264.098,2.0502,2.4218,3.5195
343,30.2685,0.0305,1.7994,4.4719,15.73,276.0,1.5684,-3.2373,3.2327
344,35.7866,0.03057246043709891,2.7769,8.6732,15.85,269.264,1.5565825589995164,10.7709,3.6553
345,23.5681,0.0131,1.9091,3.3887,15.92,264.272,1.5797303505834963,2.2118,4.9446
346,40.8846,0.0154,0.8401,6.4163,15.62,248.962,0.6965,-9.7682,3.3068
347,23.7727,0.0287,2.7411,2.5138,15.73,264.272,1.5663581820194137,2.1473,4.7516
348,31.4605,0.0246,0.7289,8.0986,16.04,261.49591074135446,1.5764453909013683,-3.1455,3.5265
349,31.9995,0.021,2.097,5.0001,15.73,282.78,1.7355,-4.25,3.9071
350,22.5764,0.0144,2.771,7.3977,15.73,269.564,1.55685629985683,1.0636,4.4938
351,32.38176975194262,0.0213,1.6154,5.438439853149795,15.75,264.272,1.1286,-2.3082241221257647,4.152720448885091
352,23.241,0.013,2.0192,5.433761950975601,15.74,265.258,1.6306572608535876,0.534818712014328,4.153678693171857
353,18.5853,0.0195,2.53,3.5482,15.74,263.184,1.6008057836205103,8.6673,2.8446
354,29.6922,0.0125,0.7463,3.8467,15.69,253.14,2.2614,-1.4327,4.5188
355,33.7075,0.0153,1.2939,4.6662,15.7,264.272,2.367,-5.8564,3.9779
356,30.1518,0.0259,1.932,5.1698,15.87,262.6550756215711,1.5661116097111147,-1.1173,4.6959
357,29.1285,0.0238,0.9046,5.678,15.97,252.884,1.5742004981071127,-4.8145,3.2625
358,25.8642,0.021,1.7227,6.4728,15.7,266.852,1.4039,-1.1945,5.1774
359,20.8541,0.031,1.1061,6.0985,15.74,264.272,2.0779,5.4718,3.2642
360,20.1394,0.021,1.1436,6.4151,15.93,251.164,1.5629819731945984,6.5191,4.0509
361,22.8619,0.0183,0.6872,4.0713,15.73,246.102,1.5681354031142494,3.1764,3.3025
362,32.5387,0.0298,2.8023,9.9885,15.82,262.2986648776652,1.634927796455159,14.75,4.0265
363,20.8256,0.021,2.4189,4.8167,15.79,260.216,1.2822,2.1918,3.3596
364,36.38691086993983,0.02434719251614853,1.1171,8.4171,15.85,248.134,1.6158277989712775,5.0809,4.7543
365,36.85705563455654,0.0441,1.7634,5.2587,15.64,260.604,1.6282132814277466,6.9918,2.9327
366,29.5895,0.0134,1.317,3.8097,15.83,261.530800192246,1.563315220973831,-3.9318,4.2795
367,24.0616,0.0188,0.5958,8.226,15.66,251.174,1.582216409924354,1.28,3.6723
368,36.865339081534785,0.0325,2.5188,6.8912,15.8,260.794,1.5796589393057843,-17.3591,3.6543
369,20.4431,0.02670505944119622,2.7419,4.6662,15.88,268.01,1.573125379158153,6.3364,5.0327
370,23.2908,0.025776419307252385,0.6868,8.1722,15.85,263.3218688534267,1.5961418586631813,4.5645,4.6325
371,23.9046,0.0208,2.091,4.6148,15.77,265.642,2.0618,0.1364,2.6698
372,24.8245,0.0137,1.4633,2.1151,15.68,264.272,1.1334,-0.5955,4.0776
373,26.1208,0.0231,1.8735,8.6037,15.78,264.272,1.591815319426369,0.3391,4.8955
374,28.0815,0.0198,1.4747,3.5046,15.76,267.298,1.537,-2.2636,4.2047
375,23.3059,0.026684591211816044,2.5589,4.8816,15.85,265.816,1.5897310014537955,3.8936,4.6635
376,28.8578,0.0208,1.9701,6.7336,15.83,264.272,1.8217,-0.0073,4.5567
377,38.019666872298814,0.0413,0.9044,6.411,15.73,264.3033144872629,1.6411338280783265,0.4836,3.936
378,29.7843,0.0238,1.7827,3.253,15.76,264.272,2.1033,-2.3264,3.8931
379,25.9662,0.0401,2.8894,5.6832,15.85,265.356,1.597464311159553,1.4745,5.6641
380,21.6796,0.0256,1.553,4.0468,15.65,267.002,1.6317,1.2327,4.6958
381,31.879,0.019,1.0624,4.0905,15.82,264.272,1.588538788430411,-4.9018,4.8219
382,28.1985,0.0144,1.1577,5.533,15.95,252.85,1.5723590934991487,-2.6655,4.6458
383,23.7087,0.033,0.9758,7.1405,15.82,262.10243845898714,1.5519950993575355,2.0664,4.7418
384,25.2115,0.0162,1.0766,5.7586,15.97,262.03292999270815,1.5687681206898507,0.7655,4.5064
385,35.2757,0.0177,0.7881,4.3502,15.67,248.392,1.5925470294687467,-7.4155,3.0893
386,30.013,0.0223,1.2624,5.1544,15.74,262.246,2.6414,-0.45,4.725
387,28.6157,0.0164,1.5908,5.6555,15.72,250.694,1.5856376405102452,-0.2482,3.3944
388,31.0321,0.0394,2.7856,9.4912,15.83,265.916,1.6229574312225983,17.1745,4.2845
389,18.7085,0.0446,1.6534,3.9965,16.01,268.058,1.1542,3.8882,4.7617
390,21.9055,0.0203,1.3198,3.2659,15.77,264.272,1.5764301792075734,4.3982,4.592
391,24.0673,0.036185104611097973,1.8891,9.1891,15.75,267.06,1.626111626522849,22.6936,5.0342
392,18.2764,0.015,2.4728,3.8906,15.91,261.92298210363526,1.6147730155819313,6.941603879378505,5.6456
393,32.176,0.0249,2.6304,3.5871,15.82,268.498,1.5792901075226016,-4.2364,4.506
394,31.3396,0.0255,2.155,4.7695,15.71,262.388,2.5288,-3.4445,4.1668
395,23.4301,0.0266,1.899,5.3052,15.77,264.272,1.603,3.1373,4.4077
396,17.8357,0.02516833376988792,1.3708,3.6369,15.72,270.314,1.2892,5.9345,3.4376
397,20.5351,0.025,0.8669,3.4436,15.69,264.272,1.5810199509633345,0.9091,4.1746
398,23.3895,0.013,1.2213,4.0141,15.9,264.272,1.58788328366209,2.4845,5.0669
399,28.1392,0.0428,2.2359,5.096,15.8,262.18334480699355,1.6385753217589774,17.6382,3.0089
400,31.7755,0.0218,1.9062,8.9143,15.54,270.492,2.4137,-1.3327,2.8603
401,26.8972,0.0234,0.9006,4.7835,15.9,261.6038783304603,1.59976601773496,1.1682,5.1424
402,29.1464,0.0186,1.456,5.2717,15.89,264.46,1.5596104557068842,-1.3727,4.2407
403,17.3399,0.0179,2.2753,8.3032,15.78,262.9598319472951,1.5917649083080707,8.1445,5.213
404,22.588,0.0257,0.9238,6.7235,15.94627991450588,247.13,1.581352759827672,4.9991,4.9456
405,25.0401,0.0379,2.3814,6.5836,15.85,264.48,1.6478016435069864,22.1027,4.6102
406,21.2359,0.03,2.2571,8.1065,15.84,265.164,1.5597551147142146,10.712505921861933,4.9284
407,30.2702,0.0262,1.9624,3.965,15.47,269.968,1.4491,-2.5418,4.8319
408,22.6626,0.0265,2.718,5.474741858852178,15.71,277.296,1.1479,3.6255,3.3985
409,28.8106,0.0207,1.7729,1.9674,15.75,269.742,0.9003,-2.9209,5.2244
410,30.7204,0.0206,1.8911,6.4423,16.01,271.574,1.5022,-3.5727,3.8395
411,39.683,0.0193,1.229,6.364,15.78,264.742,1.63378795123635,9.05,2.3554
412,19.3697,0.024938607046281314,1.0635,3.7264,15.67,248.644,1.5657192115256102,6.3436,4.2993
413,18.6476,0.04408281344511586,2.8607,3.5796,15.74,259.98,1.570855662238032,10.090035409590158,4.060107736920325
414,22.8489,0.0257,1.0277,9.7565,15.85,262.0064020851665,1.564770505857109,2.8745,4.7724
415,22.9832,0.013,0.7342,5.374,15.57,253.912,1.4372,0.9736,4.4582
416,29.8057,0.0121,1.8462,4.2716,15.73,276.118,1.9518,-3.1827,2.6956
417,38.9877,0.0378,3.3147,4.3589,15.85,269.268,1.6104369263560236,5.8091,4.237
418,14.8409,0.0204,1.807,4.7003,15.73,264.958,1.5888919206056902,5.6155,5.3116
419,32.7742,0.027,2.3879,4.8902,15.86,264.272,1.1352,-3.54,3.1557
420,23.6925,0.0111,1.189,4.0074,15.81,253.67,1.6072845359932584,3.99,2.4301
421,22.8057,0.0182,0.7803,3.9462,15.75,248.014,1.1379,0.77,5.107
422,24.3585,0.0156,0.832,6.3906,15.69,264.272,1.4497,2.0673,4.836
423,30.59,0.0154,0.6956,3.6829,15.78,253.584,2.5963,-2.4373,5.2611
424,22.7886,0.0139,2.1811,5.1688,15.98,264.272,1.5768018721272596,3.1527,3.4057
425,30.3824,0.0248,1.8713,5.3999,15.61,261.994,1.5908633727413568,-1.9891,3.8356
426,26.3334,0.0203,1.6622,5.8937,15.98,263.66337967513755,1.5575389213073854,0.9518,3.5232
427,30.9695,0.0242,2.3409,5.0456,15.57,278.072,0.9519,-4.9336,2.8
428,25.4819,0.0258,3.0978,5.6009,15.74,264.272,1.5663888794322378,1.7073,4.8917
429,25.4333,0.0431,1.948,6.0666,15.83,263.794,1.6434705787219728,22.4345,3.055
430,31.3826,0.017,1.9708,4.3926,15.89,269.764,1.57100932954494,-3.4991,4.1584
431,20.2022,0.0184,0.6983,4.8846,15.77,250.966,1.2512,-0.4682,3.3691
432,33.6506,0.020850585751706563,2.4154,5.605,16.07,278.998,1.8285,-5.7091,4.6963
433,41.5512,0.0189,2.2508,4.665,15.83,262.6801327675468,1.6357274046442771,8.3045,5.5667
434,33.9495,0.0167,0.8838,3.5785,15.76,264.272,1.3716,-6.0455,3.5366
435,24.7094,0.0162,0.8834,2.7083,15.83,257.312,1.5954954724099157,-0.2627,5.1622
436,31.3918,0.0208,2.3408,4.8003,15.89,261.028,1.6132,-3.7536,4.8608
437,22.97,0.0184,1.1907,4.1362,15.75,264.272,1.5892323778385153,-1.1836,4.1147
438,39.6821,0.0324,2.9397,7.7442,15.79,262.1003003112516,1.5600110570140175,-10.1291,3.2589
439,25.4943,0.0322,1.4669,7.9285,15.84,250.574,1.1716,-1.2955,3.8051
440,41.9354,0.0229,2.5438,3.406,15.73,261.04,1.5965423523711106,-12.1373,3.743
441,38.5841,0.0269,2.678,5.2385,15.85,262.7547139065753,1.574636813623218,-8.6082,2.8504
442,28.8009,0.0297,2.1508,4.1344,15.97,269.174,1.5755337775021663,-0.8045,5.076
443,27.2525,0.0205,1.2443,7.0549,15.7,264.272,1.2205,-1.5945,4.8047
444,29.9212,0.0215,2.6001,8.3401,15.51,265.232,1.0994,-1.7382,2.8006
445,20.6576,0.0272,1.3881,4.9841,15.76,264.272,1.8986,3.0682,2.6583
446,31.383946726480595,0.0172,2.6258,5.428912683812676,15.99,263.13114891337256,1.5870926900057358,-0.9100289741104888,4.155546410404627
447,30.0241,0.0128,2.4895,3.9721,15.87,259.598,1.5909235023746724,-2.6636,4.1055
448,23.1757,0.021,2.8987,5.3992,15.87,262.666,1.585814892514994,12.119755358087772,2.6841
449,21.402464266436187,0.0338,1.9756,2.5653,15.71,268.006,1.8915,22.4673,3.0175
450,30.3538,0.0161,2.367,3.3684,15.87,259.196,1.5896451024410656,-2.4636,3.2982
451,29.0454,0.0147,1.0595,4.191,15.57,264.272,0.8992,-3.1427,4.4561
452,26.7098,0.0234,0.6399,4.8856,16.01,251.38,1.586782088983127,0.9409,4.0153
453,25.4798,0.0229,1.6908,2.3933,16.07,273.162,1.4771,-0.1891,3.9265
454,27.984,0.0214,2.8606,2.9801,15.76,276.976,1.571866617913545,-1.1764,4.6273
455,18.277,0.0416,1.6004,4.3634,15.9,264.272,1.552171108911447,4.0555,4.5401
456,30.2755,0.0135,1.0962,3.7271,15.8,262.11732399235143,1.578169365613623,-7.9627,2.599
457,32.4807,0.0252,1.4419,4.8264,15.66,264.272,1.5895133979886085,-1.9382,2.8155
458,26.0868,0.0177,1.2413,6.4533,15.73,264.272,2.0727,-2.1309,4.6241
459,21.9792,0.0185,2.4279,5.726885450054393,15.9,263.8760167278731,1.569710918092205,16.6491,4.130605149278503
460,25.688,0.0231,0.5766,6.4272,15.99,252.714,1.5654001962870598,1.3664,5.6641
461,23.1136,0.0263,1.157,5.5958,15.73,262.14,1.9161,1.1136,3.4686
462,23.8511,0.0276,1.5466,5.1075,15.73,264.272,0.9343,2.3091,4.4862
463,39.4515,0.0311,2.4707,8.3146,15.8,261.9599728173391,1.6180851305864004,9.6564,4.5579
464,24.5095,0.0223,2.1924,3.1414,15.98,267.228,1.6815,0.5536,5.034
465,29.2938,0.0205,3.0677,4.7022,15.84,264.272,0.6164,-4.6582,3.2751
466,28.4793,0.0317,1.1075,5.46807657124251,15.99,262.59983335854434,1.5983085566560153,-0.3455,4.949
467,32.0454,0.0321,2.5489,7.26,15.9,262.1075363818859,1.6472320940081813,11.6964,4.4386
468,28.9752,0.0302,1.0099,4.0694,15.75,256.318,1.6878,-1.7818,2.5184
469,26.1038,0.0352,2.8592,8.6404,15.89,262.13666194671634,1.5892257124193787,0.1664,5.3744
470,31.3727,0.0257,2.1598,2.5272,15.74,282.24,2.7303,-3.9927,3.7202
471,27.9706,0.0231,1.9915,8.9449,15.73,264.272,1.5652,-0.28,3.3325
472,27.0478,0.021,1.1194,6.2891,15.63,264.272,1.5885858271066682,-2.1173,3.664
473,29.0537,0.0313,1.8116,5.1033,15.74,276.356,1.0323,-3.8691,2.9539
474,18.8532,0.0216,2.3203,4.6676,15.75,273.856,1.7257,4.9382,4.7266
475,29.4926,0.0199,1.2173,9.4501,16.04,262.2198826532763,1.5584764857068283,-0.9618,4.3328
476,33.4081,0.0159,2.6483,6.4508,15.73,266.394,1.5850778761336366,-6.8555,4.8166
477,23.1861,0.0213,2.5456,7.4113,15.77,272.904,1.0594,0.7736,3.7749
478,21.1535,0.0447,2.7681,4.8968,15.76,262.9304812569495,1.5819211866730452,6.11364678677522,3.2444
479,31.5545,0.0248,1.4224,7.4351,15.62,262.2704426110659,1.5822820210963422,-2.0291,3.1324
480,31.016,0.0237,0.9264,5.411834594441179,15.95,252.2,1.594078468133966,-2.6673,4.7412
481,29.7545,0.0168,0.672,4.9118,15.9,250.226,1.5832977884972301,0.79,4.1607
482,31.3313,0.04136566606521069,1.8612,6.0235,15.93,261.8862387460247,1.643197881678591,13.9782,3.0872
483,31.0165,0.016011439442835784,0.6466,4.6156,15.93,254.244,1.1832,-5.4691,3.8572
484,32.4059,0.0167,2.2141,8.0432,15.84,271.726,1.1404,-5.2427,3.5303
485,26.3006,0.0256,1.1571,4.646,15.99,261.4988236689861,1.5869320988775688,-1.2336,3.2648
486,33.0615,0.018,2.348,7.9407,15.73,262.13303650999126,1.5508327551510772,-7.1564,3.961
487,24.3206,0.0309,2.3358,2.6882,15.96,262.4000116046249,1.5779328569637492,7.404829770947728,4.2621
488,26.2879,0.0207,1.0153,5.3109,15.86,257.374,2.0601,0.6327,1.8895
489,32.3378,0.0439,2.4938,4.9435,15.76,264.106,1.626552051404688,16.4582,4.8902
490,36.343,0.0255,2.4646,7.7685,15.66,283.232,2.1809,-7.8145,2.1325
491,27.6705,0.0179,1.3717,4.0299,15.68,274.914,2.1535,-0.0945,3.3594
492,30.3892,0.0252,0.7392,3.6904,15.98,250.704,1.5718989916156954,-5.1655,3.4983
493,23.0468,0.0418,2.1268,5.2902,15.81,264.042,1.637333571785226,22.8809,3.4571
494,21.0027,0.0127,2.0934,5.3257,15.85,265.212,1.5696872585533561,2.0064,5.1985
495,25.849,0.0258,0.8622,8.0824,16.02,264.272,1.5733948037021586,1.5755,5.008
496,27.6462,0.0228,1.6598,2.9339,15.73,270.152,1.3203,-3.1818,5.0873
497,26.3116,0.0322,0.6586,7.4055,15.74,263.2677390938939,1.568899929932271,1.5445,4.0007
498,28.803,0.0262,2.3634,4.4168,15.81,260.442,0.8879,-0.2227,5.5962
499,28.6912,0.0182,1.8565,2.5282,15.69,272.68,1.8357,-2.0209,2.9585
500,22.6504,0.0227,2.3237,6.2376,15.87,261.73,1.5799919908640503,12.857537942065008,3.2302
501,28.1993,0.0291,3.0102,4.4213,15.74,263.2083109621904,1.8945,-3.1964,4.4668
502,28.189,0.0182,1.6141,3.8851,15.54,264.272,1.0039,-1.1236,3.7892
503,30.0565,0.0232,1.8177,5.873,15.75,262.4150589497785,1.5753360592675867,-1.2209,4.7042
504,18.2111,0.0385,2.4234,6.8027,15.68,261.406,1.5779958094068027,15.04017109161596,3.4414
505,26.0425,0.019,0.538,6.6432,15.77,247.6,1.603336514584124,-0.66,5.0087
506,23.7055,0.0234,1.5418,5.491226213106053,15.82,264.272,1.5992110472989045,3.4391,3.451
507,26.2629,0.0179,0.6022,3.251,15.75,264.272,1.5941102899705215,1.04,4.6159
508,34.1725,0.0176,1.3063,3.3019,15.73,258.33,1.586552869916566,-6.5027,4.4175
509,24.7718,0.0218,0.6648,4.4321,15.83,264.272,1.4703,3.9982,4.2063
510,27.8252,0.0247,1.0496,6.4864,15.7,255.342,1.5848792399378602,-0.2436,4.4018
511,16.3432,0.0206,1.8594,3.6306,15.81,275.65,1.5928650524338617,6.3491,4.5463
512,26.0317,0.0217,1.3665,4.7589,15.91,261.4,1.5742602620872994,0.7636,4.194
513,21.2711,0.0197,1.8174,10.9203,15.67,264.272,1.171,6.1727,3.7492
514,27.2483,0.0209,1.0406,7.173,15.84,248.964,1.5982659940483426,0.4527,4.9439
515,31.416,0.0173,3.0614,5.456635539843884,15.73,265.068,1.6531895154330782,18.6045,4.3028
516,25.3309,0.0178,2.0403,5.824,15.69,264.272,1.5989538721046612,-1.6109,4.7242
517,24.3465,0.0208,0.5466,4.0638,15.96,262.4041206116047,1.5640328182093224,1.49,4.8025
518,23.5304,0.0137,1.8423,5.5131,15.79,264.272,1.5617535126048188,1.7618,4.5594
519,28.6582,0.0196,1.0205,3.7573,15.87,264.272,1.593428364650668,0.4264,4.618
520,22.3822,0.0278,0.6502,3.9316,15.77,251.586,1.5844801026349153,2.9409,4.9424
521,32.6465,0.0397,2.6726,3.6188,15.74,265.584,1.6173476855488524,16.5255,2.8439
522,23.2779,0.0216,2.8938,5.0858,15.87,269.468,1.5740413547501049,1.8182,4.8628
523,27.0988,0.0224,1.4161,4.5513,15.99,267.438,1.5862201061659773,-1.1927,4.7409
524,24.2974,0.0239,1.483,9.6984,15.73,270.642,1.5722856547888164,2.8691,4.0731
525,25.7166,0.0316,1.1472,3.7064,15.82,263.0792660304754,1.5805995728381912,1.77,4.9873
526,25.3734,0.0225,0.9051,7.0302,15.77,264.272,1.585021044253336,3.36,4.7788
527,25.1013,0.0228,1.0316,9.8527,15.91,263.11561222721986,1.5833578922466707,2.6491,5.6752
528,18.3175,0.0129,2.7891,9.9046,15.83,261.70845920180864,1.6035269425705947,11.331496062524124,5.3336
529,30.7458,0.024,1.6051,2.3936,15.73,264.272,0.7231,-3.4618,3.4996
530,30.6953,0.0191,1.6001,5.7786,15.66,264.272,1.602635485393622,-2.3591,3.0285
531,37.6915,0.0113,1.9115,4.1477,15.82,263.276,1.5786100538849097,-8.1182,3.0708
532,26.4193,0.0309,1.0169,4.4256,16.09,264.272,1.1291,0.6855,4.0685
533,19.1895,0.023653272937805808,1.2569,3.5974,15.93,256.598,1.7794,3.6809,3.2065
534,25.6003,0.0168,0.7179,4.7158,15.98,261.76015612178753,1.583420214772301,0.5082,5.2352
535,20.6151,0.0194,2.1878,7.0742,15.79,268.338,1.5850147289546639,6.1882,4.2091
536,26.166,0.0184,1.6209,5.68,15.9,265.212,1.5937284699948377,-0.1745,5.1735
537,22.8211,0.0185,2.3704,6.2851,15.71,261.236,1.5840365284681024,1.9273,4.4625
538,20.7242,0.0196,1.9711,4.8447,15.71,265.002,1.3191,5.5964,4.9203
539,18.784,0.0347,1.4202,5.3264,15.81,261.99,1.5966977478628235,4.9209,2.3906
540,26.4708,0.0192,2.0739,6.6223,15.73,264.272,1.235,-0.8436,4.5987
541,18.9734,0.0221,2.5601,4.8468,15.68,260.91,1.5681347549320845,5.3191,4.3768
542,19.6859,0.0295,1.0012,10.4973,15.99,263.2164470335374,1.5753757270963908,7.8264,4.2148
543,18.0095,0.0202,2.0891,2.9431,15.73,265.984,1.583992804383683,4.4445,4.8325
544,33.0758,0.0234,1.1041,4.676,15.75,262.1939252934528,1.6650158925875203,13.6809,2.889
545,27.5177,0.0206,1.3339,5.1665,15.75,273.258,0.9375,-3.8791,3.743
546,26.8806,0.0167,0.8483,7.7836,15.65,264.272,1.5727650209760775,1.1845,3.2788
547,33.6192,0.02826933293749881,2.3871,4.6964,16.01,261.972,1.6326524947122216,13.1482,2.9869
548,28.0695,0.0288,2.794,5.9349,15.8,263.664,1.5709478544426625,0.2309,3.2082
549,23.4873,0.0254,0.6691,6.1087,15.95,262.3479440625847,1.570391054244219,3.2491,4.7308
550,51.58927893830011,0.0266,1.875,5.475337290275827,15.56,263.174,1.7693,-0.7940689715805149,4.208218039663653
551,23.7193,0.022,0.8336,5.0804,15.65,251.982,1.593598354253529,1.5927,4.2429
552,28.9017,0.0165,0.6746,3.0022,15.75,264.272,1.5488171541294302,-3.6145,5.1981
553,32.6374,0.0177,1.7491,8.2849,15.75,265.164,0.8837,-1.7909,2.9665
554,41.8842,0.0129,0.9649,2.8962,15.83,264.272,1.5711468081268816,-13.3573,3.2137
555,21.9792,0.034,2.9301,7.2905,15.9,263.0600342794395,1.5741217701482935,5.78,4.4653
556,20.5025,0.0216,1.6928,3.9954,15.92,266.004,0.976,2.2336,5.3374
557,26.0917,0.0355,0.9467,3.9117,15.69,248.184,2.7361,1.4791,2.5037
558,23.7806,0.0273,0.7931,5.4473158350810404,15.76,261.8317667152991,1.5646116681701325,1.2264,4.2088
559,27.527,0.0173,1.7884,3.8315,15.75,261.67350987184443,1.5802940860807138,-1.2491,5.0521
560,27.6476,0.0155,1.2346,7.231,15.72,264.272,1.572791661144606,1.1627,4.3627
561,26.8797,0.03450059919381354,2.9138,6.9064,15.75,261.65677628020325,1.6417393055327234,19.1027,2.734
562,24.7298,0.0193,2.0522,3.5486,15.6,264.272,1.5982385052581742,-1.02,4.5923
563,21.0446,0.0286,1.8978,3.5149,15.62,264.272,1.2373,3.4845,4.3413
564,27.6301,0.0142,2.1196,5.8042,15.88,262.6358873969188,1.5864770751896553,0.8073,2.1627
565,40.5205,0.041,1.0849,9.4293,15.8,245.474,1.6491983954347558,10.08,2.383
566,21.3671,0.0153,2.2044,3.6807,15.63,266.28,2.2991,3.6664,4.3933
567,26.7021,0.0255,1.3458,6.1134,15.77,261.8822548832218,1.569738435635489,-0.2845,4.9618
568,31.4439,0.0206,1.1158,4.2918,15.94,261.9132447163715,1.5862727908883152,-2.4609,4.6192
569,28.7752,0.0228,1.1474,4.3599,15.51,264.272,1.5917717854592928,-1.7136,3.8146
570,30.6289,0.0311,1.9996,5.3197,15.87,259.792,1.5783414717826862,-3.3864,4.1662
571,26.1855,0.026685316299842915,3.1065,5.7399,15.73,266.842,1.6465023507341383,21.1082,4.3172
572,22.3374,0.028,2.5827,5.7879,15.76,250.398,1.5877837062332394,4.5027,4.1971
573,29.3844,0.03849228141074784,2.0986,7.128,16.1,262.9306559808164,1.6420644080788689,19.3136,3.5487
574,21.7381,0.0214,2.9552,5.9411,15.83,264.592,1.5655896555953142,2.6173,4.6564
575,20.2979,0.02471283706460839,2.8845,4.3207,15.67,264.272,1.5795038662221872,5.0473,4.8849
576,26.7245,0.0217,1.1543,4.338,15.77,251.434,2.0015,-1.1727,3.1567
577,24.3275,0.0206,0.8182,3.417,15.8,262.62273907509245,1.5807956285723368,0.5373,4.7092
578,30.2505,0.0385,3.4401,9.9305,15.85,261.9192379330903,1.6309913437763173,17.7327,2.6546
579,23.4325,0.0291,1.03,6.9538,15.95,262.5068730760842,1.565369757712646,4.3818,4.1473
580,24.1601,0.0256,0.7871,3.1226,15.8,264.272,2.216,-0.2491,4.007
581,23.7913,0.0237,1.204,4.0489,15.77,248.004,1.5873863465033577,2.9536,4.5442
582,31.9933,0.0235,2.2852,6.9,15.99,261.7509411033816,1.5837034951514373,-3.9436,4.4514
583,20.9755,0.0183,0.7564,7.7186,15.71,248.46,0.9192,5.1136,4.5993
584,18.5294,0.0133,1.197,5.2009,15.84,262.338,1.5993923003213317,5.4709,4.6842
585,28.1426,0.0183,1.7258,4.0841,15.74,264.272,2.287,-2.3618,3.8682
586,22.6375,0.0162,0.6984,5.4231,15.96,251.854,1.5856924964528802,4.9073,5.9052
587,22.519,0.0429,0.5509,8.9725,15.77,263.83754508444105,1.5686800836313777,3.5336,4.7959
588,24.3769,0.0159,1.4308,6.2963,15.62,258.596,1.5868855981480308,0.8236,4.0832
589,24.1465,0.0301,0.9352,5.7716,15.73,247.502,1.5856261053147072,0.8536,4.6169
590,23.6178,0.0217,2.0366,5.1124,15.69,264.272,1.2432,3.3064,4.0076
591,20.0445,0.0148,1.3143,9.3323,15.95,264.272,1.567661498142011,4.8364,5.2807
592,22.969,0.0373,1.0451,5.3147,15.85,247.536,1.5804953329602105,2.0373,4.4266
593,28.252,0.0204,1.8497,5.4095,15.57,267.34,1.4106,-0.0445,3.579
594,39.9438,0.0121,1.7069,4.1464,15.65,266.364,1.6385717700763522,8.9418,2.7198
595,19.6185,0.0222,1.1911,3.3263,15.77,264.272,0.926,4.3955,5.0045
596,26.3122,0.0291,2.5851,5.8827,15.79,267.01,1.5621239772928863,-1.1609,4.2034
597,23.0148,0.0369,2.442,5.1101,15.7,260.53,1.634770718944896,23.0364,3.4642
598,27.8256,0.0415,1.7683,6.7855,15.56,264.272,2.4318,-0.7418,2.8245
599,29.2883,0.0267,1.5238,6.421,15.78,246.9,2.0892,-2.1182,3.4607
600,26.977,0.0151,1.7168,4.6415,15.74,264.272,1.6046627495599215,-1.0445,4.8698
601,19.9565,0.0188,2.2453,6.9102,15.7,263.258,1.6205797367661123,11.583588651787977,3.3233
602,28.6558,0.016,1.2187,5.654,15.89,262.18735811217493,1.5869659027277445,1.4727,4.4667
603,26.9974,0.0228,1.627,5.3217,15.8,263.496,1.5985952177446656,-1.1527,2.6266
604,31.0075,0.0283,1.205,5.8077,15.75,247.332,1.5825756479430775,-5.2327,5.1158
605,27.5901,0.0346,1.9994,5.9787,15.75,268.016,0.8798,0.5773,5.3714
606,28.8518,0.0231,1.8438,10.4836,15.9,261.7658440154178,1.5661733884171705,-0.1209,5.0978
607,23.6405,0.0257,1.6613,9.4815,15.8,275.792,1.2136,5.5191,3.3665
608,22.9785,0.0262,1.8336,4.7656,15.8,266.604,1.576701482471285,3.9309,4.7039
609,26.0408,0.0146,0.8832,9.2499,15.65,251.33,1.5712045113736035,1.9491,3.3015
610,22.3489,0.0253,3.2341,9.4939,15.9,262.4096071511554,1.6540573619555634,23.1373,4.4138
611,29.6544,0.0233,1.0259,2.3399,15.8,255.678,1.0181,-1.8809,4.3749
612,22.7338,0.0351,1.511,5.1423,15.8,261.302,1.6146119382976092,22.7418,3.0472
613,28.3474,0.0331,0.9729,3.8687,15.79,269.424,1.9118,-2.2191,4.9416
614,35.36882286563561,0.0152,3.0917,4.313,15.85,262.20677814346016,1.6276517430023287,1.3718,4.5921
615,21.5576,0.0281,3.6309,4.9673,15.87,262.5293741789278,1.5811818041867691,3.64,2.571
616,35.7993,0.0169,1.7691,6.0516,15.62,264.272,1.6753,-7.87,3.475
617,26.2719,0.0165,1.2686013759735904,4.55,16.08,254.656,1.7344,1.0691,4.2175
618,29.0235,0.023331573499471903,1.1934,5.9387,15.72,262.482,1.2242,-3.1909,3.5464
619,17.1276,0.0169,0.9455,4.7606,15.97,262.65584222066263,1.6011781756380323,8.9864,5.6729
620,33.8496,0.0147,1.6386,4.8764,15.74,265.404,1.6606957206442694,15.0182,2.6387
621,24.8005,0.044487446725678725,1.889,8.0698,15.82,261.72694285060504,1.642366395129908,20.4209,3.26
622,24.1109,0.026,0.8871,2.8753,15.9,264.272,1.7504,0.2745,4.1321
623,29.1406,0.0201,2.0896,4.2708,15.71,264.272,1.3394,0.9909,3.9977
624,17.5921,0.015,1.6904,4.2849,15.99,263.1697383283909,1.5995523716684183,7.9755,4.8732
625,16.9061,0.0167,3.6955,8.8454,15.71,265.922,1.5835674692577366,13.41237946536458,3.6213
626,27.5479,0.0183,2.0934,4.7778,15.71,263.4578515312301,1.591824835008931,-0.9,4.4022
627,29.8969,0.0125,1.1153,4.5369,15.83,264.034,1.635913317744678,18.2809,2.7676
628,32.8478,0.019,2.3248,2.7354,15.68,260.994,1.6389570331178824,15.8609,2.7554
629,24.6661,0.0265,1.6281,2.9179,16.01,264.272,0.7285,-0.63,4.7379
630,23.6096,0.018,1.3143,7.2128,15.62,263.932,1.5871756982239122,0.4982,4.2264
631,26.1512,0.0142,1.7921,7.1468,15.73,261.87423407273457,1.5742818371977128,2.4173,4.5944
632,25.9589,0.0247,1.6581,6.528,16.0,264.272,1.5882538939015696,1.4982,5.4965
633,25.7407,0.0256,2.5263,7.4952,15.82,266.328,1.571417127511276,-2.5955,4.5044
634,26.4206,0.029,2.15,5.0272,15.81,264.272,1.6268,0.4445,4.2819
635,17.0797,0.0429,2.6893,4.8666,15.74,259.346,1.575011706930075,10.508650765823589,4.2148780160304895
636,28.121,0.0158,2.0475,5.2194,16.02,264.272,1.5893491847745174,-0.17,3.8922
637,24.5978,0.0214,1.0202,4.1174,15.77,264.272,1.5766799544402696,2.1136,3.8756
638,29.4636,0.0194,1.7324,3.454,15.74,263.19,1.8224,-1.7336,4.1804
639,27.4876,0.0192,0.715,2.0773,15.65,250.402,0.9631,2.23,3.829
640,26.3835,0.0393,1.819,4.7785,15.69,275.104,1.8776,-0.4109,4.1023
641,36.5432,0.0251,0.8372,7.5956,15.77,248.734,1.8184,-6.2473,3.6864
642,23.1901,0.0153,1.4936,4.277,15.69,264.272,1.6988,-0.0182,4.4008
643,32.4142,0.0222,2.5071,9.8466,15.9,267.928,1.6216715759261728,14.4382,2.8145
644,36.6135,0.0339,1.0073,4.1354,15.77,267.54,1.6342083667510545,9.4864,4.2562
645,33.9056,0.0264,2.9949,7.2038,15.88,267.994,1.5549534416797044,-6.8627,4.3718
646,24.9563,0.0251,0.9651592859831979,6.8827,15.98,250.696,1.5925783861137308,0.5791,4.8662
647,21.904896733150853,0.0254,0.6376,5.5608,15.82,246.984,1.2994,13.5518,4.7971
648,25.2503,0.0299,1.6625,7.7911,15.73,264.652,1.5674222633000718,-0.07,3.8241
649,25.8222,0.025,0.9567,4.3304,15.92,264.272,1.5787790897368499,0.7591,5.6241
650,29.185,0.0183,1.2778,7.9506,15.84,264.26,1.6660608245075785,17.9782,4.6368
651,25.0963,0.0219,1.2559,6.1374,15.54,264.75,1.5953489988869227,2.1982,4.651
652,31.6501,0.0174,2.2326,8.1214,15.7,264.272,1.7829,-1.31,4.624
653,23.6254,0.022,1.3435,6.6146,15.73,264.272,1.62,0.7482,3.6558
654,19.064,0.0229,1.4456,8.1035,15.87,264.272,1.0188,5.7309,4.856
655,28.777,0.0275,1.9318,6.1176,15.63,267.068,1.2296,1.4845,4.5185
656,15.0708,0.0324663933567412,2.9165,3.7282,15.74,262.5114231600557,1.557967513539841,6.113300859465994,4.185703397025531
657,22.7427,0.019,0.9322,7.7601,15.91,249.292,1.5721950808281135,4.92,4.4533
658,42.73509283243084,0.0188,1.6347,5.50946356581369,15.76,264.272,0.8473,4.7382,4.128601978314034
659,28.0999,0.0204,0.6099,4.5853,15.69,254.896,1.5858897337063678,-0.8173,4.9519
660,30.2922,0.0126,2.6983,3.4193,15.74,264.93,1.6408264128557042,15.7936,2.3702
661,29.453,0.0324,1.587,6.5737,15.93,264.272,1.586959975239113,-2.1,4.6979
662,22.9589,0.017,0.882,4.2433,15.87,261.1091715887837,1.5675825447713774,4.4827,4.5736
663,36.05521741089813,0.0138,0.8443,3.3351,15.71,262.14841278443737,1.610202283551185,-15.5318,2.7406
664,22.23,0.0209,1.2886,4.8659,15.64,264.272,1.0591,1.3555,2.6378
665,23.5906,0.0167,1.5437,5.7072,15.74,256.288,1.633550300206045,22.2164,3.265
666,29.6501,0.0205,1.5268,2.4393,15.75,268.856,1.5745363349022705,-4.9891,4.4571
667,24.1854,0.0173,1.9872,5.0396,15.88,265.234,1.5660001927397005,-0.3327,4.6782
668,23.1949,0.0236,1.88,6.0788,15.88,268.74,1.562159179368622,1.9255,4.8147
669,22.5384,0.0403,3.1064,5.0597,15.67,264.666,1.5667157467875974,3.2182,4.9612
670,15.3094,0.0216,3.306,5.4524831300926415,15.8,265.09,1.5753140226845734,12.601552139789746,4.902
671,17.1419,0.0165,0.7854,6.4358,15.82,264.272,1.5909444847066194,7.03,4.7066
672,19.6579,0.0204,1.6774,3.5094,15.99,264.272,1.5858019172454436,6.3691,4.7518
673,25.2303,0.0218,1.9935,4.7047,15.97,261.9939372671562,1.5904752545229006,-0.3518,4.7859
674,25.4763,0.0222,0.9185,4.2076,15.7,256.83,1.5895561344402485,-1.7155,5.0801
675,29.871,0.015,3.4342,10.2601,15.83,265.93,1.6272819296428889,18.1782,4.204
676,30.7097,0.0225,0.8819,8.686,15.73,250.266,1.5792975478551665,0.1082,4.4662
677,26.247,0.0227,1.6325,4.6034,15.92,264.272,1.5741942814080565,-0.5718,5.4747
678,28.7982,0.0325,0.5518,7.7185,15.96,251.342,1.5638904831344376,-0.7845,4.6077
679,27.2628,0.016,0.7061,4.197,15.82,248.242,2.0074,-2.1709,5.2901
680,30.9212,0.0231,1.0601,8.5892,15.74,264.272,1.5671636761556473,-3.2082,4.4167
681,28.9871,0.033,1.4887,10.0272,15.74,264.272,1.5642421953077608,-1.3773,4.022
682,26.1735,0.0169,1.8949,6.8464,15.89,265.788,1.5721395934511502,-0.6727,5.5418
683,21.3926,0.0304,0.8852,4.3832,15.83,247.764,1.5648826449240258,5.4191,4.3409
684,31.0753,0.0142,1.9199,4.3478,15.74,271.564,1.5764730028544016,-5.1391,5.0043
685,31.3031,0.0232,1.232,1.8685,15.77,269.884,1.582659472065985,-4.9682,3.9617
686,16.1776,0.02,0.6053,3.4933,15.83,247.87,1.55909750121123,5.9945,3.9792
687,14.606,0.0179,1.7303,6.0446,15.98,265.8,1.6406620540881536,4.6891,4.4023
688,33.3616,0.0226,2.2371,2.4673,16.07,264.272,1.1946,-5.55,3.532
689,26.3387,0.0221,0.8569,5.1621,15.73,255.342,1.7255,-0.7391,4.1059
690,21.8416,0.0287,2.7656300162989265,4.1375,15.77,261.572,1.5768,3.9291,4.6774
691,26.4617,0.016,1.3356,2.5745,15.71,272.23,1.57754845824804,-1.4409,4.8162
692,28.0488,0.0273,0.894,7.0841,15.83,249.378,1.5746269534952955,0.7582,2.9004
693,37.4506,0.0395,1.7575,9.0303,15.83,265.394,1.619905265590204,12.5391,3.4962
694,24.0609,0.0298,2.1254,8.0368,15.75,264.272,1.3207,1.7791,3.0268
695,26.0373,0.0205,1.539,4.012,15.77,264.272,1.6368,-0.2255,3.1847
696,25.7529,0.0252,1.7453,6.6101,15.73,282.648,1.1404,-1.4627,4.5915
697,26.5409,0.0165,1.7577,5.524,15.85,265.268,1.6053599555441704,1.14,4.7725
698,31.4736,0.0236,2.116,5.9175,15.72,264.272,2.0633,-4.3518,2.9842
699,25.2418,0.0128,2.0669,4.5812,15.73,264.272,1.5738632045444798,-2.1264,3.0462
700,28.6132,0.0187,1.7126,4.4519,15.71,264.272,1.5908759813533724,-2.1518,4.9513
701,29.8709,0.0181,1.4096,4.1924,15.8,264.272,1.5049,-4.5936,4.6094
702,23.9411,0.0255,1.0008,4.0633,15.65,264.272,1.5866329218485298,2.6345,4.8872
703,25.1003,0.0214,0.732,2.9002,15.75,251.218,1.452,0.5218,4.274
704,29.8753,0.0179,0.7352,3.5892,15.71,251.462,2.2551,-2.9491,4.2663
705,22.1373,0.0331,2.1734,8.7564,15.89,261.5633036875232,1.637804872204947,22.1827,4.4595
706,24.7459,0.0276,1.2086,9.2907,15.87,268.26,1.5701396574645923,2.8627,5.4891
707,27.3317,0.0148,1.7004,5.9273,15.77,271.608,2.5793,-1.8509,2.9726
708,27.393245762988855,0.0178,2.4781,4.1397,15.79,265.688,1.5797612787265638,-8.3127,4.9853
709,27.2848,0.0336,2.2147,4.6703,15.84,264.328,1.565216947351685,-1.0773,4.9143
710,28.2487,0.0338,0.9875,8.9009,15.97,262.21748213246246,1.5638382174773848,-0.0964,3.9754
711,17.7128,0.0198,1.3999,4.936,15.72,270.276,2.5196,5.9282,4.6598
712,21.7888,0.0283,1.5744,6.4813,15.89,267.414,1.5736328866963647,2.8618,4.2763
713,24.5276,0.0158,0.6881,2.8254,15.73,254.134,1.5898948247311855,-0.1191,4.2939
714,26.3457,0.0179,2.7782,6.8555,15.84,266.62,1.6217637960572653,18.7173,2.8458
715,30.6968,0.017,2.3916,3.7746,15.57,271.912,1.5870121100142864,-5.0355,3.439
716,26.6224,0.0267,1.575,5.4846,15.65,260.844,1.6053419183081077,-0.7891,4.3182
717,17.8138,0.0208,1.6292,3.2291,15.7,264.272,1.801,6.2755,4.9857
718,40.4031,0.0187,1.9158,5.4725,15.5008720199388,264.272,1.8726,-10.4455,3.452
719,21.5935,0.014,2.6544,6.5942,15.79,262.4251467462948,1.6040192365224228,11.049323899407781,5.4046
720,29.5367,0.0215,3.4641,5.8142,15.93,261.3232307696846,1.5858041738063045,-1.7264,2.3394
721,20.2216,0.02250142754345344,1.233,2.8136,15.93,256.126,1.874,3.2882,3.4257
722,24.3127,0.0318,0.8662,6.5727,15.76,251.496,1.5933251647438658,0.0945,5.8036
723,27.2606,0.0138,2.5296,4.5404,15.71,272.354,1.488,-1.0455,4.591
724,24.8064,0.023,0.5662,4.58,15.7,251.8,1.4991,-0.1464,2.974
725,21.7197,0.0218,2.0337,5.5285,15.91,260.956,1.2839,5.6618,4.8919
726,17.8882,0.0237,0.9581,5.5816,15.58,249.892,1.3668,4.0736,4.6155
727,30.5699,0.0163,1.2317,3.3196,15.79,264.272,1.5889985025447753,-3.1227,4.8001
728,19.8754,0.026,2.2145,5.0146,15.9,267.996,1.6083478524987629,5.6309,4.7104
729,29.5773,0.0191,1.2707,3.4336,15.83,263.976,1.640783682973492,18.8309,3.0948
730,29.6268,0.0297,1.7307,4.1499,15.8,262.978,1.6516413822108724,16.6036,2.7229
731,40.0125,0.0347,2.7848,10.099,15.83,262.592,1.629496655557552,8.4236,5.8428
732,39.7935,0.0421,1.6686,5.6653,15.8,263.3,1.6345987303604255,9.6745,4.6127
733,31.0771,0.0276,1.3113,5.2597,16.02,261.9156717216186,1.5667266430704068,-1.8791,4.4072
734,14.1161,0.0441,1.6247,4.275,15.71,261.368,1.5689624304009384,6.25,4.832
735,31.3539,0.0232,2.1131,5.0493,15.83,263.256,1.6409381448495766,17.6373,2.6748
736,22.9765,0.0395,2.8483,6.2091,15.9,264.272,1.575163277409254,1.9145,4.6609
737,28.1353,0.0217,0.5608,4.3632,15.69,262.8219621381496,1.5838698775063675,-3.0055,4.0438
738,25.8855,0.0239,0.8348,4.7047,15.87,249.046,1.5825106752094702,-0.5464,4.8649
739,30.6359,0.0318,1.7086,5.1201,15.84,269.558,1.0944,-2.8055,4.1311
740,22.698,0.0197,0.9273,6.0599,15.87,262.3148694143575,1.5936892336843567,2.6373,4.3296
741,16.9701,0.0228,0.7452,2.0751,15.89,264.272,1.7846,6.5645,4.6512
742,39.6517,0.0174,1.8601,5.6813,15.78,259.52,1.5746947900087518,-9.2836,4.017
743,21.0896,0.0297,2.8715,3.0996,15.83,267.984,1.589618254759965,5.9136,4.3688
744,22.1809,0.0408,3.325,6.2869,15.92,264.272,1.588896288319198,4.3055,4.9344
745,18.7066,0.0228,1.6111,2.0008,15.73,269.176,2.1107,3.9527,4.9708
746,23.9037,0.0192,1.3919,4.9375,15.87,271.176,1.4704,0.0955,2.795
747,28.3055,0.0286,1.7239,4.6557,16.07,264.272,1.5645,-1.4227,4.755
748,33.6765,0.0242,2.2587,8.1944,15.98,264.272,1.7364,-5.4145,4.0381
749,25.1014,0.025,0.6708,4.6325,15.75,251.438,1.7273,1.4418,4.3918
750,24.218,0.0439,2.2008,9.1663,16.07,273.614,1.072,-0.3136,2.9114
751,27.2003,0.0254,1.4463,4.282,15.73,264.272,1.5892263203414843,0.1809,4.9332
752,26.0981,0.0217,2.0481,9.243,15.75,266.794,1.5747960636643616,1.91,3.5193
753,23.8576,0.0161,1.1262,4.3881,15.75,264.272,1.9592,2.6036,4.5929
754,31.6736,0.0168,0.7081,4.6832,15.73,264.272,2.6875,-2.9791,2.4206
755,27.1504,0.0119,0.743,7.3182,15.88,247.11,1.6034574268382935,-1.42,5.2736
756,27.8596,0.0179,0.995,4.7687,15.77,264.272,2.2049,-0.5127,4.3956
757,24.7969,0.0275,1.706,6.0401,15.81,264.272,2.5084,2.44,2.5994
758,30.1789,0.0279,0.8507,3.5169,15.47,254.448,2.5378,-2.8555,3.9506
759,29.1744,0.025,0.701,6.2289,15.75,264.272,1.7398,-2.5382,3.1421
760,24.4,0.0168,1.1604,5.7143,15.71,264.272,1.0942,1.47,2.8781
761,24.6599,0.0282,1.5163,5.493532892396897,15.89,262.41983445509817,1.5532350840287998,0.1691,4.246
762,16.2643,0.016,1.476,9.2718,15.76,265.14,1.5932618869940411,13.463395292086233,3.0665
763,27.6834,0.0257,2.4882,8.9202,15.85,253.04,1.634932268634178,18.4,2.7349
764,35.4672,0.0238,1.5231,6.0378,15.71,266.948,1.5569086787407511,-5.9336,3.9033
765,31.7389,0.0181,1.4566,5.2422,15.75,266.248,1.0748,-5.9273,4.5053
766,23.9783,0.019660686610257383,0.9351,2.6068,15.87,264.272,1.0959,0.0627,4.3962
767,29.572,0.015,1.5274,2.2386,15.7,264.272,1.8746,-2.6655,4.2762
768,28.5052,0.019,1.352,4.9073,15.58,262.7470665126274,1.5761108777355337,-1.0409,4.4844
769,32.4414,0.0347,2.3120948887276906,5.6449,15.75,267.316,1.5822590211448504,-5.3355,3.2324
770,26.565,0.0163,0.8954,10.2046,15.95,252.824,1.5717070872865135,-1.9682,3.7945
771,21.8375,0.03348911491946335,1.0062,8.0391,15.76,262.5866208814069,1.594020182977549,12.653390496331426,2.8733
772,21.9494,0.0252,1.2274,6.132,15.73,264.272,2.121,3.2273,3.5201
773,27.8925,0.0235,2.6774,4.672,15.67,264.466,1.589411509433802,0.3491,4.8506
774,31.9128,0.0315,2.9693,4.4621,15.88,265.688,1.5695319476947316,-3.6564,3.2872
775,29.9815,0.03887780959781831,0.6396,2.2849,15.73,246.422,1.6258762054960556,18.3209,2.4841
776,22.6667,0.0199,1.8783,5.5797,15.9,272.5,1.5739249221462772,2.6218,4.5068
777,22.1827,0.0187,2.2025,7.8622,15.89,262.5558683379612,1.5814987024434628,2.5027,4.6939
778,22.0115,0.026,1.9453,4.2518,15.66,264.272,1.1079,1.8318,2.8118
779,39.091,0.0242,0.9243,3.3268,15.83,245.686,1.5671028751586693,-11.4709,2.6489
780,24.5151,0.0185,1.3286,3.6118,15.7,269.896,1.5762544209201172,1.0145,3.6812
781,20.9109,0.024,1.4149,6.2216,15.8,262.57858965696687,1.5939342619627512,2.5718,4.9226
782,28.1237,0.0157,1.3297,5.446850042215685,15.65,248.144,1.5877563214792152,0.2527,4.0635
783,27.1912,0.0171,0.4834,4.6772,15.61,263.106,1.5690480840312913,-3.1518,4.2755
784,28.7462,0.0212,0.9393,4.2324,15.75,264.272,1.6246,-1.8736,5.2448
785,23.3521,0.0266,1.6989,5.4022,15.62,273.128,1.7725,1.5882,5.3666
786,33.7563,0.0267,1.988,6.2009,15.77,261.3184270998997,1.577185247610096,-7.5073,4.31
787,24.4754,0.0155,0.9692,6.6471,15.97,250.886,1.560051862942753,2.4718,5.4239
788,16.6703,0.0162,2.2397,6.0001,15.79,264.13,1.5848038655851184,9.997160709447925,4.0456
789,37.2145,0.029869028651034163,2.4863,5.8357,16.01,261.806,1.6341580778923503,13.1136,3.1362
790,23.9934,0.0426,2.2325,5.2072,15.84,262.23283368374297,1.6465799420594607,22.7636,5.7603
791,21.9064,0.0242,2.366,6.4118,15.78,263.072,1.5873659077806348,5.9491,3.8762
792,29.6873,0.0209,1.0956,4.5493,15.77,264.376,0.9168,-1.65,4.4651
793,33.4282,0.0215,1.5479,5.7503,15.65,265.304,1.5973484121618098,-6.6618,4.1767
794,25.0247,0.0265,2.8744,6.2662,15.87,263.484,1.5865448008219136,-0.3327,4.5857
795,28.709,0.0257,1.3428,7.8399,15.72,264.272,1.5781640975441926,-2.67,4.635
796,33.016,0.0172,1.7615,6.4959,15.77,280.656,1.2614,-4.5718,3.5252
797,19.7445,0.0132,1.3763,3.0357,15.91,259.738,1.5778629725804678,4.9082,4.709
798,19.4166,0.0222,1.2677,7.0153,15.71,245.676,2.3876,5.4209,4.5396
799,25.9831,0.0281,2.0185,4.3655,15.78,261.706,1.60672955085126,1.5218,4.9374
800,36.9278,0.0375,3.4227,9.6042,15.83,265.1,1.6279755036276577,9.2082,5.7232
801,25.5696,0.0206,1.6513,3.6022,16.09,272.014,1.7612,1.1655,4.2295
802,24.4002,0.0188,2.1074,3.7156,15.68,264.272,2.3565,-2.8727,3.7648
803,22.2081,0.0262,2.4925,3.8241,15.8,264.952,1.5751987455317344,4.5918,3.6533
804,25.9046,0.019,0.8445,3.3124,16.01,255.872,1.1712,0.2236,4.7011
805,25.1884,0.018,1.1587,8.4926,15.62,253.366,1.5963085168077615,-0.2718,3.3312
806,33.0295,0.0193,0.6414,3.8774,15.76,255.022,2.1369,-5.9682,3.3894
807,32.9674,0.02,1.9149,4.5022,15.8,274.838,1.3905,-6.0636,4.4445
808,16.218,0.033050406984222264,2.7636,6.3688,15.66,260.506,1.5646157276377717,9.273401617102763,4.1779570289496775
809,23.5939,0.02063295179471475,1.9269,5.7415,15.67,264.272,1.9546,2.9545,4.1451
810,29.4088,0.0247,2.0837,5.7046,15.7,266.93,1.5986,-2.9182,4.4359
811,23.7232,0.022,1.7884,3.8384,15.88,261.9419741996608,1.5726043460175514,2.75,5.0783
812,24.1852,0.0141,0.5385,3.6395,15.89,262.3727506876374,1.5556844388029065,0.7227,4.4893
813,34.6714,0.0295,1.9641,8.846,15.8,261.2528189964656,1.5712681528610368,-8.64,4.4429
814,30.5174,0.021,0.8215,7.2454,15.69,264.272,1.8526,-3.0909,4.3968
815,30.4154,0.0397,2.047,3.614,15.71,264.334,1.6434967574719292,15.9527,3.1257
816,31.5354,0.0175,2.3814,7.8561,15.87,261.92180329542515,1.630507661579757,14.9018,2.7765
817,20.3804,0.0209,0.6788,5.1336,15.7,258.188,2.3029,2.8727,5.2656
818,24.0994,0.0191,0.6308,4.7727,15.77,248.496,1.5859578557670024,3.1191,4.5469
819,27.041,0.0137,1.6873,6.3446,15.69,262.4030215002655,1.5719585484607603,-1.1255,5.1196
820,28.1049,0.0179,1.2182,5.8586,15.77,264.272,1.9105,-2.9727,3.6465
821,23.4616,0.0203,0.9596,5.0108,15.73,247.216,0.8887,2.2727,3.6021
822,20.2052,0.0235,2.2267,5.433292980090032,15.96,261.338,1.602169567051939,14.476200406998188,3.9393
823,30.4948,0.0269,1.6442,7.5303,15.7,266.932,1.2419,-0.0045,3.8905
824,34.3528,0.023,0.9893,5.0284,15.85,262.9920665416256,1.6517542518452215,14.7345,4.6809
825,28.6955,0.0137,1.7207,7.0096,15.83,262.2,1.6416925345611264,19.8,4.2
826,22.4489,0.0268,2.3943,6.5183,15.84,266.526,1.5834777172147882,3.97,2.7695
827,27.6111,0.0242,0.8859,2.8381,15.78,264.272,1.1204,-0.5045,5.2561
828,23.8805,0.044,3.168,5.481751672978286,15.85,262.18597799933514,1.577583746406387,3.3055,4.5347
829,29.9623,0.0168,2.2863,5.5751,15.76,262.34743354174384,1.5918900936742848,0.4382,4.4012
830,29.4042,0.0149,1.008,3.7989,15.96,256.85,1.8153,-2.0309,3.5623
831,24.0135,0.021,0.5575,4.1514,15.78,254.844,1.9801,0.5364,4.4751
832,20.6354,0.0242,1.8981,5.44,15.86,272.998,1.5976235292863756,4.7282,3.7643
833,30.6311,0.0157,1.8483,5.5748,15.78,264.272,0.8747,0.2355,4.2106
834,29.0827,0.0175,2.2151,2.7865,16.07,264.272,1.4491,-1.9727,4.5139
835,22.4415,0.0164,1.8511,4.3328,15.75,264.272,1.5594655718893442,2.9964,3.7717
836,25.9834,0.0251,0.6791,5.0724,15.77,253.024,1.5468,-0.3773,3.3292
837,19.4876,0.0426,1.8744,7.1654,15.76,262.2085179147936,1.5680284070626986,4.414818793587784,4.1732108792565255
838,25.2876,0.0437,1.7421,5.2546,15.52,264.272,1.5939917036382532,0.4782,5.2205
839,25.0576,0.0222,2.2692,6.0507,15.73,263.4948101855086,1.5732946562329322,2.5964,5.0202
840,24.6272,0.0275,3.3167,5.4321,15.87,265.4,1.593891015618286,1.4218,4.8473
841,19.3468,0.0257,2.9543,2.7193,15.88,268.266,1.567620948034464,1.4036,3.9735
842,30.683354281021423,0.023,1.0063,5.440463887109194,15.99,246.288,1.5475047080095008,-1.2672075731351242,4.160430276008559
843,20.9566,0.0253,2.4219,3.9746,15.85,266.674,1.5693302541414527,4.7864,4.6824
844,29.0043,0.03,1.2726,3.4658,15.7,269.964,1.7222,-1.8827,4.5116
845,40.4755,0.0411,2.4446,4.8133,15.73,259.262,1.6329123644855041,9.8418,4.4896
846,28.1907,0.0221,2.6102,3.6188,15.9,262.4940472843789,1.6312822070773267,18.63,4.609
847,34.2167,0.0168,1.7425,4.6056,15.96,269.226,1.580773737647824,-6.6464,4.4941
848,18.3685,0.0166,1.4577,8.5143,15.88,254.006,1.6069173146208975,11.460337544217722,4.7779
849,26.1779,0.015,1.1976,3.8989,15.7,264.272,1.7982,-1.9827,3.9253
850,16.9553,0.0122,1.937,2.9198,15.73,264.272,1.5811785134985024,4.8127,4.9365
851,29.827,0.0172,2.4327,5.667425764591731,15.95,261.7179169786947,1.5633359012768873,-1.3227,3.8886
852,23.4114,0.0374,1.3955,6.3172,15.77,275.79,1.578329380122638,1.4355,3.934
853,25.0919,0.0128,1.0931,5.1901,15.98,261.9866897220614,1.591523120002279,0.1155,4.5412
854,27.2235,0.0203,0.6889,3.5047,15.75,257.408,1.6822,-0.0509,4.4215
855,24.9871,0.0171,1.0785,3.255,15.89,247.658,1.581205530689802,1.89,5.1572
856,23.6578,0.0285,0.5373,6.2357,16.09,264.272,0.8882,2.6991,5.5346
857,31.52,0.03,1.003,4.0987,15.78,252.756,1.3405,-2.9355,2.4927
858,24.5446,0.014,3.3828,6.2217,15.74,262.3636959745058,2.2835,1.5273,2.9878
859,24.4248,0.0224,1.3856,4.471,15.9,263.406,1.5523031695832912,1.5527,2.7013
860,36.5743,0.0233,0.8376,6.9142,15.88,250.694,1.57200283584364,-8.6982,4.6995
861,26.0093,0.0201,2.2504,5.4108,15.97,270.398,1.5829389592275391,0.1491,4.6416
862,26.7765,0.0232,1.5576,6.5694,15.61,264.272,1.5678798120868904,-1.89,3.9554
863,26.1124,0.0144,0.8125,7.4639,15.82,264.272,1.5899470117197827,1.0518,3.8656
864,39.096152942792344,0.03285578944906767,2.0681,3.686,15.8,258.524,1.6396296757115827,-1.5664,3.9728
865,24.5136,0.0239,1.2405,4.0085,15.9,252.686,1.5800796410211337,2.2518,3.8555
866,22.7626,0.0217,2.4361,9.1554,15.66,264.272,1.5716027809157425,3.9027,3.4674
867,23.5333,0.0277,0.7218,7.1516,15.72,248.652,2.3771,5.6382,2.6151
868,20.4622,0.0185,0.7659,3.1537,15.75,264.272,1.989,4.8791,2.9932
869,19.5942,0.0162,0.7117,4.7966,15.89,248.304,1.5993157573648862,4.4409,4.2389
870,27.5514,0.0138,0.9161,5.1201,15.71,254.818,1.7986,-2.2409,4.4365
871,23.7545,0.0284,0.9116,4.7955,15.97,261.84425921824237,1.5841576863814524,1.4464,4.1345
872,31.3745,0.0281,2.2375,4.1054,15.61,264.272,0.8202,-3.4191,4.8914
873,29.1587,0.023,2.5263,4.2557,15.88,271.98,1.5940483801064826,-2.3391,4.5301
874,29.9794,0.01749021459903738,1.2142,5.0766,15.67,254.424,2.0773,-2.4436,3.8696
875,16.5512,0.0244,1.9656,4.1834,15.99,262.3422955154039,1.5730114770529489,9.2827,4.7796
876,26.3681,0.0169,0.6788,4.879,15.73,248.712,1.5915457926968823,1.0673,3.8469
877,20.3988,0.0176,3.0222,6.1088,15.85,262.0388244306195,1.6445904520370696,22.4382,5.2975
878,23.4987,0.0226,2.5347,5.1379,15.73,264.272,1.9041,1.3009,3.6443
879,28.057,0.0257,2.4707,7.5804,15.97,263.16875103627336,1.5525569856446866,0.23,3.9242
880,20.636,0.022,0.9575,3.9686,15.78,264.272,1.567,3.3882,4.924
881,26.5653,0.0213,2.495,5.1598,15.75,264.272,1.6938,-0.5336,4.2374
882,36.222,0.0209,1.424,4.0743,15.79,264.272,1.5332,-7.6655,4.9303
883,23.9156,0.0188,0.8891,3.9365,16.08,253.614,1.8202,0.67,4.0182
884,31.4614,0.0145,3.1476,8.6597,15.82,264.296,1.6192112106872099,15.6791,4.5091
885,26.6104,0.0243,1.5273,6.8579,15.78,268.968,1.5598554289065634,0.4855,3.0366
886,20.8865,0.0271,2.5603,3.7579,15.78,272.62,1.5793854620949368,0.3209,4.232
887,32.0705,0.0433,0.6586,4.4298,15.93,260.862,1.6445454777840955,17.5473,3.2869
888,30.1427,0.0428,0.5325,5.1087,15.93,260.078,1.6397809196501494,15.1509,3.0185
889,22.8296,0.0431,2.5,3.5958,15.84,267.21,1.5778767688951711,2.8355,4.5425
890,27.9956,0.0205,2.0931,5.7818,15.69,264.272,2.0078,-3.3455,4.8855
891,17.7568,0.0208,1.8393,7.5726,15.8,265.82,1.5837691790227957,17.529908745348436,2.6663
892,32.9711,0.0175,2.101,3.4336,15.79,268.664,1.5908978424722426,-3.1382,3.7391
893,24.6959,0.0267,2.791,4.4746,15.86,264.272,2.7082,1.7036,4.1953
894,22.6227,0.0433,1.7573,6.9238,15.93,263.2146291793092,1.5993828938282546,11.744320202436697,3.4337
895,26.1586,0.03231036906318094,2.483,5.6521,15.73,262.4321116621562,1.598409891004852,0.8018,5.5828
896,24.7587,0.0193,1.9367,6.9587,15.63,259.954,1.5807624935142464,-0.2418,4.1553
897,21.4764,0.0329,0.9436,4.5757,15.96,253.376,1.5790517672888984,5.5782,4.2776
898,20.4859,0.0162,2.6657,9.7437,15.63,263.928,1.5834873247646737,3.8164,4.6465
899,28.3815,0.0173,1.2336,6.2188,15.77,250.764,1.2604,-3.4964,3.7206
900,23.4619,0.020733158657243483,2.486,2.4138,15.72,264.272,1.6815,3.4827,3.4126
901,40.3963,0.0259,0.9374,7.0926,15.92,261.28799243638997,1.5848424320336731,-11.9682,3.0428
902,32.1743,0.0168,2.0215,3.2322,15.96,264.272,1.5844528205972466,-7.1518,4.4834
903,29.8097,0.0224,3.3551,6.1033,15.87,268.87,1.572547405801039,-2.9973,5.5951
904,33.4962,0.0232,2.9437,5.9828,15.97,261.61139340100567,1.6621764812817084,15.3073,4.3087
905,25.7896,0.0307,2.355,11.0059,15.8,262.27450469654076,1.5665932838719134,-0.0555,4.4929
906,27.717,0.0167,1.0289,3.7718,15.7,257.296,0.9309,-2.6364,4.3435
907,21.9517,0.0182,1.6671,5.1741,15.77,261.094,1.5780016064213542,1.0309,4.6025
908,36.5543,0.03318433681135333,1.2128,4.9417,15.73,264.056,1.6400951926143743,13.8118,3.5888
909,25.252,0.0233,1.8983,2.8374,15.93,267.298,1.577145516341722,2.4673,4.8076
910,17.925,0.0186,0.7065,8.6184,15.78,264.272,1.585742712056291,6.2636,2.3264
911,33.2787,0.024,1.834,5.1833,15.82,268.8,2.2297,-5.9573,4.0294
912,21.1546,0.012,2.1589,4.3641,15.83,261.94685681416,1.5830296454449475,7.8540189508850915,4.9881
913,26.6434,0.0226,1.4853,5.0366,15.72,272.544,1.0406,1.5118,5.5258
914,27.0626,0.0141,0.6053,2.5159,15.73,259.566,1.6103793296249165,0.0327,3.909
915,29.7881,0.028,1.0695,4.6539,15.78,264.272,1.6323,-2.5027,4.2845
916,25.8665,0.032,1.6919,4.4464,15.97,263.43,1.5743898321834782,2.0336,2.7404
917,20.0429,0.0248,0.9823,6.2816,15.63,264.272,1.6335478602799487,5.4964,2.7959
918,32.237,0.0135,3.0421,6.9014,15.82,261.75879287360465,1.6384252513017485,10.3745,5.4886
919,21.3459,0.0418,2.2328,8.6352,15.7,258.464,1.5827998515023138,14.456500952568248,2.7917
920,27.7028,0.02541226087124518,0.8949,5.9309,15.73,264.272,1.5625713462934483,-2.7936,4.3546
921,29.1572,0.0257,1.49,6.0422,15.76,264.272,2.0574,-1.5991,5.3306
922,19.4363,0.0254,1.3574,6.2911,15.56,264.272,1.9872,4.7545,2.2669
923,30.0404,0.0235,3.075,7.4516,15.9,265.54,1.5610686222999617,-0.84,3.8038
924,18.5633,0.0232,2.7607,5.6325,15.91,261.892,1.594367914001305,9.77756747988127,5.1911
925,25.2665,0.0113,1.4611,4.3662,15.64,266.384,1.6460322832342167,20.6,4.1641
926,36.6103,0.0165,2.7487,5.2191,15.9,262.26534613601007,1.6463493559291857,12.0945,4.9165
927,33.0104,0.0255,0.8082,5.8746,15.75,259.672,0.9062,-4.9627,2.6701
928,21.1961,0.0368,2.4362,6.8368,15.95,266.786,1.577908477511409,3.4827,4.7486
929,16.5255,0.0224,0.6901,3.7146,15.92,250.176,1.8796,7.0273,4.8137
930,27.456,0.0176,0.6429,5.2289,16.01,251.012,1.5887139232768055,-2.0555,3.8782
931,26.3724,0.0255,0.6182,3.975,15.56,264.272,1.562694329507293,-1.1627,4.259
932,23.0469,0.0247,2.3047,6.8985,15.72,264.272,1.5918825370004133,2.1645,4.0159
933,31.3079,0.0225,2.0192,2.5985,16.07,264.272,1.6765,-5.8855,5.008
934,23.1487,0.0196,1.662,6.3005,15.95,270.6,1.5905700549485193,2.5055,2.7887
935,21.4005,0.0142,0.8266,3.11,15.73,247.47,1.9611,3.1645,5.3387
936,23.9262,0.0179,2.7947,6.7658,15.89,264.272,1.5693926988779594,0.7064,5.3412
937,25.1262,0.0176,2.5423,9.6091,15.78,269.118,1.590121505107703,0.1618,5.0544
938,28.6008,0.0234,1.3597,10.9187,15.84,269.728,1.574,-1.2164,4.7246
939,23.7265,0.0446,1.3728,6.2608,15.74,264.272,1.5435,1.1891,2.923
940,21.0153,0.0201,0.7328,5.2947,15.92,245.836,1.584666692824622,3.4482,3.4069
941,24.4144,0.0243,0.7829,4.8154,15.73,264.272,1.5858,2.0909,3.5179
942,21.5763,0.0146,2.9313,7.7394,15.8,264.654,1.56582966156318,9.074511560148153,4.5863
943,24.2157,0.028,1.1041,3.596,15.72,263.058,1.5915900430366527,-0.3236,3.5251
944,30.3514,0.0259,1.5816,6.4179,15.91,261.95618752190063,1.5797703339594078,-1.5118,5.1823
945,20.6329,0.0319,3.1409,5.8803,15.8,266.412,1.6012501089637745,10.089669125327845,4.1215
946,34.0617,0.0162,0.9611,6.1127,15.74,263.91136204559217,1.5970384874935004,-2.6355,5.1055
947,29.6803,0.0195,0.6942,4.0911,15.57,254.952,1.102,-1.9291,2.3604
948,23.5176,0.0201,3.102,7.4533,15.87,262.6319980249068,1.577090955424745,1.3255,2.5584
949,21.7279,0.0226,1.6897,5.1569,16.01,279.696,1.9509,1.7909,4.2856
950,23.9437,0.0295,1.3926,4.4853,15.78,249.176,1.5717001379151454,3.0791,3.3512
951,31.5295,0.0237,0.5373,3.5226,15.93,255.882,1.4253,-5.76,5.1907
952,22.4441,0.0186,2.7155,5.9706,15.54,264.272,1.5661799495340973,4.6209,4.5672
953,21.2791,0.0189,1.8942,3.3876,15.83,264.724,1.5760644136541615,3.8509,4.1639
954,32.7516,0.0139,0.9619,6.0071,15.95,261.18997098261235,1.5771833458987783,-6.6055,4.2461
955,29.9044,0.0308,1.7139,6.2351,15.91,264.272,1.5876807326539943,-4.8609,3.9717
956,30.7746,0.0132,1.2307,2.7452,15.7,264.344,2.3834,-3.2155,3.3885
957,29.1767,0.0433,1.7975,6.8634,15.7,272.33,1.4529,-1.67,4.594
958,20.7358,0.0318,2.226,8.4806,15.91,262.08191294463796,1.6113658702526383,10.66226242641369,5.3917
959,38.0327,0.0286,2.7403,5.309,15.87,262.988,1.6410940750582967,12.0627,3.9541
960,21.5151,0.0273613522190454,0.8916,4.4095,15.67,264.272,1.5777563466973588,3.1418,4.7445
961,14.5322,0.0195,1.5748,8.7428,15.84,264.272,1.5656129496574067,8.8173,5.5168
962,21.2935,0.0196,1.7551,5.0629,15.67,264.272,1.5714803588826303,5.5318,3.6596
963,28.2871,0.0209,1.4288,3.5747,15.74,264.272,1.5656777916485398,-1.4564,4.8318
964,26.0554,0.0256,1.3322,3.9458,15.86,252.918,1.5757999081098992,-0.7782,4.87
965,22.3321,0.0342,0.6912,4.2411,15.84,251.564,1.5790752784519668,0.4591,4.803
966,23.7805,0.0273,0.984,5.9964,15.86,264.272,1.0228,1.8109,4.1044
967,35.0053,0.027,0.8355,5.1659,16.02,264.272,1.2496,-6.3845,4.6606
968,34.0436,0.026,3.4668,8.3351,15.88,261.884,1.6233875563318132,13.5955,3.9445
969,21.6323,0.022982772251211064,1.8824,3.6709,15.7854479405255,261.9084706013611,2.5526,4.6227,4.1826
970,18.1451,0.0118,1.6372,3.0303,15.92,264.272,1.5832116869837856,7.9373,4.8038
971,27.4383,0.0154,1.0078,4.6431,15.98,256.006,0.9989,-0.6818,3.1567
972,19.1247,0.0188,2.1117,5.5992,15.77,276.338,1.5895,4.4209,2.513
973,23.5831,0.0208,0.6259,5.8149,15.7,255.008,1.5716218220501128,1.4609,4.2566
974,18.5996,0.0212,0.7922,3.9105,15.71,251.718,1.5982584461704987,6.0773,4.5446
975,15.6295,0.0164,2.4383,9.7235,15.85,265.6,1.5474569319316267,7.7727,5.0771
976,23.4736,0.0407,1.9689,6.4746,15.59,268.228,1.5611635522412544,8.359660719866184,3.4234
977,21.1934,0.027,0.7995,7.5153,15.75,264.272,1.600655639528141,3.7555,2.624
978,23.4847,0.0397,1.9549,3.61,15.74,259.02,1.5966644348912518,8.712037093645478,4.6628
979,38.1045,0.0289,3.0166,8.1842,15.72,262.684,1.6600364795964404,10.0236,4.6501
980,34.0855,0.0225,2.0135,4.2575,15.82,263.682,1.5770092516058036,-5.5327,2.9483
981,45.767331993716375,0.0235,1.2951,4.1328,15.77,266.062,1.5935896146030388,3.1427,3.9162
982,35.1195,0.0392,2.2551,6.2134,15.85,264.272,1.5512289099393037,-8.3955,4.5903
983,29.3734,0.0273,0.8033,4.3131,15.64,249.998,0.8245,-1.3127,3.0713
984,26.3291,0.0158,2.1405,5.4363,15.65,259.97,1.5840571799349359,-1.5764,3.2754
985,33.3483,0.0264,1.4465,6.2544,15.56,264.272,1.577782097893638,-2.6591,2.7328
986,31.0334,0.0222,1.7027,2.406,15.56,265.456,1.186,-2.8845,5.2167
987,20.8271,0.0217,2.7461,4.9295,15.83,262.0464757685367,1.5655662977501485,7.673341682891845,4.4252
988,35.8454,0.0187,0.9103,6.0601,15.69,261.7356977313683,1.5892092696444247,-6.0545,4.2935
989,19.162,0.0285,2.975,7.7496,15.84,266.284,1.5823566785753107,12.740720143344916,4.2642
990,31.4433,0.0188,1.3093,6.1402,15.81,264.272,1.5991286985611408,-4.6109,4.4208
991,23.4628,0.0223,0.7557,2.5177,15.77,264.272,1.8819,0.1982,4.2529
992,38.5498,0.0251,2.2585,10.8564,15.83,264.158,1.562728491781042,-12.0473,5.4141
993,34.5138,0.0106,2.2475,4.0269,15.68,264.488,1.5869881626260887,-6.4836,2.0544
994,33.4591,0.03,3.0453,5.7121,15.73,268.462,1.5971573633254434,-5.6018,6.4232
995,23.7345,0.0191,0.5999,5.4204,15.73,254.864,1.5780208370263458,-0.0236,4.1123
996,24.46095672443071,0.0234,2.5907,5.421654945257243,15.79,261.81,1.5728440079181734,4.205841901758205,4.145388502173858
997,34.9236,0.0161,0.7016,9.3679,16.01,261.56007708873386,1.5783588431541153,-6.0445,4.1834
998,27.9032,0.0365,2.4515,3.9525,15.68,264.272,1.594868410363111,-2.1555,4.9354
999,32.3627,0.0222,1.0594,3.6575,15.85,262.306349756437,1.5722500325428932,-3.8982,4.1553
1000,25.3399,0.0413,1.0304,7.7429,15.87,262.58427152909854,1.5351218255923331,2.0009,4.9571
1001,31.317,0.0112,1.8608,7.9419,15.76,277.3,1.367,-2.3109,3.1445
1002,17.8135,0.028712189496831658,2.7761,4.4594,15.88,265.122,1.5830231867607563,8.356589949059,4.0471
1003,24.6239,0.0206,1.1861,7.593,15.63,264.272,1.5755511714923447,2.7582,4.3864
1004,22.0459,0.024,2.0421,3.742,15.76,276.002,1.5716653737459776,3.1727,3.4975
1005,32.4053,0.0234,0.8475,5.5738,15.9,261.55130483928355,1.594579101330248,-1.2427,4.7185
1006,33.8834,0.0198,0.5768,5.4246,15.72,264.272,1.607875270608204,-6.0845,3.7755
1007,31.1484,0.0191,1.2625,11.0497,15.96,250.544,1.5576679333902075,-1.7609,4.7135
1008,25.076,0.0139,2.0924,3.9414,15.91,261.2894905649992,1.5863566104170304,3.3655,5.2941
1009,23.5717,0.021,1.76,5.5495,15.77,264.272,1.2723,0.8527,2.8943
1010,27.5268,0.0256,2.008,9.366,15.95,267.416,1.5652294315529538,1.54,2.9774
1011,29.9713,0.0256,1.7859,2.6974,15.89,264.272,1.7066,-2.7845,4.432
1012,21.199,0.027,0.5602,4.6098,15.87,260.822,1.5834854583185831,4.4036,3.0266
1013,31.4125,0.0173,2.9892,3.6862,15.83,261.6902997439805,1.5754956735948225,-5.3055,2.6003
1014,2.707181706362231,0.0274,2.0389,6.7438,15.83,264.272,1.9784,1.63,2.5156
1015,22.5685,0.0286,0.9802,7.8401,15.95,262.4374509902752,1.567907083476854,3.19,4.6701
1016,27.3648,0.0428,2.2536,4.7979,15.66,266.512,1.6230051783085775,20.5864,2.816
1017,29.3803,0.0331,0.947,4.9308,15.8,261.3958389052943,1.5748487578420713,-1.1582,3.8143
1018,24.9604,0.0218,1.3254,3.4077,15.89,264.272,1.5815437151545637,-0.95,5.0021
1019,27.0072,0.0179,1.0705,4.7955,15.71,264.272,0.8541,-1.86,3.0046
1020,17.8522,0.0329,2.6333,4.4058,15.92,267.386,1.5725897153916135,8.604454471039787,4.05
1021,31.0876,0.0351,1.1209,5.7353,15.74,258.072,1.5006,-3.2436,3.241
1022,25.6798,0.0232,1.7127,2.3731,15.7,266.896,1.5724830207458054,0.59,2.8393
1023,28.9358,0.0135,0.8965,2.9962,15.69,264.272,1.5961910019037657,-3.6155,3.5373
1024,26.7568,0.0155,0.9678,3.8038,15.7,254.69,0.8577,-1.6045,5.1768
1025,23.0596,0.0285,1.1936,1.6872,15.81,260.822,1.6951,3.0945,4.7389
1026,25.0179,0.0176,1.978,8.1897,15.9,261.921864940693,1.5815975198583825,0.5755,5.1644
1027,24.9344,0.0212,2.0521,8.2318,15.75,264.272,1.5789093754425683,1.2882,3.2382
1028,31.7791,0.0151,2.132,9.8085,15.89,264.772,1.6290477259599305,16.8445,4.4429
1029,32.1132,0.0207,1.5532,9.2151,15.7,264.272,1.5827767157553134,-1.0545,4.0354
1030,25.7279,0.0195,1.3467,3.0794,15.73,264.272,1.9379,-0.1918,4.6232
1031,23.9811,0.0294,1.5221,4.3681,15.72,264.272,1.1797,2.6227,5.229
1032,18.891,0.0222,0.7521,3.7115,15.92,251.138,1.5885778667299386,2.1973,5.4659
1033,37.1656,0.0173,2.1483,4.1991,15.8,261.33,1.5683226534103512,-9.4964,4.427
1034,31.2285,0.031,1.2085,3.6831,15.73,258.116,1.571053044505394,-5.1255,4.1553
1035,25.518,0.0196,1.802,8.6821,15.99,264.43,1.5946224361243906,0.2573,4.4712
1036,22.3699,0.0158,0.6371,6.8737,15.75,248.502,1.5768181752748058,3.3955,4.2335
1037,21.6739,0.0168,1.3187,3.6244,15.83,262.2886108390954,1.5691087858773365,2.6873,2.8292
1038,38.8044,0.026974899033533006,1.2701,6.6665,15.83,265.002,1.6490702702753337,11.6818,3.8029
1039,24.25,0.0401,1.1293,4.8187,15.97,250.022,1.5646629698489694,2.5336,2.3409
1040,25.0342,0.027,0.9442,9.6886,15.8,246.952,1.629237064086976,22.3736,4.167
1041,22.5295,0.0307,1.619,6.7805,15.66,258.612,1.5804320042511655,2.3855,3.1019
1042,24.1484,0.022,0.8594,4.7485,15.91,261.923297855288,1.5487544419901058,0.9991,4.0598
1043,13.7855,0.0153,1.4773,5.4073,15.91,262.35734913121115,1.5679485659163628,11.4855,4.6543
1044,19.5172,0.0273,0.989,3.1765,15.86,264.272,2.2721,1.2109,4.2866
1045,31.2819,0.0248,1.9521,5.4201,15.96,272.918,1.579983284392105,-0.5455,4.6632
1046,24.5728,0.0262,0.7693,4.2038,15.95,253.188,1.5755031203416472,2.74,2.645
1047,23.8531,0.0273,1.194,3.1175,15.82,262.1162106291226,1.5796100259508623,-0.2173,4.4852
1048,24.3304,0.0231,2.8691,4.7399,15.54,264.272,1.587140187682375,0.7355,4.9445
1049,31.3699,0.0124,2.3769,2.9356,15.67,264.272,1.4779,-2.8245,3.2895
1050,28.7252,0.0326,1.7963,3.3667,15.61,267.722,1.2947,-3.7073,4.5508
1051,32.5683,0.0156,0.7671,4.42,15.73,248.552,2.7858,-5.1645,3.7379
1052,25.2206,0.0236,0.6072,5.484483005215079,15.88,264.272,1.5755484214465358,-0.2618,5.3207
1053,28.8298,0.0387,1.1789,4.7977,15.72,254.532,2.4665,-2.3127,3.2338
1054,29.5218,0.0215,0.7514,6.1495,15.61,255.436,1.5925054205188165,-1.99,4.4602
1055,26.9312,0.0225,1.7229,5.3996,15.95,264.622,1.565982117508243,-0.2173,4.8275
1056,30.5276,0.0233,1.0917,6.9496,15.77,261.868,2.6563,-3.9073,4.3574
1057,23.7857,0.0124,1.969,3.9852,15.77,264.82,1.5729481134744938,2.0609,4.615
1058,27.0214,0.0238,1.7245,9.1321,15.98,265.082,1.556676457312776,-1.9573,3.2973
1059,27.4474,0.0134,1.827,6.5423,15.74,263.045078247671,1.6353796379685588,17.6864,4.4202
1060,25.5062,0.0289,2.016,5.1912,15.73,258.384,1.5752508777495493,2.1145,4.9528
1061,21.7509,0.015,0.8682,6.4886,15.84,264.272,2.6839,5.17,2.5041
1062,18.6261,0.0188,2.1364,2.6817,15.83,264.492,1.5890241510601535,15.180392042980259,3.2164
1063,24.2367,0.0188,1.2488,6.454,15.85,264.272,1.5786751165205948,0.9827,4.6786
1064,26.2118,0.0267,0.7825,8.4018,15.71,264.272,1.6931,2.3182,3.7455
1065,27.0205,0.0223,3.1607,8.0814,15.85,268.616,1.6311817015183478,20.0236,4.2383
1066,16.8014,0.039,2.7194,8.1183,15.83,255.606,1.5862246898726098,12.903710127626923,3.693
1067,28.0697,0.0212,0.6284,5.4720417735497975,15.66,264.272,1.5982162347588436,0.5609,4.9251
1068,29.4663,0.0238,1.3597,6.4537,15.7,268.062,1.1698,-0.5327,4.573
1069,30.2138,0.024499563756297554,0.7296,5.3634,15.84,251.154,1.5434,-3.9045,3.4787
1070,21.725,0.0315,2.4133,7.8219,15.66,261.888,1.5834600882313064,3.1382,3.7536
1071,21.5957,0.0389,2.8445,4.2267,15.76,262.482,1.5937063451356424,10.937215555605121,3.6689
1072,27.1259,0.0254,1.6039,9.9344,15.96,264.906,1.6030145479472313,-0.4173,5.4572
1073,20.2521,0.03885499695872069,2.4781,5.0971,15.68,266.69,1.5808073929628859,11.476113377367781,4.0965
1074,22.3967,0.0184,1.9754,2.0193,15.71,259.372,0.5902,1.7627,4.5712
1075,25.0267,0.0165,1.5322,2.8002,15.87,264.272,0.7549,1.5555,4.6552
1076,24.0673,0.0157,0.6345,6.284,16.01,264.272,1.5863794029721392,2.5055,3.417
1077,29.2941,0.0151,2.3159,5.9222,15.73,264.272,1.5326,-3.4873,2.7949
1078,35.63631960694362,0.028,1.5726,5.451858177493744,15.71,264.272,1.5255274384063875,-2.7973,4.133442200190451
1079,21.9235,0.0311,2.6405,3.7055,15.66,261.51115932160315,1.5896896087985883,3.8964,2.2368
1080,22.4191,0.016,1.8986,5.2405,15.73,268.002,1.5749466758361526,5.0818,3.8515
1081,23.8671,0.0304,1.492,7.7416,15.99,264.272,1.5658906574077067,-0.0309,3.6849
1082,28.539,0.0203,2.364,2.2394,16.02,266.724,1.5613387903264058,-1.0082,3.9726
1083,28.9468,0.028250584678160884,1.7603,7.4078,15.74,266.692,1.6544871113336226,18.6827,5.1351
1084,20.874,0.0369,1.5173,5.673468674927747,15.74,266.228,1.6048997550941546,12.97708941423518,3.4309
1085,23.5298,0.0319,1.0491,6.1799,15.78,246.794,1.3985418847012463,4.0555,3.2953
1086,24.3568,0.0224,2.5500829924813395,9.3285,15.73,265.778,1.5634362975708476,1.2209,4.7585
1087,24.1247,0.0192,2.1256,7.4219,15.83,265.548,1.5791633602889732,2.7764,4.0212
1088,29.8481,0.0267,0.6191,6.2882,15.99,262.07925119722483,1.5662127386034228,-4.0373,4.3114
1089,28.6167,0.0267,0.9149,3.1153,16.07,250.364,1.5734893098583884,-0.7109,3.4544
1090,29.9163,0.0225,1.0475,3.7689,15.69,264.272,1.5781046862792194,-4.7818,2.8894
1091,31.4849,0.0249,0.8783,4.6652,15.54,248.15,1.399,-3.1227,4.0194
1092,20.1964,0.028,2.619,7.0695,15.98,264.508,1.5820120719545827,7.24,4.3767
1093,28.349,0.0227,3.241,3.5555,15.66,262.25584395087634,0.886,-0.4636,3.9867
1094,32.8848,0.0438,1.984,6.9725,15.93,267.024,1.6313555962753712,13.4891,2.97
1095,36.55145396540439,0.0404,1.6743,8.3284,15.8,260.308,1.6252495434943266,2.5827,3.4375
1096,25.3075,0.0281,2.9172,2.5672,15.85,261.7979887670786,1.5729224022502653,1.2673,5.0284
1097,32.5465,0.0182,1.4505,4.3095,15.58,268.388,0.9411,-4.4882,4.6774
1098,38.574,0.016,1.4941,2.5881,15.61,264.13,1.8202,-10.68,3.9467
1099,42.1115,0.0436,3.6025,3.0731,15.83,262.4106310524517,1.660430362810702,8.6927,2.4998
1100,19.9461,0.015892595150374278,0.9231,4.2996,16.09,256.088,2.1138,3.1336,4.2422
1101,27.729,0.0131,1.037,8.8177,15.99,262.8444891859271,1.5431102932200564,-1.0927,4.7284
1102,24.9395,0.0178,2.1853,4.0288,15.83,262.2442590957578,1.6621361317968895,20.5509,2.8334
1103,28.9236,0.0228,1.891,4.5813,15.84,266.406,1.5968567845711323,-3.09,4.058
1104,27.4813,0.0218,0.997,4.0483,15.68,262.6,1.3442,-2.2364,5.1712
1105,28.4165,0.0165,1.927,5.7,15.71,264.272,1.485,-1.9482,4.6398
1106,19.545,0.0231,1.8703,6.5354,15.78,264.272,0.8648,2.1173,3.4945
1107,27.2417,0.0196,2.2365,5.28,15.98,277.948,1.5838162456785496,-0.3955,4.2851
1108,33.006,0.0228,1.7339,2.9432,15.74,264.272,1.5844339863352448,-4.89,5.3356
1109,25.1431,0.0156,0.9347,6.3655,15.87,259.096,1.5901025087584062,0.1773,2.5428
1110,22.4925,0.0144,1.9248,3.2434,15.71,264.272,1.587982695283159,2.6473,4.5847
1111,26.2175,0.0184,1.7727,2.6536,15.71,266.946,1.5887362053036738,-0.0691,5.5187
1112,22.6844,0.0244,1.6205722024833449,6.4263,15.91,261.9152296845496,1.5688106596603943,2.8182,4.8419
1113,33.171,0.0189976763678065,1.3972,5.7416,15.9,264.272,1.6013438553122827,-4.6227,4.5531
1114,30.4731,0.0153,1.2724,4.1392,15.72,264.272,1.4159,-3.8991,2.9662
1115,26.2905,0.0281,2.6751,5.4487679526848805,15.91,268.766,1.6585202154760803,20.7782,6.4412
1116,28.9557,0.0201,1.4734,5.6919,15.79,263.398,1.583133346465266,-0.3918,4.258
1117,30.6344,0.0222,0.6732,6.6096,15.7,264.272,1.5896164357259919,-3.0882,5.0607
1118,23.9232,0.0252,1.4506,4.2653,15.73,263.606,0.677,2.6827,4.6708
1119,27.9067,0.0269,1.217,5.5896,15.75,264.272,0.9968,-1.0827,5.0555
1120,26.5755,0.0302,2.0605,6.5193,15.75,261.80689686716767,1.5924079704694447,-0.0636,4.8741
1121,35.4979,0.0156,1.225,5.5267,15.71,278.598,1.568974276011936,-9.4318,3.3114
1122,27.8836,0.0191,1.7835,5.5049,15.77,265.16,1.0577,1.1473,4.7347
1123,24.7756,0.0176,1.1547,5.8034,15.65,266.454,1.8923,0.7382,4.5695
1124,20.187,0.0162,1.9589,4.3536,15.88,264.272,1.565048970173775,4.1455,3.8657
1125,32.4481,0.0234,0.4913,7.4066,15.76,248.476,2.219,-2.5191,4.5943
1126,29.8238,0.0179,1.9774,6.2586,15.79,264.272,2.0864,-3.9218,4.8355
1127,27.1064,0.0177,1.8428,4.6356,15.61,270.65,1.5820107429891577,0.9427,2.668
1128,22.3245,0.0158,0.8117,5.942,15.7,255.336,1.1929,1.4409,4.1945
1129,25.4548,0.027,2.1731,5.8228,15.74,265.604,1.5699019459818813,-0.3182,4.5749
1130,35.0597,0.0285,2.8588,3.996,15.96,262.9195349198067,1.6265571959733278,13.7255,4.2759
1131,35.9269,0.0204,3.2941,9.8766,15.83,264.272,1.54967361296128,-10.2673,5.6811
1132,19.0935,0.0345,0.8986,4.5129,15.77,248.082,1.5745171825147963,4.4155,4.0758
1133,23.9068,0.0189,0.7799,3.1119,15.91,247.692,1.5876593059885877,4.8373,4.4245
1134,19.7605,0.0342,1.8653,4.8236,15.76,261.8927250643559,1.5942896843249326,17.347118544461722,4.1639983484991365
1135,29.627,0.0203,1.5612,3.6744,15.8,264.272,2.2754,-2.4345,4.8532
1136,35.1566,0.0216,1.7778,7.3228,15.75,266.76,2.1351,-4.4309,3.0436
1137,21.9399,0.0129,2.6275,5.435460743130733,15.85,266.808,1.582445503701919,5.0955,3.9207
1138,23.2014,0.0169,2.1282,7.0181,15.85,262.9317324624191,1.5744561196296112,1.9855,5.302
1139,14.9671,0.0342,2.7511,4.7052,15.96,262.67716267726007,1.5947824392320809,7.165002731897829,4.8688
1140,30.0506,0.0237,1.7298,5.1526,15.77,264.272,1.9904,-2.2382,4.7764
1141,31.3063,0.0317,1.9952,8.3238,15.77,263.956,1.6190480943010117,17.7927,4.6648
1142,25.3772,0.0138,1.2299,2.6206,15.8,251.418,1.5826185005256173,-0.6609,3.861
1143,34.0215,0.0205,1.5487,5.7591,15.61,271.072,1.5714979761099732,-4.72,2.4925
1144,18.9827,0.038,2.6183,10.2301,15.68,262.974,1.5803886914312075,12.216337516123488,3.0629
1145,24.2607,0.02906505888467681,3.6515,4.3639,15.8,258.406,1.5534616089474638,-1.1927,2.6624
1146,29.3585,0.0199,2.002,5.4073,15.93,276.176,1.2443,-4.3955,4.19
1147,39.2802,0.0259,2.196,5.485483379439381,15.83,264.156,1.6529926845476486,11.5591,2.8657
1148,29.6804,0.0173,1.1361,3.9068,15.75,270.532,1.6214,-3.6509,4.6173
1149,30.0456,0.0305,1.1701,4.0088,15.93,267.514,1.2803,-3.9555,4.633
1150,24.9991,0.0252,2.7616,6.0911,15.79,266.494,1.564365132237141,3.5945,3.592
1151,28.0456,0.0191,1.358,7.8704,15.98,264.272,1.562263131472835,-0.4482,4.5338
1152,30.1688,0.0206,1.3706,5.1967,15.57,262.066,1.578832544407992,-2.9573,4.76
1153,29.1971,0.0259,0.9974,5.8362,15.93,261.8343328491629,1.579830950086222,-1.71,5.3308
1154,14.0352,0.021,1.1368,5.9842,15.54,251.59,2.2393,6.1855,4.8687
1155,29.2308,0.0215,0.7404,4.9854,15.79,264.272,2.4942,-2.1136,4.0524
1156,39.5532,0.0337,2.6753,4.3614,15.87,266.01,1.5724613742603302,-10.1245,3.1194
1157,36.8645,0.0236,2.4532,3.5277,15.78,260.72,1.574982956146401,-7.5382,4.4771
1158,33.4431,0.0158,2.2332,3.9171,15.71,268.902,1.6992,-5.3318,3.9744
1159,25.1118,0.0262,2.0732,6.1039,15.75,274.94,2.0072,2.1927,2.5015
1160,40.4495,0.0342,0.6918,3.1492,15.74,262.0167477549685,1.6390497657037502,5.1345,5.317
1161,15.8496,0.0207,0.8416,3.0522,15.87,261.44939541896196,1.608379868944151,10.139644315640027,4.0495
1162,26.7301,0.024,0.8735,7.1718,15.82,248.124,1.5497042137605008,1.1591,4.6217
1163,24.2792,0.0199,1.7232,4.1454,15.93,264.272,1.0436,0.7136,4.4614
1164,26.3692,0.0244,0.7908,5.3635,15.99,262.9229039743453,1.5662080034501615,2.1918,4.3948
1165,26.8975,0.0299,1.9541,7.4999,15.96,264.984,1.6309345101415273,18.8673,4.6923
1166,34.1662,0.0225,0.8209,3.6401,15.73,264.272,1.3052,-6.0255,3.4357
1167,25.9181,0.0217,2.4156,7.7667,15.73,265.994,1.587631513944482,-0.4091,4.8992
1168,23.9246,0.0219,1.6506,3.2363,15.79,271.204,1.5815234028931828,-0.4491,4.5418
1169,21.7509,0.0239,2.3714,4.624,15.77,275.502,1.115,1.2955,4.591
1170,31.2129,0.0281,1.7839,4.3441,15.52,273.116,1.7524,-0.95,3.1351
1171,21.7987,0.0162,0.8909,5.2435,15.78,275.244,1.3016,3.4318,4.3819
1172,26.0194,0.0378,1.3099,7.1603,15.73,248.462,1.5744362364895013,0.8827,3.5825
1173,28.7966,0.0232,0.7417,3.1585,16.04,261.22102326323187,1.5530372451138712,-2.5727,3.874
1174,30.0519,0.0206,1.8329,2.6374,15.79,264.272,0.6147,-2.1464,3.8726
1175,22.0985,0.0254,2.9122,4.9672,15.74,283.92,0.9928,1.3355,4.3305
1176,29.1042,0.0194,2.4802,7.7214,15.82,266.798,1.5792039663939959,-0.7236,5.1772
1177,18.2293,0.0264,2.8042,5.1801,15.71,268.61,1.5778705941731404,4.3136,4.8889
1178,23.6314,0.0144,1.1021,5.6384,15.82,248.736,1.59554092558761,3.4491,3.5976
1179,28.8654,0.0211,1.5517,4.0088,15.73,264.272,1.2526,-4.1018,3.9184
1180,22.1592,0.0431,2.7079,2.9844,15.68,265.176,1.5917179504515013,12.085939668306096,2.6019
1181,24.5324,0.0299,0.7478,7.3859,15.77,254.532,1.5189,3.6536,3.2585
1182,28.577,0.0173,0.8709,4.0648,15.82,250.776,1.5949739209666989,-1.2336,4.8383
1183,28.4429,0.0139,2.7015,9.8065,15.61,264.272,1.578588950377481,-0.3445,2.0549
1184,27.7146,0.0273,1.858,5.7327,15.99,266.336,1.574073394327323,0.1891,5.3262
1185,24.5541,0.0256,1.2847,9.1637,15.89,251.134,1.5614675927052035,3.1382,4.3362
1186,17.2615,0.016,0.8479,4.351,15.66,264.272,0.9077,4.5382,3.2839
1187,29.7411,0.0213,1.9043,4.5105,15.7,264.272,1.595584211206578,-3.2882,4.3154
1188,17.1233,0.0151,1.8826,5.2891,15.84,266.414,1.5694682373279196,6.6,4.929
1189,23.6088,0.0247,0.6238,10.8289,15.89,261.9700951205087,1.5891043951916912,1.5018,5.6716
1190,25.7113,0.0251,2.8741,10.9632,15.73,266.374,1.624622976194444,20.81,4.8713
1191,30.6162,0.0237,2.3904,4.6133,15.86,283.86,1.1226,-3.6345,3.753
1192,20.979,0.019,0.798,4.2983,15.85,251.88,1.589631042519685,2.4209,4.3914
1193,24.3925,0.027,0.736,5.5709,15.69,251.508,1.0326,-1.6864,2.7174
1194,37.43808176197656,0.0246,2.5046,6.1979,15.71,261.9631008060667,1.5538296065911197,-12.2945,4.5375
1195,28.769,0.0231,2.5123,1.942,15.7,276.606,2.0106,-1.66,4.1896
1196,27.8665,0.0179,2.0508,4.3753,15.77,272.05,2.1993,-2.6682,4.533
1197,24.0019,0.0177,1.3663,5.9703,15.78,264.272,1.293,0.1973,4.6577
1198,31.5768,0.0229,1.5642,2.2464,15.61,264.272,1.5960163059959371,-3.7773,3.9719
1199,21.1738,0.0229,1.2192,5.7777,15.72,275.134,1.5784703040572943,-0.4527,4.2677
1200,38.2357,0.0152,2.5991,8.6041,15.8,261.3315384694968,1.596477911566294,6.9082,3.8199
1201,35.46306862535225,0.0291,2.0961,5.726,15.84,263.03284523988566,1.63970389357539,7.3918,2.1299
1202,34.9855,0.0305,0.8885,5.492631600970058,15.8,244.482,1.6307647643698615,12.3073,3.2331
1203,31.5349,0.0244,1.6784,4.881,15.73,264.272,1.0594,-5.1618,3.1666
1204,26.8251,0.0274,0.8292,4.1239,15.69,256.472,0.7775,-2.1009,4.9538
1205,22.9026,0.023154273892682126,2.6109,5.1866,15.82,264.282,1.5910141398358701,7.643877206328057,5.6484
1206,27.401,0.0376,1.4333,3.3232,15.86,264.272,1.1336,-2.5945,3.8658
1207,28.9642,0.0287,0.5489,2.5702,15.91,247.738,1.2662,-2.4709,4.2502
1208,26.9872,0.0321,0.854,6.0573,15.87,246.874,1.5532496756842955,-0.8891,3.2459
1209,19.9475,0.0103,3.1427,4.9673,15.8,265.184,1.5761148144510038,10.686976733193717,4.3952
1210,23.8213,0.0204,0.8533,4.6582,16.09,256.512,1.4817,1.1991,3.7149
1211,30.3218,0.0197,0.682,4.4836,15.89,264.272,1.5807617600245698,-2.81,4.2766
1212,29.5,0.0129,2.0982,6.5557,15.68,262.838,1.6268836294551952,17.3018,2.6499
1213,22.9914,0.0403,2.7066,6.6984,15.74,262.3112867163572,1.6303617075862267,22.9245,3.381
1214,33.5962,0.03374841256135988,0.5889,4.0729,15.7,261.90350700704477,1.6295987687608466,15.3536,2.7948
1215,27.218,0.0243689764902999,2.8424,3.6306,15.73,266.894,1.5820692184071232,-0.3264,4.5435
1216,22.8899,0.0259,2.0996,5.8414,15.73,260.576,1.5635274471774374,0.5564,4.4723
1217,31.164,0.0237,1.186,8.0345,15.68,264.272,1.5644226348253352,-1.4191,2.2832
1218,22.0706,0.0231,1.0338,10.4267,15.832157282408653,249.514,1.5699276627919825,2.78,5.1935
1219,31.1657,0.0228,1.2098,7.3721,15.68,262.2278983526614,1.5792861468757726,-5.9418,4.9849
1220,28.2938,0.0201,0.654,4.6312,15.7,253.888,0.9761,-1.0473,4.1979
1221,37.69767991949431,0.0168,2.2759,4.3093,15.82,263.542,1.661954057718301,2.5209,5.8624
1222,29.9145,0.0388,2.5987,6.5713,15.72,259.064,1.5873168312994135,-1.6545,4.264
1223,21.3495,0.0308,2.691,5.4570992171402235,15.8,267.56,1.5846834470287259,6.2045,4.3986
1224,22.174,0.0176,0.9652,3.4184,16.08,256.8,0.9602,1.7273,4.2796
1225,18.2879,0.0151,1.0134,5.8283,15.85,248.928,1.584346582685551,8.3018,4.4656
1226,26.281,0.0418,2.543,4.139,15.92,265.924,1.568299631937805,1.23,4.1391
1227,22.364,0.0169,1.5766,4.0485,15.85,263.684,1.5600599374239104,2.4345,4.8572
1228,33.7386,0.027,3.7141,6.5708,15.66,264.272,1.2696,-6.4945,2.9172
1229,37.9497,0.0325,2.7625,5.6767,15.73,263.026,1.6252013729552088,12.1609,4.154
1230,22.2294,0.0204,1.6451,5.1701,15.95,265.646,1.5652628867027392,3.7127,4.651
1231,26.3762,0.0249,2.3702,3.6475,15.96,264.272,0.9751,-1.0982,4.0711
1232,19.1839,0.0251,0.8209,4.7116,15.92,264.272,1.5593467305772808,5.8727,4.0366
1233,23.7598,0.0221,1.2612,6.4754,15.66,264.272,1.575223331297304,1.6309,3.3185
1234,24.9379,0.0219,1.038,5.5544,15.8,248.724,1.5915831155607925,9.602348281071542,3.0358
1235,22.928,0.0214,0.8793,6.3497,15.85,247.35,1.6050467881585333,9.053839643947455,4.6928
1236,23.5232,0.0291,1.8657,4.486,15.77,270.144,1.565055090886407,-1.4973,5.3359
1237,22.5821,0.0246,0.9529,7.5307,15.73,264.272,1.5895371094503532,5.7182,4.999
1238,23.4212,0.0238,3.3334,4.1323,15.9,268.656,1.6035507246139775,0.7218,4.4884
1239,23.0824,0.0184,1.7752,4.9982,15.73,262.4168411226985,1.5814344913568126,1.0345,5.5029
1240,28.2877,0.0155,2.6412,4.0262,15.71,264.272,1.8773,-2.0991,4.3206
1241,28.2203,0.0254,2.3088,4.8576,15.51,264.272,1.5746756254979695,-1.3073,4.0667
1242,18.1525,0.0317,3.6422,5.425733351534813,15.8,265.206,1.5747639869893646,8.97283935796571,5.3092
1243,30.9967,0.0179,1.2371,3.8017,15.69,264.272,1.3416,-5.6945,5.0667
1244,29.3191,0.0154,2.0107,8.4692,15.98,265.682,1.541992427192862,-0.9127,4.4421
1245,27.7632,0.0173,0.812,8.2545,15.84,253.854,1.5903041494399592,-2.15,2.7165
1246,34.3403,0.0258,1.483,3.8322,15.7,269.17,1.0558,-6.5282,4.9849
1247,29.9103,0.02543349871662856,1.0568,5.7891,15.87,264.272,1.5613,-2.7673,2.8448
1248,21.2894,0.0264,1.2235,4.639,15.95,251.89,1.5743434859052612,3.2964,3.828
1249,21.3048,0.0183,1.175,6.674,15.8,247.312,0.7542,3.0345,4.8036
1250,36.4489,0.0268,3.1136,6.3958,15.96,263.0029456485187,1.6413738643838287,11.4855,4.5371
1251,29.508,0.022184432968218787,2.3419,4.3482,15.67,264.272,2.802,-2.3109,4.2046
1252,24.847,0.0203,0.852,2.9581,15.8,243.316,1.5923649373501112,0.3764,4.246543387625523
