,feature_66,feature_171,feature_427,feature_133,feature_461,feature_299,feature_354,feature_3
0,23.2216,0.8247,1.3155,2.3766,14.755400000000002,0.0595,0.0202,2207.0444
1,27.2716,0.7047,0.6593,2.3805,12.157,0.0662,0.0357,2155.3111
2,14.7061,0.7804,1.5403,2.3244,21.1169,0.0519,0.0145,2173.4556
3,36.0791,0.6262,1.6422,2.3725,41.7748,0.0635,0.0512,2224.0
4,24.3057,0.969,0.8006,2.3401,23.1457,0.05050000000000001,0.0533,2217.8111
5,19.118899999999996,0.4063,0.7004,2.2797,37.3638,0.0242,0.0497,2212.3
6,22.2064,0.5595,1.4411999999999998,2.2864,31.3174,0.0655,0.017,2200.2
7,25.3099,0.8028,1.419,2.3080999999999996,23.5649,0.0867,0.033,2209.8
8,24.2829,1.0824,1.8268,2.2592,32.3594,0.08,0.0428,2186.4111
9,21.0974,0.4433,0.9783,2.2877,15.479600000000001,0.04490000000000001,0.05159999999999999,2182.5555
10,23.905,0.4788,1.3358,2.212,13.0192,0.1099,0.051899999999999995,2173.2778
11,17.5983,0.7978,1.5564,2.2773,27.4194,0.1141,0.0497,2163.5889
12,32.7483,0.781,1.5814,2.2959,33.2053,0.0266,0.0495,2162.5556
13,22.3647,0.6332,0.7479,2.3322999999999996,30.5482,0.048600000000000004,0.0626,2236.0667
14,22.3694,0.7299,0.6601,2.2673999999999994,24.0618,0.060700000000000004,0.049,2239.4111
15,29.142900000000004,0.5868,0.8463,2.2564,55.391000000000005,0.05850000000000001,0.05450000000000001,2227.2444
16,24.685460000000003,0.6062,0.5788,2.2784,44.92130000000001,0.0536,0.0455,2195.6667
17,44.792763830260405,0.7108,2.02,2.3735000000000004,20.7031,0.0868,0.013500000000000002,2207.0444
18,15.047100000000002,0.5162,0.6477,2.1911,25.4407,0.0359,0.0448,2164.3666
19,22.1659,0.7973,2.0504,2.3499,14.845300000000002,0.12647035144201868,0.0446,2170.0666
20,37.258,0.48280000000000006,1.5739,2.2928,26.161,0.0565,0.05870000000000001,2244.1111
21,21.7095,0.49450000000000005,1.5151000000000001,2.3146,16.8406,0.0166,0.0378,2160.6
22,23.1287,0.6531,0.737,2.3386,28.8304,0.0488,0.0596,2191.5667
23,30.7593,0.5357,1.2606,2.272,21.7993,0.071,0.0124,2227.2222
24,19.2834,0.6458,0.5418,2.2802,36.519,0.045,0.007799999999999999,2224.6778
25,27.2876,0.8505,1.7251,2.3121999999999994,31.398699999999998,0.0601,0.0506,2207.3889
26,24.3905,0.6791,2.2004,2.2728,66.3273450377527,0.053,0.0513,2173.4556
27,21.2465,0.6177,0.8378,2.2474,19.1756,0.0643,0.0583,2210.8556
28,26.2754,0.5811,1.9544,2.3216,23.6929,0.0339,0.0423,2230.4222
29,29.809,0.5744,0.6131,2.4241,32.6596,0.1043,0.0389,2243.8556
30,41.2374,0.6385,1.3431,2.3684,53.5488,0.0254,0.0225,2171.9
31,30.4914,0.969,0.4793,2.2937,33.3826,0.05870000000000001,0.0384,2220.4778
32,22.9635,0.9090000000000001,0.9287,2.2757,56.318,0.0286,0.0435,2216.5
33,26.2691,0.377,0.9269,2.2658,22.4105,0.0816,0.029100000000000004,2266.8333
34,21.7926,0.7743,1.2483,2.3817,18.8183,0.0679,0.048299999999999996,2205.7445
35,23.8157,0.5844,1.0257000000000003,2.2771,14.2191,0.047200000000000006,0.0324,2124.8444
36,26.4132,0.5595,0.5418,2.2864,28.1081,0.0175,0.013,2208.5222
37,30.3233,0.6379,1.1716000000000002,2.2434,18.1961,0.099,0.0559,2228.4778
38,26.448,0.7512,0.8527,2.2569,46.502100000000006,0.0257,0.0247,2247.3666
39,44.792763830260405,0.5928,1.4389,2.3712,29.586499999999997,0.038000000000000006,0.020800000000000003,2191.9
40,21.6831,0.4433,0.5403,2.3187,20.8576,0.0327,0.049,2191.3556
41,27.4102,0.8976,1.2655,2.2887,30.4356,0.0384,0.0204,2223.0333
42,26.8979,0.5756,0.5995999999999999,2.4151,28.4535,0.03930000000000001,0.0188,2165.0333
43,27.3211,0.6023,1.3047,2.2616,45.239900000000006,0.0805,0.0396,2189.9667
44,31.4501,0.4812,1.5308,2.3672,33.5223,0.045,0.062,2218.0555
45,23.5578,0.7555,0.6632,2.3375,30.783899999999996,0.0351,0.021300000000000003,2217.8667
46,22.1353,0.6491,2.1082,2.3756,53.855000000000004,0.043300000000000005,0.0368,2232.5889
47,32.7577,0.9858,0.6269,2.3099000000000003,45.946000000000005,0.088,0.042100000000000005,2196.8
48,22.7275,0.7769,0.5892,2.2825999999999995,14.495,0.1198,0.0568,2162.1333
49,33.272,0.5786,1.5991000000000002,2.4241,22.1105,0.057300000000000004,0.0474,2178.5889
50,30.1062,0.7997,1.6608000000000003,2.3275,31.099000000000004,0.0813,0.0321,2191.7889
51,25.9809,0.6535,1.7426,2.3257,25.3724,0.0144,0.014,2217.8667
52,24.7257,0.7888,0.6011,2.3132,47.83950000000001,0.061000000000000006,0.0105,2207.0444
53,30.7182,0.4779999999999999,0.6632,2.2752,21.569,0.0626,0.0569,2206.4
54,44.792763830260405,0.6723,1.2224,2.3497,25.2808,0.12647035144201868,0.028800000000000003,2196.6555
55,26.6305,0.7495,0.5648,2.3259,35.497,0.0454,0.0284,2183.1
56,22.5569,0.4955,0.6418,2.3063,16.6688,0.0397,0.05090000000000001,2228.4444
57,26.063,0.8273,0.5445,2.4213999999999998,18.1084,0.0337,0.0326,2203.4556
58,22.1675,0.7141,1.1766000000000003,2.3573,13.4574,0.05000000000000001,0.038,2172.5333
59,39.7257,0.7104,2.2773,2.295,42.3395,0.0339,0.0524,2207.0444
60,26.2833,0.8756,0.6101,2.2807999999999997,20.9694,0.074,0.0603,2246.5778
61,25.893899999999995,0.6512,0.8139799999999998,2.3285199999999997,37.7546,0.0452,0.04186000000000001,2206.3
62,26.0522,0.5744,1.1702000000000001,2.3922999999999996,18.1433,0.049400000000000006,0.0365,2222.0111
63,26.2174,0.8505,1.4616,2.3121999999999994,20.4401,0.046700000000000005,0.0492,2207.3889
64,19.9076,0.6332,2.2414,2.4079,30.104299999999995,0.0387,0.0358,2168.7
65,29.3176,0.5969,1.5379,2.2936,25.905,0.12647035144201868,0.0632,2160.3667
66,23.6041,0.7984,1.9706,2.349,26.5649,0.0644,0.0399,2175.9667
67,24.9899,0.7141,1.1539,2.3573,10.8607,0.0875,0.0372,2178.6889
68,14.1135,0.6791,2.0544,2.3865,46.42020000000001,0.0535,0.0134,2238.5444
69,27.9713,0.4067,0.7382,2.2797,22.1334,0.0866,0.0769,2223.0444
70,37.532,0.5398,1.3795999999999997,2.3394,35.7201,0.0813,0.0435,2191.9
71,24.5799,0.5744,1.2366,2.2647,43.53820000000001,0.0803,0.0552,2194.9556
72,23.446799999999996,0.647,1.5257,2.2825999999999995,22.2221,0.0119,0.0451,2238.1444
73,30.0288,0.6322,0.4832,2.3161,20.3639,0.0564,0.0349,2218.0555
74,27.3802,0.7049,1.4317,2.2915,8.6169,0.0551,0.04680000000000001,2204.6667
75,27.3069,0.5365,0.5758,2.3063,31.245299999999997,0.09,0.0321,2167.2
76,25.7305,0.3596,1.5604,2.2563,42.9683,0.0342,0.0341,2231.0555
77,22.0576,0.6139,0.5481,2.3883,15.239799999999999,0.0884,0.0435,2114.990009996847
78,30.9387,0.6925,1.7736,2.2859,41.09310000000001,0.0532,0.04630000000000001,2199.3
79,22.319499999999998,0.5832,0.6244,2.2726,36.1226,0.1084,0.05040000000000001,2175.1222
80,23.5326,0.8687,1.8291,2.3322999999999996,19.107,0.0678,0.0339,2233.1556
81,24.7337,0.6995,0.5965,2.3402,14.7869,0.059,0.0116,2201.0667
82,26.2439,0.6156,0.5518,2.2472,25.1543,0.0835,0.0292,2213.9111
83,23.2157,0.4955,1.8725,2.3604,28.116,0.0654,0.0357,2179.2
84,20.2591,0.9364999999999999,2.1221,2.3524,27.9613,0.0466,0.0518,2222.3222
85,26.3407,0.733,1.0482000000000002,2.2445,31.0537,0.0849,0.0409,2172.3111
86,37.4668,1.0039,1.4978000000000002,2.3073,27.2655,0.0355,0.0454,2213.7556
87,21.2309,0.7473,0.7851,2.3162,57.459700000000005,0.0859,0.0255,2183.3111
88,44.792763830260405,0.7555,1.2404999999999997,2.3375,36.4153,0.0517,0.0176,2183.5
89,28.1684,0.45180000000000003,1.39,2.212,33.7616,0.0627,0.0308,2211.4
90,31.4027,0.6214,1.588,2.2877,18.5401,0.0249,0.049980000000000004,2198.5667
91,28.9181,0.8574000000000002,0.6810999999999999,2.4167,33.5782,0.0205,0.0124,2250.3667
92,18.6295,0.6474,1.4068999999999998,2.1996,28.2506,0.0697,0.0531,2173.4889
93,13.8957,0.7141,1.6695000000000002,2.2697,14.2373,0.038000000000000006,0.0389,2173.4556
94,28.0428,0.5868,0.557,2.3936000000000006,38.17510000000001,0.0539,0.0444,2187.4111
95,26.4354,0.6475,0.7472999999999999,2.2937,9.9594,0.0536,0.0562,2216.4778
96,29.5723,0.7606,0.7797,2.3289,32.6244,0.04130000000000001,0.0376,2200.0666
97,30.6875,0.7025,0.6728,2.2555,17.566,0.0367,0.04320000000000001,2195.4444
98,27.7301,0.647,1.4506,2.2915,24.7655,0.055400000000000005,0.0517,2182.4111
99,25.4759,0.8221,0.9418,2.3481,25.6097,0.0824,0.0428,2211.7222
100,25.02,0.6791,1.7597,2.3099000000000003,48.6567,0.0394,0.048,2186.9889
101,27.5264,0.7448,1.5321000000000002,2.2588,13.3724,0.052500000000000005,0.0455,2170.9667
102,28.5851,0.4059,0.4657,2.2725,21.8978,0.0921,0.0642,2227.2444
103,26.336,0.9174,0.5311,2.3177,44.614700000000006,0.030699999999999998,0.0658,2218.0555
104,21.0498,0.5272,1.4331,2.2673999999999994,40.55820000000001,0.0881,0.0331,2223.0444
105,24.8429,0.9046,0.6266,2.4244,41.804100000000005,0.057300000000000004,0.0219,2184.8778
106,20.9393,0.5217,0.9017,2.4213999999999998,14.7718,0.0338,0.0393,2162.7556
107,23.8674,0.5756,0.6247,2.2949,35.9083,0.0341,0.073,2203.1667
108,17.735,0.8247,0.5238,2.3672,20.4625,0.0231,0.059,2178.6889
109,44.792763830260405,0.7367,1.6916,2.4,17.4387,0.0706,0.0405,2179.0445
110,26.254,0.6853,1.2856,2.4073,16.3298,0.048900000000000006,0.04719999999999999,2136.4111
111,22.9551,0.5097,0.8811999999999999,2.2821,17.0104,0.0229,0.0137,2227.9778
112,23.7582,0.5614,0.5256,2.3471,28.6509,0.043800000000000006,0.0166,2178.1444
113,20.0076,0.7797,0.7915,2.2673999999999994,23.5536,0.0659,0.0435,2223.0444
114,36.3451,0.3415,1.272,2.3079,29.2547,0.0661,0.0414,2213.2889
115,26.3682,0.6607,1.2353,2.2789,25.2926,0.077,0.0445,2285.9056737471537
116,22.7319,0.9272999999999999,0.4244,2.2728,32.1755,0.0561,0.0333,2155.6333
117,23.578099999999996,0.482,1.1499,2.2474,50.5707,0.0666,0.0464,2172.3111
118,17.7542,0.7164,1.4744,2.3596000000000004,28.5726,0.0823,0.019,2265.1889
119,22.2504,0.4776,2.7419667544043924,2.3984,27.1007,0.0176,0.0419,2199.6334
120,29.150099999999995,0.8544,1.4873,2.3296,20.4275,0.0572,0.0572,2183.1
121,23.23742,0.5941,1.2939,2.3883,14.3206,0.05340000000000001,0.0403,2194.31558
122,44.792763830260405,0.6523,1.6352999999999998,2.3407,30.6327,0.0332,0.0211,2224.4778
123,25.1172,0.5097,1.3654,2.4151,10.4895,0.04650000000000001,0.08479279615742157,2170.7444
124,23.5582,0.7071,0.5748,2.3099000000000003,30.2383,0.0945,0.0533,2218.5778
125,22.513,0.9612000000000002,0.44959999999999994,2.2527,15.934900000000003,0.030500000000000003,0.04359999999999999,2215.1778
126,28.6073,0.482,0.4115,2.2631,52.7697,0.073,0.0444,2180.5556
127,30.1818,0.6977,0.8449,2.3495,35.9372,0.0559,0.051,2159.0556
128,32.1774,0.5344,1.9127,2.2711,22.441,0.0268,0.049800000000000004,2205.5
129,20.2515,0.6977,1.0177,2.4201,19.7246,0.0389,0.0303,2203.4556
130,27.0475,0.9090000000000001,1.1538,2.3883,22.3774,0.0804,0.0342,2114.990009996847
131,33.7771,0.6322,1.3867,2.2989,28.9328,0.0425,0.0143,2194.5889
132,44.792763830260405,0.8333,0.9767000000000001,2.3412599999999997,48.0809,0.0344,0.0466,2172.3666
133,23.111999999999995,0.7637,0.3917,2.2588,22.8954,0.1053,0.0168,2210.2778
134,20.9574,0.781,1.0549000000000002,2.2877,10.9048,0.0225,0.035660000000000004,2195.1
135,19.9951,0.7007,2.4481,2.3038,49.4768,0.0519,0.0424,2197.2667
136,25.2645,0.6873,0.5565,2.3978,46.5347,0.0559,0.025699999999999997,2218.0555
137,44.792763830260405,0.6523,1.4959,2.3073,39.39220000000001,0.0828,0.08479279615742157,2205.2222
138,29.012,0.6475,2.7419667544043924,2.2771,23.6161,0.0653,0.0312,2179.0778
139,36.283,0.5272,1.4017999999999997,2.2216,24.4516,0.0295,0.0549,2173.4889
140,21.992900000000002,0.6062,0.9597,2.2802,14.965300000000001,0.0358,0.0026000000000000003,2224.6778
141,30.9009,0.781,1.6516,2.3021,16.8014,0.055400000000000005,0.0371,2187.9889
142,26.3771,0.6322,1.2486,2.3161,56.01610000000001,0.0357,0.025,2198.7222
143,37.8425,0.49239999999999995,1.5108,2.2705,36.8197,0.0933,0.0579,2207.9555
144,24.1495,0.6482,1.1770000000000003,2.2931,31.6738,0.0334,0.0391,2207.1
145,24.1581,0.49239999999999995,0.6995,2.2705,12.7454,0.0767,0.0474,2231.0555
146,27.7378,0.6371,1.507,2.3128,19.3787,0.049300000000000004,0.0486,2177.3222
147,28.7957,0.5774,1.6801,2.2809,66.3273450377527,0.0522,0.0395,2207.9555
148,28.4754,0.8273,1.0482000000000002,2.3063,17.8529,0.05260000000000001,0.039,2242.8555
149,22.8177,0.34,0.9541000000000001,2.3301,14.540399999999998,0.0559,0.0196,2201.0667
150,28.2316,0.8737,1.145,2.4196000000000004,21.2922,0.0513,0.015300000000000001,2266.8333
151,30.5545,0.8274,1.687,2.298,29.1167,0.04070000000000001,0.0501,2243.7778
152,44.792763830260405,0.879,1.6433,2.3997,12.3355,0.12647035144201868,0.0294,2221.9444
153,44.792763830260405,0.6385,1.5114000000000003,2.3237,28.5384,0.0734,0.05920000000000001,2166.5222
154,22.8392,0.5922,1.8575,2.298,19.9947,0.091,0.044199999999999996,2177.3222
155,24.719199999999997,0.6791,0.7827,2.2928,36.2621,0.052300000000000006,0.0511,2197.2667
156,39.8719,0.636,1.4282,2.3314,39.61630000000001,0.0458,0.0401,2171.8111
157,21.6833,0.5087,1.725,2.2764,34.1207,0.029999999999999995,0.0158,2196.2111
158,21.4549,0.4955,1.1178,2.4201,15.739800000000002,0.0678,0.0497,2146.9111
159,22.4948,0.45180000000000003,1.1846,2.2892,25.7881,0.0853,0.0418,2221.3667
160,33.5324,0.9845,0.6766,2.3884,32.3429,0.0945,0.023400000000000004,2187.7888
161,31.622,0.7362,1.1462000000000003,2.2553,37.1455,0.0571,0.0578,2180.5556
162,29.1444,0.4645,1.068,2.2697,22.8834,0.0169,0.023599999999999996,2200.7333
163,27.4264,0.6419,0.61,2.4349,17.3039,0.0362,0.0244,2249.2556
164,23.9846,0.7637,0.9771000000000002,2.2616,22.4885,0.0796,0.04,2191.1333
165,23.2147,0.76,0.4391,2.2909,23.7894,0.064,0.0281,2235.0556
166,21.8556,0.6482,1.5403,2.2859,12.0051,0.0321,0.045200000000000004,2195.1
167,27.0269,0.631,2.4841999999999995,2.3715,24.4849,0.0575,0.045700000000000005,2238.5444
168,30.4987,0.791,0.5555,2.4167,26.3999,0.050100000000000006,0.0163,2200.2
169,18.3248,0.5562,1.3887,2.3025,31.313699999999997,0.04950000000000001,0.0418,2178.0778
170,34.2074,0.7512,1.1199,2.2634,34.943,0.0667,0.0324,2211.6
171,20.7886,0.6676,0.587,2.3099000000000003,18.9777,0.054,0.052,2196.8
172,39.6865,0.6135,1.7284,2.3403000000000005,24.1781,0.0953,0.011700000000000002,2196.6555
173,20.1161,0.9364999999999999,1.2610000000000001,2.3403000000000005,19.0156,0.051,0.0501,2196.6555
174,25.9809,0.9090000000000001,1.126,2.4108,28.9769,0.029,0.0192,2189.3556
175,25.1055,0.7793,0.5593,2.2954,24.2878,0.0243,0.04990000000000001,2181.1889
176,37.5213,0.636,1.3533,2.3132,52.3768,0.0601,0.0496,2197.2333
177,17.4684,0.7164,0.5947,2.3471,22.5632,0.0636,0.0342,2239.4223
178,26.7205,0.7512,1.2194,2.2596,19.0341,0.0779,0.044,2218.6223
179,24.620700000000003,0.6127,1.4290000000000003,2.2711,26.5172,0.04780000000000001,0.0487,2195.9778
180,29.7075,0.6995,1.3251,2.2967,16.6937,0.0193,0.0351,2167.2
181,44.792763830260405,0.7716,0.6224,2.3078,29.6847,0.0588,0.046,2178.7333
182,34.3077,0.7914,1.3425,2.292,32.7019,0.04120000000000001,0.013,2243.8556
183,24.0276,0.5328,1.2937,2.2825999999999995,11.5422,0.0989,0.0523,2236.1111
184,25.574699999999996,0.6607,1.3582,2.2809,13.0968,0.043500000000000004,0.043,2209.6667
185,22.1925,0.8687,1.4507,2.3453,8.4841,0.04920000000000001,0.061200000000000004,2236.0667
186,22.3699,0.7367,0.948,2.3194,56.8733,0.1044,0.0245,2214.7111
187,42.2381,0.9737000000000001,0.8327,2.3378,25.3602,0.0367,0.0227,2181.5111
188,25.6635,0.5911,1.6932,2.2569,41.0548,0.059,0.0322,2203.4445
189,23.1222,0.5756,1.5101,2.2732,20.1254,0.0425,0.05,2173.2778
190,30.222,0.5328,1.42,2.212,31.675400000000003,0.0456,0.0403,2173.2778
191,41.5043,0.6723,0.9558000000000001,2.3313,24.2753,0.026,0.0526,2183.4333
192,44.792763830260405,0.7659,1.4775,2.3314,32.8168,0.05210000000000001,0.04680000000000001,2139.2667
193,22.2242,0.8301,0.8521,2.3453,28.3738,0.0405,0.0461,2184.8889
194,24.4119,0.8536999999999999,1.9183,2.3401,40.8202,0.018,0.0646,2233.1556
195,25.4657,0.7512,1.0360000000000003,2.4023,29.118300000000005,0.0322,0.009399999999999999,2226.0667
196,26.114,0.5343,0.9145,2.3207,41.9211,0.0834,0.0212,2181.0444
197,26.9505,0.5053,1.1351,2.3162,18.6318,0.05070000000000001,0.039,2141.0667
198,32.7145,0.6697,1.0438,2.2647,16.3655,0.0682,0.0441,2202.3556
199,21.6961,0.7007,0.499,2.3834,58.21529999999999,0.062,0.05029999999999999,2197.6444
200,23.758800000000004,0.4126,1.1126,2.2392,17.0777,0.0832,0.0325,2203.1667
201,26.5186,0.7362,1.0423,2.3883,29.972899999999996,0.06180000000000001,0.05079999999999999,2228.7222
202,24.5318,0.823,1.4033,2.2959,20.4165,0.06130000000000001,0.0602,2180.8889
203,22.9188,0.5583,0.6153,2.3479,28.261,0.0694,0.049,2232.0778
204,22.1064,0.3745,1.1443000000000003,2.349,13.0839,0.044300000000000006,0.071,2194.8
205,23.8635,0.7097,1.416,2.2949,29.2584,0.0452,0.049800000000000004,2200.1222
206,31.690400000000004,0.6262,1.5751000000000002,2.3038,35.1736,0.0542,0.0455,2185.8111
207,19.9232,0.7743,1.1092,2.2989,37.1538,0.0678,0.0199,2218.8778
208,23.8635,0.6791,0.7485,2.307,58.2877,0.044300000000000006,0.0319,2176.6334
209,16.8961,0.6053,0.589,2.2989,35.2149,0.043500000000000004,0.0178,2188.7111
210,18.8096,0.3769,1.4645,2.2773,25.2232,0.0484,0.0133,2234.5222
211,29.6277,0.4188,1.3408,2.2749000000000006,29.7269,0.0635,0.0157,2221.9778
212,22.1063,0.8251,0.6104,2.295,25.3517,0.0772,0.0494,2208.4444
213,28.2022,0.7187,0.8961,2.3289,41.5859,0.0293,0.0521,2200.0666
214,29.233200000000004,0.792,0.5862,2.3503,36.5919,0.0349,0.045700000000000005,2159.0556
215,36.1696,0.5344,0.7666,2.2732,22.2316,0.0481,0.0552,2192.1889
216,21.0159,0.67,0.8832,2.3124,22.3216,0.0188,0.04478,2210.3556
217,37.0555,0.7716,0.5426,2.3144,25.934,0.04750000000000001,0.0366,2197.6778
218,34.578,0.6873,2.3536,2.2881,16.3975,0.0447,0.018,2218.5778
219,32.6371,0.8623000000000001,0.7727,2.2982,43.098,0.0373,0.0485,2177.4333
220,34.6022,0.5969,0.8833,2.3954000000000004,47.8124,0.12647035144201868,0.0169,2221.9444
221,20.0533,0.8867000000000002,0.7133,2.2909,26.3366,0.0564,0.025,2235.0556
222,26.314,0.823,0.9055,2.2982,19.1275,0.0339,0.0746,2192.7556
223,26.537899999999997,0.6531,1.4885,2.3259,25.725,0.059,0.0156,2230.7555
224,28.3035,0.5357,0.7743,2.2631,34.0106,0.0548,0.042600000000000006,2210.2778
225,19.1593,0.5095,1.5638,2.3834,21.2653,0.0513,0.05909999999999999,2185.9333
226,24.6278,0.647,1.1976,2.3138,41.193200000000004,0.05050000000000001,0.0459,2137.6111
227,27.0311,0.7636,0.8222,2.4172,20.6644,0.061200000000000004,0.0308,2178.5889
228,38.898199999999996,0.6385,1.7323,2.3248,14.648200000000001,0.0284,0.0553,2166.5222
229,22.883099999999995,0.5272,1.2968,2.2939,24.8632,0.0194,0.0459,2189.6778
230,27.6339,0.6458,1.174,2.2631,30.2172,0.0313,0.0611,2216.5
231,29.5672,0.7106,0.5358,2.2604,11.786,0.0703,0.0399,2177.0333
232,31.7775,0.784,0.6779,2.4023,21.0376,0.0625,0.008,2231.6111
233,38.0547,0.7104,1.6969999999999998,2.2881,24.9655,0.040100000000000004,0.025200000000000004,2224.0
234,20.9881,0.5969,0.4833,2.3132,32.7596,0.044300000000000006,0.04719999999999999,2205.2222
235,27.7301,0.5398,1.2029,2.3179,30.8126,0.0569,0.053500000000000006,2172.9778
236,15.7033,0.8045,0.9954000000000001,2.418,57.6061,0.0314,0.04669999999999999,2192.3778
237,24.9562,0.7184,1.0296,2.2868,19.8777,0.036,0.03950000000000001,2167.4222
238,13.5705,0.4657,0.9166,2.3984,20.2307,0.0098,0.0399,2208.6556
239,24.1408,0.4063,0.8871000000000001,2.2729,20.8626,0.06029999999999999,0.0433,2206.4
240,30.1925,0.7245,0.9429000000000001,2.2647,24.0438,0.0541,0.05040000000000001,2194.9556
241,21.8247,0.6491,0.5923,2.3997,57.784800000000004,0.03900000000000001,0.0229,2138.8778
242,23.8107,0.5744,1.911,2.2445,36.9884,0.083,0.04270000000000001,2192.5556
243,31.8429,0.5786,1.7271,2.2527,31.3965,0.088,0.0266,2215.5111
244,25.0547,0.5357,0.5866,2.2445,31.8031,0.0466,0.029100000000000004,2247.3666
245,21.0858,0.8221,0.45170000000000005,2.4073,32.2595,0.047200000000000006,0.042600000000000006,2189.8778
246,24.6357,0.9607,1.2764999999999997,2.2697,24.0418,0.0483,0.009599999999999997,2163.5889
247,29.8877,0.791,0.5368,2.4167,24.2244,0.0571,0.0446,2219.7667
248,31.4055,0.4054,1.6067,2.2757,22.8614,0.040900000000000006,0.05460000000000001,2192.1889
249,24.3734,0.4067,0.8699999999999999,2.2673999999999994,32.5922,0.027,0.0391,2210.8556
250,30.1905,0.447,1.6505999999999998,2.2544,24.3754,0.0898,0.055499999999999994,2187.3444
251,14.406,0.48280000000000006,2.0383,2.3038,43.512,0.057600000000000005,0.05079999999999999,2243.7778
252,30.3384,0.7979,1.33,2.3079,23.911,0.0679,0.033,2208.9
253,19.7743,0.7461,2.3024,2.3592,34.3099,0.04440000000000001,0.025,2220.7111
254,26.841,0.9912000000000001,1.0179,2.2728,24.5904,0.0249,0.0319,2155.6333
255,30.0271,0.6139,1.197,2.2474,42.8604,0.04420000000000001,0.0569,2213.9111
256,39.587,0.6385,0.9742000000000001,2.4153,10.6601,0.0485,0.0446,2206.5112
257,22.0794,0.7512,1.6752,2.292,35.1704,0.0344,0.0289,2243.8556
258,20.816300000000002,0.7888,0.5671,2.3796,39.3949,0.0348,0.0284,2197.6778
259,26.3647,0.5693,1.1396,2.2831,35.7487,0.0506,0.034,2188.6
260,32.4091,0.8153,1.0539,2.3058,48.6777,0.0432,0.0521,2204.2889
261,24.2043,0.795,2.4515,2.3038,31.6632,0.0387,0.0396,2178.7333
262,25.1914,0.5756,0.5783,2.1995,17.896,0.0757,0.0465,2200.1222
263,21.3934,0.48,0.9338,2.3308,18.111,0.0571,0.0388,2217.8667
264,29.0059,0.5868,1.1257000000000001,2.4012,21.271,0.0717,0.0358,2171.5
265,25.6619,0.5293,1.1328,2.2445,53.390600000000006,0.05600000000000001,0.043,2201.8666
266,34.4785,0.2979,1.4004,2.2959,34.6773,0.0663,0.058100000000000006,2205.5
267,26.2155,0.823,0.672,2.2247,24.0691,0.0822,0.0381,2172.8111
268,20.0249,0.7804,0.9178,2.3044,17.1475,0.0639,0.046,2183.3444
269,28.6915,0.833,0.9433,2.3453,25.3613,0.0379,0.04,2229.3333
270,27.858599999999996,0.7053,0.9332,2.3322999999999996,26.4769,0.030500000000000003,0.0627,2236.0667
271,15.585,0.6556,0.8101,2.3149,40.8978,0.054700000000000006,0.0282,2224.0
272,28.8169,0.5745,0.6411,2.2337,23.0106,0.0542,0.0515,2183.5889
273,27.1415,0.7555,1.0165,2.2868,14.2799,0.0303,0.0464,2199.6334
274,18.638300000000005,0.5583,0.9655000000000001,2.3932,13.8863,0.0296,0.0277,2260.2222
275,28.2459,0.6413,1.8360999999999998,2.2757,36.8863,0.0395,0.0525,2217.0
276,28.4192,0.6676,0.6801,2.3341000000000003,22.881,0.0427,0.053,2167.9444
277,30.4269,0.5097,0.543,2.4349,38.251,0.05890000000000001,0.0157,2200.2
278,24.1042,0.7793,1.5766,2.2886,10.8581,0.049,0.03816,2192.7556
279,29.7647,0.5905,1.1059,2.2474,36.5649,0.028,0.042100000000000005,2172.3111
280,19.9304,0.6969,1.4043,2.2673999999999994,28.7131,0.0317,0.0543,2203.1710999999996
281,29.085,0.7804,1.066,2.3322999999999996,17.0958,0.0517,0.0461,2214.9333
282,26.0255,0.752,0.8903,2.2646000000000006,25.5239,0.0693,0.0356,2246.5778
283,24.4489,0.8301,1.3825,2.3625,14.6479,0.0364,0.0523,2229.3333
284,27.8129,0.5774,0.8107000000000001,2.2757,50.7607,0.0512,0.049800000000000004,2217.0
285,23.195,0.6874,0.9669000000000002,2.2647,41.9054,0.0431,0.0708,2195.5
286,36.7408,0.8955000000000001,0.7686,2.4241,36.2937,0.0452,0.0619,2244.9778
287,37.4995,0.6716,1.2543,2.3348,25.8126,0.0705,0.0471,2239.3
288,29.5935,1.026,2.1387,2.3573,43.942,0.077,0.0286,2172.5333
289,32.3553,0.6019,0.738,2.4160000000000004,26.5712,0.04990000000000001,0.0274,2181.61108
290,21.2995,0.7512,1.1757,2.2671,20.6732,0.0778,0.0413,2241.1778
291,20.4284,0.8575999999999999,2.051,2.3025,23.5276,0.04360000000000001,0.0359,2186.9889
292,19.9683,0.6555,0.8661,2.3984,21.7408,0.0682,0.0242,2200.9556
293,25.7524,0.741,0.5952,2.2671,52.955600000000004,0.0418,0.04,2188.5111
294,25.8775,1.1509132575099223,1.0047,2.2785000000000006,18.8678,0.0762,0.0569,2192.7889
295,23.4612,0.6024,1.3849,2.2771,55.0612,0.0463,0.027199999999999995,2124.8444
296,22.2958,0.5831,1.2098,2.3932,24.3419,0.0688,0.026,2244.9778
297,20.1338,0.6385,1.2667,2.2797,41.9657,0.0322,0.0348,2218.8111
298,38.597,0.703,0.6741,2.3997,48.41810000000001,0.0276,0.026,2248.4222
299,12.0446,0.6332,0.8297,2.2773,23.1715,0.0814,0.0182,2170.9667
300,35.4148,0.5922,2.448,2.3132,43.0048,0.0884,0.04680000000000001,2196.6889
301,26.26,0.9845,0.5796,2.4160000000000004,24.9241,0.05580000000000001,0.010400000000000001,2231.9555
302,20.1913,0.6624,0.6628,2.2717,37.3314,0.0739,0.023599999999999996,2199.6556
303,32.3293,0.7593,2.3988,2.3695,23.7039,0.0481,0.0346,2203.0445
304,19.9831,0.7448,1.267,2.2588,15.822999999999999,0.0598,0.0423,2173.4556
305,22.9633,0.827,0.9146000000000001,2.2967,22.8028,0.0539,0.0523,2183.3444
306,21.7752,0.6837,1.8588,2.349,20.4102,0.0569,0.0224,2134.7445
307,26.9923,0.428,1.1613000000000002,2.2939,21.7136,0.058300000000000005,0.0398,2205.2555
308,25.8412,0.5217,1.0562,2.4213999999999998,18.032,0.0428,0.0425,2245.3667
309,44.792763830260405,0.9192,1.478,2.3314,27.0481,0.0597,0.0435,2139.2667
310,30.1316,0.4764,1.8196,2.3052,46.8422,0.0556,0.0372,2243.7778
311,22.863,0.4972,0.661,2.2729,34.6758,0.0651,0.0382,2206.9667
312,25.5177,0.9386,1.9245,2.3216,30.9721,0.0371,0.0316,2195.1222
313,24.6273,0.845,2.7419667544043924,2.3257,18.4484,0.051800000000000006,0.0294,2171.8556
314,28.4535,0.8145,0.5624,2.2604,16.2118,0.0748,0.0383,2216.8111
315,30.6183,0.8153,1.0395000000000003,2.2453,19.939,0.0198,0.0487,2192.7556
316,25.584799999999998,0.5116,0.5054,2.2964999999999995,33.4113,0.1118,0.055499999999999994,2167.2
317,30.3896,0.5969,1.3557,2.3296,16.7414,0.04700000000000001,0.0342,2170.9667
318,28.8331,0.8145,1.6262,2.2711,26.58,0.083,0.0168,2195.9778
319,44.792763830260405,0.9046,0.6630000000000001,2.4066999999999994,18.7042,0.0693,0.0175,2221.9444
320,19.9156,0.6425,0.6777000000000001,2.3073,33.5482,0.040100000000000004,0.0524,2202.1222
321,27.1184,0.6482,0.8502999999999998,2.3187,22.544,0.0108,0.0438,2192.7889
322,25.2629,0.6979,0.7847,2.2868,43.33390000000001,0.0734,0.0424,2205.7
323,32.6343,0.9737000000000001,1.1404,2.3505,26.9323,0.0394,0.0461,2186.2667
324,25.2855,0.8849,0.5176,2.3073,33.0931,0.05210000000000001,0.0368,2213.7556
325,26.308,0.8652,0.4807,2.2553,19.3211,0.04120000000000001,0.05920000000000001,2206.1444
326,22.613099999999996,0.8708,0.547,2.3796,33.1717,0.0487,0.0374,2224.0
327,32.7382,0.8755,0.5159,2.4439,33.3189,0.0842,0.0242,2231.6111
328,25.4566,0.7141,0.4382,2.3162,31.1763,0.0454,0.0287,2179.0778
329,23.6862,0.7495,1.1866,2.2697,15.7018,0.059,0.022,2200.7333
330,23.229,0.6475,1.0777,2.3063,19.5843,0.0726,0.0512,2216.4778
331,26.658,0.879,1.8979000000000001,2.3237,39.9146,0.12647035144201868,0.0417,2180.6778
332,21.1288,0.8849,0.4907,2.3073,40.5005,0.0361,0.0497,2213.7556
333,27.0904,0.784,0.9051999999999999,2.2337,38.9591,0.0593,0.055499999999999994,2189.6778
334,18.6087,0.7393,1.2833,2.3582999999999994,27.403,0.0717,0.0222,2180.1556
335,28.378500000000003,0.4955,0.6415,2.3063,30.4772,0.0293,0.0358,2216.4778
336,26.5918,0.7914,1.2209,2.1996,41.1981,0.0564,0.0502,2172.8111
337,28.1825,0.7101,1.0556,2.3301,21.6272,0.0427,0.0366,2177.4333
338,34.1825,0.6419,1.1885,2.3797000000000006,33.8242,0.0437,0.045200000000000004,2244.5
339,39.910599999999995,0.6627,2.4641,2.31,40.758900000000004,0.0452,0.0413,2184.8889
340,25.7025,0.7017,1.4643,2.3257,29.449899999999996,0.0647,0.0151,2171.8556
341,25.587500000000002,0.6371,2.1837,2.2928,54.16470000000001,0.0368,0.0501,2243.7778
342,23.8478,0.791,1.2156,2.3331,51.0526,0.0834,0.0358,2194.5889
343,30.2685,0.781,1.0912000000000002,2.3021,31.0329,0.0278,0.0465,2187.9889
344,35.7866,0.7716,1.9645,2.3149,29.2214,0.05600000000000001,0.016,2196.6889
345,23.5681,0.7448,1.4277,2.2588,18.591,0.0342,0.0451,2172.1223
346,40.8846,0.3415,0.6209,2.2949,23.4919,0.0466,0.063,2203.1667
347,23.7727,0.6917,1.9923000000000002,2.3978,33.9244,0.0744,0.0255,2218.0555
348,31.460500000000003,0.8687,0.8899,2.3257,15.6102,0.0488,0.0267,2171.8556
349,31.9995,0.4054,1.4218,2.3021,33.6219,0.0809,0.0531,2216.8333
350,22.5764,0.7495,1.9578,2.3695,16.589,0.049600000000000005,0.0408,2177.0222
351,30.42346,0.5583,1.0355,2.4241,30.4398,0.061399999999999996,0.0438,2269.2556
352,23.241,0.7141,1.1257000000000001,2.3296,25.5808,0.04680000000000001,0.0316,2170.9667
353,18.585299999999997,0.9265000000000001,1.4659,2.3403000000000005,24.4135,0.12647035144201868,0.0301,2174.8666
354,29.6922,0.5911,0.4922,2.2563,23.1545,0.0219,0.03,2243.8556
355,33.7075,0.7245,1.3401,2.2527,32.6185,0.04170000000000001,0.0395,2188.5444
356,30.1518,0.6676,1.746,2.3604,19.5079,0.057,0.0359,2236.0667
357,29.1285,0.6977,0.8158,2.3322999999999996,8.2842,0.0421,0.0386,2171.3222
358,25.8642,0.8986000000000001,0.9396,2.2553,17.3595,0.0371,0.0372,2213.9111
359,20.8541,0.8756,0.54,2.3275,41.5583,0.102,0.027000000000000003,2190.1555
360,20.1394,0.7217,0.7954,2.31,24.2197,0.04760000000000001,0.0634,2212.7111
361,22.8619,0.6833,0.6347000000000002,2.4151,23.3287,0.0389,0.0111,2218.7778
362,32.5387,0.8708,1.7394,2.3101,66.3273450377527,0.0571,0.0364,2177.3222
363,20.8256,0.8756,1.2146000000000001,2.3124,13.8806,0.0852,0.0487,2220.0445
364,44.792763830260405,0.8054,0.8075,2.3099000000000003,21.525,0.073,0.0802,2196.6889
365,44.0701,0.8007,1.1821000000000002,2.3756,35.9496,0.0352,0.029,2171.9
366,29.5895,0.8867000000000002,1.0292000000000001,2.3503,19.6902,0.049800000000000004,0.0429,2159.0556
367,24.0616,0.6474,0.5019,2.2671,37.3504,0.0425,0.0565,2170.7444
368,44.792763830260405,0.5398,1.8287,2.3026,45.82340000000001,0.12647035144201868,0.0188,2285.9056737471537
369,20.4431,0.9174,1.8924,2.3132,25.1131,0.03880000000000001,0.0321,2208.4444
370,23.2908,0.8849,2.3473,2.3672,28.9574,0.0362,0.0594,2180.0556
371,23.904599999999995,0.45180000000000003,1.5431,2.2717,48.5444,0.0775,0.014800000000000002,2199.6556
372,24.8245,0.5097,1.3016,2.2954,20.2996,0.0402,0.0225,2266.8333
373,26.1208,0.5217,1.2793,2.3207,21.4102,0.0509,0.0181,2174.7555
374,28.0815,0.49729999999999996,1.0089000000000001,2.2569,27.1182,0.0253,0.0375,2194.9556
375,23.3059,0.5969,1.1364,2.3099000000000003,31.329699999999995,0.0424,0.0471,2186.9889
376,28.8578,0.6332,1.2126,2.4201,13.5783,0.12219999999999999,0.023400000000000004,2165.0333
377,44.792763830260405,0.9192,0.8832,2.4066999999999994,26.1184,0.0635,0.013,2221.9444
378,29.7843,0.4054,1.3151,2.2858,26.5735,0.0649,0.0491,2196.1111
379,25.9662,0.7978,1.56,2.2909,30.6632,0.016,0.0143,2183.3111
380,21.6796,0.6053,0.8488,2.3036,27.1418,0.0651,0.0438,2218.8778
381,31.879,0.612,0.7724,2.2756,19.653,0.0361,0.0392,2200.9889
382,28.1985,0.49450000000000005,0.5141,2.3378,12.5391,0.0418,0.0515,2164.3
383,23.7087,0.5969,0.6813,2.3144,40.40090000000001,0.0617,0.0337,2197.2333
384,25.2115,0.845,0.9829,2.2771,33.3539,0.04680000000000001,0.0391,2201.8222
385,35.2757,0.4764,0.636,2.2948,42.8484,0.0506,0.04359999999999999,2197.6778
386,30.012999999999998,0.4059,0.9405,2.2472,18.5093,0.0898,0.0207,2206.1444
387,28.615700000000004,0.5139,1.2209,2.4073,27.3633,0.1077,0.0517,2203.4556
388,31.0321,0.8274,2.3927,2.4,66.3273450377527,0.06079999999999999,0.044199999999999996,2280.8222
389,18.708500000000004,0.5333,1.4867,2.212,43.7487,0.04970000000000001,0.0385,2173.2778
390,21.9055,0.49729999999999996,1.0252,2.4012,30.515300000000003,0.0649,0.0313,2211.7778
391,24.0673,0.8708,1.053,2.3865,16.7504,0.052500000000000005,0.0152,2196.6889
392,18.2764,0.8705000000000002,2.421,2.3805,26.4714,0.05820000000000001,0.0477,2205.4667
393,32.176,0.612,1.8409,2.3883,21.7225,0.0207,0.0405,2210.2778
394,31.3396,0.9090000000000001,1.0947000000000002,2.2564,42.965300000000006,0.04760000000000001,0.047,2194.3778
395,23.4301,0.6762,1.4327,2.2717,28.8599,0.0996,0.0156,2199.6556
396,17.8357,0.7733,1.1921,2.2555,22.3127,0.0322,0.0417,2217.4111
397,20.5351,0.7888,0.9092,2.3244,29.2967,0.0408,0.0297,2168.7222
398,23.3895,0.5905,0.9037,2.2588,13.5693,0.0647,0.0351,2210.2778
399,28.1392,0.5969,1.4406,2.3262,24.2101,0.12647035144201868,0.0276,2224.6222
400,31.7755,0.7249,1.1524,2.3058,34.2467,0.0455,0.0614,2201.2889
401,26.8972,0.8867000000000002,0.5412,2.3044,26.1894,0.0696,0.0397,2235.0556
402,29.1464,0.8301,1.3462,2.3708,33.2929,0.0483,0.05439999999999999,2205.7222
403,17.3399,0.8544,1.1433,2.3087,19.7153,0.0508,0.0124,2189.6555
404,22.588,0.7071,0.454,2.3078,34.3749,0.05530000000000001,0.0319,2218.5778
405,25.0401,0.6371,2.1857,2.3099000000000003,59.33429999999999,0.0572,0.0477,2186.9889
406,21.235899999999997,0.5922,1.2893,2.3808,26.5863,0.0675,0.04630000000000001,2197.2333
407,30.270200000000003,0.5073,1.3868,2.3025,24.1862,0.061099999999999995,0.0496,2204.2889
408,22.6626,0.5756,1.8458,2.2959,26.3014,0.0885,0.0525,2187.9889
409,28.8106,0.9090000000000001,0.9833000000000001,2.2725,46.47430000000001,0.0713,0.0456,2114.990009996847
410,30.7204,0.6379,1.3541,2.212,47.86160000000001,0.1096,0.0491,2236.1111
411,39.683,0.9352000000000001,0.8118,2.3348,39.6861,0.0574,0.0405,2187.5222
412,19.3697,0.8251,0.6189,2.2948,28.2655,0.026,0.0327,2208.4444
413,18.6476,0.3607,1.3617,2.3592,36.819,0.04150000000000001,0.0191,2265.1889
414,22.8489,0.7473,0.7445999999999999,2.2909,56.2919,0.03900000000000001,0.0161,2183.3111
415,22.9832,0.7025,0.6305000000000001,2.4723,24.2224,0.03930000000000001,0.0183,2231.6111
416,29.8057,0.6925,1.5357,2.3021,48.476200000000006,0.0926,0.0384,2205.5
417,38.9877,0.7367,2.3928,2.3167,37.1025,0.05466,0.0384,2201.5777
418,14.8409,0.6053,1.1482,2.2802,33.1734,0.0379,0.0112,2202.2556
419,32.7742,0.48889999999999995,1.6889,2.2737,18.3779,0.0394,0.049,2207.9555
420,23.6925,0.7448,0.8587999999999999,2.2622,18.9111,0.008,0.0428,2180.7
421,22.805700000000005,0.7769,0.6902,2.2927,20.0249,0.0632,0.0184,2176.4667
422,24.3585,0.7636,0.5434,2.2563,36.6246,0.0128,0.012699999999999998,2227.9778
423,30.59,0.6156,0.5378,2.4160000000000004,26.7178,0.0888,0.0248,2276.4556
424,22.7886,0.3954,1.3679,2.2216,31.228599999999997,0.0363,0.046,2171.8556
425,30.382399999999997,0.8301,1.0263,2.4201,23.1539,0.0693,0.0438,2162.7556
426,26.3334,0.792,1.7921,2.3406,23.863,0.0759,0.0446,2159.0556
427,30.9695,0.5201,1.7352,2.2799,24.7674,0.038000000000000006,0.0071,2217.0
428,25.4819,0.5139,1.4776,2.3275,39.5139,0.0548,0.057600000000000005,2190.1555
429,25.433299999999996,0.8929,1.7578,2.3221,19.7188,0.046,0.0359,2220.5445
430,31.3826,0.6874,0.9984000000000001,2.2805,28.9147,0.0542,0.018,2216.5
431,20.2022,0.4188,0.5358,2.3867,32.1475,0.0726,0.0455,2260.7333
432,33.6506,0.4188,1.5318,2.1996,25.0847,0.0569,0.0495,2171.8556
433,41.5512,0.7927,1.7925,2.3248,12.5641,0.12647035144201868,0.0438,2166.5222
434,33.9495,0.5171,0.6368,2.3914,14.108,0.043800000000000006,0.0441,2260.7333
435,24.7094,0.4552,0.6321,2.4201,25.3071,0.04170000000000001,0.0188,2244.5
436,31.3918,0.8986000000000001,1.1005,2.3936000000000006,28.0078,0.06180000000000001,0.038,2189.3556
437,22.97,0.5868,0.6766,2.2757,35.1425,0.0802,0.04,2200.9889
438,39.6821,0.5398,2.1091,2.3505,26.9027,0.12647035144201868,0.0414,2228.0555
439,25.4943,0.49239999999999995,0.9553,2.2673999999999994,20.4703,0.0767,0.0402,2212.3
440,41.9354,0.6523,1.5056,2.4066999999999994,25.8658,0.04100000000000001,0.062,2217.7556
441,38.5841,0.795,1.6454000000000002,2.3167,21.5302,0.0357,0.0699,2194.6444
442,28.8009,0.8273,2.7419667544043924,2.3322999999999996,14.692800000000002,0.0594,0.0588,2184.8889
443,27.2525,0.6874,1.0037000000000003,2.2474,57.5005,0.0447,0.046,2206.1444
444,29.9212,0.3596,1.6691,2.2915,27.2989,0.0703,0.0631,2182.4111
445,20.657600000000002,0.7797,1.1005,2.2868,35.7768,0.0819,0.0382,2195.4444
446,26.1479,0.6019,1.6595,2.2689,40.040600000000005,0.0261,0.0408,2173.6444
447,30.0241,1.0398,1.9298,2.3416,17.6569,0.043000000000000003,0.0565,2180.3778
448,23.1757,0.6491,1.7021000000000002,2.3313,32.9369,0.04990000000000001,0.0449,2183.4333
449,44.792763830260405,0.8756,2.1645,2.2564,66.3273450377527,0.12647035144201868,0.0464,2173.4024419993693
450,30.3538,0.6135,1.7789,2.3416,20.9587,0.0272,0.0584,2180.3778
451,29.0454,0.5264,0.9171999999999999,2.3308,20.0416,0.0483,0.0525,2195.1
452,26.7098,0.4955,0.7935,2.3306,21.4685,0.0086,0.054000000000000006,2171.8556
453,25.4798,0.5328,1.5394,2.1911,17.3811,0.1074,0.047,2173.2778
454,27.984,0.686,2.0675,2.2569,20.791,0.0479,0.08479279615742157,2166.2111
455,18.277,0.34,0.9863000000000001,2.3391,27.2044,0.0398,0.0505,2205.7222
456,30.2755,0.703,0.8142,2.3026,59.509100000000004,0.0541,0.011799999999999998,2223.4
457,32.4807,0.5745,1.2878,2.2671,31.668200000000002,0.0349,0.0241,2241.1778
458,26.0868,0.8652,0.8824,2.2668,50.9698,0.0714,0.0476,2168.7333
459,21.979199999999995,0.6995,1.1737000000000002,2.3391,18.1288,0.028,0.04370000000000001,2205.7222
460,25.688,0.8444,0.4568,2.2689,33.7909,0.054900000000000004,0.0408,2126.6555
461,23.1136,0.8756,0.7458,2.3331,20.9909,0.0867,0.0435,2204.5445
462,23.8511,0.781,0.9222,2.3021,19.0038,0.0352,0.0388,2187.9889
463,39.4515,0.7865,2.3584,2.3911,64.707,0.0455,0.045,2280.8222
464,24.5095,0.6097,1.5174,2.2216,26.4448,0.0459,0.0608,2198.8556
465,29.2938,0.5349,1.6628,2.2673999999999994,31.136800000000004,0.05280000000000001,0.043,2207.9555
466,28.4793,0.5116,0.5152,2.2728,32.9145,0.0813,0.0361,2253.5111
467,32.0454,1.026,1.4633,2.3038,66.3273450377527,0.0545,0.0451,2195.7666
468,28.9752,0.4054,0.9923,2.2797,20.3593,0.0708,0.0583,2212.3
469,26.1038,0.6024,1.174,2.2967,19.442,0.0775,0.0246,2155.6333
470,31.3727,0.4054,1.8398,2.2809,22.9524,0.0369,0.04990000000000001,2209.6667
471,27.9706,0.6214,1.5461,2.2732,29.555099999999996,0.0429,0.06230000000000001,2215.8111
472,27.0478,0.5832,0.5554,2.4213999999999998,23.891,0.1252,0.0334,2151.6889
473,29.0537,0.6214,1.5425000000000002,2.2809,27.9177,0.0272,0.039,2207.1444
474,18.8532,0.5333,1.6463,2.2825999999999995,41.00580000000001,0.07,0.0417,2164.3666
475,29.4926,0.969,0.8502999999999998,2.3257,32.5182,0.0487,0.0372,2183.5
476,33.4081,0.6917,1.9569,2.3978,37.6779,0.0399,0.022,2218.0555
477,23.1861,0.6332,1.5723,2.2717,18.7802,0.05000000000000001,0.0134,2175.2556
478,21.1535,0.5614,2.0322,2.3596000000000004,35.2476,0.05310000000000001,0.0156,2171.9
479,31.554500000000004,0.752,0.6210000000000001,2.4044000000000003,44.626200000000004,0.0659,0.0583,2210.9778
480,31.016,0.7017,1.0689000000000002,2.3414,47.24920000000001,0.058,0.0425,2171.3222
481,29.7545,0.686,0.498,2.2588,19.0442,0.0326,0.0654,2200.9889
482,31.3313,0.42769999999999997,0.8767,2.3397,21.3059,0.12647035144201868,0.0339,2223.1667
483,31.0165,0.5595,0.496,2.4023,16.0095,0.0481,0.0346,2219.7667
484,32.4059,0.7769,1.2528,2.2673999999999994,34.3994,0.038000000000000006,0.0451,2223.0444
485,26.3006,0.8273,0.6162,2.3312,14.6368,0.0466,0.0615,2167.9444
486,33.0615,0.5969,1.3776,2.3735000000000004,35.3398,0.0437,0.0406,2185.3334
487,24.320600000000002,0.538,1.5383,2.3326,26.9186,0.0692,0.0344,2169.4667
488,26.2879,0.6709,0.7162999999999999,2.2737,25.1243,0.0725,0.0362,2207.9555
489,32.3378,0.5928,1.7485999999999997,2.4035,47.402300000000004,0.0397,0.041600000000000005,2246.4889
490,36.343,0.4972,1.8977,2.2757,35.3393,0.0338,0.07,2210.7333
491,27.6705,0.6139,1.0303,2.2954,25.9379,0.0361,0.023400000000000004,2182.0222
492,30.3892,0.6676,0.5448,2.3375,15.1385,0.0346,0.0204,2167.9444
493,23.0468,0.8929,1.1893,2.3417,15.155,0.035,0.0515,2206.5112
494,21.0027,0.5562,1.0161,2.3672,31.107,0.043800000000000006,0.0395,2178.6889
495,25.849,0.7555,1.0662,2.3297,23.6833,0.036,0.0532,2217.8667
496,27.6462,0.7245,1.1630000000000003,2.4196000000000004,22.8894,0.0419,0.0169,2200.2
497,26.3116,0.6535,0.5544,2.2793,23.7793,0.03880000000000001,0.05040000000000001,2171.8556
498,28.803,0.8986000000000001,1.7661,2.2646000000000006,26.196,0.0893,0.0454,2192.0
499,28.6912,0.7979,1.4001000000000001,2.2563,21.0808,0.0704,0.0158,2244.9778
500,22.6504,0.6491,1.5858,2.3313,21.8561,0.0474,0.039,2199.3334
501,28.1993,0.48889999999999995,2.1399,2.2809,21.7815,0.0332,0.0402,2209.4667
502,28.189,0.7608,0.9768000000000001,2.3058,16.0182,0.0712,0.043,2204.6667
503,30.0565,0.4645,1.4319,2.3259,32.3512,0.05210000000000001,0.0093,2183.3111
504,18.2111,0.6491,1.2562,2.3712,26.6598,0.04730000000000001,0.0318,2191.9
505,26.0425,0.6475,0.6287000000000001,2.3495,18.3374,0.0794,0.0424,2159.0556
506,23.7055,0.8755,0.5642,2.3793,26.9538,0.0667,0.0645,2189.8778
507,26.2629,0.741,0.5072,2.2825999999999995,24.5921,0.0511,0.0569,2199.6556
508,34.1725,0.3728,0.9274000000000001,2.2729,22.7234,0.061000000000000006,0.038,2206.4
509,24.7718,0.647,0.6388,2.4201,26.8931,0.0897,0.0219,2137.6111
510,27.8252,0.8574000000000002,0.5889,2.2864,49.7102,0.04200000000000001,0.0169,2219.7667
511,16.3432,0.4552,1.1453,2.4237,19.8547,0.0527,0.0317,2228.9445
512,26.031699999999997,0.5365,0.9630000000000001,2.4025,16.7686,0.0277,0.045200000000000004,2285.9056737471537
513,21.2711,0.7056,0.9534,2.349,14.3064,0.048600000000000004,0.0367,2204.5445
514,27.2483,0.8986000000000001,0.5779,2.3938,19.195,0.061099999999999995,0.05040000000000001,2196.0
515,31.416,1.0039,2.1505,2.3971,19.2374,0.0267,0.0727,2185.9333
516,25.3309,0.7979,1.2665,2.292,27.7431,0.049800000000000004,0.009599999999999997,2178.5889
517,24.3465,0.8687,0.4508,2.3063,21.3129,0.0604,0.0368,2216.4778
518,23.5304,0.8147,1.8714,2.3625,10.7413,0.0372,0.0667,2173.6222
519,28.6582,0.5162,0.9273,2.2474,23.7783,0.0604,0.0552,2210.8556
520,22.3822,0.5844,0.3971,2.3162,19.5946,0.0513,0.0154,2219.1333
521,32.6465,0.5928,2.1512,2.3582999999999994,11.7214,0.0677,0.0265,2222.3333
522,23.2779,0.8251,1.4487,2.3128,21.2202,0.0624,0.0526,2180.9666
523,27.0988,0.9272999999999999,0.9407,2.2689,22.8706,0.048,0.0332,2155.6333
524,24.2974,0.7362,1.169,2.2732,66.3273450377527,0.0777,0.0564,2196.1111
525,25.7166,0.6535,0.7974,2.3144,19.7666,0.021,0.0388,2205.2222
526,25.3734,0.49700000000000005,0.5985,2.3495,18.0449,0.076,0.042600000000000006,2242.8555
527,25.101299999999995,0.76,0.6081,2.2964999999999995,29.760199999999998,0.0657,0.04680000000000001,2235.0556
528,18.3175,0.7997,1.7144,2.4,17.2187,0.0447,0.0491,2185.9333
529,30.7458,0.6762,1.3106,2.2732,33.1326,0.0958,0.053500000000000006,2217.5778
530,30.6953,0.4552,1.3522,2.2671,22.2905,0.086,0.0334,2188.5111
531,37.6915,0.5857,1.4197,2.3243,19.4794,0.05840000000000001,0.0739,2270.2556
532,26.419299999999996,0.5272,0.5811,2.1995,40.95210000000001,0.065,0.039,2164.2667
533,19.1895,0.6438,0.8821,2.3124,22.1915,0.0909,0.03308,2210.3556
534,25.600300000000004,0.7187,0.5732,2.3406,20.8534,0.0789,0.0486,2159.0556
535,20.6151,0.752,1.1259,2.3124,24.2611,0.0429,0.0187,2216.7333
536,26.166,0.6332,1.2276,2.3044,23.7688,0.03910000000000001,0.029299999999999996,2146.1111
537,22.8211,0.6555,1.2161,2.3042,58.5739,0.0643,0.0554,2200.9556
538,20.724200000000003,0.7429,0.9775000000000001,2.2831,19.3299,0.0811,0.0398,2114.990009996847
539,18.784,0.7358,0.956,2.3301,44.2576,0.12647035144201868,0.0528,2177.4333
540,26.4708,0.5171,1.653,2.4196000000000004,21.5261,0.075,0.0245,2219.7667
541,18.9734,0.486,1.7646,2.3195,53.4215,0.0626,0.04,2200.2333
542,19.6859,1.026,1.5655,2.2689,40.4322,0.0243,0.032,2219.1333
543,18.0095,0.5941,1.1074,2.2802,15.776899999999998,0.0724,0.0147,2204.2333
544,33.0758,0.631,0.5952,2.3865,36.5909,0.0282,0.009999999999999998,2238.5444
545,27.5177,0.8955000000000001,0.9656000000000001,2.4241,11.3154,0.0717,0.0415,2186.9
546,26.8806,0.8473,1.0294000000000003,2.3991,23.6049,0.033,0.0577,2216.6778
547,33.6192,0.5559,2.2207,2.2931,18.6965,0.0662,0.0279,2180.3778
548,28.0695,0.6135,1.143,2.3403000000000005,29.735199999999995,0.061000000000000006,0.0572,2181.6111
549,23.4873,0.76,0.4976999999999999,2.2937,45.836000000000006,0.05070000000000001,0.0369,2163.8667
550,44.792763830260405,0.6521,1.3704,2.2982,20.5457,0.1111,0.0613,2181.1889
551,23.7193,0.6531,0.9529,2.3991,19.5605,0.0748,0.0494,2242.4333
552,28.9017,0.7914,0.5774,2.4253,45.41830000000001,0.0936,0.0315,2147.1111
553,32.6374,0.6177,1.2101,2.2678,22.9431,0.048600000000000004,0.0589,2213.15554
554,41.8842,0.9737000000000001,0.5712,2.3408,44.322500000000005,0.058600000000000006,0.0048,2234.6111
555,21.979199999999995,0.7007,2.1467,2.3194,15.722100000000001,0.040600000000000004,0.0505,2214.7111
556,20.5025,0.5941,0.9214999999999999,2.3817,28.1435,0.040900000000000006,0.0654,2205.7445
557,26.0917,0.3596,0.7553,2.2779,32.9613,0.0424,0.0415,2194.09778
558,23.780599999999996,0.7473,0.5063,2.3177,66.3273450377527,0.0479,0.0398,2213.7556
559,27.527,0.7979,1.5008,2.2927,28.6565,0.077,0.015300000000000001,2178.4667
560,27.6476,0.8221,1.0674000000000001,2.4073,35.1893,0.0606,0.049,2136.4111
561,26.8797,0.8054,2.0131,2.3865,23.9925,0.037,0.023899999999999998,2196.6889
562,24.7298,0.45180000000000003,1.4905,2.3138,26.7147,0.063,0.0395,2244.5
563,21.0446,0.5484,0.9001,2.2949,35.6697,0.0642,0.0492,2208.9778
564,27.6301,1.0498,1.4857000000000002,2.2932,40.447500000000005,0.05020000000000001,0.0513,2230.4222
565,40.5205,0.9046,0.5697,2.3403000000000005,24.1311,0.04700000000000001,0.02,2196.6555
566,21.3671,0.6482,1.5248,2.319,34.6371,0.017,0.044,2207.1
567,26.702099999999998,0.6024,1.0790000000000002,2.3162,29.3642,0.0884,0.0172,2114.990009996847
568,31.4439,0.44859999999999994,0.8458,2.3289,28.546,0.031,0.0549,2200.0666
569,28.7752,0.3745,0.5645,2.4284,24.2585,0.07,0.04990000000000001,2155.3111
570,30.6289,0.5857,1.205,2.3416,16.2616,0.015199999999999998,0.0464,2197.3111
571,26.1855,0.631,2.2394,2.3796,21.4177,0.05310000000000001,0.041,2197.6778
572,22.3374,1.0039,0.6183,2.3177,17.4238,0.0319,0.0391,2202.1222
573,29.3844,0.6385,1.3993,2.3006,44.255100000000006,0.048600000000000004,0.0124,2174.8666
574,21.7381,0.9174,1.6741,2.3704,43.88430000000001,0.0508,0.0318,2225.5889
575,20.2979,0.4812,1.662,2.2948,31.989099999999997,0.030099999999999995,0.04270000000000001,2167.5
576,26.7245,0.6944,0.7625,2.3867,22.6088,0.0711,0.048299999999999996,2169.9444
577,24.3275,0.9858,0.6021,2.3715,50.457100000000004,0.04070000000000001,0.0294,2214.7111
578,30.2505,0.9192,2.0058,2.3167,52.5094,0.0466,0.0398,2178.7333
579,23.4325,0.49700000000000005,1.065,2.3414,20.9068,0.04,0.0446,2229.3333
580,24.160100000000003,0.4063,0.6534,2.2797,24.6772,0.04,0.045,2206.95114
581,23.7913,0.6635,0.896,2.3725,22.8649,0.0289,0.0489,2197.6778
582,31.9933,0.4645,1.5624,2.2689,30.414200000000005,0.0703,0.0616,2183.3111
583,20.9755,0.6979,0.4549,2.2647,29.0204,0.05840000000000001,0.06,2114.990009996847
584,18.5294,0.8755,0.8581,2.3938,66.3273450377527,0.0235,0.0449,2211.7778
585,28.1426,0.48889999999999995,1.1776,2.2809,23.2428,0.04920000000000001,0.0681,2209.4667
586,22.6375,0.845,0.5981,2.3063,20.046,0.05210000000000001,0.0336,2216.4778
587,22.519,0.6556,2.3637,2.3132,41.6249,0.0357,0.0381,2198.7222
588,24.3769,0.5217,1.5979,2.4044000000000003,8.1933,0.0796,0.054000000000000006,2218.6333
589,24.1465,0.827,0.4919,2.3805,21.2666,0.0199,0.0198,2151.6889
590,23.6178,0.428,1.1828,2.2732,22.6387,0.0574,0.0516,2208.9778
591,20.0445,0.49450000000000005,0.5803,2.3378,32.4354,0.04420000000000001,0.054000000000000006,2164.3
592,22.969,1.026,0.6342,2.3167,50.5859,0.062,0.0315,2214.7111
593,28.252,0.6761,1.2874,2.3308,20.776,0.0651,0.0542,2207.1
594,39.9438,0.357,1.3188,2.3695,28.5791,0.0487,0.0378,2183.4556
595,19.6185,0.6419,0.7779,2.3867,62.6474,0.0536,0.0277,2169.9444
596,26.3122,0.6556,1.9099000000000002,2.3038,28.723,0.0565,0.0434,2243.7778
597,23.0148,0.7461,1.4308000000000003,2.3524,33.3101,0.05630000000000001,0.0401,2171.9
598,27.8256,0.7184,1.0753,2.2982,15.17,0.0738,0.0657,2201.2889
599,29.2883,0.7151,0.808,2.3207,49.04030000000001,0.0838,0.011700000000000002,2127.9555
600,26.977,0.6969,1.507,2.2939,33.0317,0.0248,0.05079999999999999,2189.6778
601,19.9565,0.6716,2.0754,2.3524,24.5964,0.0556,0.05040000000000001,2222.3222
602,28.655800000000003,0.7854,0.7991,2.2805,31.902899999999995,0.047200000000000006,0.0448,2200.9889
603,26.9974,0.7187,0.8728,2.3654,22.4076,0.078,0.0394,2165.8666
604,31.0075,0.612,0.6604,2.2757,42.49860000000001,0.05280000000000001,0.0394,2171.5
605,27.5901,0.6805,1.7093,2.2869,28.1723,0.0185,0.0632,2217.4111
606,28.8518,0.7495,1.2873,2.3044,24.8249,0.0334,0.0511,2202.2889
607,23.6405,0.6385,1.3873,2.2797,38.25690000000001,0.0318,0.0232,2239.4111
608,22.9785,0.8867000000000002,0.9634,2.3654,21.9452,0.0527,0.0327,2217.8111
609,26.040799999999997,0.6977,0.7595,2.3991,34.8613,0.05340000000000001,0.056,2216.5111
610,22.3489,0.5969,2.2069,2.3179,23.1448,0.12647035144201868,0.05090000000000001,2166.5222
611,29.6544,0.4063,0.5782,2.2392,38.89070000000001,0.0379,0.04370000000000001,2191.6445
612,22.7338,0.5614,0.9691,2.3403000000000005,27.9836,0.0327,0.0433,2181.1555
613,28.3474,0.5744,0.8104,2.2527,34.3926,0.04120000000000001,0.0298,2192.5556
614,44.792763830260405,0.6627,1.8646,2.298,57.481100000000005,0.0379,0.0445,2244.1111
615,21.5576,0.428,2.4909000000000003,2.2474,33.6613,0.0819,0.0621,2205.2555
616,35.7993,0.7299,1.2441,2.2949,19.4071,0.0597,0.033,2206.7999
617,26.2719,0.6874,2.7419667544043924,2.1919,27.0913,0.0778,0.0392,2208.9778
618,29.0235,0.6821,0.9998000000000001,2.2555,16.8022,0.0373,0.039240000000000004,2217.4111
619,17.1276,0.8849,0.7518,2.2771,20.9094,0.0862,0.0474,2180.7
620,33.8496,0.6716,1.5756,2.3582999999999994,26.069,0.0704,0.0251,2220.4444
621,24.8005,0.5969,1.0833,2.3243,21.2039,0.12647035144201868,0.0146,2224.6222
622,24.1109,0.7245,0.6707,2.2588,66.3273450377527,0.0291,0.045700000000000005,2213.2111
623,29.1406,0.482,1.0045,2.2647,19.1168,0.0539,0.0566,2194.9556
624,17.5921,0.7141,1.3788,2.2728,19.6001,0.0483,0.0444,2231.4889
625,16.9061,1.0824,1.8942000000000003,2.3715,30.2973,0.12647035144201868,0.0507,2195.1222
626,27.5479,0.686,1.1287000000000003,2.2596,23.8571,0.0765,0.0353,2226.3111
627,29.8969,0.9192,0.7478,2.3221,37.0154,0.0684,0.0368,2202.7111
628,32.8478,0.8929,1.5639,2.3613,24.4892,0.0187,0.0305,2242.2444
629,24.6661,0.741,1.3132,2.212,39.51840000000001,0.0186,0.0558,2173.2778
630,23.6096,0.733,1.0146,2.3283,18.3889,0.0632,0.029299999999999996,2182.6222
631,26.151200000000003,0.7495,1.6072,2.3695,17.8167,0.0191,0.0408,2196.0889
632,25.9589,0.5365,1.7343,2.3308,33.9838,0.05020000000000001,0.0373,2171.8556
633,25.740699999999997,0.3954,1.8646,2.2756,58.6309,0.0633,0.062,2202.5556
634,26.4206,0.4433,1.2824,2.3301,14.6315,0.06180000000000001,0.0449,2190.7666
635,17.0797,0.7164,1.2446,2.3592,36.5559,0.06029999999999999,0.0123,2183.4556
636,28.121,0.6514,1.4479,2.3341000000000003,50.05380000000001,0.0532,0.0537,2184.8889
637,24.5978,0.49729999999999996,0.5786,2.4012,17.0983,0.061500000000000006,0.0353,2187.4111
638,29.4636,0.3596,1.2286,2.2434,33.1272,0.1137,0.057100000000000005,2203.1667
639,27.4876,0.6697,0.8443,2.2445,20.4442,0.04920000000000001,0.0316,2223.9
640,26.3835,0.8737,1.2587,2.2563,25.0963,0.0725,0.0324,2276.4556
641,36.543200000000006,0.5344,0.6901,2.2539,25.0752,0.0806,0.0454,2209.4667
642,23.1901,0.412,1.272,2.3106,18.5965,0.0216,0.051399999999999994,2191.8445
643,32.4142,0.8575999999999999,2.3757,2.307,33.8592,0.04700000000000001,0.0536,2177.3222
644,36.6135,0.7108,2.0235,2.3162,46.0934,0.06019999999999999,0.021799999999999996,2179.0778
645,33.9056,0.6425,1.6959,2.3573,45.20530000000001,0.0277,0.0539,2187.6667
646,24.956299999999995,0.9912000000000001,2.7419667544043924,2.3375,10.4097,0.0299,0.0121,2167.9444
647,9.004587494256743,0.8045,0.48430000000000006,2.3984,66.3273450377527,0.0966,0.0203,2200.2333
648,25.2503,0.792,1.694,2.2802,23.669,0.05050000000000001,0.0168,2189.5777
649,25.8222,0.7217,0.5011,2.2928,34.4725,0.061200000000000004,0.043,2243.7778
650,29.185,0.8705000000000002,0.6689,2.3078,27.8636,0.092,0.033,2218.5778
651,25.0963,0.5139,0.9105,2.3499,21.6052,0.031,0.0376,2194.5889
652,31.6501,0.733,1.1152000000000002,2.2474,15.872499999999999,0.0908,0.0352,2211.6
653,23.6254,0.8756,1.0330000000000001,2.3331,18.3517,0.0974,0.030900000000000004,2187.8111
654,19.064,0.4788,1.2166,2.2377,25.2303,0.091,0.0532,2203.1667
655,28.777,0.3993,1.6289,2.319,11.9288,0.0824,0.060700000000000004,2204.6667
656,15.070799999999998,0.7164,1.4003,2.3592,62.6301,0.0445,0.054000000000000006,2265.1889
657,22.742700000000003,0.7473,0.7664,2.2964999999999995,29.814,0.0827,0.0382,2201.8222
658,44.792763830260405,0.4126,1.2968,2.2858,36.0792,0.0751,0.0512,2192.1889
659,28.0999,0.7807,0.5651,2.4172,31.0194,0.0431,0.039,2231.6111
660,30.2922,0.9352000000000001,2.1936,2.3582999999999994,21.0937,0.0281,0.0265,2183.4556
661,29.453000000000003,0.6139,0.5452,2.4023,41.4441,0.063,0.0131,2153.9778
662,22.9589,0.8273,0.8849,2.3604,17.8885,0.04460000000000001,0.0469,2233.1556
663,42.2686,0.703,0.507,2.3170999999999995,11.7767,0.0728,0.0393,2192.6889
664,22.23,0.6474,1.1377000000000002,2.2892,36.7423,0.04440000000000001,0.0341,2221.3667
665,23.5906,0.6716,1.0448000000000002,2.3497,21.3051,0.07,0.0281,2242.2444
666,29.6501,0.5832,1.0646,2.2927,26.4378,0.054400000000000004,0.0157,2258.2778
667,24.1854,0.6676,1.1405,2.3573,15.622100000000001,0.046900000000000004,0.057100000000000005,2207.8111
668,23.1949,0.7555,1.2783,2.3402,14.1319,0.0454,0.0282,2215.3889
669,22.5384,0.7888,1.9299,2.2948,33.5384,0.0355,0.0531,2197.6778
670,15.3094,0.8182,1.6483,2.3437,8.9488,0.0663,0.051,2248.9
671,17.1419,0.8201,0.6092,2.3883,18.6454,0.1071,0.0392,2180.5556
672,19.6579,0.4645,0.9899000000000001,2.2773,20.4664,0.0712,0.0141,2173.6444
673,25.2303,0.5844,1.7408,2.3322999999999996,16.0398,0.0601,0.0446,2233.1556
674,25.4763,0.5832,0.8475,2.2527,53.0391,0.058,0.0284,2201.8666
675,29.871,0.7865,2.0216,2.3704,34.8852,0.0432,0.05439999999999999,2202.4333
676,30.7097,0.7804,0.5184,2.2668,32.2233,0.0667,0.0469,2227.2444
677,26.247,0.7555,1.7231,2.3817,66.3273450377527,0.0194,0.042100000000000005,2189.8111
678,28.7982,0.8867000000000002,0.4254,2.3063,14.8615,0.0551,0.0529,2242.8555
679,27.2628,0.7245,0.7156,2.3883,66.3273450377527,0.0878,0.0606,2211.4334
680,30.9212,0.7047,0.571,2.3275,22.7362,0.05820000000000001,0.04370000000000001,2181.0444
681,28.9871,0.5365,1.0703000000000003,2.2793,35.0268,0.0271,0.0554,2200.0666
682,26.1735,0.8147,1.4174,2.3708,34.4255,0.0254,0.0706,2227.2444
683,21.3926,0.7007,0.4864,2.3834,55.42750000000001,0.0479,0.04680000000000001,2197.6444
684,31.0753,0.7804,0.8944,2.2472,43.2341,0.0293,0.038,2168.7333
685,31.3031,0.5868,0.8722,2.2631,19.039,0.0899,0.0627,2171.5
686,16.1776,0.9174,0.4302000000000001,2.3704,39.0141,0.061500000000000006,0.0459,2233.7666
687,14.606,0.741,1.2248999999999999,2.2216,53.9906,0.0395,0.0385,2253.3444
688,33.3616,0.49239999999999995,1.5465,2.1911,30.1816,0.0943,0.0383,2255.5222
689,26.3387,0.7025,0.6476,2.4196000000000004,16.3768,0.0423,0.0134,2200.2
690,21.8416,0.6062,2.2819,2.4012,16.6104,0.051800000000000006,0.0479,2195.6667
691,26.4617,0.7807,0.9152,2.2821,10.306,0.0846,0.011300000000000001,2249.2556
692,28.0488,0.7865,0.451,2.3834,28.5663,0.1146,0.05859999999999999,2214.0556
693,37.4506,0.6385,0.9416,2.3415,23.8886,0.04440000000000001,0.025200000000000004,2246.4889
694,24.0609,0.6214,1.6572,2.3056,34.532,0.0398,0.0566,2200.2111
695,26.0373,0.8623000000000001,1.2411,2.2453,15.9479,0.0345,0.04669999999999999,2191.3556
696,25.7529,0.6607,1.3811000000000002,2.2732,37.0426,0.12647035144201868,0.0699,2215.8111
697,26.5409,0.8544,0.9138000000000001,2.3672,28.4808,0.03930000000000001,0.0371,2178.6889
698,31.4736,0.6365,1.2261,2.2604,20.7889,0.049600000000000005,0.0401,2223.5333
699,25.2418,0.447,1.4464999999999997,2.3021,21.6324,0.0904,0.05090000000000001,2205.5
700,28.6132,0.6458,0.853,2.2564,50.69,0.05050000000000001,0.0423,2171.5
701,29.8709,0.6023,1.0448000000000002,2.2616,17.0279,0.06019999999999999,0.0528,2189.9667
702,23.941099999999995,0.8986000000000001,0.8713,2.2445,19.0499,0.0564,0.04320000000000001,2215.5111
703,25.1003,0.9090000000000001,0.427,2.2757,62.8724,0.0648,0.0553,2191.1333
704,29.875300000000003,0.6624,0.5207,2.3932,37.616800000000005,0.0522,0.023100000000000002,2231.9555
705,22.1373,0.7716,1.9653,2.3052,59.6353,0.0452,0.0441,2183.5777
706,24.7459,0.5365,0.8462,2.3604,34.843,0.0488,0.057600000000000005,2229.3333
707,27.3317,0.6385,1.4497000000000002,2.2539,29.3115,0.0342,0.0651,2217.0
708,44.792763830260405,0.879,1.2177,2.3505,14.638200000000001,0.12647035144201868,0.0409,2222.3222
709,27.2848,0.6917,0.9256,2.3025,42.3249,0.0488,0.042,2218.0555
710,28.2487,0.8687,0.9117,2.3322999999999996,15.3044,0.0346,0.0538,2172.4
711,17.7128,0.7345,1.0873,2.2604,49.58200000000001,0.04420000000000001,0.041,2187.3444
712,21.7888,0.9912000000000001,1.2189,2.2967,14.085,0.049800000000000004,0.0395,2141.0667
713,24.527599999999996,0.6555,0.5596,2.4151,21.2162,0.0601,0.0174,2228.9445
714,26.3457,0.8274,1.9412,2.3025,21.2293,0.0647,0.0325,2196.8
715,30.6968,0.3993,1.8980999999999997,2.3308,36.9929,0.0657,0.0412,2182.5555
716,26.6224,0.752,1.0795000000000001,2.3991,16.3905,0.0595,0.0656,2198.2667
717,17.8138,0.784,1.2409,2.2726,11.8854,0.0508,0.0349,2241.1778
718,40.4031,0.5272,1.4428000000000003,2.3479,32.2089,0.0341,0.0399,2226.5444
719,21.5935,0.8383,1.9286000000000003,2.3038,41.8378,0.0861,0.04359999999999999,2244.1111
720,29.5367,0.725,1.7275,2.2967,29.9394,0.0373,0.0238,2187.7333
721,20.221599999999995,0.6438,0.8934,2.3124,25.2868,0.0623,0.029460000000000004,2210.3556
722,24.3127,0.8849,0.7916,2.3177,19.4483,0.0596,0.0424,2180.0556
723,27.2606,0.7249,1.7824,2.2959,29.185899999999997,0.0804,0.057100000000000005,2195.9778
724,24.8064,0.5679,0.6138,2.2726,24.3709,0.0328,0.0354,2175.1222
725,21.7197,0.7637,1.4921,2.4025,23.7461,0.06180000000000001,0.0359,2214.7889
726,17.8882,0.4188,0.608,2.3193,59.18529999999999,0.0559,0.0566,2215.0222
727,30.5699,0.5357,1.1231,2.2527,26.9148,0.0782,0.0445,2206.1444
728,19.8754,0.7978,1.5908,2.3044,20.8559,0.0868,0.0378,2201.8222
729,29.5773,0.9352000000000001,0.7839,2.3221,19.72,0.0455,0.0479,2202.7111
730,29.6268,0.357,0.9888000000000001,2.3403000000000005,23.6992,0.0892,0.023899999999999998,2222.3222
731,40.0125,1.0039,2.0087,2.3704,17.2236,0.0522,0.0599,2230.0333
732,39.7935,0.9046,1.0869,2.3997,28.3366,0.0596,0.0458,2221.9444
733,31.0771,0.969,0.9706,2.3341000000000003,32.8337,0.052300000000000006,0.0631,2217.8667
734,14.1161,0.8147,1.7093,2.2564,14.881500000000003,0.05870000000000001,0.0608,2208.05112
735,31.3539,0.42769999999999997,1.1157,2.3532,23.817,0.0622,0.052,2191.6667
736,22.9765,0.9174,2.4264,2.3194,31.812100000000004,0.0298,0.0525,2201.5889
737,28.1353,0.7512,0.45259999999999995,2.292,12.7111,0.055400000000000005,0.0195,2194.9555
738,25.8855,0.34,0.4961,2.3604,10.7731,0.053,0.0464,2233.1556
739,30.635899999999996,0.4779999999999999,1.4532999999999998,2.2673999999999994,26.0086,0.0636,0.0405,2206.4
740,22.698000000000004,0.49700000000000005,0.8611,2.3604,11.8997,0.0349,0.04680000000000001,2242.4333
741,16.9701,0.9102999999999999,0.3632,2.2805,52.02830000000001,0.04760000000000001,0.0161,2285.9056737471537
742,39.6517,0.6523,1.7361,2.3407,32.2519,0.05050000000000001,0.0338,2224.4778
743,21.0896,0.8535000000000001,1.7295999999999998,2.3834,37.76270000000001,0.045,0.033,2197.6444
744,22.180900000000005,0.9174,1.8384,2.2881,24.2918,0.0267,0.0133,2170.5444
745,18.7066,0.6053,0.9103000000000001,2.2802,11.3983,0.0314,0.0143,2220.0445
746,23.9037,0.428,1.0226000000000002,2.2337,35.8066,0.0773,0.04630000000000001,2209.1
747,28.305499999999995,0.5349,1.2477,2.1911,26.1182,0.0588,0.051899999999999995,2211.4
748,33.6765,0.49239999999999995,1.4738999999999998,2.2216,19.9872,0.0764,0.0393,2198.8556
749,25.101399999999998,0.8652,0.5151,2.2757,28.1382,0.0794,0.0601,2216.5
750,24.218,0.6379,1.3416,2.1996,47.3107,0.0699,0.0382,2167.0889
751,27.2003,0.5343,1.5019,2.3331,26.684,0.0972,0.0392,2188.7222
752,26.0981,0.7346,1.0044,2.3907,17.83,0.0132,0.0566,2175.9667
753,23.8576,0.7807,1.1798,2.2927,17.8282,0.0344,0.013,2178.4667
754,31.6736,0.7345,0.6107000000000001,2.2732,34.4854,0.0847,0.05499999999999999,2192.1889
755,27.1504,0.8535000000000001,0.3697,2.3235,42.1366,0.0431,0.0387,2191.1111
756,27.8596,0.5333,0.7818,2.2717,22.2875,0.0806,0.0196,2191.8445
757,24.7969,0.5774,1.1493000000000002,2.3301,35.528,0.0631,0.04719999999999999,2187.3444
758,30.1789,0.5349,0.5818,2.3025,26.3533,0.0344,0.04370000000000001,2182.5555
759,29.1744,0.6269,0.5546,2.2785000000000006,15.4941,0.0859,0.0664,2190.7666
760,24.4,0.5744,0.7867000000000001,2.2749000000000006,17.6919,0.0622,0.0154,2221.9778
761,24.659899999999997,0.6024,1.0019000000000002,2.2967,26.2956,0.0426,0.0757,2141.0667
762,16.2643,0.9364999999999999,1.1213,2.3596000000000004,24.0433,0.04700000000000001,0.027000000000000003,2197.8445
763,27.6834,0.7716,0.5832,2.3099000000000003,33.6777,0.058100000000000006,0.0403,2197.2333
764,35.4672,0.6019,1.7907,2.2564,44.1589,0.0251,0.0563,2164.7224419993695
765,31.7389,0.6023,1.0353,2.2725,18.876,0.0748,0.057,2189.9667
766,23.9783,0.8145,0.5327,2.2877,20.8878,0.0924,0.0465,2177.4333
767,29.572,0.7091,1.1769000000000003,2.2474,25.9216,0.0536,0.0515,2202.3556
768,28.5052,0.7854,1.1026,2.4439,34.167,0.0514,0.0161,2231.6111
769,32.4414,0.9858,2.7419667544043924,2.3073,42.775200000000005,0.0566,0.0484,2196.8
770,26.565,0.845,0.928,2.3401,24.6721,0.03860000000000001,0.0482,2171.3222
771,21.8375,0.7461,0.6964,2.3596000000000004,52.1988,0.04440000000000001,0.0593,2181.1555
772,21.9494,0.8201,0.5683,2.3331,24.0409,0.0596,0.0414,2170.0666
773,27.8925,0.3954,1.3328,2.349,28.2131,0.0742,0.0258,2204.5445
774,31.9128,0.8505,1.4638,2.3124,38.7618,0.03930000000000001,0.013599999999999998,2207.3889
775,29.9815,0.8929,0.376,2.3903,28.3387,0.0384,0.030600000000000002,2206.5112
776,22.6667,0.8301,1.9672,2.3391,18.7337,0.0452,0.048,2201.0667
777,22.182700000000004,0.6791,2.073,2.3052,29.5218,0.04170000000000001,0.042100000000000005,2244.1111
778,22.0115,0.447,1.5213,2.2757,8.6902,0.0418,0.04270000000000001,2217.0
779,39.091,0.6506,0.5578,2.3408,30.5985,0.0349,0.027499999999999997,2234.6111
780,24.5151,0.5139,1.0584000000000002,2.2553,29.5397,0.05260000000000001,0.0477,2211.4334
781,20.9109,0.827,1.3329,2.3654,18.1283,0.0692,0.0506,2233.1556
782,28.1237,0.5139,0.9661000000000002,2.3991,27.8369,0.04700000000000001,0.0667,2250.7445
783,27.1912,0.8473,0.7033,2.4201,66.3273450377527,0.0276,0.0377,2162.7556
784,28.7462,0.5756,0.6693,2.2825999999999995,9.7287,0.0455,0.05040000000000001,2162.1333
785,23.3521,0.5272,1.1999,2.2949,50.763000000000005,0.0207,0.0595,2197.2001
786,33.7563,0.6475,1.2322,2.3162,15.7489,0.0745,0.0214,2230.7555
787,24.4754,0.5116,0.4344,2.2771,20.7711,0.0364,0.0393,2124.8444
788,16.6703,0.631,1.6728999999999998,2.3038,40.412800000000004,0.0977,0.0424,2244.1111
789,37.21450000000001,0.8333,2.2383,2.2931,15.5713,0.0349,0.0369,2190.4889
790,23.9934,0.7367,2.0182,2.3025,58.008,0.06049999999999999,0.0532,2186.9889
791,21.9064,0.6853,1.1580000000000001,2.3881,19.1346,0.0319,0.0449,2219.3445
792,29.6873,0.5264,0.9602,2.2453,27.3331,0.0609,0.0491,2192.7889
793,33.4282,0.486,1.1947,2.2445,41.33950000000001,0.0485,0.035,2184.7222
794,25.024699999999996,0.9174,2.1312,2.3631999999999995,41.24340000000001,0.0403,0.05090000000000001,2211.3889
795,28.709,0.7636,1.1634000000000002,2.2634,11.0303,0.0316,0.049,2169.8334
796,33.016,0.6214,1.5415,2.2539,40.963100000000004,0.036,0.0374,2200.2111
797,19.7445,0.6354,1.0579,2.4025,66.3273450377527,0.0189,0.0522,2189.3556
798,19.4166,0.5786,0.6101,2.3042,15.059399999999998,0.0982,0.0494,2200.9556
799,25.9831,0.746,0.9338,2.3207,33.8082,0.0634,0.0167,2174.7555
800,36.9278,1.0039,1.9899,2.3834,62.938599999999994,0.03810000000000001,0.04359999999999999,2185.9333
801,25.5696,0.4188,1.3153,2.1995,15.3093,0.0593,0.0433,2162.1333
802,24.4002,0.5786,1.5328,2.2954,14.821600000000002,0.0802,0.0149,2200.2
803,22.2081,0.4776,1.2781999999999998,2.2989,14.4522,0.079,0.0302,2218.9445
804,25.9046,0.6762,0.8379,2.212,26.47,0.069,0.058100000000000006,2226.4667
805,25.1884,0.7187,0.6141,2.4044000000000003,23.2535,0.0911,0.06219999999999999,2210.9778
806,33.0295,0.5595,0.5747,2.3914,21.5722,0.062,0.0443,2178.5889
807,32.9674,0.6969,1.1593,2.2392,19.2223,0.05850000000000001,0.0534,2206.7999
808,16.218,0.3607,2.7419667544043924,2.362,29.0011,0.0253,0.0217,2209.9222
809,23.5939,0.6512,1.3863,2.2886,26.1713,0.04650000000000001,0.044,2212.6334
810,29.4088,0.4059,1.5687,2.2527,24.4249,0.0594,0.0381,2215.5111
811,23.7232,0.8544,1.0274000000000003,2.3573,30.8757,0.0574,0.0485,2217.3777
812,24.1852,0.6531,0.6021,2.2967,13.0015,0.04100000000000001,0.0352,2242.8555
813,34.6714,0.833,1.6938,2.3654,14.779199999999998,0.0149,0.0413,2215.3889
814,30.5174,0.7299,0.6513,2.3106,49.5001,0.0219,0.0573,2173.2778
815,30.4154,0.6723,1.4902,2.3351,40.197700000000005,0.12647035144201868,0.0256,2223.8
816,31.5354,0.48280000000000006,2.6489999999999996,2.3128,39.9021,0.0368,0.0241,2214.7111
817,20.380400000000005,0.741,0.5617,2.2726,15.5744,0.0647,0.0453,2221.3667
818,24.0994,0.827,0.7087,2.3162,35.756,0.044000000000000004,0.0174,2163.5889
819,27.041,0.7804,1.4171000000000002,2.3244,14.776499999999999,0.0538,0.0183,2231.4889
820,28.104899999999997,0.6419,0.8352,2.3867,24.7006,0.0512,0.0552,2169.9444
821,23.4616,0.6238,0.7117,2.2458,36.2133,0.0718,0.054000000000000006,2158.7
822,20.2052,0.538,1.4986,2.3326,21.1771,0.0973,0.0534,2169.4667
823,30.4948,0.733,1.2635,2.2527,28.6821,0.0341,0.041600000000000005,2206.1444
824,34.3528,0.4764,0.6164,2.3737,37.029,0.0434,0.05510000000000001,2213.7556
825,28.6955,0.6716,1.1005,2.3221,24.4775,0.046200000000000005,0.052,2202.7111
826,22.448899999999995,0.9783999999999999,1.7553999999999998,2.3121999999999994,22.8688,0.034,0.04719999999999999,2218.8489
827,27.6111,0.5831,0.6592,2.3797000000000006,26.2777,0.0662,0.0496,2165.0333
828,23.8805,0.6556,2.2218,2.3149,24.5479,0.0327,0.022600000000000002,2238.5444
829,29.9623,0.686,0.4345,2.2569,28.8986,0.04100000000000001,0.0289,2172.3111
830,29.4042,0.6332,0.6509,2.2247,27.7642,0.05890000000000001,0.0424,2172.8111
831,24.0135,0.8934999999999998,0.5295,2.4160000000000004,27.2446,0.0421,0.0187,2249.2556
832,20.6354,0.6379,1.0894000000000001,2.2718,37.7657,0.1022,0.0359,2212.3
833,30.6311,0.6474,1.2487,2.3797000000000006,29.995600000000003,0.0725,0.047,2209.9555
834,29.0827,0.6762,1.3807,2.1996,27.0695,0.0628,0.051399999999999994,2173.4889
835,22.4415,0.6917,1.4611,2.3073,59.9365,0.0562,0.0373,2218.0555
836,25.9834,0.5349,0.6311,2.3187,13.0713,0.0755,0.0532,2223.5333
837,19.4876,0.7164,1.458,2.3596000000000004,46.3586,0.05210000000000001,0.0382,2265.1889
838,25.2876,0.486,1.2277,2.3234,26.5576,0.0803,0.0381,2263.3222
839,25.057600000000004,0.8444,1.375,2.3735000000000004,30.4959,0.022,0.0129,2207.0444
840,24.6272,0.5922,2.4973,2.3128,31.616,0.0818,0.0568,2194.6444
841,19.3468,0.7888,2.2649,2.3132,24.2996,0.054700000000000006,0.0261,2180.9666
842,44.792763830260405,0.792,0.5459,2.3312,21.7892,0.05580000000000001,0.0486,2172.9667
843,20.9566,0.6523,1.7535999999999998,2.3737,50.153200000000005,0.0373,0.042,2217.3777
844,29.0043,0.5756,1.1457,2.2726,40.8319,0.051500000000000004,0.0402,2168.7
845,40.4755,0.6635,2.3008,2.4066999999999994,24.7642,0.0445,0.042600000000000006,2184.8778
846,28.1907,0.6107,1.5398,2.307,24.0406,0.05500000000000001,0.0406,2177.3222
847,34.2167,0.49239999999999995,1.1707,2.2247,27.3488,0.0448,0.0497,2172.8111
848,18.3685,0.6308,1.0841000000000003,2.2932,42.8261,0.0279,0.0315,2233.3667
849,26.1779,0.791,0.9143,2.4349,34.4548,0.0622,0.027300000000000005,2249.2556
850,16.9553,0.7346,1.1304000000000003,2.2802,22.3428,0.0238,0.008199999999999999,2225.0222
851,29.827000000000005,0.8849,1.1935,2.2937,22.7657,0.0397,0.04990000000000001,2167.2
852,23.4114,0.6556,1.1200000000000003,2.3132,55.5463,0.0455,0.0368,2205.2222
853,25.0919,0.833,0.7895,2.3406,22.048,0.057300000000000004,0.0506,2159.0556
854,27.2235,0.8934999999999998,0.5129,2.4253,22.2906,0.05870000000000001,0.0228,2219.7667
855,24.9871,0.49729999999999996,0.5589,2.3936000000000006,27.9977,0.0318,0.0682,2189.3556
856,23.6578,0.6413,0.4674,2.1995,44.4877,0.05310000000000001,0.0335,2164.2667
857,31.52,0.6156,0.6646,2.3797000000000006,32.2945,0.034,0.0341,2168.7
858,24.5446,0.6969,2.7419667544043924,2.2939,40.2301,0.0548,0.0413,2189.6778
859,24.4248,0.3607,0.9424,2.3391,32.754,0.03960000000000001,0.0598,2227.2444
860,36.5743,0.7973,0.9487,2.3402,17.6003,0.0533,0.0119,2179.2
861,26.0093,0.969,1.6576999999999997,2.3322999999999996,15.2301,0.052300000000000006,0.08479279615742157,2229.3333
862,26.7765,0.6932,0.958,2.4201,12.5552,0.0452,0.04669999999999999,2151.6889
863,26.1124,0.8755,0.5415,2.3793,30.7002,0.0536,0.0518,2136.4111
864,44.792763830260405,0.7612,1.8429999999999997,2.3997,35.2154,0.0337,0.0489,2184.8778
865,24.5136,0.8273,0.4541,2.3044,46.22350000000001,0.05840000000000001,0.0302,2124.8444
866,22.7626,0.6837,1.256,2.3481,42.4209,0.054900000000000004,0.0541,2197.5222
867,23.5333,0.8934999999999998,1.2828,2.2604,20.5975,0.05310000000000001,0.028,2190.7666
868,20.4622,0.7807,0.6899,2.2927,18.6619,0.04710000000000001,0.009999999999999998,2185.1
869,19.5942,0.6555,0.5734,2.3936000000000006,66.3273450377527,0.0839,0.0646,2240.8666
870,27.5514,0.5168,0.5609,2.2821,15.615,0.0202,0.0196,2187.6667
871,23.7545,0.7017,0.7595,2.2771,42.6995,0.040600000000000004,0.0276,2124.8444
872,31.3745,0.5328,1.3182,2.3079,23.4752,0.0323,0.041,2236.1111
873,29.1587,0.7017,1.8772999999999997,2.3402,16.5158,0.022,0.0089,2205.7222
874,29.9794,0.6512,0.9239999999999999,2.2886,32.8099,0.0754,0.03694,2212.8445
875,16.5512,0.7141,1.3858,2.2773,24.911,0.0752,0.017,2234.5222
876,26.3681,0.7346,0.5657,2.3805,43.108000000000004,0.0569,0.0526,2136.4111
877,20.3988,0.8705000000000002,1.7694,2.298,30.359500000000004,0.0696,0.0323,2201.5777
878,23.4987,0.8756,1.2219,2.3331,12.617,0.0485,0.05499999999999999,2187.8111
879,28.057,0.8687,1.9185,2.3322999999999996,29.382200000000005,0.051800000000000006,0.0602,2236.0667
880,20.636,0.3415,0.7519,2.3797000000000006,29.070299999999996,0.0418,0.042100000000000005,2183.0556
881,26.565300000000004,0.6979,1.2467,2.2757,66.3273450377527,0.0835,0.0564,2213.5111
882,36.222,0.5272,1.0810000000000002,2.2407,20.1191,0.0425,0.0471,2209.1
883,23.9156,0.5484,0.8154,2.1919,32.1573,0.0522,0.0476,2191.2111
884,31.461399999999998,0.8274,2.3585,2.303,53.287400000000005,0.05340000000000001,0.058100000000000006,2185.8111
885,26.6104,0.5343,1.7503999999999997,2.3207,29.165899999999997,0.0666,0.027300000000000005,2190.1555
886,20.8865,0.6555,2.0529,2.3797000000000006,9.4643,0.0658,0.0302,2228.9445
887,32.0705,0.8976,1.6679999999999997,2.3397,33.6292,0.0248,0.0237,2225.1777
888,30.1427,0.7927,1.2867000000000002,2.3397,30.7471,0.0835,0.0391,2221.5778
889,22.8296,0.4764,1.8404,2.3025,26.1526,0.0431,0.048,2197.2333
890,27.9956,0.7025,1.2987000000000002,2.2563,25.0471,0.0338,0.0202,2256.6
891,17.7568,0.7461,1.3211999999999997,2.3403000000000005,28.6826,0.0351,0.0477,2222.3222
892,32.9711,0.48889999999999995,1.1722000000000001,2.2407,26.0609,0.051800000000000006,0.0465,2202.4556
893,24.6959,0.4067,1.9612000000000003,2.2737,48.8463,0.0798,0.0358,2207.9555
894,22.6227,1.0824,0.6467000000000002,2.3397,26.0692,0.0428,0.0245,2222.6778
895,26.1586,0.7888,1.416,2.3796,53.16,0.0488,0.0441,2207.0444
896,24.7587,0.5139,1.1737000000000002,2.4213999999999998,18.7707,0.051,0.0445,2210.9778
897,21.4764,0.7007,0.6601,2.3646,57.98380000000001,0.0432,0.0412,2211.3889
898,20.4859,1.0854,1.871,2.4213999999999998,18.7564,0.07707407028840374,0.0155,2251.8222
899,28.3815,0.6944,0.7954,2.3867,25.5744,0.0655,0.0342,2169.9444
900,23.4619,0.9135,1.477,2.2555,13.8843,0.0403,0.049980000000000004,2204.2889
901,40.3963,0.8705000000000002,0.666,2.2928,39.4462,0.0891,0.0522,2197.2667
902,32.1743,0.7299,1.3407,2.2247,23.3956,0.06079999999999999,0.04,2172.8111
903,29.8097,0.7217,1.9339999999999997,2.3161,31.8737,0.0532,0.019,2198.7222
904,33.4962,1.026,2.3983000000000003,2.2771,41.45320000000001,0.0896,0.0606,2201.8222
905,25.7896,0.5116,1.7427,2.3654,21.7744,0.0682,0.043,2184.8889
906,27.717,0.7982,0.5211,2.2474,16.3239,0.0971,0.0397,2204.1555
907,21.9517,0.612,0.8868,2.2631,33.3906,0.055700000000000006,0.0433,2180.5556
908,36.5543,0.42769999999999997,0.7779,2.3903,28.6321,0.12647035144201868,0.0238,2220.5445
909,25.252,0.5116,1.3864,2.3453,33.033,0.0151,0.0261,2171.3222
910,17.925000000000004,0.6607,0.6001,2.2752,38.548500000000004,0.093,0.045,2206.4
911,33.2787,0.482,1.9192,2.3883,23.1595,0.043000000000000003,0.048,2184.7222
912,21.1546,0.538,1.6462,2.3248,26.7966,0.0705,0.049300000000000004,2172.9778
913,26.6434,0.6579,0.9274000000000001,2.2604,26.3727,0.0399,0.0326,2192.7889
914,27.0626,0.5832,0.5398,2.4196000000000004,24.5358,0.0751,0.013500000000000002,2249.2556
915,29.7881,0.5168,0.968,2.4160000000000004,27.5354,0.0273,0.0212,2231.9555
916,25.8665,0.7187,1.3115,2.3301,20.0057,0.030600000000000002,0.0032,2201.0667
917,20.042900000000003,0.6853,0.47959999999999997,2.4213999999999998,17.7238,0.1041,0.0477,2189.8778
918,32.237,0.6627,2.1957,2.303,30.882399999999997,0.0416,0.04270000000000001,2201.5777
919,21.3459,0.9364999999999999,1.5155,2.3524,25.2792,0.0398,0.045200000000000004,2178.1444
920,27.7028,0.6873,0.499,2.3796,19.8184,0.0408,0.0207,2198.7222
921,29.1572,0.5868,1.0049,2.2569,35.9819,0.0809,0.0292,2203.4445
922,19.436299999999996,0.7797,1.1460000000000001,2.2982,46.8875,0.0267,0.05909999999999999,2195.4444
923,30.040399999999998,0.7217,2.19,2.3038,43.6418,0.051500000000000004,0.0435,2244.1111
924,18.5633,0.5095,1.7835,2.366,58.449,0.054700000000000006,0.0353,2273.7556
925,25.266500000000004,0.8976,1.1393000000000002,2.3756,12.4082,0.0638,0.0347,2220.7111
926,36.6103,0.879,1.3234,2.3179,21.1957,0.12647035144201868,0.0363,2166.5222
927,33.0104,0.3596,0.8079,2.2797,18.6553,0.0633,0.0628,2206.4
928,21.1961,0.6995,2.1538,2.3414,16.3295,0.0231,0.0651,2150.5889
929,16.5255,0.6458,0.655,2.3817,19.2024,0.04680000000000001,0.047799999999999995,2210.7778
930,27.456,0.5053,0.7480999999999999,2.3306,18.2495,0.0542,0.0466,2171.8556
931,26.3724,0.3993,0.5678,2.2982,20.5798,0.1092,0.0521,2217.4111
932,23.0469,0.6853,1.143,2.4073,17.9703,0.0361,0.022099999999999998,2189.8778
933,31.3079,0.4126,1.3587999999999998,2.1911,53.9141,0.0617,0.0307,2164.2667
934,23.1487,0.7984,1.7385,2.3414,15.5583,0.0919,0.0568,2214.9333
935,21.4005,0.8648,0.6503,2.2458,27.2289,0.0695,0.047799999999999995,2260.7333
936,23.9262,0.7804,1.9224,2.2967,17.0795,0.037,0.0616,2173.6444
937,25.1262,0.9272999999999999,2.0403,2.3087,34.4068,0.0474,0.0237,2180.7
938,28.6008,0.4779999999999999,1.0939,2.2673999999999994,19.9773,0.1258,0.0451,2206.4
939,23.7265,0.428,0.9148,2.2809,39.750600000000006,0.0713,0.04990000000000001,2231.0555
940,21.0153,0.3745,0.7497999999999999,2.3817,27.8622,0.0845,0.05090000000000001,2224.6778
941,24.4144,0.5756,0.6283,2.4079,21.7559,0.1013,0.0386,2188.5111
942,21.5763,0.6107,1.6653,2.3715,21.8439,0.05290000000000001,0.04370000000000001,2195.5333
943,24.215700000000002,0.6425,0.9649000000000001,2.4073,19.7097,0.0574,0.0485,2201.3556
944,30.351399999999998,0.8544,1.1721000000000001,2.2697,26.7339,0.0483,0.0175,2163.5778
945,20.6329,0.7367,2.3045,2.3715,54.81750000000001,0.0332,0.0482,2195.5333
946,34.0617,0.7854,0.498,2.2472,22.5205,0.0288,0.0305,2197.3222
947,29.6803,0.6156,0.5795,2.4723,16.9421,0.0897,0.0103,2233.6334
948,23.5176,0.6944,2.5328,2.2474,42.3443,0.0812,0.0505,2210.8556
949,21.7279,0.4788,1.3136,2.212,15.9979,0.1018,0.0382,2211.4
950,23.9437,0.7047,0.6009,2.3207,41.78090000000001,0.0262,0.0222,2190.1555
951,31.5295,0.7091,0.4704,2.4023,64.1753,0.065,0.0157,2147.1111
952,22.4441,0.7151,1.2535,2.3499,23.5173,0.0419,0.0502,2170.0666
953,21.2791,0.6135,1.3959,2.3532,32.3024,0.0335,0.0621,2246.4889
954,32.7516,0.6977,0.6557,2.2937,14.0899,0.0595,0.0475,2162.8445
955,29.904399999999995,0.4779999999999999,1.4141,2.2432,28.7328,0.0844,0.0314,2212.3
956,30.774600000000003,0.7542,0.9351000000000002,2.3884,29.3669,0.0662,0.025399999999999995,2266.8333
957,29.1767,0.6874,0.9893999999999998,2.2553,46.1593,0.0816,0.0349,2213.9111
958,20.7358,0.7997,1.6721,2.366,47.97500000000001,0.0512,0.049800000000000004,2187.4444
959,38.0327,0.6723,1.5905000000000002,2.3313,24.679,0.05040000000000001,0.0267,2191.6667
960,21.5151,0.6873,0.7008999999999999,2.2948,20.5892,0.03880000000000001,0.0451,2208.4444
961,14.532200000000001,0.3769,0.9007,2.3808,13.0939,0.040600000000000004,0.0634,2204.2889
962,21.2935,0.6837,1.8965,2.349,40.3702,0.0743,0.0337,2204.5445
963,28.2871,0.7854,1.0534000000000001,2.2472,16.1056,0.0568,0.0271,2168.7333
964,26.055400000000002,0.49700000000000005,0.6165,2.3593,11.2694,0.0334,0.0495,2205.7222
965,22.3321,0.7104,0.6136,2.3025,53.898,0.030699999999999998,0.0425,2218.0555
966,23.7805,0.6097,0.5854,2.2718,52.452000000000005,0.06210000000000001,0.0405,2231.0555
967,35.0053,0.5679,0.5621,2.2053,25.3694,0.041400000000000006,0.0471,2246.0666
968,34.0436,0.8054,2.2697,2.3132,39.1162,0.046,0.0658,2238.5444
969,21.6323,0.6512,1.0024799999999998,2.29832,22.5437,0.04460000000000001,0.033139999999999996,2212.6334
970,18.1451,0.7448,1.3733,2.2588,23.0881,0.0222,0.0363,2172.1223
971,27.4383,0.6944,0.6944,2.2216,36.9903,0.0574,0.069,2226.4667
972,19.1247,0.7793,1.2644999999999997,2.2453,50.5048,0.0591,0.0388,2179.7333
973,23.5831,0.3954,0.5823,2.4349,18.5983,0.05310000000000001,0.0259,2254.7111
974,18.5996,0.8147,0.6245,2.2831,15.0728,0.049400000000000006,0.05,2127.9555
975,15.6295,0.3769,1.3839,2.3737,20.5521,0.04750000000000001,0.0389,2177.0222
976,23.4736,0.9386,1.5441000000000003,2.3802000000000003,27.6824,0.0285,0.0422,2199.0333
977,21.1934,0.428,0.6449,2.2797,45.8883,0.0639,0.0672,2206.4
978,23.4847,0.6716,1.8212,2.3592,20.8174,0.0646,0.034,2197.8667
979,38.1045,0.8383,1.7585,2.3314,55.783,0.027,0.0479,2171.8111
980,34.0855,0.6997,1.3003000000000002,2.3243,21.098,0.0148,0.0267,2270.2556
981,44.792763830260405,0.5484,1.0494,2.2539,29.730600000000003,0.0927,0.05,2215.8111
982,35.1195,0.6917,1.9967,2.3737,26.7274,0.0753,0.0518,2217.3777
983,29.3734,0.3954,0.738,2.2892,20.2196,0.05020000000000001,0.0433,2170.7444
984,26.3291,0.5139,0.9714,2.3991,19.366,0.0488,0.04730000000000001,2250.7445
985,33.3483,1.1509132575099223,0.9766000000000001,2.2982,27.393,0.0719,0.0525,2191.5
986,31.0334,0.5264,1.0913000000000002,2.2982,23.0873,0.061200000000000004,0.0577,2204.2889
987,20.8271,0.9352000000000001,1.525,2.3248,35.1942,0.049400000000000006,0.0409,2174.8666
988,35.8454,0.6535,0.781,2.3244,21.1715,0.0516,0.027499999999999997,2180.7
989,19.162,0.6627,1.4441,2.3025,25.0982,0.04920000000000001,0.037,2205.2222
990,31.4433,0.9612000000000002,0.6264,2.2646000000000006,62.289699999999996,0.02,0.0277,2213.5111
991,23.4628,0.8648,0.6244,2.3867,18.7968,0.0694,0.049,2256.6
992,38.5498,0.7104,2.0226,2.4,38.51100000000001,0.054,0.0532,2204.9223
993,34.5138,0.9265000000000001,1.7213,2.3712,35.8117,0.0594,0.0345,2172.3666
994,33.4591,0.9912000000000001,2.0904,2.3796,27.4012,0.06049999999999999,0.05450000000000001,2194.2889
995,23.7345,0.8737,0.5356,2.4196000000000004,45.09120000000001,0.068,0.015300000000000001,2222.0111
996,23.17264,0.49450000000000005,1.3015,2.3124,10.9039,0.0548,0.0132,2216.7333
997,34.9236,0.5053,0.8285,2.3306,44.8349,0.04650000000000001,0.0415,2171.8556
998,27.9032,0.6458,1.6864,2.3195,44.2397,0.054,0.04309999999999999,2214.2889
999,32.3627,0.5053,0.5582,2.2909,32.8037,0.0593,0.0116,2208.2334
1000,25.3399,0.6535,0.7741,2.3161,21.4993,0.0482,0.0342,2197.2333
1001,31.317,0.447,1.4108,2.2858,36.8926,0.0911,0.05909999999999999,2200.2111
1002,17.8135,0.5095,2.1254,2.3132,31.1351,0.046,0.0512,2196.6889
1003,24.6239,0.6989,0.6123999999999999,2.4213999999999998,21.0062,0.0213,0.0459,2223.2778
1004,22.0459,0.2979,1.6051,2.2858,51.78,0.0365,0.0525,2210.7333
1005,32.4053,0.7804,0.45470000000000005,2.2588,14.3822,0.0243,0.0389,2206.5777
1006,33.8834,0.9845,0.43970000000000004,2.2634,13.5025,0.0477,0.0424,2153.9778
1007,31.1484,0.5116,0.6073000000000001,2.3063,24.78,0.04950000000000001,0.0402,2216.4778
1008,25.076,0.6332,1.5762,2.2697,20.345,0.0334,0.024,2146.1111
1009,23.5717,0.7097,1.1654,2.2717,28.9045,0.0239,0.0143,2175.2556
1010,27.5268,0.48,1.84,2.3414,15.466899999999999,0.05050000000000001,0.0518,2171.3222
1011,29.9713,0.6023,1.8239000000000003,2.2805,66.3273450377527,0.05850000000000001,0.035,2213.2111
1012,21.199,0.5398,1.2699,2.3416,25.2445,0.12647035144201868,0.0344,2197.3111
1013,31.4125,0.8976,1.659,2.3415,33.7328,0.04760000000000001,0.0332,2199.3334
1014,9.004587494256743,0.6709,1.4331,2.4201,60.9034,0.1065,0.0119,2182.6222
1015,22.568500000000004,0.5116,0.9108,2.3401,32.9253,0.0399,0.049800000000000004,2165.8666
1016,27.3648,0.7461,2.2588,2.362,20.419,0.0562,0.029299999999999996,2213.7667
1017,29.3803,0.76,0.6905999999999999,2.3654,32.6964,0.040900000000000006,0.0402,2233.1556
1018,24.9604,0.8301,0.7204,2.2967,21.4808,0.05840000000000001,0.045200000000000004,2167.2
1019,27.0072,0.6332,0.5851,2.4167,30.8663,0.0879,0.0167,2185.1
1020,17.8522,0.5095,1.8677,2.2928,38.25240000000001,0.049600000000000005,0.0624,2243.7778
1021,31.0876,0.4972,0.8337,2.2809,19.935,0.0697,0.0469,2207.9555
1022,25.6798,0.7979,1.4986,2.2726,41.8986,0.033,0.0341,2221.5667
1023,28.935799999999997,0.8737,0.6556,2.4172,21.8847,0.04440000000000001,0.0547,2179.1111
1024,26.756800000000002,0.8648,0.7437999999999999,2.3884,16.4619,0.05290000000000001,0.011700000000000002,2147.1111
1025,23.0596,0.7056,0.8567,2.2646000000000006,29.5322,0.036,0.0301,2199.6334
1026,25.0179,0.5844,1.3827000000000003,2.3044,26.4506,0.0666,0.0259,2208.2334
1027,24.934399999999997,0.5693,1.0606,2.3907,22.2791,0.0828,0.0438,2197.5222
1028,31.7791,0.6627,1.9672,2.3052,65.2403,0.0513,0.058,2185.8111
1029,32.1132,0.9845,1.2538,2.2864,27.3039,0.0638,0.0101,2254.7111
1030,25.7279,0.6458,0.9145,2.2668,53.02550000000001,0.0888,0.0486,2114.990009996847
1031,23.9811,0.3954,1.1355,2.2634,24.459,0.0697,0.051,2153.9778
1032,18.891,0.5343,0.7698,2.3817,15.3478,0.086,0.05090000000000001,2204.2333
1033,37.1656,0.6523,1.2526,2.3026,23.9014,0.049100000000000005,0.0145,2177.1667
1034,31.2285,0.486,1.2386000000000001,2.2668,43.5995,0.0536,0.065,2114.990009996847
1035,25.518,0.8444,1.2046,2.2773,23.9436,0.0359,0.018,2208.2667
1036,22.3699,0.8247,0.5344,2.3073,66.3273450377527,0.0649,0.0507,2213.7556
1037,21.6739,0.9607,0.9634,2.3503,15.887699999999999,0.0894,0.0317,2164.3
1038,38.8044,0.5559,0.9988000000000001,2.3221,23.592,0.0353,0.0687,2246.4889
1039,24.25,0.6514,0.8584,2.3301,21.991,0.055700000000000006,0.0271,2167.9444
1040,25.0342,0.7716,0.7148,2.3715,20.8054,0.0535,0.058,2201.5777
1041,22.5295,0.8221,1.3515,2.3481,35.2892,0.0283,0.06219999999999999,2197.5222
1042,24.1484,0.792,0.4001,2.2964999999999995,16.3286,0.048600000000000004,0.05040000000000001,2167.2
1043,13.7855,0.6332,1.4371,2.2697,20.3506,0.0477,0.0172,2163.5889
1044,19.5172,0.8648,0.5785,2.2718,21.7939,0.0427,0.04669999999999999,2231.0555
1045,31.2819,0.5357,1.4068999999999998,2.2247,26.9745,0.066,0.0283,2165.5333
1046,24.5728,0.34,0.8467999999999999,2.3414,25.0406,0.05820000000000001,0.0445,2233.1556
1047,23.8531,0.5969,0.8476000000000001,2.3144,57.534,0.0682,0.0284,2197.2333
1048,24.3304,0.7743,1.3535,2.3499,13.4268,0.0193,0.0371,2194.5889
1049,31.3699,0.5774,1.7301,2.2908,17.0976,0.0714,0.0258,2150.0556
1050,28.7252,0.4972,1.2604,2.3079,24.6803,0.0398,0.0486,2209.8
1051,32.5683,0.447,0.6222,2.2732,22.5964,0.1038,0.0827,2192.1889
1052,25.2206,0.7071,2.242,2.3132,48.44460000000001,0.0387,0.029,2218.5778
1053,28.8298,0.7249,0.5656,2.2604,17.4514,0.0714,0.0326,2191.3556
1054,29.5218,0.4788,0.8541,2.3079,23.6843,0.0712,0.05439999999999999,2209.1
1055,26.9312,0.6514,1.0682,2.2937,34.3911,0.0561,0.0526,2242.8555
1056,30.5276,0.7358,0.818,2.2453,25.9769,0.1109,0.0369,2223.5333
1057,23.7857,0.56778,1.1093,2.3162,24.4436,0.0352,0.0211,2235.0556
1058,27.0214,0.49450000000000005,1.6538,2.3406,9.8804,0.0567,0.0491,2171.8222
1059,27.4474,0.8976,1.1415,2.3582999999999994,16.9094,0.0516,0.0203,2232.5889
1060,25.5062,0.8986000000000001,0.9823999999999999,2.2802,22.3992,0.0738,0.007799999999999999,2224.6778
1061,21.7509,0.4054,0.7401,2.2673999999999994,25.3661,0.0625,0.0495,2223.0444
1062,18.6261,0.9364999999999999,1.1290000000000002,2.3415,32.6037,0.0399,0.031,2202.7111
1063,24.236700000000003,0.8301,0.6141,2.3519,20.4153,0.0431,0.0466,2205.7222
1064,26.2118,0.6062,0.6087,2.2831,32.62,0.04070000000000001,0.0304,2175.3445
1065,27.0205,0.636,1.7945,2.3167,21.9229,0.0726,0.0337,2214.7111
1066,16.8014,0.9364999999999999,1.3395,2.3408,41.19680000000001,0.036,0.0105,2248.4222
1067,28.0697,0.7804,0.5225,2.276,27.3057,0.04120000000000001,0.0191,2169.8334
1068,29.4663,0.7245,1.0598,2.2864,33.0534,0.0697,0.0157,2168.7333
1069,30.2138,0.8652,0.5285,2.3938,65.53,0.0746,0.0494,2240.8666
1070,21.725,0.4552,1.2414,2.3481,17.6817,0.0665,0.0511,2169.1111
1071,21.5957,0.5614,2.0111,2.3596000000000004,43.630100000000006,0.051800000000000006,0.0329,2178.1444
1072,27.1259,0.5844,1.1263,2.3063,21.3212,0.0519,0.030600000000000002,2126.6555
1073,20.2521,0.5614,1.2644999999999997,2.3712,40.813900000000004,0.048,0.0362,2171.9
1074,22.3967,0.6458,1.0654000000000001,2.3042,66.3273450377527,0.0452,0.0657,2212.8667
1075,25.0267,0.8652,1.6568,2.2582,26.7676,0.02,0.045200000000000004,2194.3778
1076,24.0673,0.7914,0.6870000000000002,2.212,29.3356,0.046900000000000004,0.0352,2173.4889
1077,29.2941,0.5679,1.5741,2.2711,32.8462,0.0482,0.0438,2195.9778
1078,44.792763830260405,0.784,1.1383,2.2789,34.6115,0.068,0.0491,2236.1111
1079,21.9235,0.9265000000000001,1.307,2.362,61.911100000000005,0.0652,0.024,2220.7111
1080,22.4191,0.7346,1.9681,2.2802,27.8745,0.038500000000000006,0.0079,2204.2333
1081,23.8671,0.8444,1.4001999999999997,2.2773,14.630100000000002,0.06130000000000001,0.028,2180.8333
1082,28.539,0.48,1.7232,2.3341000000000003,34.5249,0.0535,0.051,2167.9444
1083,28.9468,0.8333,1.1099000000000003,2.3403000000000005,24.9208,0.04100000000000001,0.025,2220.5445
1084,20.874,0.8929,0.8943,2.3403000000000005,18.5397,0.061000000000000006,0.028800000000000003,2191.6667
1085,23.5298,0.746,0.6856,2.3207,27.7288,0.0897,0.0173,2130.0556
1086,24.3568,0.6535,2.7419667544043924,2.3695,16.4686,0.035,0.0697,2213.9333
1087,24.1247,0.8251,1.4949,2.3704,28.7555,0.0662,0.0393,2233.7666
1088,29.8481,0.5053,0.4986,2.2689,24.5151,0.0428,0.027000000000000003,2151.2
1089,28.6167,0.5333,0.5396,2.1996,16.697,0.0685,0.048,2195.3
1090,29.916299999999996,0.7769,0.6878,2.4172,24.9168,0.061099999999999995,0.042100000000000005,2269.2556
1091,31.4849,0.791,0.9146999999999998,2.3499,16.1068,0.1026,0.04680000000000001,2188.7222
1092,20.1964,0.9272999999999999,1.8719,2.3406,15.179700000000002,0.05020000000000001,0.05029999999999999,2159.0556
1093,28.349,0.6097,2.3927,2.2757,38.4789,0.0591,0.0516,2217.5778
1094,32.8848,0.42769999999999997,1.6027,2.3397,18.8415,0.0314,0.032,2221.8445
1095,44.792763830260405,0.6371,1.5684,2.3997,31.2932,0.0736,0.0542,2184.8778
1096,25.307499999999997,0.6425,1.7746,2.3737,28.821,0.05040000000000001,0.0328,2172.5333
1097,32.5465,0.6697,1.2689,2.4439,31.469299999999997,0.041100000000000005,0.0334,2276.4556
1098,38.574,0.6482,1.0673000000000001,2.2931,29.5607,0.0403,0.0505,2207.1
1099,42.1115,0.6723,2.5063,2.3532,38.0561,0.12647035144201868,0.0324,2246.4889
1100,19.9461,0.7299,0.5787,2.1995,30.117800000000003,0.0716,0.0383,2228.4778
1101,27.729,0.792,0.5172,2.2728,25.5607,0.0487,0.0466,2235.0556
1102,24.9395,0.879,1.1991999999999998,2.3532,14.507,0.12647035144201868,0.0387,2191.6667
1103,28.9236,0.9858,1.2252,2.3025,40.0505,0.0302,0.0393,2213.7556
1104,27.4813,0.8955000000000001,0.9833000000000001,2.2954,23.2042,0.0426,0.010400000000000001,2186.9
1105,28.4165,0.6238,1.1899,2.3932,15.172999999999998,0.0568,0.0262,2260.2222
1106,19.545,0.5343,0.883,2.3207,14.57,0.0545,0.0194,2181.0444
1107,27.2417,0.5349,1.4523,2.2216,49.3896,0.0705,0.0374,2172.8111
1108,33.006,0.8574000000000002,1.729,2.2472,38.648700000000005,0.0408,0.0369,2172.3111
1109,25.1431,0.6944,0.8479,2.2474,26.151,0.0686,0.049800000000000004,2210.8556
1110,22.4925,0.6833,1.2764000000000002,2.4167,15.0665,0.0627,0.0188,2187.6667
1111,26.2175,0.612,0.8596999999999999,2.2647,29.083600000000004,0.0371,0.0636,2211.4334
1112,22.6844,0.7457,2.7419667544043924,2.2964999999999995,14.4248,0.0359,0.0313,2220.4778
1113,33.171,0.486,1.0355,2.2588,24.1613,0.043500000000000004,0.0487,2185.2111
1114,30.4731,0.5264,0.9797000000000002,2.2604,18.3369,0.040400000000000005,0.057,2155.8556
1115,26.2905,0.8705000000000002,1.5615,2.366,29.988400000000002,0.0743,0.0589,2205.2889
1116,28.9557,0.6977,1.4678,2.3625,30.1432,0.0266,0.05499999999999999,2216.5111
1117,30.6344,0.6979,0.6210000000000001,2.2527,13.6777,0.0667,0.0422,2223.9
1118,23.9232,0.4063,1.1351,2.2732,16.9566,0.0674,0.0559,2217.0
1119,27.9067,0.5171,0.9599,2.4253,22.5206,0.0333,0.0247,2200.2
1120,26.5755,0.9912000000000001,0.737,2.3259,28.178,0.043500000000000004,0.0076,2230.7555
1121,35.4979,0.7542,0.9686999999999999,2.2821,17.7222,0.1118,0.0368,2222.0111
1122,27.8836,0.5831,1.2611,2.394,35.8117,0.0693,0.0232,2175.1222
1123,24.7756,0.733,0.8834,2.2445,19.0587,0.0214,0.0354,2206.1444
1124,20.186999999999998,0.7978,1.7338,2.3402,15.332499999999998,0.022,0.0168,2214.9333
1125,32.4481,0.6874,0.4739,2.2569,39.84040000000001,0.0314,0.0423,2206.1444
1126,29.8238,0.7091,1.6621,2.2527,66.1414,0.04730000000000001,0.0585,2146.7778
1127,27.1064,0.8028,1.3244000000000002,2.3080999999999996,29.942900000000005,0.0168,0.0409,2209.8
1128,22.3245,0.7982,0.6774,2.2864,24.0913,0.0509,0.010400000000000001,2231.6111
1129,25.4548,0.9607,1.7896999999999998,2.3296,9.6613,0.0561,0.0233,2202.2889
1130,35.0597,0.9192,1.6698,2.3646,40.9473,0.108,0.05,2205.2889
1131,35.9269,0.7104,1.9028,2.4,49.235200000000006,0.046400000000000004,0.0414,2231.9556
1132,19.0935,0.7217,0.4635,2.3725,53.2787,0.04700000000000001,0.0454,2204.2667
1133,23.9068,0.9912000000000001,0.45170000000000005,2.2964999999999995,27.4139,0.046200000000000005,0.04,2180.7
1134,19.7605,0.3607,1.4541,2.3596000000000004,38.267900000000004,0.0398,0.04719999999999999,2183.4556
1135,29.627,0.6023,1.0896000000000001,2.2616,53.965700000000005,0.061500000000000006,0.0613,2189.9667
1136,35.1566,0.7345,1.4398,2.2785000000000006,23.011,0.0422,0.0474,2223.5333
1137,21.9399,0.48,1.2056,2.3519,21.056,0.083,0.0513,2221.5333
1138,23.201399999999996,0.8444,1.0352,2.3672,21.4255,0.043800000000000006,0.0549,2178.6889
1139,14.9671,0.7997,1.5714,2.3646,38.113800000000005,0.04200000000000001,0.05460000000000001,2185.9333
1140,30.0506,0.4433,1.2665,2.2453,33.2311,0.0706,0.0344,2192.7889
1141,31.3063,0.5928,1.4992,2.4244,21.5014,0.083,0.0228,2221.9444
1142,25.3772,0.7017,0.9545,2.3654,22.4884,0.0643,0.0578,2217.8111
1143,34.0215,0.8028,1.4726,2.3080999999999996,30.586899999999996,0.0633,0.046,2209.1
1144,18.9827,0.6491,1.331,2.3712,26.8436,0.0455,0.023100000000000002,2171.9
1145,24.2607,0.7531,2.7419667544043924,2.3262,34.3904,0.0319,0.0191,2184.4333
1146,29.3585,0.7025,1.574,2.4023,29.1808,0.051800000000000006,0.0143,2147.1111
1147,39.2802,0.42769999999999997,1.2507999999999997,2.3532,24.2959,0.12647035144201868,0.0547,2191.6667
1148,29.6804,0.7345,0.881,2.2785000000000006,14.1717,0.034,0.0568,2191.3556
1149,30.0456,0.7637,0.993,2.4023,62.535900000000005,0.0627,0.0084,2247.3666
1150,24.9991,0.6062,1.3943,2.3124,21.0712,0.0793,0.0202,2202.1222
1151,28.045599999999997,0.49450000000000005,0.6263,2.3406,22.9263,0.0266,0.0394,2160.6
1152,30.1688,0.4059,1.2404000000000002,2.3075,34.7506,0.0713,0.051,2211.4334
1153,29.1971,0.7606,0.6944,2.3453,40.4319,0.0447,0.0449,2233.1556
1154,14.0352,0.5941,0.5844,2.3499,16.1207,0.0394,0.0348,2204.5445
1155,29.2308,0.6521,0.5352,2.2673999999999994,34.5166,0.0729,0.0578,2176.8
1156,39.5532,0.8007,1.3012,2.3416,15.6292,0.040900000000000006,0.0697,2191.6667
1157,36.8645,0.6523,1.3085,2.3389,24.902,0.0286,0.08479279615742157,2219.8222
1158,33.4431,0.8648,1.4308000000000003,2.2749000000000006,25.351,0.0685,0.013,2254.8667
1159,25.1118,0.8145,1.5998,2.2678,30.006499999999996,0.0445,0.052,2168.5111
1160,40.4495,0.5969,0.5029,2.3592,9.4876,0.12647035144201868,0.0171,2232.5889
1161,15.8496,0.8054,2.5526999999999997,2.3128,29.084899999999998,0.05600000000000001,0.0355,2218.5778
1162,26.7301,0.795,0.5357,2.3101,17.2456,0.0454,0.0491,2177.3222
1163,24.2792,0.733,1.4291999999999998,2.4023,25.8748,0.0408,0.006799999999999999,2231.6111
1164,26.369200000000003,0.6514,0.6625,2.3312,38.514500000000005,0.037,0.0648,2165.8666
1165,26.8975,0.48280000000000006,1.7329000000000003,2.3646,27.1372,0.055200000000000006,0.0403,2205.2889
1166,34.1662,0.8955000000000001,0.6934,2.4151,13.9568,0.0402,0.0128,2218.7778
1167,25.9181,1.0629,1.332,2.3735000000000004,10.4423,0.0675,0.011700000000000002,2213.9333
1168,23.9246,0.5756,1.3008,2.2673999999999994,48.664300000000004,0.0593,0.0501,2281.5667
1169,21.7509,0.8648,1.4517,2.3867,33.2422,0.0598,0.04270000000000001,2169.9444
1170,31.2129,0.5679,1.2288,2.3234,19.8503,0.055400000000000005,0.025399999999999995,2175.2556
1171,21.798700000000004,0.5583,1.2295,2.3797000000000006,16.4282,0.0889,0.0412,2183.0556
1172,26.0194,0.6837,0.5882,2.3805,32.1642,0.0561,0.0495,2155.3111
1173,28.7966,0.792,0.8581,2.3257,18.9444,0.0541,0.0161,2171.8556
1174,30.0519,0.8028,1.0636000000000003,2.2407,33.1823,0.051800000000000006,0.0479,2202.4556
1175,22.0985,0.6413,2.0404,2.2809,38.31860000000001,0.0932,0.049800000000000004,2218.7333
1176,29.1042,0.4645,1.4735,2.3766,25.3319,0.0129,0.0212,2207.0444
1177,18.2293,0.7429,1.3276,2.2831,20.9067,0.098,0.022,2114.990009996847
1178,23.6314,0.8755,0.428,2.3793,18.5437,0.048,0.0703,2136.4111
1179,28.8654,0.7769,1.2955,2.4196000000000004,21.2741,0.04700000000000001,0.0158,2233.6334
1180,22.1592,0.6491,2.0198,2.3712,23.6742,0.047200000000000006,0.027000000000000003,2172.3666
1181,24.5324,0.7512,0.4747,2.3867,28.8448,0.057300000000000004,0.0668,2179.1111
1182,28.577,0.8201,0.5947,2.3984,14.5906,0.049,0.0268,2212.8667
1183,28.4429,0.3415,2.3062,2.3080999999999996,24.5535,0.05999999999999999,0.04680000000000001,2209.1
1184,27.7146,0.8444,1.3096,2.2773,25.8089,0.0514,0.005,2114.990009996847
1185,24.5541,0.833,0.5896,2.2967,20.2698,0.0704,0.029,2162.8445
1186,17.2615,0.8032,0.7407,2.2671,23.7007,0.0866,0.0448,2241.1778
1187,29.7411,0.9259000000000001,1.7656999999999998,2.2527,22.4199,0.04410000000000001,0.0517,2213.9111
1188,17.1233,0.3769,1.6145000000000003,2.3808,12.0276,0.03860000000000001,0.051899999999999995,2204.2889
1189,23.6088,0.6791,0.5936,2.3052,58.314800000000005,0.03900000000000001,0.04680000000000001,2178.7333
1190,25.7113,0.9192,1.9956999999999998,2.3796,19.4852,0.065,0.04320000000000001,2238.5444
1191,30.6162,0.7797,1.442,2.2718,24.7884,0.0771,0.0422,2206.9667
1192,20.979,0.6821,0.7763,2.2705,52.6453,0.107,0.042600000000000006,2223.0444
1193,24.3925,0.5583,0.5016,2.2563,22.4575,0.0651,0.0262,2185.1
1194,44.1498,0.576,1.2943,2.3715,30.8924,0.0755,0.05450000000000001,2233.3667
1195,28.769,0.7512,1.2348,2.2474,23.8977,0.0987,0.0371,2201.8666
1196,27.8665,0.6413,1.5652,2.3353,38.5169,0.038500000000000006,0.0506,2211.0667
1197,24.0019,0.45180000000000003,1.0579,2.3797000000000006,23.6062,0.0364,0.0336,2239.7222
1198,31.5768,0.8028,1.4053,2.3079,11.2561,0.0352,0.06230000000000001,2209.8
1199,21.1738,0.7358,1.0165,2.2604,17.7883,0.0237,0.0433,2184.9889
1200,38.2357,0.636,1.8717,2.3715,25.3356,0.0454,0.0418,2201.5777
1201,43.6071,0.4764,1.8688,2.3025,39.5229,0.0701,0.049300000000000004,2206.4222
1202,34.9855,0.6135,0.7944000000000001,2.3997,42.03820000000001,0.05870000000000001,0.0481,2221.9444
1203,31.5349,0.6385,1.4926,2.3021,37.3756,0.0641,0.0554,2205.5
1204,26.8251,0.7299,0.7423,2.2732,49.5239,0.04120000000000001,0.056,2173.4889
1205,22.9026,0.6627,1.5329,2.3101,28.628,0.072,0.0484,2197.6444
1206,27.401,0.4779999999999999,0.8311,2.2718,34.7159,0.043500000000000004,0.0494,2231.0555
1207,28.9642,0.6979,0.4624,2.4025,66.3273450377527,0.0689,0.0613,2171.5
1208,26.9872,0.6312,1.6172,2.3161,40.9767,0.0637,0.0485,2218.0555
1209,19.9475,0.5087,1.5571,2.3437,37.6287,0.12647035144201868,0.042600000000000006,2248.9
1210,23.8213,0.6177,0.6672,2.1995,19.8632,0.0625,0.049800000000000004,2199.6556
1211,30.3218,0.486,0.5442,2.3936000000000006,31.5949,0.063,0.0439,2187.4111
1212,29.5,0.5928,2.1742,2.3613,28.8337,0.0805,0.0376,2242.2444
1213,22.9914,0.9352000000000001,2.3661,2.3403000000000005,12.986,0.0332,0.0219,2246.4889
1214,33.5962,0.879,0.3813,2.3326,33.162,0.12647035144201868,0.0455,2203.9
1215,27.218,0.7593,1.9706,2.3796,33.2336,0.0369,0.0539,2198.7222
1216,22.8899,0.7047,1.0392,2.3805,18.1064,0.1021,0.0491,2155.3111
1217,31.164,0.8473,0.8083,2.3985,16.6756,0.046,0.0337,2210.9778
1218,22.0706,0.6873,0.5652,2.3391599999999997,46.141200000000005,0.03830000000000001,0.023599999999999996,2218.5778
1219,31.1657,0.4059,0.9289,2.2954,14.9387,0.0921,0.0161,2219.7667
1220,28.2938,0.9845,0.4958,2.2864,47.796200000000006,0.0363,0.008699999999999998,2147.1111
1221,44.792763830260405,0.879,1.6997,2.3237,25.8221,0.12647035144201868,0.0455,2164.4111
1222,29.914500000000004,1.0498,1.4987,2.4132,23.5982,0.058300000000000005,0.011700000000000002,2197.3111
1223,21.3495,0.9272999999999999,1.3064,2.3715,13.4932,0.0822,0.0471,2224.0
1224,22.174,0.5484,0.8395,2.1919,32.6879,0.073,0.0423,2191.2111
1225,18.2879,0.8247,0.5052,2.3672,11.4737,0.054700000000000006,0.0477,2207.8111
1226,26.281,0.6262,1.8366,2.2881,36.9983,0.1086,0.059699999999999996,2214.7111
1227,22.364,0.5562,1.4777,2.3672,36.3272,0.0428,0.059,2200.7
1228,33.7386,0.48889999999999995,2.2809,2.2757,49.95060000000001,0.0297,0.05920000000000001,2216.8333
1229,37.94970000000001,1.0039,1.8669999999999998,2.3971,27.4893,0.04750000000000001,0.0643,2181.1555
1230,22.2294,0.7888,0.9612,2.2937,16.3158,0.0543,0.0423,2183.3444
1231,26.3762,0.5328,1.6092,2.2247,16.6099,0.0929,0.0321,2255.5222
1232,19.1839,0.8251,0.5812,2.2881,19.7308,0.12647035144201868,0.0204,2180.9666
1233,23.7598,0.6837,0.6802999999999999,2.3481,17.3398,0.0936,0.04309999999999999,2181.0444
1234,24.9379,0.9046,0.5262,2.3403000000000005,33.4056,0.0532,0.0279,2196.6555
1235,22.928,0.636,0.6843,2.3167,36.5548,0.0695,0.029100000000000004,2194.6444
1236,23.5232,0.7097,1.3634,2.394,27.5028,0.0948,0.0203,2168.7
1237,22.5821,0.6139,0.8758,2.2668,30.969,0.0522,0.0604,2114.990009996847
1238,23.421199999999995,0.795,1.8486,2.3038,40.9542,0.03810000000000001,0.0759,2197.2667
1239,23.0824,0.8544,1.5732,2.3695,26.358,0.04780000000000001,0.0389,2196.0889
1240,28.2877,0.781,1.6942,2.2959,14.2723,0.033,0.0412,2162.5556
1241,28.2203,0.8221,1.2046,2.4284,21.6824,0.0416,0.0446,2117.5889
1242,18.1525,0.8182,1.8549000000000002,2.3437,22.155,0.0339,0.0491,2248.9
1243,30.9967,0.7982,0.8175,2.292,25.2731,0.0275,0.0299,2231.9555
1244,29.3191,0.7973,1.4735,2.3406,24.8358,0.05840000000000001,0.04270000000000001,2160.6
1245,27.7632,0.6413,0.7815999999999999,2.2673999999999994,22.4929,0.04750000000000001,0.0402,2223.0444
1246,34.3403,0.6833,1.2191,2.2553,41.03430000000001,0.044000000000000004,0.0613,2204.5
1247,29.9103,0.6269,0.7592000000000001,2.2877,23.8278,0.0712,0.04444,2181.1889
1248,21.2894,0.6989,0.9383,2.3322999999999996,18.4257,0.04490000000000001,0.0505,2214.9333
1249,21.3048,0.6458,0.5571,2.2989,31.612399999999997,0.0474,0.0235,2224.6778
1250,36.4489,0.8383,1.8298,2.3646,60.3473,0.0721,0.04320000000000001,2179.0445
1251,29.508,0.7106,1.4074,2.2886,16.9711,0.0191,0.04086000000000001,2179.7333
1252,24.847,0.9737000000000001,0.6665000000000001,2.3997,32.0551,0.0569,0.0088,2256.1222
