,feature_66,feature_442,feature_3,feature_299,feature_154
0,23.2216,0.9639,2207.0444,0.0595,0.0127
1,27.2716,0.8427,2155.3111,0.0662,0.0065
2,14.7061,0.9193,2173.4556,0.0519,0.0148
3,36.0791,0.7158,2224.0,0.0635,0.0159
4,24.3057,1.1255,2217.8111,0.0505,0.0078
5,19.1189,0.4782,2212.3,0.0242,0.0069
6,22.2064,0.656,2200.2,0.0655,0.014
7,25.3099,0.932,2209.8,0.0867,0.0137
8,24.2829,1.2771,2186.4111,0.08,0.0177
9,21.0974,0.5317,2182.5555,0.0449,0.0095
10,23.905,0.565,2173.2778,0.1099,0.013
11,17.5983,0.9361,2163.5889,0.1141,0.015
12,32.7483,0.9175,2162.5556,0.0266,0.0153
13,22.3647,0.7316,2236.0667,0.0486,0.0073
14,22.3694,0.8532,2239.4111,0.0607,0.0065
15,29.1429,0.7032,2227.2444,0.0585,0.0082
16,25.63381173722568,0.7139,2195.6667,0.0536,0.0057
17,44.78376974109432,0.8222,2207.0444,0.0868,0.0194
18,15.0471,0.6144,2164.3666,0.0359,0.0063
19,22.1659,0.9383,2170.0666,0.12570673895648993,0.0196
20,37.258,0.5593,2244.1111,0.0565,0.0153
21,21.7095,0.5836,2160.6,0.0166,0.0146
22,23.1287,0.78,2191.5667,0.0488,0.0072
23,30.7593,0.6373,2227.2222,0.071,0.0123
24,19.2834,0.7655,2224.6778,0.045,0.0053
25,27.2876,0.9965,2207.3889,0.0601,0.0167
26,24.3905,0.7928,2173.4556,0.053,0.0211
27,21.2465,0.7233,2210.8556,0.0643,0.0082
28,26.2754,0.6667,2230.4222,0.0339,0.0189
29,29.809,0.6641,2243.8556,0.1043,0.006
30,41.2374,0.7584,2171.9,0.0254,0.0131
31,30.4914,1.1255,2220.4778,0.0587,0.0047
32,22.9635,1.0541,2216.5,0.0286,0.0091
33,26.2691,0.442,2266.8333,0.0816,0.009
34,21.7926,0.9238,2205.7445,0.0679,0.0122
35,23.8157,0.6987,2124.8444,0.0472,0.01
36,26.4132,0.656,2208.5222,0.0175,0.0053
37,30.3233,0.7534,2228.4778,0.099,0.0114
38,26.448,0.8859,2247.3666,0.0257,0.0083
39,44.78376974109432,0.6901,2191.9,0.038,0.014
40,21.6831,0.5317,2191.3556,0.0327,0.0053
41,27.4102,1.0644,2223.0333,0.0384,0.0123
42,26.8979,0.6815,2165.0333,0.0393,0.0059
43,27.3211,0.7053,2189.9667,0.0805,0.0127
44,31.4501,0.5632,2218.0555,0.045,0.0148
45,23.5578,0.8716,2217.8667,0.0351,0.0065
46,22.1353,0.7613,2232.5889,0.0433,0.0203
47,32.7577,1.1525,2196.8,0.088,0.0061
48,22.7275,0.9136,2162.1333,0.1198,0.0058
49,33.272,0.684,2178.5889,0.0573,0.0155
50,30.1062,0.9251,2191.7889,0.0813,0.0161
51,25.9809,0.7663,2217.8667,0.0144,0.0167
52,24.7257,0.9251,2207.0444,0.061,0.0058
53,30.7182,0.5669,2206.4,0.0626,0.0065
54,44.78376974109432,0.7898,2196.6555,0.12570673895648993,0.0119
55,26.6305,0.8807,2183.1,0.0454,0.0055
56,22.5569,0.577,2228.4444,0.0397,0.0063
57,26.063,0.9588,2203.4556,0.0337,0.0053
58,22.1675,0.8435,2172.5333,0.05,0.0114
59,39.7257,0.8384,2207.0444,0.0339,0.0218
60,26.2833,1.0216,2246.5778,0.074,0.006
61,25.8939,0.7584,2206.3,0.0452,0.007405809631591129
62,26.0522,0.6641,2222.0111,0.0494,0.0113
63,26.2174,0.9965,2207.3889,0.0467,0.0142
64,19.9076,0.7506,2168.7,0.0387,0.0214
65,29.3176,0.7015,2160.3667,0.12570673895648993,0.0149
66,23.6041,0.9396,2175.9667,0.0644,0.0189
67,24.9899,0.8435,2178.6889,0.0875,0.0112
68,14.1135,0.7928,2238.5444,0.0535,0.0198
69,27.9713,0.481,2223.0444,0.0866,0.0072
70,37.532,0.6302,2191.9,0.0813,0.0133
71,24.5799,0.6641,2194.9556,0.0803,0.012
72,23.4468,0.7611,2238.1444,0.0119,0.0148
73,30.0288,0.7477,2218.0555,0.0564,0.0047
74,27.3802,0.8471,2204.6667,0.0551,0.0139
75,27.3069,0.6335,2167.2,0.09,0.0056
76,25.7305,0.4254,2231.0555,0.0342,0.0151
77,22.0576,0.7337,2114.9905673821277,0.0884,0.0054
78,30.9387,0.8136,2199.3,0.0532,0.0171
79,22.3195,0.6927,2175.1222,0.1084,0.0061
80,23.5326,1.0189,2233.1556,0.0678,0.0176
81,24.7337,0.8146,2201.0667,0.059,0.0059
82,26.2439,0.7258,2213.9111,0.0835,0.0054
83,23.2157,0.577,2179.2,0.0654,0.018
84,20.2591,1.0959,2222.3222,0.0466,0.0204
85,26.3407,0.8595,2172.3111,0.0849,0.0102
86,37.4668,1.1815,2213.7556,0.0355,0.0145
87,21.2309,0.8752,2183.3111,0.0859,0.0076
88,44.78376974109432,0.8716,2183.5,0.0517,0.0121
89,28.1684,0.5194,2211.4,0.0627,0.0135
90,31.4027,0.7392,2198.5667,0.0249,0.0154
91,28.9181,1.0143,2250.3667,0.0205,0.0067
92,18.6295,0.745,2173.4889,0.0697,0.0137
93,13.8957,0.8435,2173.4556,0.038,0.0161
94,28.0428,0.7032,2187.4111,0.0539,0.0055
95,26.4354,0.7643,2216.4778,0.0536,0.0073
96,29.5723,0.9079,2200.0666,0.0413,0.0076
97,30.6875,0.8229,2195.4444,0.0367,0.0066
98,27.7301,0.7611,2182.4111,0.0554,0.0141
99,25.4759,0.9726,2211.7222,0.0824,0.0092
100,25.02,0.7928,2186.9889,0.0394,0.017
101,27.5264,0.869,2170.9667,0.0525,0.0148
102,28.5851,0.466,2227.2444,0.0921,0.0046
103,26.336,1.062,2218.0555,0.0307,0.0052
104,21.0498,0.6163,2223.0444,0.0881,0.0139
105,24.8429,1.0551,2184.8778,0.0573,0.0061
106,20.9393,0.6222,2162.7556,0.0338,0.0088
107,23.8674,0.6796,2203.1667,0.0341,0.0061
108,17.735,0.9639,2178.6889,0.0231,0.0051
109,44.78376974109432,0.8556,2179.0445,0.0706,0.0163
110,26.254,0.8133,2136.4111,0.0489,0.0125
111,22.9551,0.593,2227.9778,0.0229,0.0086
112,23.7582,0.6641,2178.1444,0.0438,0.0051
113,20.0076,0.9274,2223.0444,0.0659,0.0077
114,36.3451,0.3973,2213.2889,0.0661,0.0124
115,26.3682,0.7852,2285.905176053776,0.077,0.012
116,22.7319,1.0918,2155.6333,0.0561,0.0042
117,23.5781,0.5779,2172.3111,0.0666,0.0112
118,17.7542,0.8446,2265.1889,0.0823,0.0143
119,22.2504,0.5478,2199.6334,0.0176,0.02635642520840247
120,29.1501,1.0135,2183.1,0.0572,0.0144
121,24.008260852841484,0.7093,2193.37618202619,0.0534,0.0126
122,44.78376974109432,0.7574,2224.4778,0.0332,0.0157
123,25.1172,0.593,2170.7444,0.0465,0.0133
124,23.5582,0.8343,2218.5778,0.0945,0.0056
125,22.513,1.1213,2215.1778,0.0305,0.0044
126,28.6073,0.5779,2180.5556,0.073,0.004
127,30.1818,0.8159,2159.0556,0.0559,0.0082
128,32.1774,0.6268,2205.5,0.0268,0.0185
129,20.2515,0.8159,2203.4556,0.0389,0.0099
130,27.0475,1.0541,2114.9905673821277,0.0804,0.0112
131,33.7771,0.7477,2194.5889,0.0425,0.0134
132,44.78376974109432,0.9836,2172.3666,0.0344,0.0095
133,23.112,0.9048,2210.2778,0.1053,0.0038
134,20.9574,0.9175,2195.1,0.0225,0.0103
135,19.9951,0.8235,2197.2667,0.0519,0.0235
136,25.2645,0.811,2218.0555,0.0559,0.0054
137,44.78376974109432,0.7574,2205.2222,0.0828,0.0145
138,29.012,0.7643,2179.0778,0.0653,0.02635642520840247
139,36.283,0.6163,2173.4889,0.0295,0.0136
140,21.9929,0.7139,2224.6778,0.0358,0.0094
141,30.9009,0.9175,2187.9889,0.0554,0.016
142,26.3771,0.7477,2198.7222,0.0357,0.0121
143,37.8425,0.573,2207.9555,0.0933,0.0146
144,24.1495,0.7532,2207.1,0.0334,0.0114
145,24.1581,0.573,2231.0555,0.0767,0.0068
146,27.7378,0.7507,2177.3222,0.0493,0.0146
147,28.7957,0.6787,2207.9555,0.0522,0.0163
148,28.4754,0.9588,2242.8555,0.0526,0.0102
149,22.8177,0.3963,2201.0667,0.0559,0.0092
150,28.2316,1.0186,2266.8333,0.0513,0.0111
151,30.5545,0.9683,2243.7778,0.0407,0.0163
152,44.78376974109432,1.0459,2221.9444,0.12570673895648993,0.0159
153,44.78376974109432,0.7584,2166.5222,0.0734,0.0146
154,22.8392,0.7059,2177.3222,0.091,0.018
155,24.7192,0.7928,2197.2667,0.0523,0.0076
156,39.8719,0.7524,2171.8111,0.0458,0.0139
157,21.6833,0.5955,2196.2111,0.03,0.0167
158,21.4549,0.577,2146.9111,0.0678,0.0109
159,22.4948,0.5194,2221.3667,0.0853,0.0115
160,33.5324,1.1623,2187.7888,0.0945,0.0066
161,31.622,0.8616,2180.5556,0.0571,0.0112
162,29.1444,0.5377,2200.7333,0.0169,0.0104
163,27.4264,0.7677,2249.2556,0.0362,0.006
164,23.9846,0.9048,2191.1333,0.0796,0.0095
165,23.2147,0.8883,2235.0556,0.064,0.0043
166,21.8556,0.7532,2195.1,0.0321,0.0149
167,27.0269,0.7408,2238.5444,0.0575,0.0238
168,30.4987,0.9332,2200.2,0.0501,0.0054
169,18.3248,0.6576,2178.0778,0.0495,0.0135
170,34.2074,0.8859,2211.6,0.0667,0.0109
171,20.7886,0.768,2196.8,0.054,0.0057
172,39.6865,0.7162,2196.6555,0.0953,0.0166
173,20.1161,1.0959,2196.6555,0.051,0.0123
174,25.9809,1.0541,2189.3556,0.029,0.0109
175,25.1055,0.9066,2181.1889,0.0243,0.0055
176,37.5213,0.7524,2197.2333,0.0601,0.0131
177,17.4684,0.8446,2239.4223,0.0636,0.0058
178,26.7205,0.8859,2218.6223,0.0779,0.0118
179,24.6207,0.7277,2195.9778,0.0478,0.0139
180,29.7075,0.8146,2167.2,0.0193,0.0129
181,44.78376974109432,0.9059,2178.7333,0.0588,0.0061
182,34.3077,0.9276,2243.8556,0.0412,0.013
183,24.0276,0.6385,2236.1111,0.0989,0.0126
184,25.5747,0.7852,2209.6667,0.0435,0.0132
185,22.1925,1.0189,2236.0667,0.0492,0.014
186,22.3699,0.8556,2214.7111,0.1044,0.0092
187,42.2381,1.148,2181.5111,0.0367,0.0081
188,25.6635,0.685,2203.4445,0.059,0.0165
189,23.1222,0.6796,2173.2778,0.0425,0.0146
190,30.222,0.6385,2173.2778,0.0456,0.0138
191,41.5043,0.7898,2183.4333,0.026,0.0093
192,44.78376974109432,0.9087,2139.2667,0.0521,0.0143
193,22.2242,0.9735,2184.8889,0.0405,0.0083
194,24.4119,1.0078,2233.1556,0.018,0.0184
195,25.4657,0.8859,2226.0667,0.0322,0.0101
196,26.114,0.6257,2181.0444,0.0834,0.0089
197,26.9505,0.5888,2141.0667,0.0507,0.011
198,32.7145,0.7954,2202.3556,0.0682,0.0102
199,21.6961,0.8235,2197.6444,0.062,0.0049
200,23.7588,0.4749,2203.1667,0.0832,0.0108
201,26.5186,0.8616,2228.7222,0.0618,0.0101
202,24.5318,0.9525,2180.8889,0.0613,0.0136
203,22.9188,0.6644,2232.0778,0.0694,0.006
204,22.1064,0.4382,2194.8,0.0443,0.0111
205,23.8635,0.8198,2200.1222,0.0452,0.0137
206,31.6904,0.7158,2185.8111,0.0542,0.0153
207,19.9232,0.9238,2218.8778,0.0678,0.0108
208,23.8635,0.7928,2176.6334,0.0443,0.0073
209,16.8961,0.713,2188.7111,0.0435,0.0058
210,18.8096,0.4389,2234.5222,0.0484,0.0141
211,29.6277,0.4817,2221.9778,0.0635,0.013
212,22.1063,0.9725,2208.4444,0.0772,0.006
213,28.2022,0.832,2200.0666,0.0293,0.0087
214,29.2332,0.7681,2159.0556,0.0349,0.0057
215,36.1696,0.6268,2192.1889,0.0481,0.0075
216,21.0159,0.7865,2210.3556,0.0188,0.0086
217,37.0555,0.9059,2197.6778,0.0475,0.0053
218,34.578,0.811,2218.5778,0.0447,0.0226
219,32.6371,1.026,2177.4333,0.0373,0.0075
220,34.6022,0.7015,2221.9444,0.12570673895648993,0.0086
221,20.0533,1.0393,2235.0556,0.0564,0.007
222,26.314,0.9525,2192.7556,0.0339,0.0088
223,26.5379,0.78,2230.7555,0.059,0.0144
224,28.3035,0.6373,2210.2778,0.0548,0.0075
225,19.1593,0.596,2185.9333,0.0513,0.0151
226,24.6278,0.7611,2137.6111,0.0505,0.0116
227,27.0311,0.9091,2178.5889,0.0612,0.008
228,38.8982,0.7584,2166.5222,0.0284,0.0168
229,22.8831,0.6163,2189.6778,0.0194,0.0126
230,27.6339,0.7558,2216.5,0.0313,0.0114
231,29.5672,0.8452,2177.0333,0.0703,0.0052
232,31.7775,0.9075,2231.6111,0.0625,0.0066
233,38.0547,0.8384,2224.0,0.0401,0.0165
234,20.9881,0.687,2205.2222,0.0443,0.0047
235,27.7301,0.6302,2172.9778,0.0569,0.0117
236,15.7033,0.9444,2192.3778,0.0314,0.0097
237,24.9562,0.8569,2167.4222,0.036,0.01
238,13.5705,0.5374,2208.6556,0.0098,0.0089
239,24.1408,0.4782,2206.4,0.0603,0.0087
240,30.1925,0.7719,2194.9556,0.0541,0.0092
241,21.8247,0.7613,2138.8778,0.039,0.0058
242,23.8107,0.6641,2192.5556,0.083,0.0184
243,31.8429,0.684,2215.5111,0.088,0.0168
244,25.0547,0.6373,2247.3666,0.0466,0.0057
245,21.0858,0.9726,2189.8778,0.0472,0.0044
246,24.6357,1.1248,2163.5889,0.0483,0.0123
247,29.8877,0.9332,2219.7667,0.0571,0.0053
248,31.4055,0.4744,2192.1889,0.0409,0.0155
249,24.3734,0.481,2210.8556,0.027,0.0085
250,30.1905,0.5329,2187.3444,0.0898,0.0159
251,14.406,0.5593,2243.7778,0.0576,0.0196
252,30.3384,0.9186,2208.9,0.0679,0.0129
253,19.7743,0.8735,2220.7111,0.0444,0.022
254,26.841,1.1638,2155.6333,0.0249,0.0099
255,30.0271,0.7337,2213.9111,0.0442,0.0116
256,39.587,0.7584,2206.5112,0.0485,0.0095
257,22.0794,0.8659,2243.8556,0.0344,0.0162
258,20.8163,0.9251,2197.6778,0.0348,0.0055
259,26.3647,0.6805,2188.6,0.0506,0.0111
260,32.4091,0.9707,2204.2889,0.0432,0.0103
261,24.2043,0.9255,2178.7333,0.0387,0.0235
262,25.1914,0.6815,2200.1222,0.0757,0.0057
263,21.3934,0.57,2217.8667,0.0571,0.0091
264,29.0059,0.7032,2171.5,0.0717,0.011
265,25.6619,0.6332,2201.8666,0.056,0.0111
266,34.4785,0.3512,2205.5,0.0663,0.0136
267,26.2155,0.9525,2172.8111,0.0822,0.0066
268,20.0249,0.9193,2183.3444,0.0639,0.009
269,28.6915,0.9715,2229.3333,0.0379,0.0091
270,27.8586,0.8336,2236.0667,0.0305,0.009
271,15.585,0.7121,2224.0,0.0547,0.0079
272,28.8169,0.6611,2183.5889,0.0542,0.0063
273,27.1415,0.8716,2199.6334,0.0303,0.0099
274,18.6383,0.6644,2260.2222,0.0296,0.0094
275,28.2459,0.7663,2217.0,0.0395,0.0177
276,28.4192,0.768,2167.9444,0.0427,0.0067
277,30.4269,0.593,2200.2,0.0589,0.0053
278,24.1042,0.9066,2192.7556,0.049,0.0153
279,29.7647,0.6903,2172.3111,0.028,0.0108
280,19.9304,0.8089,2200.2089057147396,0.0317,0.0136
281,29.085,0.9072,2214.9333,0.0517,0.0104
282,26.0255,0.8705,2246.5778,0.0693,0.0087
283,24.4489,0.9735,2229.3333,0.0364,0.0134
284,27.8129,0.6787,2217.0,0.0512,0.0079
285,23.195,0.815,2195.5,0.0431,0.0094
286,36.7408,1.0765,2244.9778,0.0452,0.0075
287,37.4995,0.8007,2239.3,0.0705,0.0122
288,29.5935,1.1869,2172.5333,0.077,0.0205
289,32.3553,0.714,2201.4636473400865,0.0499,0.0072
290,21.2995,0.8659,2241.1778,0.0778,0.0114
291,20.4284,1.0047,2186.9889,0.0436,0.0197
292,19.9683,0.7664,2200.9556,0.0682,0.0085
293,25.7524,0.8571,2188.5111,0.0418,0.0058
294,25.8775,1.0918,2192.7889,0.0762,0.0098
295,23.4612,0.7153,2124.8444,0.0463,0.0135
296,22.2958,0.6857,2244.9778,0.0688,0.0118
297,20.1338,0.7674,2218.8111,0.0322,0.0123
298,38.597,0.8384,2248.4222,0.0276,0.0066
299,12.0446,0.7316,2170.9667,0.0814,0.0081
300,35.4148,0.7059,2196.6889,0.0884,0.0234
301,26.26,1.1623,2231.9555,0.0558,0.0057
302,20.1913,0.7724,2199.6556,0.0739,0.0065
303,32.3293,0.8962,2203.0445,0.0481,0.023
304,19.9831,0.869,2173.4556,0.0598,0.0122
305,22.9633,0.9729,2183.3444,0.0539,0.0089
306,21.7752,0.8161,2134.7445,0.0569,0.0178
307,26.9923,0.5066,2205.2555,0.0583,0.0113
308,25.8412,0.6222,2245.3667,0.0428,0.0103
309,44.78376974109432,1.0803,2139.2667,0.0597,0.0143
310,30.1316,0.5677,2243.7778,0.0556,0.0175
311,22.863,0.5858,2206.9667,0.0651,0.0065
312,25.5177,1.1054,2195.1222,0.0371,0.0186
313,24.6273,0.9826,2171.8556,0.0518,0.02635642520840247
314,28.4535,0.9329,2216.8111,0.0748,0.0055
315,30.6183,0.9707,2192.7556,0.0198,0.0101
316,25.5848,0.604,2167.2,0.1118,0.005
317,30.3896,0.687,2170.9667,0.047,0.0131
318,28.8331,0.9329,2195.9778,0.083,0.0157
319,44.78376974109432,1.0551,2221.9444,0.0693,0.0065
320,19.9156,0.7642,2202.1222,0.0401,0.0066
321,27.1184,0.7532,2192.7889,0.0108,0.0083
322,25.2629,0.8336,2205.7,0.0734,0.0076
323,32.6343,1.148,2186.2667,0.0394,0.0111
324,25.2855,1.0338,2213.7556,0.0521,0.0051
325,26.308,1.0359,2206.1444,0.0412,0.0047
326,22.6131,1.0323,2224.0,0.0487,0.0054
327,32.7382,1.0478,2231.6111,0.0842,0.0051
328,25.4566,0.8435,2179.0778,0.0454,0.0043
329,23.6862,0.8807,2200.7333,0.059,0.0115
330,23.229,0.7643,2216.4778,0.0726,0.0105
331,26.658,1.0459,2180.6778,0.12570673895648993,0.0183
332,21.1288,1.0338,2213.7556,0.0361,0.0048
333,27.0904,0.9075,2189.6778,0.0593,0.0088
334,18.6087,0.8681,2180.1556,0.0717,0.0125
335,28.3785,0.577,2216.4778,0.0293,0.0063
336,26.5918,0.9276,2172.8111,0.0564,0.0119
337,28.1825,0.8155,2177.4333,0.0427,0.0103
338,34.1825,0.7677,2244.5,0.0437,0.0116
339,39.9106,0.7747,2184.8889,0.0452,0.0236
340,25.7025,0.8231,2171.8556,0.0647,0.0141
341,25.5875,0.7507,2243.7778,0.0368,0.0209
342,23.8478,0.9332,2194.5889,0.0834,0.0118
343,30.2685,0.9175,2187.9889,0.0278,0.0106
344,35.7866,0.9059,2196.6889,0.056,0.0189
345,23.5681,0.869,2172.1223,0.0342,0.0137
346,40.8846,0.3973,2203.1667,0.0466,0.0061
347,23.7727,0.8041,2218.0555,0.0744,0.0191
348,31.4605,1.0189,2171.8556,0.0488,0.0086
349,31.9995,0.4744,2216.8333,0.0809,0.0138
350,22.5764,0.8807,2177.0222,0.0496,0.0187
351,32.12609065324759,0.6644,2269.2556,0.0614,0.0101
352,23.241,0.8435,2170.9667,0.0468,0.0109
353,18.5853,1.0891,2174.8666,0.12570673895648993,0.0142
354,29.6922,0.685,2243.8556,0.0219,0.0048
355,33.7075,0.7719,2188.5444,0.0417,0.0129
356,30.1518,0.768,2236.0667,0.057,0.0168
357,29.1285,0.8159,2171.3222,0.0421,0.0079
358,25.8642,1.0631,2213.9111,0.0371,0.0092
359,20.8541,1.0216,2190.1555,0.102,0.0053
360,20.1394,0.8345,2212.7111,0.0476,0.0077
361,22.8619,0.8047,2218.7778,0.0389,0.0062
362,32.5387,1.0323,2177.3222,0.0571,0.0168
363,20.8256,1.0216,2220.0445,0.0852,0.0118
364,44.78376974109432,0.9413,2196.6889,0.073,0.0079
365,44.0701,0.9393,2171.9,0.0352,0.0115
366,29.5895,1.0393,2159.0556,0.0498,0.01
367,24.0616,0.745,2170.7444,0.0425,0.0049
368,44.78376974109432,0.6302,2285.905176053776,0.12570673895648993,0.0176
369,20.4431,1.062,2208.4444,0.0388,0.0182
370,23.2908,1.0338,2180.0556,0.0362,0.0225
371,23.9046,0.5194,2199.6556,0.0775,0.0149
372,24.8245,0.593,2266.8333,0.0402,0.0126
373,26.1208,0.6222,2174.7555,0.0509,0.0125
374,28.0815,0.587,2194.9556,0.0253,0.0098
375,23.3059,0.687,2186.9889,0.0424,0.0111
376,28.8578,0.7506,2165.0333,0.1222,0.0118
377,44.78376974109432,1.0803,2221.9444,0.0635,0.0086
378,29.7843,0.4744,2196.1111,0.0649,0.0128
379,25.9662,0.9361,2183.3111,0.016,0.0151
380,21.6796,0.713,2218.8778,0.0651,0.0083
381,31.879,0.7159,2200.9889,0.0361,0.0075
382,28.1985,0.5836,2164.3,0.0418,0.005
383,23.7087,0.687,2197.2333,0.0617,0.0066
384,25.2115,0.9826,2201.8222,0.0468,0.0096
385,35.2757,0.5677,2197.6778,0.0506,0.0062
386,30.013,0.466,2206.1444,0.0898,0.0092
387,28.6157,0.6066,2203.4556,0.1077,0.0118
388,31.0321,0.9683,2280.8222,0.0608,0.0228
389,18.7085,0.6242,2173.2778,0.0497,0.0144
390,21.9055,0.587,2211.7778,0.0649,0.01
391,24.0673,1.0323,2196.6889,0.0525,0.0103
392,18.2764,1.0323,2205.4667,0.0582,0.0232
393,32.176,0.7159,2210.2778,0.0207,0.0176
394,31.3396,1.0541,2194.3778,0.0476,0.0107
395,23.4301,0.8076,2199.6556,0.0996,0.0139
396,17.8357,0.9232,2217.4111,0.0322,0.0116
397,20.5351,0.9251,2168.7222,0.0408,0.0088
398,23.3895,0.6903,2210.2778,0.0647,0.0088
399,28.1392,0.7015,2224.6222,0.12570673895648993,0.014
400,31.7755,0.8297,2201.2889,0.0455,0.0112
401,26.8972,1.0393,2235.0556,0.0696,0.0053
402,29.1464,0.9735,2205.7222,0.0483,0.013
403,17.3399,1.0135,2189.6555,0.0508,0.0111
404,22.588,0.8343,2218.5778,0.0553,0.0044
405,25.0401,0.7507,2186.9889,0.0572,0.021
406,21.2359,0.7059,2197.2333,0.0675,0.0125
407,30.2702,0.5967,2204.2889,0.0611,0.0134
408,22.6626,0.6796,2187.9889,0.0885,0.0178
409,28.8106,1.0541,2114.9905673821277,0.0713,0.0096
410,30.7204,0.7534,2236.1111,0.1096,0.0131
411,39.683,1.1086,2187.5222,0.0574,0.0079
412,19.3697,0.9725,2208.4444,0.026,0.0061
413,18.6476,0.4221,2265.1889,0.0415,0.0133
414,22.8489,0.8752,2183.3111,0.039,0.0072
415,22.9832,0.8229,2231.6111,0.0393,0.0062
416,29.8057,0.8136,2205.5,0.0926,0.0149
417,38.9877,0.8556,2201.5777,0.054233859280506835,0.0229
418,14.8409,0.713,2202.2556,0.0379,0.0112
419,32.7742,0.5742,2207.9555,0.0394,0.0163
420,23.6925,0.869,2180.7,0.008,0.0083
421,22.8057,0.9136,2176.4667,0.0632,0.0068
422,24.3585,0.9091,2227.9778,0.0128,0.0053
423,30.59,0.7258,2276.4556,0.0888,0.0053
424,22.7886,0.4685,2171.8556,0.0363,0.0132
425,30.3824,0.9735,2162.7556,0.0693,0.01
426,26.3334,0.7681,2159.0556,0.0759,0.0172
427,30.9695,0.6056,2217.0,0.038,0.0168
428,25.4819,0.6066,2190.1555,0.0548,0.0143
429,25.4333,1.0407,2220.5445,0.046,0.0169
430,31.3826,0.815,2216.5,0.0542,0.0097
431,20.2022,0.4817,2260.7333,0.0726,0.0053
432,33.6506,0.4817,2171.8556,0.0569,0.0148
433,41.5512,0.9368,2166.5222,0.12570673895648993,0.0173
434,33.9495,0.6161,2260.7333,0.0438,0.0062
435,24.7094,0.5284,2244.5,0.0417,0.0062
436,31.3918,1.0631,2189.3556,0.0618,0.0107
437,22.97,0.7032,2200.9889,0.0802,0.0066
438,39.6821,0.6302,2228.0555,0.12570673895648993,0.0203
439,25.4943,0.573,2212.3,0.0767,0.0093
440,41.9354,0.7574,2217.7556,0.041,0.0146
441,38.5841,0.9255,2194.6444,0.0357,0.0159
442,28.8009,0.9588,2184.8889,0.0594,0.02635642520840247
443,27.2525,0.815,2206.1444,0.0447,0.0098
444,29.9212,0.4254,2182.4111,0.0703,0.0161
445,20.6576,0.9274,2195.4444,0.0819,0.0107
446,31.82140277472758,0.714,2173.6444,0.0261,0.0161
447,30.0241,1.2223,2180.3778,0.043,0.0186
448,23.1757,0.7613,2183.4333,0.0499,0.0165
449,44.78376974109432,1.0216,2201.031220921207,0.12570673895648993,0.0207
450,30.3538,0.7162,2180.3778,0.0272,0.0171
451,29.0454,0.6254,2195.1,0.0483,0.0089
452,26.7098,0.577,2171.8556,0.0086,0.0077
453,25.4798,0.6385,2173.2778,0.1074,0.0149
454,27.984,0.8163,2166.2111,0.0479,0.0198
455,18.277,0.3963,2205.7222,0.0398,0.0096
456,30.2755,0.8384,2223.4,0.0541,0.0079
457,32.4807,0.6611,2241.1778,0.0349,0.0125
458,26.0868,1.0359,2168.7333,0.0714,0.0086
459,21.9792,0.8146,2205.7222,0.028,0.0114
460,25.688,0.9873,2126.6555,0.0549,0.0045
461,23.1136,1.0216,2204.5445,0.0867,0.0073
462,23.8511,0.9175,2187.9889,0.0352,0.009
463,39.4515,0.9109,2280.8222,0.0455,0.0226
464,24.5095,0.7193,2198.8556,0.0459,0.0147
465,29.2938,0.6259,2207.9555,0.0528,0.0161
466,28.4793,0.604,2253.5111,0.0813,0.005
467,32.0454,1.1869,2195.7666,0.0545,0.0142
468,28.9752,0.4744,2212.3,0.0708,0.0097
469,26.1038,0.7153,2155.6333,0.0775,0.0114
470,31.3727,0.4744,2209.6667,0.0369,0.0178
471,27.9706,0.7392,2215.8111,0.0429,0.015
472,27.0478,0.6927,2151.6889,0.1252,0.0054
473,29.0537,0.7392,2207.1444,0.0272,0.015
474,18.8532,0.6242,2164.3666,0.07,0.0159
475,29.4926,1.1255,2183.5,0.0487,0.0083
476,33.4081,0.8041,2218.0555,0.0399,0.0188
477,23.1861,0.7506,2175.2556,0.05,0.0152
478,21.1535,0.6641,2171.9,0.0531,0.0195
479,31.5545,0.8705,2210.9778,0.0659,0.0061
480,31.016,0.8231,2171.3222,0.058,0.0103
481,29.7545,0.8163,2200.9889,0.0326,0.0049
482,31.3313,0.4996,2223.1667,0.12570673895648993,0.0086
483,31.0165,0.656,2219.7667,0.0481,0.0049
484,32.4059,0.9136,2223.0444,0.038,0.0122
485,26.3006,0.9588,2167.9444,0.0466,0.006
486,33.0615,0.687,2185.3334,0.0437,0.0134
487,24.3206,0.5279,2169.4667,0.0692,0.0149
488,26.2879,0.7849,2207.9555,0.0725,0.007
489,32.3378,0.6901,2246.4889,0.0397,0.0169
490,36.343,0.5858,2210.7333,0.0338,0.0184
491,27.6705,0.7337,2182.0222,0.0361,0.01
492,30.3892,0.768,2167.9444,0.0346,0.0053
493,23.0468,1.0407,2206.5112,0.035,0.0116
494,21.0027,0.6576,2178.6889,0.0438,0.0098
495,25.849,0.8716,2217.8667,0.036,0.0103
496,27.6462,0.7719,2200.2,0.0419,0.0113
497,26.3116,0.7663,2171.8556,0.0388,0.0054
498,28.803,1.0631,2192.0,0.0893,0.0169
499,28.6912,0.9186,2244.9778,0.0704,0.0136
500,22.6504,0.7613,2199.3334,0.0474,0.0153
501,28.1993,0.5742,2209.4667,0.0332,0.0206
502,28.189,0.9049,2204.6667,0.0712,0.0095
503,30.0565,0.5377,2183.3111,0.0521,0.0138
504,18.2111,0.7613,2191.9,0.0473,0.0122
505,26.0425,0.7643,2159.0556,0.0794,0.0061
506,23.7055,1.0478,2189.8778,0.0667,0.0055
507,26.2629,0.8571,2199.6556,0.0511,0.005
508,34.1725,0.4443,2206.4,0.061,0.009
509,24.7718,0.7611,2137.6111,0.0897,0.0062
510,27.8252,1.0143,2219.7667,0.042,0.0058
511,16.3432,0.5284,2228.9445,0.0527,0.0112
512,26.0317,0.6335,2285.905176053776,0.0277,0.0094
513,21.2711,0.8231,2204.5445,0.0486,0.0093
514,27.2483,1.0631,2196.0,0.0611,0.0057
515,31.416,1.1815,2185.9333,0.0267,0.0206
516,25.3309,0.9186,2178.5889,0.0498,0.0123
517,24.3465,1.0189,2216.4778,0.0604,0.0044
518,23.5304,0.9725,2173.6222,0.0372,0.018
519,28.6582,0.6144,2210.8556,0.0604,0.009
520,22.3822,0.6987,2219.1333,0.0513,0.0039
521,32.6465,0.6901,2222.3333,0.0677,0.0206
522,23.2779,0.9725,2180.9666,0.0624,0.0141
523,27.0988,1.0918,2155.6333,0.048,0.0092
524,24.2974,0.8616,2196.1111,0.0777,0.0114
525,25.7166,0.7663,2205.2222,0.021,0.0078
526,25.3734,0.5799,2242.8555,0.076,0.0059
527,25.1013,0.8883,2235.0556,0.0657,0.006
528,18.3175,0.9251,2185.9333,0.0447,0.0166
529,30.7458,0.8076,2217.5778,0.0958,0.0128
530,30.6953,0.5284,2188.5111,0.086,0.0131
531,37.6915,0.6783,2270.2556,0.0584,0.0137
532,26.4193,0.6163,2164.2667,0.065,0.0057
533,19.1895,0.746,2210.3556,0.0909,0.0086
534,25.6003,0.832,2159.0556,0.0789,0.0056
535,20.6151,0.8705,2216.7333,0.0429,0.011
536,26.166,0.7316,2146.1111,0.0391,0.0119
537,22.8211,0.7664,2200.9556,0.0643,0.0118
538,20.7242,0.8834,2114.9905673821277,0.0811,0.0095
539,18.784,0.8758,2177.4333,0.12570673895648993,0.0093
540,26.4708,0.6161,2219.7667,0.075,0.016
541,18.9734,0.5765,2200.2333,0.0626,0.0169
542,19.6859,1.1869,2219.1333,0.0243,0.015
543,18.0095,0.7093,2204.2333,0.0724,0.0108
544,33.0758,0.7408,2238.5444,0.0282,0.0058
545,27.5177,1.0765,2186.9,0.0717,0.0094
546,26.8806,0.9916,2216.6778,0.033,0.01
547,33.6192,0.662,2180.3778,0.0662,0.0213
548,28.0695,0.7162,2181.6111,0.061,0.0111
549,23.4873,0.8883,2163.8667,0.0507,0.0049
550,44.78376974109432,0.7516,2181.1889,0.1111,0.0133
551,23.7193,0.78,2242.4333,0.0748,0.0092
552,28.9017,0.9276,2147.1111,0.0936,0.0057
553,32.6374,0.7233,2200.906560177289,0.0486,0.0118
554,41.8842,1.148,2234.6111,0.0586,0.0056
555,21.9792,0.8235,2214.7111,0.0406,0.0206
556,20.5025,0.7093,2205.7445,0.0409,0.009
557,26.0917,0.4254,2201.303745566726,0.0424,0.0074
558,23.7806,0.8752,2213.7556,0.0479,0.005
559,27.527,0.9186,2178.4667,0.077,0.0146
560,27.6476,0.9726,2136.4111,0.0606,0.0104
561,26.8797,0.9413,2196.6889,0.037,0.0193
562,24.7298,0.5194,2244.5,0.063,0.0144
563,21.0446,0.647,2208.9778,0.0642,0.0088
564,27.6301,1.2364,2230.4222,0.0502,0.0144
565,40.5205,1.0551,2196.6555,0.047,0.0056
566,21.3671,0.7532,2207.1,0.017,0.0148
567,26.7021,0.7153,2114.9905673821277,0.0884,0.0105
568,31.4439,0.5355,2200.0666,0.031,0.0082
569,28.7752,0.4382,2155.3111,0.07,0.0055
570,30.6289,0.6783,2197.3111,0.0152,0.0117
571,26.1855,0.7408,2197.6778,0.0531,0.0215
572,22.3374,1.1815,2202.1222,0.0319,0.006
573,29.3844,0.7584,2174.8666,0.0486,0.0136
574,21.7381,1.062,2225.5889,0.0508,0.0162
575,20.2979,0.5632,2167.5,0.0301,0.0161
576,26.7245,0.8263,2169.9444,0.0711,0.0075
577,24.3275,1.1525,2214.7111,0.0407,0.0059
578,30.2505,1.0803,2178.7333,0.0466,0.0194
579,23.4325,0.5799,2229.3333,0.04,0.0103
580,24.1601,0.4782,2199.4581878622494,0.04,0.0064
581,23.7913,0.7808,2197.6778,0.0289,0.0087
582,31.9933,0.5377,2183.3111,0.0703,0.0151
583,20.9755,0.8336,2114.9905673821277,0.0584,0.0045
584,18.5294,1.0478,2211.7778,0.0235,0.0084
585,28.1426,0.5742,2209.4667,0.0492,0.0115
586,22.6375,0.9826,2216.4778,0.0521,0.0059
587,22.519,0.7121,2198.7222,0.0357,0.0226
588,24.3769,0.6222,2218.6333,0.0796,0.0154
589,24.1465,0.9729,2151.6889,0.0199,0.0048
590,23.6178,0.5066,2208.9778,0.0574,0.0115
591,20.0445,0.5836,2164.3,0.0442,0.0057
592,22.969,1.1869,2214.7111,0.062,0.0062
593,28.252,0.7942,2207.1,0.0651,0.0125
594,39.9438,0.4184,2183.4556,0.0487,0.0128
595,19.6185,0.7677,2169.9444,0.0536,0.0076
596,26.3122,0.7121,2243.7778,0.0565,0.0185
597,23.0148,0.8735,2171.9,0.0563,0.0139
598,27.8256,0.8569,2201.2889,0.0738,0.0105
599,29.2883,0.8304,2127.9555,0.0838,0.0079
600,26.977,0.8089,2189.6778,0.0248,0.0146
601,19.9565,0.8007,2222.3222,0.0556,0.0199
602,28.6558,0.9163,2200.9889,0.0472,0.0078
603,26.9974,0.832,2165.8666,0.078,0.0085
604,31.0075,0.7159,2171.5,0.0528,0.0065
605,27.5901,0.8122,2217.4111,0.0185,0.0166
606,28.8518,0.8807,2202.2889,0.0334,0.0124
607,23.6405,0.7674,2239.4111,0.0318,0.0135
608,22.9785,1.0393,2217.8111,0.0527,0.0094
609,26.0408,0.8159,2216.5111,0.0534,0.0074
610,22.3489,0.7015,2166.5222,0.12570673895648993,0.0213
611,29.6544,0.4782,2191.6445,0.0379,0.0057
612,22.7338,0.6641,2181.1555,0.0327,0.0094
613,28.3474,0.6641,2192.5556,0.0412,0.0079
614,44.78376974109432,0.7747,2244.1111,0.0379,0.018
615,21.5576,0.5066,2205.2555,0.0819,0.0239
616,35.7993,0.8532,2206.7999,0.0597,0.0121
617,26.2719,0.815,2208.9778,0.0778,0.02635642520840247
618,29.0235,0.8184,2217.4111,0.0373,0.0097
619,17.1276,1.0338,2180.7,0.0862,0.0073
620,33.8496,0.8007,2220.4444,0.0704,0.0152
621,24.8005,0.7015,2224.6222,0.12570673895648993,0.0105
622,24.1109,0.7719,2213.2111,0.0291,0.0066
623,29.1406,0.5779,2194.9556,0.0539,0.0098
624,17.5921,0.8435,2231.4889,0.0483,0.0133
625,16.9061,1.2771,2195.1222,0.12570673895648993,0.0183
626,27.5479,0.8163,2226.3111,0.0765,0.011
627,29.8969,1.0803,2202.7111,0.0684,0.0073
628,32.8478,1.0407,2242.2444,0.0187,0.0152
629,24.6661,0.8571,2173.2778,0.0186,0.0128
630,23.6096,0.8595,2182.6222,0.0632,0.0099
631,26.1512,0.8807,2196.0889,0.0191,0.0155
632,25.9589,0.6335,2171.8556,0.0502,0.0167
633,25.7407,0.4685,2202.5556,0.0633,0.0179
634,26.4206,0.5317,2190.7666,0.0618,0.0125
635,17.0797,0.8446,2183.4556,0.0603,0.0122
636,28.121,0.7593,2184.8889,0.0532,0.014
637,24.5978,0.587,2187.4111,0.0615,0.0057
638,29.4636,0.4254,2203.1667,0.1137,0.0119
639,27.4876,0.7954,2223.9,0.0492,0.0082
640,26.3835,1.0186,2276.4556,0.0725,0.0123
641,36.5432,0.6268,2209.4667,0.0806,0.0068
642,23.1901,0.4129,2191.8445,0.0216,0.0123
643,32.4142,1.0047,2177.3222,0.047,0.0227
644,36.6135,0.8222,2179.0778,0.0602,0.0194
645,33.9056,0.7642,2187.6667,0.0277,0.0165
646,24.9563,1.1638,2167.9444,0.0299,0.02635642520840247
647,9.011966456588027,0.9444,2200.2333,0.0966,0.0047
648,25.2503,0.7681,2189.5777,0.0505,0.0163
649,25.8222,0.8345,2243.7778,0.0612,0.0049
650,29.185,1.0323,2218.5778,0.092,0.0065
651,25.0963,0.6066,2194.5889,0.031,0.0089
652,31.6501,0.8595,2211.6,0.0908,0.0108
653,23.6254,1.0216,2187.8111,0.0974,0.0101
654,19.064,0.565,2203.1667,0.091,0.0118
655,28.777,0.4722,2204.6667,0.0824,0.0157
656,15.0708,0.8446,2265.1889,0.0445,0.0137
657,22.7427,0.8752,2201.8222,0.0827,0.0075
658,44.78376974109432,0.4749,2192.1889,0.0751,0.0126
659,28.0999,0.9143,2231.6111,0.0431,0.0056
660,30.2922,1.1086,2183.4556,0.0281,0.021
661,29.453,0.7337,2153.9778,0.063,0.0053
662,22.9589,0.9588,2233.1556,0.0446,0.0086
663,42.2686,0.8384,2192.6889,0.0728,0.005
664,22.23,0.745,2221.3667,0.0444,0.0111
665,23.5906,0.8007,2242.2444,0.07,0.0101
666,29.6501,0.6927,2258.2778,0.0544,0.0104
667,24.1854,0.768,2207.8111,0.0469,0.0111
668,23.1949,0.8716,2215.3889,0.0454,0.0124
669,22.5384,0.9251,2197.6778,0.0355,0.0186
670,15.3094,0.9753,2248.9,0.0663,0.016
671,17.1419,0.9812,2180.5556,0.1071,0.006
672,19.6579,0.5377,2173.6444,0.0712,0.0096
673,25.2303,0.6987,2233.1556,0.0601,0.0167
674,25.4763,0.6927,2201.8666,0.058,0.0083
675,29.871,0.9109,2202.4333,0.0432,0.0195
676,30.7097,0.9072,2227.2444,0.0667,0.0051
677,26.247,0.8716,2189.8111,0.0194,0.0166
678,28.7982,1.0393,2242.8555,0.0551,0.0042
679,27.2628,0.7719,2211.4334,0.0878,0.007
680,30.9212,0.8427,2181.0444,0.0582,0.0056
681,28.9871,0.6335,2200.0666,0.0271,0.0104
682,26.1735,0.9725,2227.2444,0.0254,0.0137
683,21.3926,0.8235,2197.6444,0.0479,0.0048
684,31.0753,0.9072,2168.7333,0.0293,0.0087
685,31.3031,0.7032,2171.5,0.0899,0.0085
686,16.1776,1.062,2233.7666,0.0615,0.0042
687,14.606,0.8571,2253.3444,0.0395,0.0119
688,33.3616,0.573,2255.5222,0.0943,0.015
689,26.3387,0.8229,2200.2,0.0423,0.0063
690,21.8416,0.7139,2195.6667,0.0518,0.022
691,26.4617,0.9143,2249.2556,0.0846,0.009
692,28.0488,0.9109,2214.0556,0.1146,0.0044
693,37.4506,0.7584,2246.4889,0.0444,0.0092
694,24.0609,0.7392,2200.2111,0.0398,0.0161
695,26.0373,1.026,2191.3556,0.0345,0.0121
696,25.7529,0.7852,2215.8111,0.12570673895648993,0.0134
697,26.5409,1.0135,2178.6889,0.0393,0.0089
698,31.4736,0.757,2223.5333,0.0496,0.0119
699,25.2418,0.5329,2205.5,0.0904,0.0141
700,28.6132,0.7558,2171.5,0.0505,0.0083
701,29.8709,0.7053,2189.9667,0.0602,0.0102
702,23.9411,1.0631,2215.5111,0.0564,0.0085
703,25.1003,1.0541,2191.1333,0.0648,0.0042
704,29.8753,0.7724,2231.9555,0.0522,0.0051
705,22.1373,0.9059,2183.5777,0.0452,0.0189
706,24.7459,0.6335,2229.3333,0.0488,0.0083
707,27.3317,0.7674,2217.0,0.0342,0.0141
708,44.78376974109432,1.0459,2222.3222,0.12570673895648993,0.0118
709,27.2848,0.8041,2218.0555,0.0488,0.0091
710,28.2487,1.0189,2172.4,0.0346,0.0089
711,17.7128,0.8469,2187.3444,0.0442,0.0106
712,21.7888,1.1638,2141.0667,0.0498,0.0118
713,24.5276,0.7664,2228.9445,0.0601,0.0055
714,26.3457,0.9683,2196.8,0.0647,0.0187
715,30.6968,0.4722,2182.5555,0.0657,0.0183
716,26.6224,0.8705,2198.2667,0.0595,0.0105
717,17.8138,0.9075,2241.1778,0.0508,0.0121
718,40.4031,0.6163,2226.5444,0.0341,0.0139
719,21.5935,0.9794,2244.1111,0.0861,0.0186
720,29.5367,0.8693,2187.7333,0.0373,0.0167
721,20.2216,0.746,2210.3556,0.0623,0.0087
722,24.3127,1.0338,2180.0556,0.0596,0.0077
723,27.2606,0.8297,2195.9778,0.0804,0.0173
724,24.8064,0.6605,2175.1222,0.0328,0.006
725,21.7197,0.9048,2214.7889,0.0618,0.0144
726,17.8882,0.4817,2215.0222,0.0559,0.006
727,30.5699,0.6373,2206.1444,0.0782,0.0109
728,19.8754,0.9361,2201.8222,0.0868,0.0153
729,29.5773,1.1086,2202.7111,0.0455,0.0076
730,29.6268,0.4184,2222.3222,0.0892,0.0096
731,40.0125,1.1815,2230.0333,0.0522,0.0194
732,39.7935,1.0551,2221.9444,0.0596,0.0106
733,31.0771,1.1255,2217.8667,0.0523,0.0094
734,14.1161,0.9725,2201.6928982564345,0.0587,0.0164
735,31.3539,0.4996,2191.6667,0.0622,0.0109
736,22.9765,1.062,2201.5889,0.0298,0.0232
737,28.1353,0.8659,2194.9555,0.0554,0.0044
738,25.8855,0.3963,2233.1556,0.053,0.0049
739,30.6359,0.5669,2206.4,0.0636,0.0141
740,22.698,0.5799,2242.4333,0.0349,0.0084
741,16.9701,1.0697,2285.905176053776,0.0476,0.0036
742,39.6517,0.7574,2224.4778,0.0505,0.0167
743,21.0896,1.0147,2197.6444,0.045,0.0168
744,22.1809,1.062,2170.5444,0.0267,0.0178
745,18.7066,0.713,2220.0445,0.0314,0.0089
746,23.9037,0.5066,2209.1,0.0773,0.01
747,28.3055,0.6259,2211.4,0.0588,0.0121
748,33.6765,0.573,2198.8556,0.0764,0.0143
749,25.1014,1.0359,2216.5,0.0794,0.0051
750,24.218,0.7534,2167.0889,0.0699,0.013
751,27.2003,0.6257,2188.7222,0.0972,0.0145
752,26.0981,0.8638,2175.9667,0.0132,0.0098
753,23.8576,0.9143,2178.4667,0.0344,0.0115
754,31.6736,0.8469,2192.1889,0.0847,0.006
755,27.1504,1.0147,2191.1111,0.0431,0.0036
756,27.8596,0.6242,2191.8445,0.0806,0.0076
757,24.7969,0.6787,2187.3444,0.0631,0.0112
758,30.1789,0.6259,2182.5555,0.0344,0.0057
759,29.1744,0.7447,2190.7666,0.0859,0.0054
760,24.4,0.6641,2221.9778,0.0622,0.0077
761,24.6599,0.7153,2141.0667,0.0426,0.0098
762,16.2643,1.0959,2197.8445,0.047,0.0109
763,27.6834,0.9059,2197.2333,0.0581,0.0057
764,35.4672,0.714,2200.6935627544235,0.0251,0.0172
765,31.7389,0.7053,2189.9667,0.0748,0.0101
766,23.9783,0.9329,2177.4333,0.0924,0.0052
767,29.572,0.8387,2202.3556,0.0536,0.0115
768,28.5052,0.9163,2231.6111,0.0514,0.0108
769,32.4414,1.1525,2196.8,0.0566,0.02635642520840247
770,26.565,0.9826,2171.3222,0.0386,0.009
771,21.8375,0.8735,2181.1555,0.0444,0.0068
772,21.9494,0.9812,2170.0666,0.0596,0.0056
773,27.8925,0.4685,2204.5445,0.0742,0.0129
774,31.9128,0.9965,2207.3889,0.0393,0.0142
775,29.9815,1.0407,2206.5112,0.0384,0.0037
776,22.6667,0.9735,2201.0667,0.0452,0.0188
777,22.1827,0.7928,2244.1111,0.0417,0.0199
778,22.0115,0.5329,2217.0,0.0418,0.0148
779,39.091,0.764,2234.6111,0.0349,0.0055
780,24.5151,0.6066,2211.4334,0.0526,0.0103
781,20.9109,0.9729,2233.1556,0.0692,0.0129
782,28.1237,0.6066,2250.7445,0.047,0.0094
783,27.1912,0.9916,2162.7556,0.0276,0.0069
784,28.7462,0.6796,2162.1333,0.0455,0.0065
785,23.3521,0.6163,2197.2001,0.0207,0.0117
786,33.7563,0.7643,2230.7555,0.0745,0.012
787,24.4754,0.604,2124.8444,0.0364,0.0043
788,16.6703,0.7408,2244.1111,0.0977,0.0162
789,37.2145,0.9836,2190.4889,0.0349,0.0214
790,23.9934,0.8556,2186.9889,0.0605,0.0194
791,21.9064,0.8133,2219.3445,0.0319,0.0112
792,29.6873,0.6254,2192.7889,0.0609,0.0094
793,33.4282,0.5765,2184.7222,0.0485,0.0117
794,25.0247,1.062,2211.3889,0.0403,0.0204
795,28.709,0.9091,2169.8334,0.0316,0.0113
796,33.016,0.7392,2200.2111,0.036,0.015
797,19.7445,0.7511,2189.3556,0.0189,0.0103
798,19.4166,0.684,2200.9556,0.0982,0.006
799,25.9831,0.8787,2174.7555,0.0634,0.0091
800,36.9278,1.1815,2185.9333,0.0381,0.0192
801,25.5696,0.4817,2162.1333,0.0593,0.0128
802,24.4002,0.684,2200.2,0.0802,0.0148
803,22.2081,0.5478,2218.9445,0.079,0.0124
804,25.9046,0.8076,2226.4667,0.069,0.0082
805,25.1884,0.832,2210.9778,0.0911,0.006
806,33.0295,0.656,2178.5889,0.062,0.0056
807,32.9674,0.8089,2206.7999,0.0585,0.0113
808,16.218,0.4221,2209.9222,0.0253,0.02635642520840247
809,23.5939,0.7584,2212.6334,0.0465,0.0134
810,29.4088,0.466,2215.5111,0.0594,0.0151
811,23.7232,1.0135,2217.3777,0.0574,0.01
812,24.1852,0.78,2242.8555,0.041,0.0059
813,34.6714,0.9715,2215.3889,0.0149,0.0163
814,30.5174,0.8532,2173.2778,0.0219,0.0064
815,30.4154,0.7898,2223.8,0.12570673895648993,0.0145
816,31.5354,0.5593,2214.7111,0.0368,0.0253
817,20.3804,0.8571,2221.3667,0.0647,0.0055
818,24.0994,0.9729,2163.5889,0.044,0.0069
819,27.041,0.9193,2231.4889,0.0538,0.0137
820,28.1049,0.7677,2169.9444,0.0512,0.0082
821,23.4616,0.74,2158.7,0.0718,0.007
822,20.2052,0.5279,2169.4667,0.0973,0.0145
823,30.4948,0.8595,2206.1444,0.0341,0.0123
824,34.3528,0.5677,2213.7556,0.0434,0.006
825,28.6955,0.8007,2202.7111,0.0462,0.0107
826,22.4489,1.1404,2198.6226824394644,0.034,0.017
827,27.6111,0.6857,2165.0333,0.0662,0.0065
828,23.8805,0.7121,2238.5444,0.0327,0.0213
829,29.9623,0.8163,2172.3111,0.041,0.0043
830,29.4042,0.7506,2172.8111,0.0589,0.0064
831,24.0135,1.0404,2249.2556,0.0421,0.0052
832,20.6354,0.7534,2212.3,0.1022,0.0106
833,30.6311,0.745,2209.9555,0.0725,0.0121
834,29.0827,0.8076,2173.4889,0.0628,0.0134
835,22.4415,0.8041,2218.0555,0.0562,0.0141
836,25.9834,0.6259,2223.5333,0.0755,0.0062
837,19.4876,0.8446,2265.1889,0.0521,0.0142
838,25.2876,0.5765,2263.3222,0.0803,0.0119
839,25.0576,0.9873,2207.0444,0.022,0.0133
840,24.6272,0.7059,2194.6444,0.0818,0.0239
841,19.3468,0.9251,2180.9666,0.0547,0.0217
842,44.78376974109432,0.7681,2172.9667,0.0558,0.0054
843,20.9566,0.7574,2217.3777,0.0373,0.017
844,29.0043,0.6815,2168.7,0.0515,0.0111
845,40.4755,0.7808,2184.8778,0.0445,0.022
846,28.1907,0.7162,2177.3222,0.055,0.015
847,34.2167,0.573,2172.8111,0.0448,0.0114
848,18.3685,0.7384,2233.3667,0.0279,0.0106
849,26.1779,0.9332,2249.2556,0.0622,0.0089
850,16.9553,0.8638,2225.0222,0.0238,0.011
851,29.827,1.0338,2167.2,0.0397,0.0116
852,23.4114,0.7121,2205.2222,0.0455,0.0109
853,25.0919,0.9715,2159.0556,0.0573,0.0077
854,27.2235,1.0404,2219.7667,0.0587,0.005
855,24.9871,0.587,2189.3556,0.0318,0.0055
856,23.6578,0.7663,2164.2667,0.0531,0.0046
857,31.52,0.7258,2168.7,0.034,0.0065
858,24.5446,0.8089,2189.6778,0.0548,0.02635642520840247
859,24.4248,0.4221,2227.2444,0.0396,0.0092
860,36.5743,0.9383,2179.2,0.0533,0.0092
861,26.0093,1.1255,2229.3333,0.0523,0.016
862,26.7765,0.8145,2151.6889,0.0452,0.0093
863,26.1124,1.0478,2136.4111,0.0536,0.0053
864,44.78376974109432,0.8926,2184.8778,0.0337,0.0177
865,24.5136,0.9588,2124.8444,0.0584,0.0045
866,22.7626,0.8161,2197.5222,0.0549,0.0122
867,23.5333,1.0404,2190.7666,0.0531,0.0126
868,20.4622,0.9143,2185.1,0.0471,0.0067
869,19.5942,0.7664,2240.8666,0.0839,0.0056
870,27.5514,0.6179,2187.6667,0.0202,0.0055
871,23.7545,0.8231,2124.8444,0.0406,0.0074
872,31.3745,0.6385,2236.1111,0.0323,0.0128
873,29.1587,0.8231,2205.7222,0.022,0.018
874,29.9794,0.7584,2212.8445,0.0754,0.009
875,16.5512,0.8435,2234.5222,0.0752,0.0134
876,26.3681,0.8638,2136.4111,0.0569,0.0056
877,20.3988,1.0323,2201.5777,0.0696,0.0171
878,23.4987,1.0216,2187.8111,0.0485,0.0119
879,28.057,1.0189,2236.0667,0.0518,0.0184
880,20.636,0.3973,2183.0556,0.0418,0.0073
881,26.5653,0.8336,2213.5111,0.0835,0.0121
882,36.222,0.6163,2209.1,0.0425,0.0105
883,23.9156,0.647,2191.2111,0.0522,0.008
884,31.4614,0.9683,2185.8111,0.0534,0.0226
885,26.6104,0.6257,2190.1555,0.0666,0.0168
886,20.8865,0.7664,2228.9445,0.0658,0.0198
887,32.0705,1.0644,2225.1777,0.0248,0.0161
888,30.1427,0.9368,2221.5778,0.0835,0.0125
889,22.8296,0.5677,2197.2333,0.0431,0.0177
890,27.9956,0.8229,2256.6,0.0338,0.0126
891,17.7568,0.8735,2222.3222,0.0351,0.0127
892,32.9711,0.5742,2202.4556,0.0518,0.0114
893,24.6959,0.481,2207.9555,0.0798,0.0189
894,22.6227,1.2771,2222.6778,0.0428,0.0063
895,26.1586,0.9251,2207.0444,0.0488,0.0138
896,24.7587,0.6066,2210.9778,0.051,0.0114
897,21.4764,0.8235,2211.3889,0.0432,0.0064
898,20.4859,1.2672,2251.8222,0.059291025998525704,0.0179
899,28.3815,0.8263,2169.9444,0.0655,0.0078
900,23.4619,1.0765,2204.2889,0.0403,0.0143
901,40.3963,1.0323,2197.2667,0.0891,0.0065
902,32.1743,0.8532,2172.8111,0.0608,0.013
903,29.8097,0.8345,2198.7222,0.0532,0.0187
904,33.4962,1.1869,2201.8222,0.0896,0.0229
905,25.7896,0.604,2184.8889,0.0682,0.0167
906,27.717,0.9359,2204.1555,0.0971,0.0051
907,21.9517,0.7159,2180.5556,0.0557,0.0087
908,36.5543,0.4996,2220.5445,0.12570673895648993,0.0076
909,25.252,0.604,2171.3222,0.0151,0.0135
910,17.925,0.7852,2206.4,0.093,0.0059
911,33.2787,0.5779,2184.7222,0.043,0.0184
912,21.1546,0.5279,2172.9778,0.0705,0.0159
913,26.6434,0.7832,2192.7889,0.0399,0.0091
914,27.0626,0.6927,2249.2556,0.0751,0.0053
915,29.7881,0.6179,2231.9555,0.0273,0.0094
916,25.8665,0.832,2201.0667,0.0306,0.0127
917,20.0429,0.8133,2189.8778,0.1041,0.0047
918,32.237,0.7747,2201.5777,0.0416,0.0211
919,21.3459,1.0959,2178.1444,0.0398,0.0147
920,27.7028,0.811,2198.7222,0.0408,0.0049
921,29.1572,0.7032,2203.4445,0.0809,0.0098
922,19.4363,0.9274,2195.4444,0.0267,0.0111
923,30.0404,0.8345,2244.1111,0.0515,0.021
924,18.5633,0.596,2273.7556,0.0547,0.0173
925,25.2665,1.0644,2220.7111,0.0638,0.0111
926,36.6103,1.0459,2166.5222,0.12570673895648993,0.0129
927,33.0104,0.4254,2206.4,0.0633,0.0079
928,21.1961,0.8146,2150.5889,0.0231,0.0207
929,16.5255,0.7655,2210.7778,0.0468,0.0064
930,27.456,0.5888,2171.8556,0.0542,0.0073
931,26.3724,0.4722,2217.4111,0.1092,0.0056
932,23.0469,0.8133,2189.8778,0.0361,0.0111
933,31.3079,0.4749,2164.2667,0.0617,0.0132
934,23.1487,0.9396,2214.9333,0.0919,0.0167
935,21.4005,1.0199,2260.7333,0.0695,0.0064
936,23.9262,0.9193,2173.6444,0.037,0.0184
937,25.1262,1.0918,2180.7,0.0474,0.0196
938,28.6008,0.5669,2206.4,0.12570673895648993,0.0106
939,23.7265,0.5066,2231.0555,0.0713,0.0089
940,21.0153,0.4382,2224.6778,0.0845,0.0073
941,24.4144,0.6815,2188.5111,0.1013,0.0062
942,21.5763,0.7162,2195.5333,0.0529,0.0162
943,24.2157,0.7642,2201.3556,0.0574,0.0094
944,30.3514,1.0135,2163.5778,0.0483,0.0114
945,20.6329,0.8556,2195.5333,0.0332,0.0221
946,34.0617,0.9163,2197.3222,0.0288,0.0049
947,29.6803,0.7258,2233.6334,0.0897,0.0057
948,23.5176,0.8263,2210.8556,0.0812,0.0242
949,21.7279,0.565,2211.4,0.1018,0.0128
950,23.9437,0.8427,2190.1555,0.0262,0.0059
951,31.5295,0.8387,2147.1111,0.065,0.0046
952,22.4441,0.8304,2170.0666,0.0419,0.0122
953,21.2791,0.7162,2246.4889,0.0335,0.0135
954,32.7516,0.8159,2162.8445,0.0595,0.0064
955,29.9044,0.5669,2212.3,0.0844,0.0137
956,30.7746,0.8934,2266.8333,0.0662,0.0091
957,29.1767,0.815,2213.9111,0.0816,0.0097
958,20.7358,0.9251,2187.4444,0.0512,0.0161
959,38.0327,0.7898,2191.6667,0.0504,0.0154
960,21.5151,0.811,2208.4444,0.0388,0.0068
961,14.5322,0.4389,2204.2889,0.0406,0.0088
962,21.2935,0.8161,2204.5445,0.0743,0.0182
963,28.2871,0.9163,2168.7333,0.0568,0.0102
964,26.0554,0.5799,2205.7222,0.0334,0.006
965,22.3321,0.8384,2218.0555,0.0307,0.006
966,23.7805,0.7193,2231.0555,0.0621,0.0057
967,35.0053,0.6605,2246.0666,0.0414,0.0055
968,34.0436,0.9413,2238.5444,0.046,0.0217
969,21.6323,0.7584,2212.6334,0.0446,0.010983843844719248
970,18.1451,0.869,2172.1223,0.0222,0.0132
971,27.4383,0.8263,2226.4667,0.0574,0.0068
972,19.1247,0.9066,2179.7333,0.0591,0.0123
973,23.5831,0.4685,2254.7111,0.0531,0.0057
974,18.5996,0.9725,2127.9555,0.0494,0.0061
975,15.6295,0.4389,2177.0222,0.0475,0.0134
976,23.4736,1.1054,2199.0333,0.0285,0.015
977,21.1934,0.5066,2206.4,0.0639,0.0063
978,23.4847,0.8007,2197.8667,0.0646,0.0175
979,38.1045,0.9794,2171.8111,0.027,0.017
980,34.0855,0.8227,2270.2556,0.0148,0.0126
981,44.78376974109432,0.647,2215.8111,0.0927,0.0102
982,35.1195,0.8041,2217.3777,0.0753,0.0192
983,29.3734,0.4685,2170.7444,0.0502,0.0072
984,26.3291,0.6066,2250.7445,0.0488,0.0095
985,33.3483,1.0918,2191.5,0.0719,0.0095
986,31.0334,0.6254,2204.2889,0.0612,0.0106
987,20.8271,1.1086,2174.8666,0.0494,0.0148
988,35.8454,0.7663,2180.7,0.0516,0.0076
989,19.162,0.7747,2205.2222,0.0492,0.014
990,31.4433,1.1213,2213.5111,0.02,0.0061
991,23.4628,1.0199,2256.6,0.0694,0.0061
992,38.5498,0.8384,2204.9223,0.054,0.0195
993,34.5138,1.0891,2172.3666,0.0594,0.0167
994,33.4591,1.1638,2194.2889,0.0605,0.0201
995,23.7345,1.0186,2222.0111,0.068,0.0052
996,23.408083839620907,0.5836,2216.7333,0.0548,0.0127
997,34.9236,0.5888,2171.8556,0.0465,0.0081
998,27.9032,0.7558,2214.2889,0.054,0.0162
999,32.3627,0.5888,2208.2334,0.0593,0.0055
1000,25.3399,0.7663,2197.2333,0.0482,0.0075
1001,31.317,0.5329,2200.2111,0.0911,0.0137
1002,17.8135,0.596,2196.6889,0.046,0.0204
1003,24.6239,0.8217,2223.2778,0.0213,0.006
1004,22.0459,0.3512,2210.7333,0.0365,0.0156
1005,32.4053,0.9072,2206.5777,0.0243,0.0045
1006,33.8834,1.1623,2153.9778,0.0477,0.0043
1007,31.1484,0.604,2216.4778,0.0495,0.006
1008,25.076,0.7316,2146.1111,0.0334,0.0152
1009,23.5717,0.8198,2175.2556,0.0239,0.0114
1010,27.5268,0.57,2171.3222,0.0505,0.0176
1011,29.9713,0.7053,2213.2111,0.0585,0.0175
1012,21.199,0.6302,2197.3111,0.12570673895648993,0.0124
1013,31.4125,1.0644,2199.3334,0.0476,0.0161
1014,9.011966456588027,0.7849,2182.6222,0.1065,0.0139
1015,22.5685,0.604,2165.8666,0.0399,0.0088
1016,27.3648,0.8735,2213.7667,0.0562,0.0216
1017,29.3803,0.8883,2233.1556,0.0409,0.0068
1018,24.9604,0.9735,2167.2,0.0584,0.0071
1019,27.0072,0.7506,2185.1,0.0879,0.0057
1020,17.8522,0.596,2243.7778,0.0496,0.0179
1021,31.0876,0.5858,2207.9555,0.0697,0.0081
1022,25.6798,0.9186,2221.5667,0.033,0.0144
1023,28.9358,1.0186,2179.1111,0.0444,0.0064
1024,26.7568,1.0199,2147.1111,0.0529,0.0073
1025,23.0596,0.8231,2199.6334,0.036,0.0083
1026,25.0179,0.6987,2208.2334,0.0666,0.0134
1027,24.9344,0.6805,2197.5222,0.0828,0.0103
1028,31.7791,0.7747,2185.8111,0.0513,0.0189
1029,32.1132,1.1623,2254.7111,0.0638,0.0122
1030,25.7279,0.7558,2114.9905673821277,0.0888,0.0089
1031,23.9811,0.4685,2153.9778,0.0697,0.0111
1032,18.891,0.6257,2204.2333,0.086,0.0075
1033,37.1656,0.7574,2177.1667,0.0491,0.0122
1034,31.2285,0.5765,2114.9905673821277,0.0536,0.012
1035,25.518,0.9873,2208.2667,0.0359,0.0117
1036,22.3699,0.9639,2213.7556,0.0649,0.0052
1037,21.6739,1.1248,2164.3,0.0894,0.0094
1038,38.8044,0.662,2246.4889,0.0353,0.0097
1039,24.25,0.7593,2167.9444,0.0557,0.0083
1040,25.0342,0.9059,2201.5777,0.0535,0.007
1041,22.5295,0.9726,2197.5222,0.0283,0.0131
1042,24.1484,0.7681,2167.2,0.0486,0.0039
1043,13.7855,0.7316,2163.5889,0.0477,0.0138
1044,19.5172,1.0199,2231.0555,0.0427,0.0057
1045,31.2819,0.6373,2165.5333,0.066,0.0136
1046,24.5728,0.3963,2233.1556,0.0582,0.0082
1047,23.8531,0.687,2197.2333,0.0682,0.0082
1048,24.3304,0.9238,2194.5889,0.0193,0.0131
1049,31.3699,0.6787,2150.0556,0.0714,0.0167
1050,28.7252,0.5858,2209.8,0.0398,0.0122
1051,32.5683,0.5329,2192.1889,0.1038,0.0061
1052,25.2206,0.8343,2218.5778,0.0387,0.0215
1053,28.8298,0.8297,2191.3556,0.0714,0.0055
1054,29.5218,0.565,2209.1,0.0712,0.0083
1055,26.9312,0.7593,2242.8555,0.0561,0.0104
1056,30.5276,0.8758,2223.5333,0.1109,0.008
1057,23.7857,0.7990755083715769,2235.0556,0.0352,0.0108
1058,27.0214,0.5836,2171.8222,0.0567,0.0159
1059,27.4474,1.0644,2232.5889,0.0516,0.0111
1060,25.5062,1.0631,2224.6778,0.0738,0.0096
1061,21.7509,0.4744,2223.0444,0.0625,0.0072
1062,18.6261,1.0959,2202.7111,0.0399,0.011
1063,24.2367,0.9735,2205.7222,0.0431,0.006
1064,26.2118,0.7139,2175.3445,0.0407,0.006
1065,27.0205,0.7524,2214.7111,0.0726,0.0174
1066,16.8014,1.0959,2248.4222,0.036,0.013
1067,28.0697,0.9072,2169.8334,0.0412,0.0051
1068,29.4663,0.7719,2168.7333,0.0697,0.0103
1069,30.2138,1.0359,2240.8666,0.0746,0.0052
1070,21.725,0.5284,2169.1111,0.0665,0.012
1071,21.5957,0.6641,2178.1444,0.0518,0.0193
1072,27.1259,0.6987,2126.6555,0.0519,0.011
1073,20.2521,0.6641,2171.9,0.048,0.0123
1074,22.3967,0.7558,2212.8667,0.0452,0.0104
1075,25.0267,1.0359,2194.3778,0.02,0.016
1076,24.0673,0.9276,2173.4889,0.0469,0.0067
1077,29.2941,0.6605,2195.9778,0.0482,0.0153
1078,44.78376974109432,0.9075,2236.1111,0.068,0.0111
1079,21.9235,1.0891,2220.7111,0.0652,0.0127
1080,22.4191,0.8638,2204.2333,0.0385,0.0188
1081,23.8671,0.9873,2180.8333,0.0613,0.0135
1082,28.539,0.57,2167.9444,0.0535,0.0165
1083,28.9468,0.9836,2220.5445,0.041,0.0108
1084,20.874,1.0407,2191.6667,0.061,0.0087
1085,23.5298,0.8787,2130.0556,0.0897,0.0067
1086,24.3568,0.7663,2213.9333,0.035,0.02635642520840247
1087,24.1247,0.9725,2233.7666,0.0662,0.0145
1088,29.8481,0.5888,2151.2,0.0428,0.0049
1089,28.6167,0.6242,2195.3,0.0685,0.0053
1090,29.9163,0.9136,2269.2556,0.0611,0.0067
1091,31.4849,0.9332,2188.7222,0.1026,0.0089
1092,20.1964,1.0918,2159.0556,0.0502,0.018
1093,28.349,0.7193,2217.5778,0.0591,0.023
1094,32.8848,0.4996,2221.8445,0.0314,0.0154
1095,44.78376974109432,0.7507,2184.8778,0.0736,0.0151
1096,25.3075,0.7642,2172.5333,0.0504,0.0172
1097,32.5465,0.7954,2276.4556,0.0411,0.0123
1098,38.574,0.7532,2207.1,0.0403,0.0104
1099,42.1115,0.7898,2246.4889,0.12570673895648993,0.0245
1100,19.9461,0.8532,2228.4778,0.0716,0.0057
1101,27.729,0.7681,2235.0556,0.0487,0.0051
1102,24.9395,1.0459,2191.6667,0.12570673895648993,0.0117
1103,28.9236,1.1525,2213.7556,0.0302,0.0119
1104,27.4813,1.0765,2186.9,0.0426,0.0096
1105,28.4165,0.74,2260.2222,0.0568,0.0116
1106,19.545,0.6257,2181.0444,0.0545,0.0086
1107,27.2417,0.6259,2172.8111,0.0705,0.014
1108,33.006,1.0143,2172.3111,0.0408,0.0166
1109,25.1431,0.8263,2210.8556,0.0686,0.0083
1110,22.4925,0.8047,2187.6667,0.0627,0.0125
1111,26.2175,0.7159,2211.4334,0.0371,0.0084
1112,22.6844,0.8721,2220.4778,0.0359,0.02635642520840247
1113,33.171,0.5765,2185.2111,0.0435,0.0101
1114,30.4731,0.6254,2155.8556,0.0404,0.0096
1115,26.2905,1.0323,2205.2889,0.0743,0.0152
1116,28.9557,0.8159,2216.5111,0.0266,0.0142
1117,30.6344,0.8336,2223.9,0.0667,0.0061
1118,23.9232,0.4782,2217.0,0.0674,0.0111
1119,27.9067,0.6161,2200.2,0.0333,0.0094
1120,26.5755,1.1638,2230.7555,0.0435,0.0072
1121,35.4979,0.8934,2222.0111,0.1118,0.0094
1122,27.8836,0.6857,2175.1222,0.0693,0.0122
1123,24.7756,0.8595,2206.1444,0.0214,0.0086
1124,20.187,0.9361,2214.9333,0.022,0.0167
1125,32.4481,0.815,2206.1444,0.0314,0.0046
1126,29.8238,0.8387,2146.7778,0.0473,0.016
1127,27.1064,0.932,2209.8,0.0168,0.0128
1128,22.3245,0.9359,2231.6111,0.0509,0.0066
1129,25.4548,1.1248,2202.2889,0.0561,0.0172
1130,35.0597,1.0803,2205.2889,0.108,0.0162
1131,35.9269,0.8384,2231.9556,0.0464,0.0184
1132,19.0935,0.8345,2204.2667,0.047,0.0045
1133,23.9068,1.1638,2180.7,0.0462,0.0044
1134,19.7605,0.4221,2183.4556,0.0398,0.0141
1135,29.627,0.7053,2189.9667,0.0615,0.0106
1136,35.1566,0.8469,2223.5333,0.0422,0.014
1137,21.9399,0.57,2221.5333,0.083,0.0117
1138,23.2014,0.9873,2178.6889,0.0438,0.0101
1139,14.9671,0.9251,2185.9333,0.042,0.0152
1140,30.0506,0.5317,2192.7889,0.0706,0.0123
1141,31.3063,0.6901,2221.9444,0.083,0.0145
1142,25.3772,0.8231,2217.8111,0.0643,0.0092
1143,34.0215,0.932,2209.1,0.0633,0.0143
1144,18.9827,0.7613,2171.9,0.0455,0.0129
1145,24.2607,0.8987,2184.4333,0.0319,0.02635642520840247
1146,29.3585,0.8229,2147.1111,0.0518,0.0153
1147,39.2802,0.4996,2191.6667,0.12570673895648993,0.0122
1148,29.6804,0.8469,2191.3556,0.034,0.0086
1149,30.0456,0.9048,2247.3666,0.0627,0.0097
1150,24.9991,0.7139,2202.1222,0.0793,0.0135
1151,28.0456,0.5836,2160.6,0.0266,0.0061
1152,30.1688,0.466,2211.4334,0.0713,0.0121
1153,29.1971,0.9079,2233.1556,0.0447,0.0068
1154,14.0352,0.7093,2204.5445,0.0394,0.0057
1155,29.2308,0.7516,2176.8,0.0729,0.0052
1156,39.5532,0.9393,2191.6667,0.0409,0.0126
1157,36.8645,0.7574,2219.8222,0.0286,0.0127
1158,33.4431,1.0199,2254.8667,0.0685,0.0139
1159,25.1118,0.9329,2168.5111,0.0445,0.0155
1160,40.4495,0.7015,2232.5889,0.12570673895648993,0.0049
1161,15.8496,0.9413,2218.5778,0.056,0.0244
1162,26.7301,0.9255,2177.3222,0.0454,0.0053
1163,24.2792,0.8595,2231.6111,0.0408,0.0139
1164,26.3692,0.7593,2165.8666,0.037,0.0065
1165,26.8975,0.5593,2205.2889,0.0552,0.0167
1166,34.1662,1.0765,2218.7778,0.0402,0.0068
1167,25.9181,1.2471,2213.9333,0.0675,0.0129
1168,23.9246,0.6815,2281.5667,0.0593,0.0127
1169,21.7509,1.0199,2169.9444,0.0598,0.0141
1170,31.2129,0.6605,2175.2556,0.0554,0.0119
1171,21.7987,0.6644,2183.0556,0.0889,0.012
1172,26.0194,0.8161,2155.3111,0.0561,0.0058
1173,28.7966,0.7681,2171.8556,0.0541,0.0084
1174,30.0519,0.932,2202.4556,0.0518,0.0104
1175,22.0985,0.7663,2218.7333,0.0932,0.0197
1176,29.1042,0.5377,2207.0444,0.0129,0.0143
1177,18.2293,0.8834,2114.9905673821277,0.098,0.0129
1178,23.6314,1.0478,2136.4111,0.048,0.0042
1179,28.8654,0.9136,2233.6334,0.047,0.0126
1180,22.1592,0.7613,2172.3666,0.0472,0.0194
1181,24.5324,0.8859,2179.1111,0.0573,0.0046
1182,28.577,0.9812,2212.8667,0.049,0.0058
1183,28.4429,0.3973,2209.1,0.06,0.0222
1184,27.7146,0.9873,2114.9905673821277,0.0514,0.0126
1185,24.5541,0.9715,2162.8445,0.0704,0.0058
1186,17.2615,0.9489,2241.1778,0.0866,0.0072
1187,29.7411,1.0959,2213.9111,0.0441,0.017
1188,17.1233,0.4389,2204.2889,0.0386,0.0155
1189,23.6088,0.7928,2178.7333,0.039,0.0058
1190,25.7113,1.0803,2238.5444,0.065,0.0191
1191,30.6162,0.9274,2206.9667,0.0771,0.014
1192,20.979,0.8184,2223.0444,0.107,0.0076
1193,24.3925,0.6644,2185.1,0.0651,0.0049
1194,44.1498,0.6672,2233.3667,0.0755,0.0126
1195,28.769,0.8859,2201.8666,0.0987,0.012
1196,27.8665,0.7663,2211.0667,0.0385,0.0152
1197,24.0019,0.5194,2239.7222,0.0364,0.0103
1198,31.5768,0.932,2209.8,0.0352,0.0136
1199,21.1738,0.8758,2184.9889,0.0237,0.0099
1200,38.2357,0.7524,2201.5777,0.0454,0.018
1201,43.6071,0.5677,2206.4222,0.0701,0.018
1202,34.9855,0.7162,2221.9444,0.0587,0.0077
1203,31.5349,0.7674,2205.5,0.0641,0.0145
1204,26.8251,0.8532,2173.4889,0.0412,0.0073
1205,22.9026,0.7747,2197.6444,0.072,0.0148
1206,27.401,0.5669,2231.0555,0.0435,0.0081
1207,28.9642,0.8336,2171.5,0.0689,0.0045
1208,26.9872,0.7445,2218.0555,0.0637,0.0157
1209,19.9475,0.5955,2248.9,0.12570673895648993,0.0151
1210,23.8213,0.7233,2199.6556,0.0625,0.0065
1211,30.3218,0.5765,2187.4111,0.063,0.0053
1212,29.5,0.6901,2242.2444,0.0805,0.0208
1213,22.9914,1.1086,2246.4889,0.0332,0.0226
1214,33.5962,1.0459,2203.9,0.12570673895648993,0.0037
1215,27.218,0.8962,2198.7222,0.0369,0.0189
1216,22.8899,0.8427,2155.3111,0.1021,0.0101
1217,31.164,0.9916,2210.9778,0.046,0.0079
1218,22.0706,0.811,2218.5778,0.0383,0.0055
1219,31.1657,0.466,2219.7667,0.0921,0.0091
1220,28.2938,1.1623,2147.1111,0.0363,0.0049
1221,44.78376974109432,1.0459,2164.4111,0.12570673895648993,0.0165
1222,29.9145,1.2364,2197.3111,0.0583,0.0146
1223,21.3495,1.0918,2224.0,0.0822,0.0127
1224,22.174,0.647,2191.2111,0.073,0.0082
1225,18.2879,0.9639,2207.8111,0.0547,0.0049
1226,26.281,0.7158,2214.7111,0.1086,0.0178
1227,22.364,0.6576,2200.7,0.0428,0.0142
1228,33.7386,0.5742,2216.8333,0.0297,0.0219
1229,37.9497,1.1815,2181.1555,0.0475,0.018
1230,22.2294,0.9251,2183.3444,0.0543,0.0093
1231,26.3762,0.6385,2255.5222,0.0929,0.0155
1232,19.1839,0.9725,2180.9666,0.12570673895648993,0.0057
1233,23.7598,0.8161,2181.0444,0.0936,0.0067
1234,24.9379,1.0551,2196.6555,0.0532,0.0052
1235,22.928,0.7524,2194.6444,0.0695,0.0067
1236,23.5232,0.8198,2168.7,0.0948,0.0132
1237,22.5821,0.7337,2114.9905673821277,0.0522,0.0085
1238,23.4212,0.9255,2197.2667,0.0381,0.0179
1239,23.0824,1.0135,2196.0889,0.0478,0.0151
1240,28.2877,0.9175,2162.5556,0.033,0.0164
1241,28.2203,0.9726,2117.5889,0.0416,0.0117
1242,18.1525,0.9753,2248.9,0.0339,0.0179
1243,30.9967,0.9359,2231.9555,0.0275,0.008
1244,29.3191,0.9383,2160.6,0.0584,0.0142
1245,27.7632,0.7663,2223.0444,0.0475,0.0076
1246,34.3403,0.8047,2204.5,0.044,0.0119
1247,29.9103,0.7447,2181.1889,0.0712,0.0074
1248,21.2894,0.8217,2214.9333,0.0449,0.0091
1249,21.3048,0.7558,2224.6778,0.0474,0.0055
1250,36.4489,0.9794,2179.0445,0.0721,0.0177
1251,29.508,0.8452,2179.7333,0.0191,0.0137
1252,24.847,1.148,2256.1222,0.0569,0.0065
