,mean_fit_time,std_fit_time,mean_score_time,std_score_time,param_C,param_gamma,param_kernel,param_degree,params,split0_test_acc,split1_test_acc,split2_test_acc,split3_test_acc,split4_test_acc,mean_test_acc,std_test_acc,rank_test_acc,split0_test_rec,split1_test_rec,split2_test_rec,split3_test_rec,split4_test_rec,mean_test_rec,std_test_rec,rank_test_rec,split0_test_pre,split1_test_pre,split2_test_pre,split3_test_pre,split4_test_pre,mean_test_pre,std_test_pre,rank_test_pre,split0_test_f1,split1_test_f1,split2_test_f1,split3_test_f1,split4_test_f1,mean_test_f1,std_test_f1,rank_test_f1,split0_test_mcc,split1_test_mcc,split2_test_mcc,split3_test_mcc,split4_test_mcc,mean_test_mcc,std_test_mcc,rank_test_mcc,split0_test_roc,split1_test_roc,split2_test_roc,split3_test_roc,split4_test_roc,mean_test_roc,std_test_roc,rank_test_roc
0,0.97195405960083,0.10855300571378018,0.9901393413543701,0.147335706633408,0.1,0.001,rbf,,"{'C': 0.1, 'gamma': 0.001, 'kernel': 'rbf'}",0.5746478873239437,0.5746478873239437,0.5746478873239437,0.5746478873239437,0.5746478873239437,0.5746478873239437,0.0,62,1.0,1.0,1.0,1.0,1.0,1.0,0.0,1,0.5746478873239437,0.5746478873239437,0.5746478873239437,0.5746478873239437,0.5746478873239437,0.5746478873239437,0.0,62,0.7298747763864043,0.7298747763864043,0.7298747763864043,0.7298747763864043,0.7298747763864043,0.7298747763864043,0.0,62,0.0,0.0,0.0,0.0,0.0,0.0,0.0,62,0.8470977795091547,0.8360277885988833,0.8431372549019608,0.863556680950526,0.8741072587975588,0.8527853525516168,0.013977806884046448,61
1,0.8586462497711181,0.1060815087445374,0.8896594047546387,0.03548543387852627,0.1,0.01,rbf,,"{'C': 0.1, 'gamma': 0.01, 'kernel': 'rbf'}",0.5746478873239437,0.5746478873239437,0.5746478873239437,0.5746478873239437,0.5746478873239437,0.5746478873239437,0.0,62,1.0,1.0,1.0,1.0,1.0,1.0,0.0,1,0.5746478873239437,0.5746478873239437,0.5746478873239437,0.5746478873239437,0.5746478873239437,0.5746478873239437,0.0,62,0.7298747763864043,0.7298747763864043,0.7298747763864043,0.7298747763864043,0.7298747763864043,0.7298747763864043,0.0,62,0.0,0.0,0.0,0.0,0.0,0.0,0.0,62,0.8463835865472017,0.8348591092065966,0.8415140890793402,0.8626801714063108,0.8723867030255812,0.8515647318530061,0.013885568010151053,64
2,0.8507623195648193,0.1057142106125499,0.9327267169952392,0.11938636397720466,0.1,0.1,rbf,,"{'C': 0.1, 'gamma': 0.1, 'kernel': 'rbf'}",0.6225352112676056,0.6338028169014085,0.6309859154929578,0.6225352112676056,0.6253521126760564,0.6270422535211269,0.004576923044865368,61,0.9901960784313726,0.9901960784313726,1.0,0.9950980392156863,0.9950980392156863,0.9941176470588236,0.0036682915556607134,26,0.6047904191616766,0.6121212121212121,0.608955223880597,0.6041666666666666,0.6059701492537314,0.6072007342167767,0.0029603668929115865,61,0.7509293680297399,0.7565543071161048,0.7569573283858997,0.751851851851852,0.7532467532467534,0.7539079217260699,0.0024428911485055594,61,0.24314654903838162,0.2753810101070366,0.2840005652173736,0.2510822596783117,0.2592897317241953,0.2625800231530598,0.015122098981946242,61,0.8479742890533697,0.8354759122191924,0.8422607453577458,0.8651149201402415,0.8726464095572003,0.8526944552655499,0.01399977802616627,63
3,0.7228859424591064,0.09305560752117724,0.6830533981323242,0.029598349188402186,0.1,1,rbf,,"{'C': 0.1, 'gamma': 1, 'kernel': 'rbf'}",0.7943661971830986,0.7633802816901408,0.7830985915492957,0.8225352112676056,0.819718309859155,0.7966197183098591,0.02235136273225621,40,0.8186274509803921,0.803921568627451,0.7990196078431373,0.8480392156862745,0.8529411764705882,0.8245098039215687,0.022227027546577686,52,0.8226600985221675,0.7884615384615384,0.8190954773869347,0.8439024390243902,0.8365384615384616,0.8221316029866985,0.019103389680512506,55,0.8206388206388205,0.7961165048543688,0.8089330024813897,0.845965770171149,0.8446601941747574,0.8232628584640971,0.0196082790514156,31,0.5797277442672002,0.514438218393135,0.5584377836285097,0.6366769841223069,0.6301118740363849,0.5838785208895073,0.0456324803899334,41,0.8702116608232697,0.8531684196857552,0.8688482015322686,0.8882937280872615,0.8899818205427866,0.8741007661342683,0.013671325912172736,38
4,0.8333581924438477,0.08142394622819447,0.8025399208068847,0.03430486260089408,1,0.001,rbf,,"{'C': 1, 'gamma': 0.001, 'kernel': 'rbf'}",0.5746478873239437,0.5746478873239437,0.5746478873239437,0.5746478873239437,0.5746478873239437,0.5746478873239437,0.0,62,1.0,1.0,1.0,1.0,1.0,1.0,0.0,1,0.5746478873239437,0.5746478873239437,0.5746478873239437,0.5746478873239437,0.5746478873239437,0.5746478873239437,0.0,62,0.7298747763864043,0.7298747763864043,0.7298747763864043,0.7298747763864043,0.7298747763864043,0.7298747763864043,0.0,62,0.0,0.0,0.0,0.0,0.0,0.0,0.0,62,0.8461563433320348,0.8343396961433582,0.8409297493831969,0.8623555382417868,0.8729710427217245,0.8513504739644201,0.01423725738363836,70
5,0.7677472591400146,0.13100798748223058,0.8484376430511474,0.08052205774767664,1,0.01,rbf,,"{'C': 1, 'gamma': 0.01, 'kernel': 'rbf'}",0.6366197183098592,0.6535211267605634,0.6422535211267606,0.6366197183098592,0.6309859154929578,0.64,0.0076420619528171935,60,0.9754901960784313,0.9754901960784313,0.9950980392156863,0.9754901960784313,0.9852941176470589,0.9813725490196079,0.007843137254901983,33,0.6160990712074303,0.6277602523659306,0.6170212765957447,0.6160990712074303,0.6109422492401215,0.6175843841233315,0.005520790691583984,60,0.7552182163187855,0.763915547024952,0.7617260787992495,0.7552182163187855,0.7542213883677299,0.7580598893659004,0.003965197924632888,58,0.2663716535083715,0.31028320522518793,0.30488023708862816,0.2663716535083715,0.26114110426726506,0.2818095707195648,0.02119833762256654,60,0.8458641734839631,0.8346643293078823,0.8414491624464354,0.8626801714063108,0.8730684326710817,0.8515452538631347,0.014187353274668758,65
6,0.3780552864074707,0.32452292262111265,0.30984983444213865,0.22991643518186686,1,0.1,rbf,,"{'C': 1, 'gamma': 0.1, 'kernel': 'rbf'}",0.7943661971830986,0.7690140845070422,0.780281690140845,0.8225352112676056,0.819718309859155,0.7971830985915493,0.021154910823119554,39,0.8186274509803921,0.7990196078431373,0.7990196078431373,0.8431372549019608,0.8480392156862745,0.8215686274509805,0.020935447553002546,57,0.8226600985221675,0.7990196078431373,0.815,0.8472906403940886,0.8398058252427184,0.8247552344004223,0.017298794610337145,53,0.8206388206388205,0.7990196078431373,0.806930693069307,0.8452088452088452,0.8439024390243902,0.8231400811569001,0.018809059786345547,32,0.5797277442672002,0.5274964290351902,0.5522324061251507,0.6373015565020953,0.6306231428498154,0.5854762557558904,0.0429510475794839,40,0.8581353071029736,0.847519802623036,0.8598558628749513,0.8758602778859887,0.8886183612517854,0.865997922347747,0.014490940856890417,45
7,0.10680146217346191,0.0019358011026418224,0.10526671409606933,0.002620841750059106,1,1,rbf,,"{'C': 1, 'gamma': 1, 'kernel': 'rbf'}",0.847887323943662,0.8422535211267606,0.8647887323943662,0.8704225352112676,0.8732394366197183,0.8597183098591549,0.012394366197183081,19,0.8823529411764706,0.8921568627450981,0.8823529411764706,0.9068627450980392,0.9117647058823529,0.8950980392156863,0.012245094114506666,45,0.8571428571428571,0.8425925925925926,0.8823529411764706,0.8726415094339622,0.8732394366197183,0.8655938673931202,0.014067471399720482,20,0.8695652173913043,0.8666666666666667,0.8823529411764706,0.8894230769230769,0.8920863309352517,0.880018846618554,0.01026713977939267,19,0.6876400464832408,0.6755997041465164,0.7234125438254773,0.7338911938119766,0.7396869172081507,0.7120460810950723,0.02566871311069624,19,0.9166666666666667,0.9105960264900663,0.9300740163615115,0.9402674977275679,0.9365666796519931,0.9268341773795612,0.01142565596445872,19
8,0.11888976097106933,0.003920835023012716,0.12400622367858886,0.007450960762090605,100,0.001,rbf,,"{'C': 100, 'gamma': 0.001, 'kernel': 'rbf'}",0.7915492957746478,0.7661971830985915,0.7746478873239436,0.8140845070422535,0.8140845070422535,0.7921126760563381,0.019710259926237657,46,0.8137254901960784,0.7892156862745098,0.7990196078431373,0.8235294117647058,0.8382352941176471,0.8127450980392157,0.01737259328104838,59,0.8217821782178217,0.8009950248756219,0.806930693069307,0.8484848484848485,0.8382352941176471,0.8232856077530493,0.0180283580813914,54,0.8177339901477833,0.7950617283950617,0.8029556650246307,0.8358208955223881,0.8382352941176471,0.8179615146415022,0.017202390066197063,45,0.5743647450584514,0.5230430920536332,0.5398484120549951,0.6220132432091776,0.6196922477600312,0.5757923480272578,0.040348633030503546,46,0.8536553694325413,0.8395987534086482,0.8546292689261135,0.8716725100636281,0.8822555512271134,0.8603622906116088,0.01494128997749896,50
9,0.12542757987976075,0.019459267564872814,0.134726619720459,0.010288391959906558,100,0.01,rbf,,"{'C': 100, 'gamma': 0.01, 'kernel': 'rbf'}",0.8,0.7661971830985915,0.7859154929577464,0.8253521126760563,0.8140845070422535,0.7983098591549297,0.0208222181550156,35,0.8137254901960784,0.7941176470588235,0.7892156862745098,0.8382352941176471,0.8186274509803921,0.8107843137254902,0.017701441260066477,60,0.8341708542713567,0.7980295566502463,0.8298969072164949,0.855,0.8520408163265306,0.8338276268929258,0.020381657673689504,40,0.8238213399503721,0.796068796068796,0.8090452261306532,0.8465346534653465,0.8349999999999999,0.8220940031230335,0.01796928390488256,35,0.5928773133965543,0.5221539320323051,0.5667307869571157,0.6441363049470333,0.6229449299579928,0.5897686534582002,0.04282210752365519,39,0.8633619010518114,0.8536229061160888,0.8669653291780288,0.8810219452019219,0.8882288014543566,0.8706401766004415,0.01243548259476779,40
10,0.1666029930114746,0.016993843374549768,0.12746801376342773,0.013263855677456207,100,0.1,rbf,,"{'C': 100, 'gamma': 0.1, 'kernel': 'rbf'}",0.8422535211267606,0.8591549295774648,0.8732394366197183,0.8816901408450705,0.8732394366197183,0.8659154929577465,0.013868770281792875,17,0.8676470588235294,0.9166666666666666,0.9019607843137255,0.9264705882352942,0.9117647058823529,0.9049019607843137,0.020235066118186554,44,0.8592233009708737,0.85,0.8803827751196173,0.875,0.8732394366197183,0.8675691025420418,0.011223964526908927,19,0.8634146341463416,0.8820754716981131,0.8910411622276029,0.9,0.8920863309352517,0.8857235198014619,0.012518587839635952,18,0.6768035803129033,0.7109804596221448,0.7398888971575236,0.7573122158180872,0.7396869172081507,0.7249344140237619,0.028287399888221276,18,0.9216335540838853,0.9179002726918581,0.9330281781586807,0.940040254512401,0.9401376444617582,0.9305479807817167,0.009248219421926895,18
11,0.18829798698425293,0.025038922344829902,0.09018936157226562,0.00937468446575467,100,1,rbf,,"{'C': 100, 'gamma': 1, 'kernel': 'rbf'}",0.9436619718309859,0.9436619718309859,0.9605633802816902,0.9492957746478873,0.952112676056338,0.9498591549295774,0.00627353731023104,1,0.9950980392156863,1.0,1.0,1.0,1.0,0.9990196078431373,0.0019607843137254832,25,0.9144144144144144,0.9107142857142857,0.9357798165137615,0.918918918918919,0.9230769230769231,0.9205808717276607,0.008664583053361501,3,0.9530516431924883,0.9532710280373832,0.966824644549763,0.9577464788732395,0.9600000000000001,0.9581787589305749,0.005072046165656206,1,0.8878836393846734,0.8888700000621051,0.9214221475106193,0.89965488679781,0.9050714643486428,0.9005804276207702,0.012277995518748393,1,0.9772432151668614,0.9771782885339567,0.9797753538501494,0.9837358784573431,0.9698415790157122,0.9775548630048047,0.004535839816884139,1
12,0.1613839626312256,0.007646621593005219,0.15266356468200684,0.015815673749425403,1000,0.001,rbf,,"{'C': 1000, 'gamma': 0.001, 'kernel': 'rbf'}",0.8,0.7605633802816901,0.7887323943661971,0.8140845070422535,0.8028169014084507,0.7932394366197183,0.018220801835263378,45,0.8088235294117647,0.7794117647058824,0.7892156862745098,0.8137254901960784,0.8088235294117647,0.8,0.0132986862414221,75,0.8375634517766497,0.7989949748743719,0.8341968911917098,0.8556701030927835,0.8418367346938775,0.8336524311258785,0.018806873726669903,41,0.8229426433915212,0.7890818858560795,0.8110831234256927,0.8341708542713568,0.825,0.8164557013889301,0.01553771197921663,49,0.5938074775295588,0.5125184106044501,0.5730141009086659,0.6239551539204743,0.6000294903294671,0.5806649266585232,0.037747157590785264,45,0.8601480327230229,0.8472925594078691,0.8625178548240489,0.8776782236073238,0.8847227632774963,0.8664718867679522,0.013282684783614326,44
13,0.15068721771240234,0.009180339584200014,0.1145716667175293,0.006649939881148933,1000,0.01,rbf,,"{'C': 1000, 'gamma': 0.01, 'kernel': 'rbf'}",0.8338028169014085,0.8140845070422535,0.8366197183098592,0.8450704225352113,0.8394366197183099,0.8338028169014085,0.010539879962743484,25,0.8774509803921569,0.8627450980392157,0.8529411764705882,0.8921568627450981,0.8921568627450981,0.8754901960784315,0.015686274509803946,46,0.8403755868544601,0.822429906542056,0.8613861386138614,0.8465116279069768,0.8387096774193549,0.8418825874673418,0.012590168600280926,30,0.8585131894484412,0.8421052631578947,0.8571428571428572,0.8687350835322196,0.8646080760095012,0.8582208938581829,0.00908080869829869,23,0.6582748351254926,0.6174359518114073,0.6664082997343346,0.6814457634858154,0.6697622760034911,0.6586654252321081,0.021918293969798622,25,0.885794052720426,0.881833528113232,0.8958576808206727,0.9055642124399428,0.9095247370471368,0.895714842228282,0.01075970852167967,25
14,0.28696112632751464,0.036834782632726555,0.08719792366027831,0.009678154779041428,1000,0.1,rbf,,"{'C': 1000, 'gamma': 0.1, 'kernel': 'rbf'}",0.8732394366197183,0.8760563380281691,0.8929577464788733,0.9042253521126761,0.9014084507042254,0.8895774647887323,0.012772714421131993,13,0.9019607843137255,0.9509803921568627,0.9313725490196079,0.9705882352941176,0.9656862745098039,0.9441176470588235,0.025110291127187632,39,0.8803827751196173,0.8508771929824561,0.8878504672897196,0.8761061946902655,0.8755555555555555,0.8741544371275228,0.012441672088346562,16,0.8910411622276029,0.8981481481481481,0.9090909090909091,0.9209302325581395,0.9184149184149184,0.9075250740879437,0.011492475039200334,13,0.7398888971575236,0.7486177332759013,0.7804542625053457,0.8070703943801261,0.8007143907677502,0.7753491356173294,0.02700997271250231,13,0.936144656538112,0.9362745098039216,0.9452019218283341,0.9533177509414362,0.9625373328139203,0.9466952343851449,0.010168244531498085,11
15,0.27123122215270995,0.029148672456984607,0.057236862182617185,0.0017034101622290404,1000,1,rbf,,"{'C': 1000, 'gamma': 1, 'kernel': 'rbf'}",0.9408450704225352,0.952112676056338,0.9549295774647887,0.9492957746478873,0.9492957746478873,0.9492957746478872,0.004713577614276475,2,0.9852941176470589,0.9950980392156863,0.9803921568627451,1.0,0.9852941176470589,0.9892156862745098,0.007204381596421114,28,0.9178082191780822,0.9269406392694064,0.9433962264150944,0.918918918918919,0.9305555555555556,0.9275239118674115,0.009272561971247484,1,0.9503546099290779,0.9598108747044918,0.9615384615384616,0.9577464788732395,0.9571428571428572,0.9573186564376256,0.00381391631214984,2,0.8807942647208025,0.9042345708773963,0.908144130319257,0.89965488679781,0.8973908072550657,0.8980437319940664,0.009390535492022718,2,0.9647123750162316,0.9725684975977146,0.9858459940267498,0.9815608362550318,0.9751655629139073,0.9759706531619271,0.007317706796630658,2
16,0.18887414932250976,0.015969373895917793,0.13630142211914062,0.020254239702439752,10000,0.001,rbf,,"{'C': 10000, 'gamma': 0.001, 'kernel': 'rbf'}",0.7943661971830986,0.7746478873239436,0.8028169014084507,0.8112676056338028,0.8140845070422535,0.7994366197183099,0.01418555302762162,32,0.803921568627451,0.803921568627451,0.7990196078431373,0.8333333333333334,0.8284313725490197,0.8137254901960785,0.014207232104107298,58,0.8324873096446701,0.803921568627451,0.8489583333333334,0.8374384236453202,0.845,0.8335611270501551,0.015890951588180786,42,0.8179551122194514,0.8039215686274509,0.8232323232323233,0.8353808353808354,0.8366336633663367,0.8234247005652795,0.012064422233185186,30,0.5823427658026324,0.5390209063757954,0.6021767093735423,0.6142720316081373,0.6211603302415626,0.591794548680334,0.029494979734814807,35,0.8682963251525776,0.8577132839890924,0.8727437995065577,0.8843332034800675,0.8927412024412416,0.8751655629139072,0.01225220097319248,33
17,0.33002305030822754,0.03534221582872842,0.09026646614074707,0.007814760736392002,10000,0.01,rbf,,"{'C': 10000, 'gamma': 0.01, 'kernel': 'rbf'}",0.847887323943662,0.8591549295774648,0.8647887323943662,0.8845070422535212,0.8732394366197183,0.8659154929577465,0.012419947991576695,17,0.8725490196078431,0.9215686274509803,0.9068627450980392,0.9362745098039216,0.9264705882352942,0.9127450980392157,0.022227027546577714,41,0.8640776699029126,0.8468468468468469,0.8644859813084113,0.8721461187214612,0.863013698630137,0.8621140630819537,0.008294831208211013,21,0.8682926829268292,0.8826291079812206,0.8851674641148325,0.9030732860520094,0.8936170212765958,0.8865559124702974,0.011606687928094401,17,0.6883486896786752,0.7113149281876242,0.7222334372575105,0.7635927339378328,0.7401524277812388,0.7251284433685763,0.02552319063187599,17,0.9228996234255292,0.909394883781327,0.9352032203609921,0.9446175821321907,0.942345149980522,0.9308920919361121,0.01314653535597799,17
18,0.8525383949279786,0.07208618076703613,0.04439401626586914,0.0017906355473593847,10000,0.1,rbf,,"{'C': 10000, 'gamma': 0.1, 'kernel': 'rbf'}",0.8985915492957747,0.9126760563380282,0.9380281690140845,0.9211267605633803,0.9267605633802817,0.9194366197183099,0.013284311124001781,7,0.9558823529411765,0.9901960784313726,0.9852941176470589,0.9901960784313726,0.9901960784313726,0.9823529411764707,0.013370766369593973,32,0.8783783783783784,0.8744588744588745,0.9136363636363637,0.8859649122807017,0.8938053097345132,0.8892487676977663,0.013879531140279906,8,0.9154929577464789,0.9287356321839081,0.9481132075471699,0.9351851851851852,0.9395348837209303,0.9334123732767345,0.010951893759931533,7,0.7937136600795804,0.8276895792605942,0.8752944742383765,0.8437100654390447,0.8544548300048586,0.8389725218044909,0.0274120403202438,7,0.9575704453967017,0.9418257369172834,0.9664653941046617,0.9727957408128814,0.9687702895727828,0.9614855213608621,0.01102381956194684,7
19,0.16842727661132811,0.010217955670924607,0.032835960388183594,0.0008537869518089388,10000,1,rbf,,"{'C': 10000, 'gamma': 1, 'kernel': 'rbf'}",0.9408450704225352,0.9492957746478873,0.9492957746478873,0.952112676056338,0.9464788732394366,0.9476056338028169,0.0038210309764085968,3,0.9852941176470589,0.9950980392156863,0.9754901960784313,1.0,0.9852941176470589,0.9882352941176471,0.008546860673609167,29,0.9178082191780822,0.9227272727272727,0.9386792452830188,0.9230769230769231,0.9262672811059908,0.9257117882742577,0.007025379216476721,2,0.9503546099290779,0.9575471698113207,0.9567307692307692,0.9600000000000001,0.9548693586698338,0.9559003815282004,0.003225737675770569,3,0.8807942647208025,0.8987679048978381,0.8965272678854384,0.9050714643486428,0.8918420396276947,0.8946005882960832,0.00811100522288806,3,0.965686274509804,0.9710102584079989,0.9830216854953903,0.9813660563563174,0.9753278794961694,0.975282430853136,0.006438109990151223,3
20,0.06730852127075196,0.0022829252243073144,0.03770017623901367,0.0011185200128863454,0.1,,linear,,"{'C': 0.1, 'kernel': 'linear'}",0.7887323943661971,0.7633802816901408,0.7746478873239436,0.8169014084507042,0.8028169014084507,0.7892957746478875,0.0191383523960147,51,0.8186274509803921,0.803921568627451,0.803921568627451,0.8382352941176471,0.8578431372549019,0.8245098039215687,0.02088948603202205,52,0.8146341463414634,0.7884615384615384,0.803921568627451,0.8423645320197044,0.8101851851851852,0.8119133941270684,0.01761544666869652,56,0.8166259168704156,0.7961165048543688,0.8039215686274509,0.8402948402948404,0.8333333333333334,0.8180584327960817,0.01679959307288547,41,0.5674694323907166,0.514438218393135,0.5390209063757954,0.6257867940551163,0.5938871924749456,0.5681205087379417,0.03928949352637075,51,0.8520322036099208,0.8382028308011947,0.8510583041163485,0.8688482015322684,0.8818659914296845,0.8584015062978836,0.015245934741110185,55
21,0.06571955680847168,0.0015087139696895288,0.03371648788452149,0.0007878508147826492,1,,linear,,"{'C': 1, 'kernel': 'linear'}",0.7943661971830986,0.7633802816901408,0.7859154929577464,0.8112676056338028,0.8,0.7909859154929577,0.016073625484717892,47,0.8137254901960784,0.7843137254901961,0.7892156862745098,0.8088235294117647,0.803921568627451,0.8,0.01134885970861788,75,0.8258706467661692,0.8,0.8298969072164949,0.8549222797927462,0.841025641025641,0.8303430949602102,0.018216247723323104,49,0.8197530864197531,0.792079207920792,0.8090452261306532,0.8312342569269522,0.8220551378446116,0.8148333830485525,0.013391050248738504,50,0.5805256930316035,0.5177684440669447,0.5667307869571157,0.6187701613759833,0.5948124667094175,0.575721510428213,0.03370496147408525,47,0.8586222568497598,0.8460589533826774,0.8599207895078561,0.8753733281392027,0.8840734969484481,0.8648097649655888,0.013390000071381407,46
22,0.1989680767059326,0.015505682548922536,0.03443455696105957,0.002744461862174453,100,,linear,,"{'C': 100, 'kernel': 'linear'}",0.7887323943661971,0.7859154929577464,0.7915492957746478,0.8169014084507042,0.819718309859155,0.8005633802816903,0.014626202800841915,30,0.7941176470588235,0.8137254901960784,0.7794117647058824,0.8284313725490197,0.8235294117647058,0.807843137254902,0.0184459683551243,61,0.8307692307692308,0.8137254901960784,0.8457446808510638,0.8492462311557789,0.8571428571428571,0.8393256980230017,0.01539906003582199,35,0.8120300751879699,0.8137254901960784,0.8112244897959183,0.8387096774193549,0.84,0.8231379465198643,0.013271904471171702,33,0.5719102513426232,0.5620698610570056,0.5817948406712149,0.6273168431645989,0.6344026497722557,0.5954988892015397,0.029622996086782337,30,0.8681664718867679,0.8596935462926892,0.8715751201142709,0.8842358135307102,0.8913777431502402,0.8750097389949356,0.011368770222229246,35
23,1.0242379665374757,0.09805241180058896,0.029868936538696288,0.00115746354662613,1000,,linear,,"{'C': 1000, 'kernel': 'linear'}",0.7887323943661971,0.780281690140845,0.7887323943661971,0.8140845070422535,0.819718309859155,0.7983098591549297,0.01559250986264572,35,0.7941176470588235,0.8186274509803921,0.7745098039215687,0.8137254901960784,0.8137254901960784,0.8029411764705883,0.01652186230034579,71,0.8307692307692308,0.8028846153846154,0.8449197860962567,0.8556701030927835,0.8645833333333334,0.8397654137352439,0.02161749488775581,33,0.8120300751879699,0.8106796116504855,0.8081841432225064,0.8341708542713568,0.8383838383838385,0.8206897045432313,0.012856157859950023,39,0.5719102513426232,0.5491403150861099,0.5767556409822974,0.6239551539204743,0.6364773028100734,0.5916477328283156,0.033080758577862315,36,0.8698545643422931,0.8602454226723802,0.8762823009998701,0.8853395662900923,0.8948513180106479,0.8773146344630568,0.012000092919788707,28
24,8.939012956619262,3.1560362565357423,0.02989516258239746,0.006972074215321554,10000,,linear,,"{'C': 10000, 'kernel': 'linear'}",0.7859154929577464,0.780281690140845,0.7915492957746478,0.8169014084507042,0.8225352112676056,0.7994366197183098,0.017032356572203942,33,0.7892156862745098,0.8137254901960784,0.7843137254901961,0.8235294117647058,0.8186274509803921,0.8058823529411765,0.01598971218656871,65,0.8298969072164949,0.8058252427184466,0.8421052631578947,0.8527918781725888,0.8652849740932642,0.8391808530717377,0.020366765603002265,37,0.8090452261306532,0.8097560975609757,0.8121827411167514,0.8379052369077307,0.8413098236775818,0.8220398250787386,0.01442189867034735,36,0.5667307869571157,0.5498073772894115,0.5805160122107896,0.6282016127103376,0.641648191609642,0.5933807961554592,0.0355432109336504,32,0.8700168809245552,0.8603428126217374,0.8760875211011557,0.88611868588495,0.8944942215296714,0.877412024412414,0.011961670951273554,26
25,0.12349786758422851,0.021754485249035036,0.06672358512878418,0.005642205822999295,0.1,0.001,poly,1,"{'C': 0.1, 'degree': 1, 'gamma': 0.001, 'kernel': 'poly'}",0.5746478873239437,0.5746478873239437,0.5746478873239437,0.5746478873239437,0.5746478873239437,0.5746478873239437,0.0,62,1.0,1.0,1.0,1.0,1.0,1.0,0.0,1,0.5746478873239437,0.5746478873239437,0.5746478873239437,0.5746478873239437,0.5746478873239437,0.5746478873239437,0.0,62,0.7298747763864043,0.7298747763864043,0.7298747763864043,0.7298747763864043,0.7298747763864043,0.7298747763864043,0.0,62,0.0,0.0,0.0,0.0,0.0,0.0,0.0,62,0.8472925594078691,0.8352486690040255,0.8440786910790806,0.865082456823789,0.8753084015062979,0.8534021555642124,0.014629533678689886,58
26,0.16646342277526854,0.028452968216630903,0.08736047744750977,0.01542377394942325,0.1,0.01,poly,1,"{'C': 0.1, 'degree': 1, 'gamma': 0.01, 'kernel': 'poly'}",0.5746478873239437,0.5746478873239437,0.5746478873239437,0.5746478873239437,0.5746478873239437,0.5746478873239437,0.0,62,1.0,1.0,1.0,1.0,1.0,1.0,0.0,1,0.5746478873239437,0.5746478873239437,0.5746478873239437,0.5746478873239437,0.5746478873239437,0.5746478873239437,0.0,62,0.7298747763864043,0.7298747763864043,0.7298747763864043,0.7298747763864043,0.7298747763864043,0.7298747763864043,0.0,62,0.0,0.0,0.0,0.0,0.0,0.0,0.0,62,0.8460264900662252,0.8348266458901442,0.8408972860667445,0.8622581482924295,0.8728736527723674,0.8513764446175822,0.01409164326025348,68
27,0.16611890792846679,0.03542534453533209,0.08892326354980469,0.017889194659415394,0.1,0.1,poly,1,"{'C': 0.1, 'degree': 1, 'gamma': 0.1, 'kernel': 'poly'}",0.5746478873239437,0.5746478873239437,0.5746478873239437,0.5746478873239437,0.5746478873239437,0.5746478873239437,0.0,62,1.0,1.0,1.0,1.0,1.0,1.0,0.0,1,0.5746478873239437,0.5746478873239437,0.5746478873239437,0.5746478873239437,0.5746478873239437,0.5746478873239437,0.0,62,0.7298747763864043,0.7298747763864043,0.7298747763864043,0.7298747763864043,0.7298747763864043,0.7298747763864043,0.0,62,0.0,0.0,0.0,0.0,0.0,0.0,0.0,62,0.845766783534606,0.8346318659914296,0.8411894559148162,0.8622256849759771,0.8729385794052721,0.8513504739644201,0.014129771762106771,70
28,0.14270410537719727,0.04485316668216271,0.08716931343078613,0.03809441749619929,0.1,1,poly,1,"{'C': 0.1, 'degree': 1, 'gamma': 1, 'kernel': 'poly'}",0.7887323943661971,0.7633802816901408,0.7746478873239436,0.8169014084507042,0.8028169014084507,0.7892957746478875,0.0191383523960147,51,0.8186274509803921,0.803921568627451,0.803921568627451,0.8382352941176471,0.8578431372549019,0.8245098039215687,0.02088948603202205,52,0.8146341463414634,0.7884615384615384,0.803921568627451,0.8423645320197044,0.8101851851851852,0.8119133941270684,0.01761544666869652,56,0.8166259168704156,0.7961165048543688,0.8039215686274509,0.8402948402948404,0.8333333333333334,0.8180584327960817,0.01679959307288547,41,0.5674694323907166,0.514438218393135,0.5390209063757954,0.6257867940551163,0.5938871924749456,0.5681205087379417,0.03928949352637075,51,0.8520322036099208,0.8382028308011947,0.8510583041163485,0.8688482015322684,0.8818659914296845,0.8584015062978836,0.015245934741110185,55
29,0.19015493392944335,0.05895525539736983,0.10739436149597167,0.025668173005302122,0.1,0.001,poly,2,"{'C': 0.1, 'degree': 2, 'gamma': 0.001, 'kernel': 'poly'}",0.5746478873239437,0.5746478873239437,0.5746478873239437,0.5746478873239437,0.5746478873239437,0.5746478873239437,0.0,62,1.0,1.0,1.0,1.0,1.0,1.0,0.0,1,0.5746478873239437,0.5746478873239437,0.5746478873239437,0.5746478873239437,0.5746478873239437,0.5746478873239437,0.0,62,0.7298747763864043,0.7298747763864043,0.7298747763864043,0.7298747763864043,0.7298747763864043,0.7298747763864043,0.0,62,0.0,0.0,0.0,0.0,0.0,0.0,0.0,62,0.8523893000908973,0.833625503181405,0.8434294247500325,0.8657966497857422,0.8709583171016752,0.8532398389819505,0.013808025037237982,59
30,0.2065800189971924,0.058281398114375015,0.12354135513305664,0.010421741601089909,0.1,0.01,poly,2,"{'C': 0.1, 'degree': 2, 'gamma': 0.01, 'kernel': 'poly'}",0.5746478873239437,0.5746478873239437,0.5746478873239437,0.5746478873239437,0.5746478873239437,0.5746478873239437,0.0,62,1.0,1.0,1.0,1.0,1.0,1.0,0.0,1,0.5746478873239437,0.5746478873239437,0.5746478873239437,0.5746478873239437,0.5746478873239437,0.5746478873239437,0.0,62,0.7298747763864043,0.7298747763864043,0.7298747763864043,0.7298747763864043,0.7298747763864043,0.7298747763864043,0.0,62,0.0,0.0,0.0,0.0,0.0,0.0,0.0,62,0.8515452538631347,0.83274899363719,0.8429100116867939,0.8655369432541229,0.8710881703674848,0.8527658745617452,0.014128766322549124,62
31,0.21429357528686524,0.0500785105801966,0.11158261299133301,0.028424823675623778,0.1,0.1,poly,2,"{'C': 0.1, 'degree': 2, 'gamma': 0.1, 'kernel': 'poly'}",0.5746478873239437,0.5746478873239437,0.5746478873239437,0.5746478873239437,0.5746478873239437,0.5746478873239437,0.0,62,1.0,1.0,1.0,1.0,1.0,1.0,0.0,1,0.5746478873239437,0.5746478873239437,0.5746478873239437,0.5746478873239437,0.5746478873239437,0.5746478873239437,0.0,62,0.7298747763864043,0.7298747763864043,0.7298747763864043,0.7298747763864043,0.7298747763864043,0.7298747763864043,0.0,62,0.0,0.0,0.0,0.0,0.0,0.0,0.0,62,0.851090767432801,0.8312232177639268,0.8405077262693158,0.8644981171276458,0.8692377613296974,0.8513115179846773,0.014251645865767834,73
32,0.10575990676879883,0.002862975282525318,0.0627051830291748,0.019966059442831988,0.1,1,poly,2,"{'C': 0.1, 'degree': 2, 'gamma': 1, 'kernel': 'poly'}",0.8084507042253521,0.7774647887323943,0.7915492957746478,0.8225352112676056,0.8225352112676056,0.8045070422535211,0.017690499682374766,26,0.8088235294117647,0.7892156862745098,0.7843137254901961,0.8186274509803921,0.8137254901960784,0.8029411764705883,0.013655282624690316,71,0.8505154639175257,0.817258883248731,0.8421052631578947,0.8652849740932642,0.8691099476439791,0.848854906412279,0.018584066478253763,28,0.8291457286432161,0.8029925187032418,0.8121827411167514,0.8413098236775818,0.8405063291139241,0.8252274282509431,0.015310103835226335,26,0.6125102805278025,0.5479486306218537,0.5805160122107896,0.641648191609642,0.6427600883409216,0.6050766406622019,0.03655027652537229,26,0.8684261784183873,0.8602778859888326,0.8702441241397221,0.8878067783404753,0.8972211401116738,0.8767952213998182,0.013595974891826916,32
33,0.12201800346374511,0.0046344740355057906,0.06404132843017578,0.0029387164319306463,0.1,0.001,poly,3,"{'C': 0.1, 'degree': 3, 'gamma': 0.001, 'kernel': 'poly'}",0.5746478873239437,0.5746478873239437,0.5746478873239437,0.5746478873239437,0.5746478873239437,0.5746478873239437,0.0,62,1.0,1.0,1.0,1.0,1.0,1.0,0.0,1,0.5746478873239437,0.5746478873239437,0.5746478873239437,0.5746478873239437,0.5746478873239437,0.5746478873239437,0.0,62,0.7298747763864043,0.7298747763864043,0.7298747763864043,0.7298747763864043,0.7298747763864043,0.7298747763864043,0.0,62,0.0,0.0,0.0,0.0,0.0,0.0,0.0,62,0.8517724970783015,0.830606414751331,0.8383651473834567,0.8597260096091417,0.8660888196338138,0.849311777691209,0.013158265998934536,79
34,0.10957655906677247,0.008818197115641682,0.0611872673034668,0.002995615862899119,0.1,0.01,poly,3,"{'C': 0.1, 'degree': 3, 'gamma': 0.01, 'kernel': 'poly'}",0.5746478873239437,0.5746478873239437,0.5746478873239437,0.5746478873239437,0.5746478873239437,0.5746478873239437,0.0,62,1.0,1.0,1.0,1.0,1.0,1.0,0.0,1,0.5746478873239437,0.5746478873239437,0.5746478873239437,0.5746478873239437,0.5746478873239437,0.5746478873239437,0.0,62,0.7298747763864043,0.7298747763864043,0.7298747763864043,0.7298747763864043,0.7298747763864043,0.7298747763864043,0.0,62,0.0,0.0,0.0,0.0,0.0,0.0,0.0,62,0.8517724970783015,0.830606414751331,0.8383651473834567,0.8597260096091417,0.8660888196338138,0.849311777691209,0.013158265998934536,79
35,0.1322091579437256,0.017140729537230965,0.07457213401794434,0.0053026570264323655,0.1,0.1,poly,3,"{'C': 0.1, 'degree': 3, 'gamma': 0.1, 'kernel': 'poly'}",0.5746478873239437,0.5746478873239437,0.5746478873239437,0.5746478873239437,0.5746478873239437,0.5746478873239437,0.0,62,1.0,1.0,1.0,1.0,1.0,1.0,0.0,1,0.5746478873239437,0.5746478873239437,0.5746478873239437,0.5746478873239437,0.5746478873239437,0.5746478873239437,0.0,62,0.7298747763864043,0.7298747763864043,0.7298747763864043,0.7298747763864043,0.7298747763864043,0.7298747763864043,0.0,62,0.0,0.0,0.0,0.0,0.0,0.0,0.0,62,0.8521295935592781,0.8297948318400208,0.8358979353330737,0.8609271523178808,0.864757823659265,0.8487014673419037,0.013714352325839846,84
36,0.13089461326599122,0.03060373239325343,0.05786046981811523,0.020443085390976334,0.1,1,poly,3,"{'C': 0.1, 'degree': 3, 'gamma': 1, 'kernel': 'poly'}",0.8366197183098592,0.8084507042253521,0.8140845070422535,0.856338028169014,0.8591549295774648,0.8349295774647887,0.02089829520111705,23,0.8284313725490197,0.8235294117647058,0.7990196078431373,0.8725490196078431,0.8578431372549019,0.8362745098039216,0.026049667167816495,50,0.8802083333333334,0.84,0.8670212765957447,0.8768472906403941,0.8928571428571429,0.871386808685323,0.01773584528361102,17,0.8535353535353536,0.8316831683168315,0.8316326530612246,0.8746928746928747,0.8749999999999999,0.8533088099212568,0.019315079219209906,24,0.6707778962466046,0.6096723428888273,0.6274560728468146,0.7063901311839694,0.7146066884720956,0.6657806263276623,0.041653330733107674,23,0.9010842747695106,0.8981301129723414,0.9103038566419944,0.9219906505648618,0.9233541098558629,0.9109726009609143,0.010371642986133562,23
37,0.19430208206176758,0.06044292999116269,0.12895503044128417,0.0372644890920274,1,0.001,poly,1,"{'C': 1, 'degree': 1, 'gamma': 0.001, 'kernel': 'poly'}",0.5746478873239437,0.5746478873239437,0.5746478873239437,0.5746478873239437,0.5746478873239437,0.5746478873239437,0.0,62,1.0,1.0,1.0,1.0,1.0,1.0,0.0,1,0.5746478873239437,0.5746478873239437,0.5746478873239437,0.5746478873239437,0.5746478873239437,0.5746478873239437,0.0,62,0.7298747763864043,0.7298747763864043,0.7298747763864043,0.7298747763864043,0.7298747763864043,0.7298747763864043,0.0,62,0.0,0.0,0.0,0.0,0.0,0.0,0.0,62,0.8460264900662252,0.8348266458901442,0.8408972860667445,0.8622581482924295,0.8728736527723674,0.8513764446175822,0.01409164326025348,68
38,0.26833362579345704,0.05609462474598539,0.11618952751159668,0.05015172464425692,1,0.01,poly,1,"{'C': 1, 'degree': 1, 'gamma': 0.01, 'kernel': 'poly'}",0.5746478873239437,0.5746478873239437,0.5746478873239437,0.5746478873239437,0.5746478873239437,0.5746478873239437,0.0,62,1.0,1.0,1.0,1.0,1.0,1.0,0.0,1,0.5746478873239437,0.5746478873239437,0.5746478873239437,0.5746478873239437,0.5746478873239437,0.5746478873239437,0.0,62,0.7298747763864043,0.7298747763864043,0.7298747763864043,0.7298747763864043,0.7298747763864043,0.7298747763864043,0.0,62,0.0,0.0,0.0,0.0,0.0,0.0,0.0,62,0.8457992468510583,0.834566939358525,0.8411894559148163,0.862290611608882,0.8728087261394625,0.8513309959745488,0.014113048892870817,72
39,0.11631402969360352,0.009000166723494818,0.05900764465332031,0.002148569899299188,1,0.1,poly,1,"{'C': 1, 'degree': 1, 'gamma': 0.1, 'kernel': 'poly'}",0.7887323943661971,0.7633802816901408,0.7746478873239436,0.8169014084507042,0.8028169014084507,0.7892957746478875,0.0191383523960147,51,0.8186274509803921,0.803921568627451,0.803921568627451,0.8382352941176471,0.8578431372549019,0.8245098039215687,0.02088948603202205,52,0.8146341463414634,0.7884615384615384,0.803921568627451,0.8423645320197044,0.8101851851851852,0.8119133941270684,0.01761544666869652,56,0.8166259168704156,0.7961165048543688,0.8039215686274509,0.8402948402948404,0.8333333333333334,0.8180584327960817,0.01679959307288547,41,0.5674694323907166,0.514438218393135,0.5390209063757954,0.6257867940551163,0.5938871924749456,0.5681205087379417,0.03928949352637075,51,0.8520646669263732,0.8382352941176471,0.8510258407998962,0.8688482015322684,0.8818335281132321,0.8584015062978836,0.015227771840502034,55
40,0.08955583572387696,0.003688446271965248,0.044882345199584964,0.0019887914133512943,1,1,poly,1,"{'C': 1, 'degree': 1, 'gamma': 1, 'kernel': 'poly'}",0.7943661971830986,0.7633802816901408,0.7859154929577464,0.8112676056338028,0.8,0.7909859154929577,0.016073625484717892,47,0.8137254901960784,0.7843137254901961,0.7892156862745098,0.8088235294117647,0.803921568627451,0.8,0.01134885970861788,75,0.8258706467661692,0.8,0.8298969072164949,0.8549222797927462,0.841025641025641,0.8303430949602102,0.018216247723323104,49,0.8197530864197531,0.792079207920792,0.8090452261306532,0.8312342569269522,0.8220551378446116,0.8148333830485525,0.013391050248738504,50,0.5805256930316035,0.5177684440669447,0.5667307869571157,0.6187701613759833,0.5948124667094175,0.575721510428213,0.03370496147408525,47,0.8586222568497598,0.8460589533826774,0.8599207895078561,0.8753733281392027,0.8840734969484481,0.8648097649655888,0.013390000071381407,46
41,0.11178779602050781,0.0030213613640882025,0.05746960639953613,0.0014697601935657301,1,0.001,poly,2,"{'C': 1, 'degree': 2, 'gamma': 0.001, 'kernel': 'poly'}",0.5746478873239437,0.5746478873239437,0.5746478873239437,0.5746478873239437,0.5746478873239437,0.5746478873239437,0.0,62,1.0,1.0,1.0,1.0,1.0,1.0,0.0,1,0.5746478873239437,0.5746478873239437,0.5746478873239437,0.5746478873239437,0.5746478873239437,0.5746478873239437,0.0,62,0.7298747763864043,0.7298747763864043,0.7298747763864043,0.7298747763864043,0.7298747763864043,0.7298747763864043,0.0,62,0.0,0.0,0.0,0.0,0.0,0.0,0.0,62,0.8523893000908973,0.833625503181405,0.8434294247500325,0.8657966497857422,0.8709583171016752,0.8532398389819505,0.013808025037237982,59
42,0.10882420539855957,0.002448117047308604,0.05643396377563477,0.002137331154289447,1,0.01,poly,2,"{'C': 1, 'degree': 2, 'gamma': 0.01, 'kernel': 'poly'}",0.5746478873239437,0.5746478873239437,0.5746478873239437,0.5746478873239437,0.5746478873239437,0.5746478873239437,0.0,62,1.0,1.0,1.0,1.0,1.0,1.0,0.0,1,0.5746478873239437,0.5746478873239437,0.5746478873239437,0.5746478873239437,0.5746478873239437,0.5746478873239437,0.0,62,0.7298747763864043,0.7298747763864043,0.7298747763864043,0.7298747763864043,0.7298747763864043,0.7298747763864043,0.0,62,0.0,0.0,0.0,0.0,0.0,0.0,0.0,62,0.8514478639137775,0.8311907544474743,0.8410271393325542,0.8642384105960267,0.869367614595507,0.851454356577068,0.01416797319929892,66
43,0.09833817481994629,0.0090061339311841,0.06207256317138672,0.01057855824041981,1,0.1,poly,2,"{'C': 1, 'degree': 2, 'gamma': 0.1, 'kernel': 'poly'}",0.7690140845070422,0.7633802816901408,0.7690140845070422,0.7915492957746478,0.8056338028169014,0.7797183098591549,0.016172056444402633,55,0.7745098039215687,0.7598039215686274,0.7647058823529411,0.7745098039215687,0.7990196078431373,0.7745098039215685,0.013513773286362994,81,0.8144329896907216,0.8157894736842105,0.8210526315789474,0.8494623655913979,0.8534031413612565,0.8308281203813067,0.01701404157136968,43,0.793969849246231,0.7868020304568527,0.7918781725888325,0.8102564102564103,0.8253164556962026,0.8016445836489059,0.014206384495332793,55,0.5323961667791005,0.5233976130049054,0.5348212928460823,0.5831463004655328,0.6084748286953701,0.5564472403581983,0.033341035896002916,55,0.8540124659135176,0.8388520971302429,0.8524866900402546,0.8719646799116998,0.8824178678093754,0.8599467601610181,0.01539632668452099,52
44,0.08488259315490723,0.006252111444930604,0.03795785903930664,0.001619404218874125,1,1,poly,2,"{'C': 1, 'degree': 2, 'gamma': 1, 'kernel': 'poly'}",0.8422535211267606,0.8112676056338028,0.828169014084507,0.8535211267605634,0.856338028169014,0.8383098591549295,0.01676943782099966,20,0.8627450980392157,0.8382352941176471,0.8235294117647058,0.8823529411764706,0.8823529411764706,0.8578431372549019,0.023610969762337834,47,0.8627450980392157,0.8341463414634146,0.8704663212435233,0.8653846153846154,0.8695652173913043,0.8604615187044147,0.01345298162010499,22,0.8627450980392157,0.8361858190709046,0.8463476070528967,0.8737864077669903,0.8759124087591241,0.8589954681378262,0.015487175210962675,20,0.6773146344630567,0.6136078002117767,0.6530872067264714,0.6995160674223349,0.7054713873415066,0.6697994192330292,0.03361203071338225,20,0.9055966757563952,0.8994935722633424,0.9137125048694974,0.9226074535774574,0.9260161018049604,0.9134852616543305,0.009982836664243619,21
45,0.10495800971984863,0.003489918448452337,0.055080509185791014,0.0007020454647026252,1,0.001,poly,3,"{'C': 1, 'degree': 3, 'gamma': 0.001, 'kernel': 'poly'}",0.5746478873239437,0.5746478873239437,0.5746478873239437,0.5746478873239437,0.5746478873239437,0.5746478873239437,0.0,62,1.0,1.0,1.0,1.0,1.0,1.0,0.0,1,0.5746478873239437,0.5746478873239437,0.5746478873239437,0.5746478873239437,0.5746478873239437,0.5746478873239437,0.0,62,0.7298747763864043,0.7298747763864043,0.7298747763864043,0.7298747763864043,0.7298747763864043,0.7298747763864043,0.0,62,0.0,0.0,0.0,0.0,0.0,0.0,0.0,62,0.8517724970783015,0.830606414751331,0.8383651473834567,0.8597260096091417,0.8660888196338138,0.849311777691209,0.013158265998934536,79
46,0.10914888381958007,0.00964534503799993,0.05706429481506348,0.005256013740987872,1,0.01,poly,3,"{'C': 1, 'degree': 3, 'gamma': 0.01, 'kernel': 'poly'}",0.5746478873239437,0.5746478873239437,0.5746478873239437,0.5746478873239437,0.5746478873239437,0.5746478873239437,0.0,62,1.0,1.0,1.0,1.0,1.0,1.0,0.0,1,0.5746478873239437,0.5746478873239437,0.5746478873239437,0.5746478873239437,0.5746478873239437,0.5746478873239437,0.0,62,0.7298747763864043,0.7298747763864043,0.7298747763864043,0.7298747763864043,0.7298747763864043,0.7298747763864043,0.0,62,0.0,0.0,0.0,0.0,0.0,0.0,0.0,62,0.8525191533567069,0.8308011946500453,0.837910660953123,0.8597909362420466,0.8661537462667186,0.849435138293728,0.01323860254180693,77
47,0.09979267120361328,0.0025640567879656713,0.052734756469726564,0.0014834427182122119,1,0.1,poly,3,"{'C': 1, 'degree': 3, 'gamma': 0.1, 'kernel': 'poly'}",0.7436619718309859,0.7577464788732394,0.7211267605633803,0.7633802816901408,0.7492957746478873,0.7470422535211267,0.014626202800841861,58,0.6666666666666666,0.7156862745098039,0.6421568627450981,0.7107843137254902,0.6666666666666666,0.6803921568627451,0.0283128021141052,84,0.8553459119496856,0.8390804597701149,0.8343949044585988,0.8529411764705882,0.8662420382165605,0.8496008981731096,0.01151513832639755,26,0.7493112947658401,0.7724867724867724,0.7257617728531857,0.7754010695187166,0.7534626038781163,0.7552847027005262,0.017950957925072775,59,0.5113693316540303,0.5244149720650233,0.46783487749061015,0.5395927749668257,0.5251953048958622,0.5136814522144704,0.024602553583415857,58,0.8523243734579925,0.8317750941436177,0.8394364368263862,0.8623555382417868,0.867939228671601,0.8507661342682769,0.013569666277106837,76
48,0.09305238723754883,0.003720523865701402,0.033076810836791995,0.0006739779644861076,1,1,poly,3,"{'C': 1, 'degree': 3, 'gamma': 1, 'kernel': 'poly'}",0.856338028169014,0.8619718309859155,0.8788732394366198,0.8901408450704226,0.9098591549295775,0.8794366197183099,0.019385521728546785,15,0.8676470588235294,0.9019607843137255,0.8970588235294118,0.946078431372549,0.9411764705882353,0.9107843137254902,0.02931356154456087,42,0.8805970149253731,0.863849765258216,0.8926829268292683,0.8733031674208145,0.9056603773584906,0.8832186503584325,0.014652966417193535,9,0.874074074074074,0.8824940047961631,0.8948655256723717,0.908235294117647,0.923076923076923,0.8965491643474358,0.017582943122309003,15,0.7069874151831382,0.7164263223273912,0.7520229036749576,0.7757802707474777,0.8152092308487074,0.7532852285563345,0.03960875897759638,15,0.9327035449941566,0.9308855992728218,0.9428645630437604,0.9462732112712635,0.9531878976756265,0.9411829632515257,0.008376074166146835,14
49,0.09203944206237794,0.0036974250472731045,0.04936132431030273,0.004697014030123418,100,0.001,poly,1,"{'C': 100, 'degree': 1, 'gamma': 0.001, 'kernel': 'poly'}",0.7887323943661971,0.7633802816901408,0.7746478873239436,0.8169014084507042,0.8028169014084507,0.7892957746478875,0.0191383523960147,51,0.8186274509803921,0.803921568627451,0.803921568627451,0.8382352941176471,0.8578431372549019,0.8245098039215687,0.02088948603202205,52,0.8146341463414634,0.7884615384615384,0.803921568627451,0.8423645320197044,0.8101851851851852,0.8119133941270684,0.01761544666869652,56,0.8166259168704156,0.7961165048543688,0.8039215686274509,0.8402948402948404,0.8333333333333334,0.8180584327960817,0.01679959307288547,41,0.5674694323907166,0.514438218393135,0.5390209063757954,0.6257867940551163,0.5938871924749456,0.5681205087379417,0.03928949352637075,51,0.8520646669263732,0.8382028308011947,0.8510907674328009,0.8688482015322684,0.8818335281132321,0.8584079989611739,0.015230113622005576,54
50,0.07932014465332031,0.0012144158488061822,0.039858531951904294,0.001575544961086726,100,0.01,poly,1,"{'C': 100, 'degree': 1, 'gamma': 0.01, 'kernel': 'poly'}",0.7943661971830986,0.7633802816901408,0.7859154929577464,0.8112676056338028,0.8,0.7909859154929577,0.016073625484717892,47,0.8137254901960784,0.7843137254901961,0.7892156862745098,0.8088235294117647,0.803921568627451,0.8,0.01134885970861788,75,0.8258706467661692,0.8,0.8298969072164949,0.8549222797927462,0.841025641025641,0.8303430949602102,0.018216247723323104,49,0.8197530864197531,0.792079207920792,0.8090452261306532,0.8312342569269522,0.8220551378446116,0.8148333830485525,0.013391050248738504,50,0.5805256930316035,0.5177684440669447,0.5667307869571157,0.6187701613759833,0.5948124667094175,0.575721510428213,0.03370496147408525,47,0.8585573302168551,0.8460264900662252,0.8599532528243086,0.8753408648227502,0.8841059602649006,0.864796779639008,0.01340698654096284,49
51,0.09567060470581054,0.0024907997149364036,0.038642501831054686,0.001860969981736014,100,0.1,poly,1,"{'C': 100, 'degree': 1, 'gamma': 0.1, 'kernel': 'poly'}",0.7971830985915493,0.7661971830985915,0.7887323943661971,0.8112676056338028,0.8056338028169014,0.7938028169014084,0.015774647887323967,42,0.8088235294117647,0.7941176470588235,0.7892156862745098,0.8235294117647058,0.8137254901960784,0.8058823529411765,0.012631469339926598,65,0.8333333333333334,0.7980295566502463,0.8341968911917098,0.8442211055276382,0.8426395939086294,0.8304840961223114,0.016802747906762568,46,0.8208955223880597,0.796068796068796,0.8110831234256927,0.8337468982630273,0.827930174563591,0.8179449029418333,0.01329483306142986,46,0.5875969867660265,0.5221539320323051,0.5730141009086659,0.6158369999085841,0.6052721892564851,0.5807748417744134,0.03278004510902094,42,0.8639462407479548,0.8518049603947538,0.8660238930009089,0.8782625633034671,0.8858265160368785,0.8691728346967927,0.011822389303365386,43
52,0.2304619789123535,0.013522972453518302,0.03871912956237793,0.002030719553412922,100,1,poly,1,"{'C': 100, 'degree': 1, 'gamma': 1, 'kernel': 'poly'}",0.7887323943661971,0.7859154929577464,0.7915492957746478,0.8169014084507042,0.819718309859155,0.8005633802816903,0.014626202800841915,30,0.7941176470588235,0.8137254901960784,0.7794117647058824,0.8284313725490197,0.8235294117647058,0.807843137254902,0.0184459683551243,61,0.8307692307692308,0.8137254901960784,0.8457446808510638,0.8492462311557789,0.8571428571428571,0.8393256980230017,0.01539906003582199,35,0.8120300751879699,0.8137254901960784,0.8112244897959183,0.8387096774193549,0.84,0.8231379465198643,0.013271904471171702,33,0.5719102513426232,0.5620698610570056,0.5817948406712149,0.6273168431645989,0.6344026497722557,0.5954988892015397,0.029622996086782337,30,0.8681664718867679,0.8596935462926892,0.8715751201142709,0.8842358135307102,0.8913777431502402,0.8750097389949356,0.011368770222229246,35
53,0.10537919998168946,0.0013590230568608236,0.05488076210021973,0.0003266653198513337,100,0.001,poly,2,"{'C': 100, 'degree': 2, 'gamma': 0.001, 'kernel': 'poly'}",0.5746478873239437,0.5746478873239437,0.5746478873239437,0.5746478873239437,0.5746478873239437,0.5746478873239437,0.0,62,1.0,1.0,1.0,1.0,1.0,1.0,0.0,1,0.5746478873239437,0.5746478873239437,0.5746478873239437,0.5746478873239437,0.5746478873239437,0.5746478873239437,0.0,62,0.7298747763864043,0.7298747763864043,0.7298747763864043,0.7298747763864043,0.7298747763864043,0.7298747763864043,0.0,62,0.0,0.0,0.0,0.0,0.0,0.0,0.0,62,0.8514478639137775,0.8311907544474743,0.8410271393325542,0.8642384105960267,0.869367614595507,0.851454356577068,0.01416797319929892,66
54,0.10588860511779785,0.006438722730885521,0.05518960952758789,0.004446955246563598,100,0.01,poly,2,"{'C': 100, 'degree': 2, 'gamma': 0.01, 'kernel': 'poly'}",0.7690140845070422,0.7633802816901408,0.7690140845070422,0.7915492957746478,0.8056338028169014,0.7797183098591549,0.016172056444402633,55,0.7745098039215687,0.7598039215686274,0.7647058823529411,0.7745098039215687,0.7990196078431373,0.7745098039215685,0.013513773286362994,81,0.8144329896907216,0.8157894736842105,0.8210526315789474,0.8494623655913979,0.8534031413612565,0.8308281203813067,0.01701404157136968,43,0.793969849246231,0.7868020304568527,0.7918781725888325,0.8102564102564103,0.8253164556962026,0.8016445836489059,0.014206384495332793,55,0.5323961667791005,0.5233976130049054,0.5348212928460823,0.5831463004655328,0.6084748286953701,0.5564472403581983,0.033341035896002916,55,0.8540124659135176,0.8388520971302429,0.8524866900402546,0.8719646799116998,0.8824178678093754,0.8599467601610181,0.01539632668452099,52
55,0.07543883323669434,0.001960618468037238,0.03496460914611817,0.0011980825952027923,100,0.1,poly,2,"{'C': 100, 'degree': 2, 'gamma': 0.1, 'kernel': 'poly'}",0.8422535211267606,0.8112676056338028,0.828169014084507,0.8535211267605634,0.856338028169014,0.8383098591549295,0.01676943782099966,20,0.8627450980392157,0.8382352941176471,0.8235294117647058,0.8823529411764706,0.8823529411764706,0.8578431372549019,0.023610969762337834,47,0.8627450980392157,0.8341463414634146,0.8704663212435233,0.8653846153846154,0.8695652173913043,0.8604615187044147,0.01345298162010499,22,0.8627450980392157,0.8361858190709046,0.8463476070528967,0.8737864077669903,0.8759124087591241,0.8589954681378262,0.015487175210962675,20,0.6773146344630567,0.6136078002117767,0.6530872067264714,0.6995160674223349,0.7054713873415066,0.6697994192330292,0.03361203071338225,20,0.9055966757563952,0.8994286456304376,0.9136475782365926,0.9225749902610051,0.9260161018049604,0.9134527983378782,0.009994843069045212,22
56,0.4712093353271484,0.033579823241407424,0.023839807510375975,0.001320563414996722,100,1,poly,2,"{'C': 100, 'degree': 2, 'gamma': 1, 'kernel': 'poly'}",0.8704225352112676,0.8929577464788733,0.9070422535211268,0.9211267605633803,0.9154929577464789,0.9014084507042254,0.018168468165179846,11,0.9215686274509803,0.9509803921568627,0.9509803921568627,0.9803921568627451,0.9754901960784313,0.9558823529411764,0.021027069205418848,37,0.8623853211009175,0.8738738738738738,0.8940092165898618,0.8928571428571429,0.8883928571428571,0.8823036823129305,0.012274167148670318,11,0.8909952606635071,0.9107981220657277,0.9216152019002375,0.9345794392523364,0.9299065420560747,0.9175789131875767,0.01555602556136092,11,0.7341573057380303,0.7819424126664439,0.8100231793450934,0.8416392187386436,0.8298315234077781,0.7995187279791979,0.03843016311277253,11,0.9277041942604857,0.9231593299571484,0.9486105700558369,0.9513050253213868,0.9556551097260096,0.9412868458641734,0.013217738986849786,12
57,0.09377574920654297,0.003290577128096555,0.049225664138793944,0.0007688942117996832,100,0.001,poly,3,"{'C': 100, 'degree': 3, 'gamma': 0.001, 'kernel': 'poly'}",0.5746478873239437,0.5746478873239437,0.5746478873239437,0.5746478873239437,0.5746478873239437,0.5746478873239437,0.0,62,1.0,1.0,1.0,1.0,1.0,1.0,0.0,1,0.5746478873239437,0.5746478873239437,0.5746478873239437,0.5746478873239437,0.5746478873239437,0.5746478873239437,0.0,62,0.7298747763864043,0.7298747763864043,0.7298747763864043,0.7298747763864043,0.7298747763864043,0.7298747763864043,0.0,62,0.0,0.0,0.0,0.0,0.0,0.0,0.0,62,0.8517724970783015,0.830606414751331,0.8383651473834567,0.8597260096091417,0.8660888196338138,0.849311777691209,0.013158265998934536,79
58,0.09999270439147949,0.002152376499257892,0.05393862724304199,0.0014603555206254928,100,0.01,poly,3,"{'C': 100, 'degree': 3, 'gamma': 0.01, 'kernel': 'poly'}",0.5746478873239437,0.5746478873239437,0.5746478873239437,0.5746478873239437,0.5746478873239437,0.5746478873239437,0.0,62,1.0,1.0,1.0,1.0,1.0,1.0,0.0,1,0.5746478873239437,0.5746478873239437,0.5746478873239437,0.5746478873239437,0.5746478873239437,0.5746478873239437,0.0,62,0.7298747763864043,0.7298747763864043,0.7298747763864043,0.7298747763864043,0.7298747763864043,0.7298747763864043,0.0,62,0.0,0.0,0.0,0.0,0.0,0.0,0.0,62,0.8521295935592781,0.8297948318400208,0.8358979353330737,0.8609271523178808,0.864757823659265,0.8487014673419037,0.013714352325839846,84
59,0.0762092113494873,0.0030804815861942276,0.03857388496398926,0.003120846680883376,100,0.1,poly,3,"{'C': 100, 'degree': 3, 'gamma': 0.1, 'kernel': 'poly'}",0.8366197183098592,0.8084507042253521,0.8140845070422535,0.856338028169014,0.8591549295774648,0.8349295774647887,0.02089829520111705,23,0.8284313725490197,0.8235294117647058,0.7990196078431373,0.8725490196078431,0.8578431372549019,0.8362745098039216,0.026049667167816495,50,0.8802083333333334,0.84,0.8670212765957447,0.8768472906403941,0.8928571428571429,0.871386808685323,0.01773584528361102,17,0.8535353535353536,0.8316831683168315,0.8316326530612246,0.8746928746928747,0.8749999999999999,0.8533088099212568,0.019315079219209906,24,0.6707778962466046,0.6096723428888273,0.6274560728468146,0.7063901311839694,0.7146066884720956,0.6657806263276623,0.041653330733107674,23,0.9010842747695106,0.8981301129723414,0.9103038566419944,0.9219906505648618,0.9233216465394105,0.9109661082976238,0.010363897380520237,24
60,0.6593403816223145,0.06833846520447585,0.019290876388549805,0.0007968783748639027,100,1,poly,3,"{'C': 100, 'degree': 3, 'gamma': 1, 'kernel': 'poly'}",0.9126760563380282,0.9267605633802817,0.9352112676056338,0.9464788732394366,0.9464788732394366,0.9335211267605633,0.012797539934197782,6,0.9852941176470589,0.9950980392156863,0.9852941176470589,0.9901960784313726,0.9950980392156863,0.9901960784313726,0.004384447014705454,27,0.8777292576419214,0.8903508771929824,0.9095022624434389,0.9223744292237442,0.918552036199095,0.9037017725402364,0.0170626027216919,6,0.9284064665127021,0.9398148148148148,0.9458823529411765,0.9550827423167849,0.9552941176470588,0.9448960988465075,0.010105311664874396,6,0.8264498524329421,0.8555966069594376,0.8698102297301432,0.8925144177990995,0.8933177194758096,0.8675377652794865,0.02499764448198752,6,0.964257888585898,0.9554603298272951,0.9705557719776652,0.9842228282041293,0.9649071549149462,0.9678807947019867,0.009491612006641007,6
61,0.0660982608795166,0.0006604845379881034,0.032699871063232425,0.0007177004582673335,1000,0.001,poly,1,"{'C': 1000, 'degree': 1, 'gamma': 0.001, 'kernel': 'poly'}",0.7943661971830986,0.7633802816901408,0.7859154929577464,0.8112676056338028,0.8,0.7909859154929577,0.016073625484717892,47,0.8137254901960784,0.7843137254901961,0.7892156862745098,0.8088235294117647,0.803921568627451,0.8,0.01134885970861788,75,0.8258706467661692,0.8,0.8298969072164949,0.8549222797927462,0.841025641025641,0.8303430949602102,0.018216247723323104,49,0.8197530864197531,0.792079207920792,0.8090452261306532,0.8312342569269522,0.8220551378446116,0.8148333830485525,0.013391050248738504,50,0.5805256930316035,0.5177684440669447,0.5667307869571157,0.6187701613759833,0.5948124667094175,0.575721510428213,0.03370496147408525,47,0.8586222568497598,0.8460589533826776,0.8598883261914037,0.8753408648227502,0.884138423581353,0.8648097649655888,0.01340596777107569,46
62,0.08331518173217774,0.003638696277797202,0.033170032501220706,0.0032342291796127287,1000,0.01,poly,1,"{'C': 1000, 'degree': 1, 'gamma': 0.01, 'kernel': 'poly'}",0.7971830985915493,0.7661971830985915,0.7887323943661971,0.8112676056338028,0.8056338028169014,0.7938028169014084,0.015774647887323967,42,0.8088235294117647,0.7941176470588235,0.7892156862745098,0.8235294117647058,0.8137254901960784,0.8058823529411765,0.012631469339926598,65,0.8333333333333334,0.7980295566502463,0.8341968911917098,0.8442211055276382,0.8426395939086294,0.8304840961223114,0.016802747906762568,46,0.8208955223880597,0.796068796068796,0.8110831234256927,0.8337468982630273,0.827930174563591,0.8179449029418333,0.01329483306142986,46,0.5875969867660265,0.5221539320323051,0.5730141009086659,0.6158369999085841,0.6052721892564851,0.5807748417744134,0.03278004510902094,42,0.8639787040644072,0.8518698870276588,0.8659914296844565,0.8783274899363719,0.8857291260875211,0.8691793273600832,0.011784825966610357,42
63,0.1994189739227295,0.013327761632368786,0.033561420440673825,0.0010146614113518396,1000,0.1,poly,1,"{'C': 1000, 'degree': 1, 'gamma': 0.1, 'kernel': 'poly'}",0.7915492957746478,0.7859154929577464,0.7915492957746478,0.8169014084507042,0.819718309859155,0.8011267605633803,0.014207910099063125,28,0.7941176470588235,0.8137254901960784,0.7794117647058824,0.8284313725490197,0.8235294117647058,0.807843137254902,0.0184459683551243,61,0.8350515463917526,0.8137254901960784,0.8457446808510638,0.8492462311557789,0.8571428571428571,0.8401821611475061,0.015013612788520462,31,0.8140703517587939,0.8137254901960784,0.8112244897959183,0.8387096774193549,0.84,0.823546001834029,0.012951611212413033,28,0.5781756603497874,0.5620698610570056,0.5817948406712149,0.6273168431645989,0.6344026497722557,0.5967519710029725,0.028717342626340875,28,0.8682638618361251,0.8594987663939747,0.8715751201142709,0.8841708868978055,0.891280353200883,0.8749577976886119,0.01137136548146668,37
64,1.0636709690093995,0.11872464669554285,0.031236600875854493,0.0011248658035697674,1000,1,poly,1,"{'C': 1000, 'degree': 1, 'gamma': 1, 'kernel': 'poly'}",0.7887323943661971,0.780281690140845,0.7887323943661971,0.8140845070422535,0.819718309859155,0.7983098591549297,0.01559250986264572,35,0.7941176470588235,0.8186274509803921,0.7745098039215687,0.8137254901960784,0.8137254901960784,0.8029411764705883,0.01652186230034579,71,0.8307692307692308,0.8028846153846154,0.8449197860962567,0.8556701030927835,0.8645833333333334,0.8397654137352439,0.02161749488775581,33,0.8120300751879699,0.8106796116504855,0.8081841432225064,0.8341708542713568,0.8383838383838385,0.8206897045432313,0.012856157859950023,39,0.5719102513426232,0.5491403150861099,0.5767556409822974,0.6239551539204743,0.6364773028100734,0.5916477328283156,0.033080758577862315,36,0.8698545643422931,0.8602454226723802,0.8762823009998701,0.8853395662900923,0.8948513180106479,0.8773146344630568,0.012000092919788707,28
65,0.09648251533508301,0.007942381944281039,0.051112127304077146,0.003308330751102876,1000,0.001,poly,2,"{'C': 1000, 'degree': 2, 'gamma': 0.001, 'kernel': 'poly'}",0.5746478873239437,0.5746478873239437,0.5746478873239437,0.5746478873239437,0.5746478873239437,0.5746478873239437,0.0,62,1.0,1.0,1.0,1.0,1.0,1.0,0.0,1,0.5746478873239437,0.5746478873239437,0.5746478873239437,0.5746478873239437,0.5746478873239437,0.5746478873239437,0.0,62,0.7298747763864043,0.7298747763864043,0.7298747763864043,0.7298747763864043,0.7298747763864043,0.7298747763864043,0.0,62,0.0,0.0,0.0,0.0,0.0,0.0,0.0,62,0.851090767432801,0.8312232177639268,0.8405077262693158,0.8644981171276458,0.8692377613296974,0.8513115179846773,0.014251645865767834,73
66,0.07305588722229003,0.00343738296351504,0.03864727020263672,0.0026970956421560623,1000,0.01,poly,2,"{'C': 1000, 'degree': 2, 'gamma': 0.01, 'kernel': 'poly'}",0.8084507042253521,0.7774647887323943,0.7915492957746478,0.8225352112676056,0.8225352112676056,0.8045070422535211,0.017690499682374766,26,0.8088235294117647,0.7892156862745098,0.7843137254901961,0.8186274509803921,0.8137254901960784,0.8029411764705883,0.013655282624690316,71,0.8505154639175257,0.817258883248731,0.8421052631578947,0.8652849740932642,0.8691099476439791,0.848854906412279,0.018584066478253763,28,0.8291457286432161,0.8029925187032418,0.8121827411167514,0.8413098236775818,0.8405063291139241,0.8252274282509431,0.015310103835226335,26,0.6125102805278025,0.5479486306218537,0.5805160122107896,0.641648191609642,0.6427600883409216,0.6050766406622019,0.03655027652537229,26,0.8684586417348397,0.8602778859888326,0.8702441241397221,0.8878067783404753,0.8972211401116738,0.8768017140631086,0.01359198392883138,31
67,0.11735587120056153,0.004877458973576052,0.0301483154296875,0.0023275192883357686,1000,0.1,poly,2,"{'C': 1000, 'degree': 2, 'gamma': 0.1, 'kernel': 'poly'}",0.8647887323943662,0.8760563380281691,0.8788732394366198,0.8873239436619719,0.9014084507042254,0.8816901408450704,0.012213793458410605,14,0.8921568627450981,0.9411764705882353,0.9068627450980392,0.9362745098039216,0.9362745098039216,0.9225490196078432,0.019460228667920774,40,0.875,0.8571428571428571,0.8851674641148325,0.8761467889908257,0.8967136150234741,0.8780341450543979,0.013030893283795255,15,0.883495145631068,0.897196261682243,0.8958837772397095,0.9052132701421801,0.9160671462829735,0.8995711201956349,0.010785417395050593,14,0.7226507985509848,0.7471776560917202,0.7514680083588514,0.7692694635703907,0.7978384044100493,0.7576808661963993,0.024991783164600996,14,0.927412024412414,0.921146604337099,0.9423126866640696,0.9399104012465913,0.9521166082326971,0.9365796649785741,0.011023456279489068,16
68,2.7720969676971436,0.33312316229444777,0.016556167602539064,0.0014768002342277155,1000,1,poly,2,"{'C': 1000, 'degree': 2, 'gamma': 1, 'kernel': 'poly'}",0.8845070422535212,0.9042253521126761,0.9295774647887324,0.9183098591549296,0.9098591549295775,0.9092957746478874,0.015053959679873092,9,0.946078431372549,0.9803921568627451,0.9754901960784313,0.9852941176470589,0.9803921568627451,0.9735294117647058,0.014071274602360134,35,0.8654708520179372,0.8695652173913043,0.908675799086758,0.8854625550660793,0.8771929824561403,0.8812734812036437,0.015309424325563932,13,0.9039812646370023,0.9216589861751152,0.9408983451536643,0.9327146171693735,0.9259259259259259,0.9250358278122164,0.012377990361868077,9,0.764573002918089,0.809159245400461,0.8573539585642085,0.8372096875001203,0.8199369823982589,0.8176465753562276,0.031155983256904416,9,0.9293598233995584,0.9298467731463447,0.9602324373457992,0.9622126996493963,0.9579924685105831,0.9479288404103363,0.015023004307646094,10
69,0.08273224830627442,0.003558530207249095,0.044534158706665036,0.0014339490230426194,1000,0.001,poly,3,"{'C': 1000, 'degree': 3, 'gamma': 0.001, 'kernel': 'poly'}",0.5746478873239437,0.5746478873239437,0.5746478873239437,0.5746478873239437,0.5746478873239437,0.5746478873239437,0.0,62,1.0,1.0,1.0,1.0,1.0,1.0,0.0,1,0.5746478873239437,0.5746478873239437,0.5746478873239437,0.5746478873239437,0.5746478873239437,0.5746478873239437,0.0,62,0.7298747763864043,0.7298747763864043,0.7298747763864043,0.7298747763864043,0.7298747763864043,0.7298747763864043,0.0,62,0.0,0.0,0.0,0.0,0.0,0.0,0.0,62,0.8525191533567069,0.8308011946500453,0.837910660953123,0.8597909362420466,0.8661537462667186,0.849435138293728,0.01323860254180693,77
70,0.1017533302307129,0.010400567946650723,0.05446834564208984,0.00812047205348696,1000,0.01,poly,3,"{'C': 1000, 'degree': 3, 'gamma': 0.01, 'kernel': 'poly'}",0.7436619718309859,0.7577464788732394,0.7211267605633803,0.7633802816901408,0.7492957746478873,0.7470422535211267,0.014626202800841861,58,0.6666666666666666,0.7156862745098039,0.6421568627450981,0.7107843137254902,0.6666666666666666,0.6803921568627451,0.0283128021141052,84,0.8553459119496856,0.8390804597701149,0.8343949044585988,0.8529411764705882,0.8662420382165605,0.8496008981731096,0.01151513832639755,26,0.7493112947658401,0.7724867724867724,0.7257617728531857,0.7754010695187166,0.7534626038781163,0.7552847027005262,0.017950957925072775,59,0.5113693316540303,0.5244149720650233,0.46783487749061015,0.5395927749668257,0.5251953048958622,0.5136814522144704,0.024602553583415857,58,0.8523243734579925,0.8317750941436177,0.8394364368263862,0.8623880015582392,0.867939228671601,0.8507726269315672,0.013575216524469578,75
71,0.12369604110717773,0.020229884482692456,0.04536309242248535,0.0034712769113433538,1000,0.1,poly,3,"{'C': 1000, 'degree': 3, 'gamma': 0.1, 'kernel': 'poly'}",0.856338028169014,0.8619718309859155,0.8788732394366198,0.8901408450704226,0.9098591549295775,0.8794366197183099,0.019385521728546785,15,0.8676470588235294,0.9019607843137255,0.8970588235294118,0.946078431372549,0.9411764705882353,0.9107843137254902,0.02931356154456087,42,0.8805970149253731,0.863849765258216,0.8926829268292683,0.8733031674208145,0.9056603773584906,0.8832186503584325,0.014652966417193535,9,0.874074074074074,0.8824940047961631,0.8948655256723717,0.908235294117647,0.923076923076923,0.8965491643474358,0.017582943122309003,15,0.7069874151831382,0.7164263223273912,0.7520229036749576,0.7757802707474777,0.8152092308487074,0.7532852285563345,0.03960875897759638,15,0.9327035449941566,0.9308531359563694,0.9428645630437604,0.9463056745877159,0.9531878976756265,0.9411829632515257,0.008388018428130627,14
72,2.9237675189971926,0.5835490651821379,0.03208661079406738,0.011108507926721951,1000,1,poly,3,"{'C': 1000, 'degree': 3, 'gamma': 1, 'kernel': 'poly'}",0.9323943661971831,0.9492957746478873,0.9464788732394366,0.9464788732394366,0.9380281690140845,0.9425352112676055,0.00632392797764609,4,0.9803921568627451,0.9852941176470589,0.9803921568627451,0.9950980392156863,0.9901960784313726,0.9862745098039216,0.00571661950475032,30,0.9090909090909091,0.9305555555555556,0.9302325581395349,0.918552036199095,0.9099099099099099,0.9196681937790008,0.009364713599268144,4,0.9433962264150944,0.9571428571428572,0.9546539379474941,0.9552941176470588,0.9483568075117371,0.9517687893328481,0.00512589615262507,4,0.8635577589086456,0.8973908072550657,0.8912982178797605,0.8933177194758096,0.8761123919715368,0.8843353790981636,0.012640686571092314,4,0.9660758343072329,0.9702311388131413,0.9750032463316453,0.977989871445267,0.9503311258278145,0.9679262433450202,0.009692113278157076,5
73,0.09551453590393066,0.009052270250231795,0.03660120964050293,0.00702207329599191,10000,0.001,poly,1,"{'C': 10000, 'degree': 1, 'gamma': 0.001, 'kernel': 'poly'}",0.7971830985915493,0.7661971830985915,0.7887323943661971,0.8112676056338028,0.8056338028169014,0.7938028169014084,0.015774647887323967,42,0.8088235294117647,0.7941176470588235,0.7892156862745098,0.8235294117647058,0.8137254901960784,0.8058823529411765,0.012631469339926598,65,0.8333333333333334,0.7980295566502463,0.8341968911917098,0.8442211055276382,0.8426395939086294,0.8304840961223114,0.016802747906762568,46,0.8208955223880597,0.796068796068796,0.8110831234256927,0.8337468982630273,0.827930174563591,0.8179449029418333,0.01329483306142986,46,0.5875969867660265,0.5221539320323051,0.5730141009086659,0.6158369999085841,0.6052721892564851,0.5807748417744134,0.03278004510902094,42,0.8639787040644072,0.8518374237112064,0.8659589663680042,0.8783274899363719,0.8859239059862357,0.869205298013245,0.01185095143239767,41
74,0.2751484394073486,0.04060293472076003,0.06747021675109863,0.042502030884117685,10000,0.01,poly,1,"{'C': 10000, 'degree': 1, 'gamma': 0.01, 'kernel': 'poly'}",0.7915492957746478,0.7859154929577464,0.7915492957746478,0.8169014084507042,0.819718309859155,0.8011267605633803,0.014207910099063125,28,0.7941176470588235,0.8137254901960784,0.7794117647058824,0.8284313725490197,0.8235294117647058,0.807843137254902,0.0184459683551243,61,0.8350515463917526,0.8137254901960784,0.8457446808510638,0.8492462311557789,0.8571428571428571,0.8401821611475061,0.015013612788520462,31,0.8140703517587939,0.8137254901960784,0.8112244897959183,0.8387096774193549,0.84,0.823546001834029,0.012951611212413033,28,0.5781756603497874,0.5620698610570056,0.5817948406712149,0.6273168431645989,0.6344026497722557,0.5967519710029725,0.028717342626340875,28,0.8682963251525777,0.8594663030775224,0.8715751201142709,0.8842682768471628,0.8914751330995975,0.8750162316582264,0.011448095455598611,34
75,1.3992746353149415,0.5547170872849564,0.03756999969482422,0.007585796195683155,10000,0.1,poly,1,"{'C': 10000, 'degree': 1, 'gamma': 0.1, 'kernel': 'poly'}",0.7887323943661971,0.780281690140845,0.7915492957746478,0.8140845070422535,0.8169014084507042,0.7983098591549295,0.014539141296410107,38,0.7941176470588235,0.8186274509803921,0.7794117647058824,0.8186274509803921,0.8088235294117647,0.803921568627451,0.01518816998512712,70,0.8307692307692308,0.8028846153846154,0.8457446808510638,0.8520408163265306,0.8638743455497382,0.8390627377762356,0.021006349348124693,39,0.8120300751879699,0.8106796116504855,0.8112244897959183,0.8349999999999999,0.8354430379746836,0.8208754429218115,0.011722238183707798,38,0.5719102513426232,0.5491403150861099,0.5817948406712149,0.6229449299579928,0.6313316684590711,0.5914244011034023,0.031137142233644183,38,0.8695948578106738,0.8600506427736657,0.8762823009998701,0.8851447863913777,0.8947863913777432,0.8771717958706662,0.012043069605232342,30
76,9.701030778884888,2.71015993603409,0.033126115798950195,0.01327101784304221,10000,1,poly,1,"{'C': 10000, 'degree': 1, 'gamma': 1, 'kernel': 'poly'}",0.7859154929577464,0.780281690140845,0.7915492957746478,0.8169014084507042,0.8225352112676056,0.7994366197183098,0.017032356572203942,33,0.7892156862745098,0.8137254901960784,0.7843137254901961,0.8235294117647058,0.8186274509803921,0.8058823529411765,0.01598971218656871,65,0.8298969072164949,0.8058252427184466,0.8421052631578947,0.8527918781725888,0.8652849740932642,0.8391808530717377,0.020366765603002265,37,0.8090452261306532,0.8097560975609757,0.8121827411167514,0.8379052369077307,0.8413098236775818,0.8220398250787386,0.01442189867034735,36,0.5667307869571157,0.5498073772894115,0.5805160122107896,0.6282016127103376,0.641648191609642,0.5933807961554592,0.0355432109336504,32,0.8700168809245552,0.8603428126217374,0.8760875211011557,0.88611868588495,0.8944942215296714,0.877412024412414,0.011961670951273554,26
77,0.07284669876098633,0.002104528079112676,0.03850092887878418,0.002235813965340331,10000,0.001,poly,2,"{'C': 10000, 'degree': 2, 'gamma': 0.001, 'kernel': 'poly'}",0.7690140845070422,0.7633802816901408,0.7690140845070422,0.7915492957746478,0.8056338028169014,0.7797183098591549,0.016172056444402633,55,0.7745098039215687,0.7598039215686274,0.7647058823529411,0.7745098039215687,0.7990196078431373,0.7745098039215685,0.013513773286362994,81,0.8144329896907216,0.8157894736842105,0.8210526315789474,0.8494623655913979,0.8534031413612565,0.8308281203813067,0.01701404157136968,43,0.793969849246231,0.7868020304568527,0.7918781725888325,0.8102564102564103,0.8253164556962026,0.8016445836489059,0.014206384495332793,55,0.5323961667791005,0.5233976130049054,0.5348212928460823,0.5831463004655328,0.6084748286953701,0.5564472403581983,0.033341035896002916,55,0.8540124659135176,0.8388845604466953,0.8525191533567069,0.8719646799116998,0.8824503311258279,0.8599662381508895,0.01539376920837125,51
78,0.06724634170532226,0.0016686796858864268,0.03051457405090332,0.0012549728284473257,10000,0.01,poly,2,"{'C': 10000, 'degree': 2, 'gamma': 0.01, 'kernel': 'poly'}",0.8422535211267606,0.8112676056338028,0.828169014084507,0.8535211267605634,0.856338028169014,0.8383098591549295,0.01676943782099966,20,0.8627450980392157,0.8382352941176471,0.8235294117647058,0.8823529411764706,0.8823529411764706,0.8578431372549019,0.023610969762337834,47,0.8627450980392157,0.8341463414634146,0.8704663212435233,0.8653846153846154,0.8695652173913043,0.8604615187044147,0.01345298162010499,22,0.8627450980392157,0.8361858190709046,0.8463476070528967,0.8737864077669903,0.8759124087591241,0.8589954681378262,0.015487175210962675,20,0.6773146344630567,0.6136078002117767,0.6530872067264714,0.6995160674223349,0.7054713873415066,0.6697994192330292,0.03361203071338225,20,0.9055966757563952,0.8995584988962473,0.9137125048694974,0.9226399168939099,0.9259836384885081,0.9134982469809116,0.009962453922794413,20
79,0.4501315116882324,0.010089635319530495,0.022898483276367187,0.0011483973054511605,10000,0.1,poly,2,"{'C': 10000, 'degree': 2, 'gamma': 0.1, 'kernel': 'poly'}",0.8704225352112676,0.8929577464788733,0.9070422535211268,0.9211267605633803,0.9154929577464789,0.9014084507042254,0.018168468165179846,11,0.9215686274509803,0.9509803921568627,0.9509803921568627,0.9803921568627451,0.9754901960784313,0.9558823529411764,0.021027069205418848,37,0.8623853211009175,0.8738738738738738,0.8940092165898618,0.8928571428571429,0.8883928571428571,0.8823036823129305,0.012274167148670318,11,0.8909952606635071,0.9107981220657277,0.9216152019002375,0.9345794392523364,0.9299065420560747,0.9175789131875767,0.01555602556136092,11,0.7341573057380303,0.7819424126664439,0.8100231793450934,0.8416392187386436,0.8298315234077781,0.7995187279791979,0.03843016311277253,11,0.9276717309440332,0.9231593299571484,0.9486105700558369,0.9513050253213868,0.9556226464095572,0.9412738605375927,0.013217362649969559,13
80,43.007659101486205,4.077076788125641,0.015784692764282227,0.002472218593231564,10000,1,poly,2,"{'C': 10000, 'degree': 2, 'gamma': 1, 'kernel': 'poly'}",0.9014084507042254,0.9154929577464789,0.9267605633802817,0.9352112676056338,0.9154929577464789,0.9188732394366197,0.01146309292922579,8,0.9558823529411765,0.9803921568627451,0.9705882352941176,0.9803921568627451,0.9754901960784313,0.972549019607843,0.009091782838721245,36,0.8823529411764706,0.8849557522123894,0.908256880733945,0.91324200913242,0.8883928571428571,0.8954400880796165,0.01274391418388921,7,0.9176470588235294,0.9302325581395348,0.9383886255924171,0.945626477541371,0.9299065420560747,0.9323602524305853,0.009374005071314986,8,0.7992877604931441,0.8307626121924924,0.8511978318458985,0.8690741116425055,0.8298315234077781,0.8360307679163637,0.023401431941475315,8,0.9262108817036748,0.934878587196468,0.9653616413452798,0.9634138423581353,0.9508830022075057,0.9481495909622127,0.015454126251484589,9
81,0.09521546363830566,0.0026424100683938834,0.05096936225891113,0.004329535367893609,10000,0.001,poly,3,"{'C': 10000, 'degree': 3, 'gamma': 0.001, 'kernel': 'poly'}",0.5746478873239437,0.5746478873239437,0.5746478873239437,0.5746478873239437,0.5746478873239437,0.5746478873239437,0.0,62,1.0,1.0,1.0,1.0,1.0,1.0,0.0,1,0.5746478873239437,0.5746478873239437,0.5746478873239437,0.5746478873239437,0.5746478873239437,0.5746478873239437,0.0,62,0.7298747763864043,0.7298747763864043,0.7298747763864043,0.7298747763864043,0.7298747763864043,0.7298747763864043,0.0,62,0.0,0.0,0.0,0.0,0.0,0.0,0.0,62,0.8524866900402543,0.8298272951564732,0.8363524217634074,0.8605700558369044,0.8653746266718607,0.8489222178937801,0.013723521371253015,83
82,0.07536153793334961,0.009026099515033829,0.03914861679077149,0.00406861757037328,10000,0.01,poly,3,"{'C': 10000, 'degree': 3, 'gamma': 0.01, 'kernel': 'poly'}",0.7887323943661971,0.7746478873239436,0.7830985915492957,0.8140845070422535,0.819718309859155,0.7960563380281691,0.01769049968237477,41,0.7794117647058824,0.7696078431372549,0.7598039215686274,0.7892156862745098,0.7892156862745098,0.7774509803921568,0.011433239009500582,80,0.8412698412698413,0.8263157894736842,0.8469945355191257,0.875,0.8846153846153846,0.8548391101756071,0.021690229284482405,25,0.8091603053435115,0.7969543147208121,0.8010335917312662,0.8298969072164949,0.8341968911917099,0.814248402040759,0.015115709241626772,54,0.575436705141609,0.546244972687259,0.5682090569063343,0.6301825063284172,0.6430631075880346,0.5926272697303309,0.037409227855532086,34,0.8633619010518114,0.8529087131541359,0.8629723412543826,0.8861511492014024,0.8927736657576937,0.8716335540838852,0.015177097278350848,39
83,0.19978370666503906,0.023541569773511135,0.02820448875427246,0.004750927621141336,10000,0.1,poly,3,"{'C': 10000, 'degree': 3, 'gamma': 0.1, 'kernel': 'poly'}",0.8873239436619719,0.9098591549295775,0.9211267605633803,0.9014084507042254,0.9183098591549296,0.9076056338028169,0.012265656933564626,10,0.9362745098039216,0.9901960784313726,0.9803921568627451,0.9852941176470589,0.9803921568627451,0.9745098039215685,0.019460228667920798,34,0.8761467889908257,0.8706896551724138,0.8928571428571429,0.8626609442060086,0.8888888888888888,0.8782486840230559,0.011235261826850548,14,0.9052132701421801,0.9266055045871561,0.9345794392523364,0.9199084668192221,0.9324009324009324,0.9237415226403656,0.010570115080220203,10,0.7692694635703907,0.8223737161520246,0.8416392187386436,0.8050725471703204,0.8361943502504902,0.8149098591763739,0.026088372131742116,10,0.9458511881573822,0.942897026360213,0.9604272172445137,0.9656862745098039,0.96886767952214,0.9567458771588105,0.010496723098524934,8
84,1.857549524307251,0.28840775015340925,0.017593860626220703,0.0008336498502242472,10000,1,poly,3,"{'C': 10000, 'degree': 3, 'gamma': 1, 'kernel': 'poly'}",0.923943661971831,0.9549295774647887,0.9436619718309859,0.9408450704225352,0.9436619718309859,0.9414084507042253,0.009983124026292579,5,0.9803921568627451,0.9852941176470589,0.9803921568627451,0.9852941176470589,0.9901960784313726,0.9843137254901961,0.003668291555660761,31,0.8968609865470852,0.9392523364485982,0.9259259259259259,0.9178082191780822,0.9181818181818182,0.919605857256302,0.013773278085967754,5,0.936768149882904,0.9617224880382776,0.9523809523809523,0.9503546099290779,0.9528301886792454,0.9508112777820914,0.008037566491576553,5,0.8470976049356997,0.9085400780505829,0.8857175913019841,0.8807942647208025,0.8870311895681073,0.8818361457154353,0.019814165812090067,5,0.9696143358005453,0.9712375016231658,0.9747435398000259,0.9765939488378133,0.9516945851188158,0.9687767822360731,0.008891213457504646,4
