,mean_fit_time,std_fit_time,mean_score_time,std_score_time,param_C,param_degree,param_gamma,param_kernel,params,split0_test_acc,split1_test_acc,split2_test_acc,split3_test_acc,split4_test_acc,mean_test_acc,std_test_acc,rank_test_acc,split0_train_acc,split1_train_acc,split2_train_acc,split3_train_acc,split4_train_acc,mean_train_acc,std_train_acc,split0_test_rec,split1_test_rec,split2_test_rec,split3_test_rec,split4_test_rec,mean_test_rec,std_test_rec,rank_test_rec,split0_train_rec,split1_train_rec,split2_train_rec,split3_train_rec,split4_train_rec,mean_train_rec,std_train_rec,split0_test_pre,split1_test_pre,split2_test_pre,split3_test_pre,split4_test_pre,mean_test_pre,std_test_pre,rank_test_pre,split0_train_pre,split1_train_pre,split2_train_pre,split3_train_pre,split4_train_pre,mean_train_pre,std_train_pre,split0_test_f1,split1_test_f1,split2_test_f1,split3_test_f1,split4_test_f1,mean_test_f1,std_test_f1,rank_test_f1,split0_train_f1,split1_train_f1,split2_train_f1,split3_train_f1,split4_train_f1,mean_train_f1,std_train_f1,split0_test_mcc,split1_test_mcc,split2_test_mcc,split3_test_mcc,split4_test_mcc,mean_test_mcc,std_test_mcc,rank_test_mcc,split0_train_mcc,split1_train_mcc,split2_train_mcc,split3_train_mcc,split4_train_mcc,mean_train_mcc,std_train_mcc,split0_test_roc,split1_test_roc,split2_test_roc,split3_test_roc,split4_test_roc,mean_test_roc,std_test_roc,rank_test_roc,split0_train_roc,split1_train_roc,split2_train_roc,split3_train_roc,split4_train_roc,mean_train_roc,std_train_roc,split0_test_cost,split1_test_cost,split2_test_cost,split3_test_cost,split4_test_cost,mean_test_cost,std_test_cost,rank_test_cost,split0_train_cost,split1_train_cost,split2_train_cost,split3_train_cost,split4_train_cost,mean_train_cost,std_train_cost
0,0.10514330863952637,0.019520363718519,0.058789730072021484,0.009457457357982358,1,1,0.001,poly,"{'C': 1, 'degree': 1, 'gamma': 0.001, 'kernel': 'poly'}",0.5746478873239437,0.5746478873239437,0.5746478873239437,0.5746478873239437,0.5746478873239437,0.5746478873239437,0.0,37,0.5740479548660085,0.5740479548660085,0.5740479548660085,0.5740479548660085,0.5740479548660085,0.5740479548660085,0.0,1.0,1.0,1.0,1.0,1.0,1.0,0.0,1,1.0,1.0,1.0,1.0,1.0,1.0,0.0,0.5746478873239437,0.5746478873239437,0.5746478873239437,0.5746478873239437,0.5746478873239437,0.5746478873239437,0.0,37,0.5740479548660085,0.5740479548660085,0.5740479548660085,0.5740479548660085,0.5740479548660085,0.5740479548660085,0.0,0.7298747763864043,0.7298747763864043,0.7298747763864043,0.7298747763864043,0.7298747763864043,0.7298747763864043,0.0,37,0.7293906810035842,0.7293906810035842,0.7293906810035842,0.7293906810035842,0.7293906810035842,0.7293906810035842,0.0,0.0,0.0,0.0,0.0,0.0,0.0,0.0,37,0.0,0.0,0.0,0.0,0.0,0.0,0.0,0.8460264900662252,0.8348266458901442,0.8408972860667445,0.8622581482924295,0.8728736527723674,0.8513764446175822,0.01409164326025348,38,0.8505133670696585,0.8517561058951788,0.8499703044405031,0.8448264640317621,0.8426257383211025,0.847938395951641,0.0035564726612755384,-1510.0,-1510.0,-1510.0,-1510.0,-1510.0,-1510.0,0.0,37,-6040.0,-6040.0,-6040.0,-6040.0,-6040.0,-6040.0,0.0
1,0.16050224304199218,0.035048612726285906,0.08308634757995606,0.01957402179632857,1,1,0.01,poly,"{'C': 1, 'degree': 1, 'gamma': 0.01, 'kernel': 'poly'}",0.5746478873239437,0.5746478873239437,0.5746478873239437,0.5746478873239437,0.5746478873239437,0.5746478873239437,0.0,37,0.5740479548660085,0.5740479548660085,0.5740479548660085,0.5740479548660085,0.5740479548660085,0.5740479548660085,0.0,1.0,1.0,1.0,1.0,1.0,1.0,0.0,1,1.0,1.0,1.0,1.0,1.0,1.0,0.0,0.5746478873239437,0.5746478873239437,0.5746478873239437,0.5746478873239437,0.5746478873239437,0.5746478873239437,0.0,37,0.5740479548660085,0.5740479548660085,0.5740479548660085,0.5740479548660085,0.5740479548660085,0.5740479548660085,0.0,0.7298747763864043,0.7298747763864043,0.7298747763864043,0.7298747763864043,0.7298747763864043,0.7298747763864043,0.0,37,0.7293906810035842,0.7293906810035842,0.7293906810035842,0.7293906810035842,0.7293906810035842,0.7293906810035842,0.0,0.0,0.0,0.0,0.0,0.0,0.0,0.0,37,0.0,0.0,0.0,0.0,0.0,0.0,0.0,0.8457992468510583,0.834566939358525,0.8411894559148163,0.862290611608882,0.8728087261394625,0.8513309959745488,0.014113048892870817,39,0.8503018370568038,0.8517113591616903,0.8500862391590868,0.8448508713409375,0.8428596417007014,0.847961989683844,0.003457111665187294,-1510.0,-1510.0,-1510.0,-1510.0,-1510.0,-1510.0,0.0,37,-6040.0,-6040.0,-6040.0,-6040.0,-6040.0,-6040.0,0.0
2,0.1690586566925049,0.0826450885036699,0.11026277542114257,0.03823933013898956,1,1,0.1,poly,"{'C': 1, 'degree': 1, 'gamma': 0.1, 'kernel': 'poly'}",0.7887323943661971,0.7633802816901408,0.7746478873239436,0.8169014084507042,0.8028169014084507,0.7892957746478875,0.0191383523960147,30,0.7856135401974612,0.7954866008462623,0.7905500705218618,0.7813822284908322,0.7813822284908322,0.78688293370945,0.00546987854151348,0.8186274509803921,0.803921568627451,0.803921568627451,0.8382352941176471,0.8578431372549019,0.8245098039215687,0.02088948603202205,28,0.8304668304668305,0.8255528255528255,0.828009828009828,0.8157248157248157,0.816953316953317,0.8233415233415233,0.005937614729039102,0.8146341463414634,0.7884615384615384,0.803921568627451,0.8423645320197044,0.8101851851851852,0.8119133941270684,0.01761544666869652,35,0.8028503562945368,0.8195121951219512,0.8110709987966306,0.8058252427184466,0.8050847457627118,0.8088687077388554,0.005965492624284423,0.8166259168704156,0.7961165048543688,0.8039215686274509,0.8402948402948404,0.8333333333333334,0.8180584327960817,0.01679959307288547,23,0.8164251207729468,0.8225214198286412,0.819452887537994,0.8107448107448108,0.8109756097560976,0.8160239697280982,0.00463660900431711,0.5674694323907166,0.514438218393135,0.5390209063757954,0.6257867940551163,0.5938871924749456,0.5681205087379417,0.03928949352637075,30,0.5594366846036971,0.5812863508427065,0.5703186734434412,0.5520606839061027,0.5518942546336391,0.5629993294859174,0.011345986420091608,0.8520646669263732,0.8382352941176471,0.8510258407998962,0.8688482015322684,0.8818335281132321,0.8584015062978836,0.015227771840502034,34,0.8585657451551489,0.8611508859853232,0.8587630375709846,0.8538042859234913,0.8513920301999772,0.8567351969669851,0.003580531366599703,-417.0,-480.0,-440.0,-353.0,-439.0,-425.8,41.69124608356052,35,-1798.0,-1622.0,-1710.0,-1750.0,-1759.0,-1727.8,59.8411229841152
3,0.19509849548339844,0.04093212415397374,0.09564151763916015,0.026630230082251967,1,1,1,poly,"{'C': 1, 'degree': 1, 'gamma': 1, 'kernel': 'poly'}",0.7943661971830986,0.7633802816901408,0.7859154929577464,0.8112676056338028,0.8,0.7909859154929577,0.016073625484717892,27,0.7863187588152327,0.7856135401974612,0.7919605077574048,0.7820874471086037,0.7813822284908322,0.7854724964739069,0.003768798086286986,0.8137254901960784,0.7843137254901961,0.7892156862745098,0.8088235294117647,0.803921568627451,0.8,0.01134885970861788,40,0.8058968058968059,0.800982800982801,0.7960687960687961,0.7911547911547911,0.785012285012285,0.7958230958230958,0.007305193487625791,0.8258706467661692,0.8,0.8298969072164949,0.8549222797927462,0.841025641025641,0.8303430949602102,0.018216247723323104,32,0.818976279650437,0.8211586901763224,0.833976833976834,0.822477650063857,0.8255813953488372,0.8244341698432575,0.005229223024111271,0.8197530864197531,0.792079207920792,0.8090452261306532,0.8312342569269522,0.8220551378446116,0.8148333830485525,0.013391050248738504,28,0.8123839009287926,0.8109452736318409,0.8145820238843494,0.8065122103944896,0.8047858942065491,0.8098418606092043,0.0036550787673345388,0.5805256930316035,0.5177684440669447,0.5667307869571157,0.6187701613759833,0.5948124667094175,0.575721510428213,0.03370496147408525,27,0.5643626281192933,0.5637092073994784,0.5787374517717848,0.5578829439300949,0.5576591557249971,0.5644702773891297,0.0076671692453430355,0.8586222568497598,0.8460589533826774,0.8599207895078561,0.8753733281392027,0.8840734969484481,0.8648097649655888,0.013390000071381407,27,0.8654404705729208,0.8680398490001138,0.8646268936004036,0.8613074995525326,0.8591962673088501,0.8637221960069642,0.003121789939643569,-388.0,-444.0,-373.0,-319.0,-350.0,-374.8,41.700839320090424,29,-1608.0,-1582.0,-1456.0,-1560.0,-1525.0,-1546.2,52.68168562223498
4,0.15008821487426757,0.04313846811176977,0.07105789184570313,0.012489048636342672,1,2,0.001,poly,"{'C': 1, 'degree': 2, 'gamma': 0.001, 'kernel': 'poly'}",0.5746478873239437,0.5746478873239437,0.5746478873239437,0.5746478873239437,0.5746478873239437,0.5746478873239437,0.0,37,0.5740479548660085,0.5740479548660085,0.5740479548660085,0.5740479548660085,0.5740479548660085,0.5740479548660085,0.0,1.0,1.0,1.0,1.0,1.0,1.0,0.0,1,1.0,1.0,1.0,1.0,1.0,1.0,0.0,0.5746478873239437,0.5746478873239437,0.5746478873239437,0.5746478873239437,0.5746478873239437,0.5746478873239437,0.0,37,0.5740479548660085,0.5740479548660085,0.5740479548660085,0.5740479548660085,0.5740479548660085,0.5740479548660085,0.0,0.7298747763864043,0.7298747763864043,0.7298747763864043,0.7298747763864043,0.7298747763864043,0.7298747763864043,0.0,37,0.7293906810035842,0.7293906810035842,0.7293906810035842,0.7293906810035842,0.7293906810035842,0.7293906810035842,0.0,0.0,0.0,0.0,0.0,0.0,0.0,0.0,37,0.0,0.0,0.0,0.0,0.0,0.0,0.0,0.8523893000908973,0.833625503181405,0.8434294247500325,0.8657966497857422,0.8709583171016752,0.8532398389819505,0.013808025037237982,35,0.8456949574499244,0.8481865369282588,0.8452373204028832,0.8391924434970792,0.8375978326309452,0.8431818181818181,0.004066550702998046,-1510.0,-1510.0,-1510.0,-1510.0,-1510.0,-1510.0,0.0,37,-6040.0,-6040.0,-6040.0,-6040.0,-6040.0,-6040.0,0.0
5,0.15961570739746095,0.03628166759384661,0.08652877807617188,0.028504834699333067,1,2,0.01,poly,"{'C': 1, 'degree': 2, 'gamma': 0.01, 'kernel': 'poly'}",0.5746478873239437,0.5746478873239437,0.5746478873239437,0.5746478873239437,0.5746478873239437,0.5746478873239437,0.0,37,0.5740479548660085,0.5740479548660085,0.5740479548660085,0.5740479548660085,0.5740479548660085,0.5740479548660085,0.0,1.0,1.0,1.0,1.0,1.0,1.0,0.0,1,1.0,1.0,1.0,1.0,1.0,1.0,0.0,0.5746478873239437,0.5746478873239437,0.5746478873239437,0.5746478873239437,0.5746478873239437,0.5746478873239437,0.0,37,0.5740479548660085,0.5740479548660085,0.5740479548660085,0.5740479548660085,0.5740479548660085,0.5740479548660085,0.0,0.7298747763864043,0.7298747763864043,0.7298747763864043,0.7298747763864043,0.7298747763864043,0.7298747763864043,0.0,37,0.7293906810035842,0.7293906810035842,0.7293906810035842,0.7293906810035842,0.7293906810035842,0.7293906810035842,0.0,0.0,0.0,0.0,0.0,0.0,0.0,0.0,37,0.0,0.0,0.0,0.0,0.0,0.0,0.0,0.8514478639137775,0.8311907544474743,0.8410271393325542,0.8642384105960267,0.869367614595507,0.851454356577068,0.01416797319929892,36,0.842989814016304,0.8449769757716776,0.8429979497860293,0.8375002033942431,0.8365930650698863,0.841011601607628,0.0033297590972594707,-1510.0,-1510.0,-1510.0,-1510.0,-1510.0,-1510.0,0.0,37,-6040.0,-6040.0,-6040.0,-6040.0,-6040.0,-6040.0,0.0
6,0.09996771812438965,0.005744327887434439,0.055140447616577146,0.004360000249863777,1,2,0.1,poly,"{'C': 1, 'degree': 2, 'gamma': 0.1, 'kernel': 'poly'}",0.7690140845070422,0.7633802816901408,0.7690140845070422,0.7915492957746478,0.8056338028169014,0.7797183098591549,0.016172056444402633,32,0.7771509167842031,0.7764456981664316,0.7743300423131171,0.7764456981664316,0.768688293370945,0.7746121297602256,0.0031093663871718715,0.7745098039215687,0.7598039215686274,0.7647058823529411,0.7745098039215687,0.7990196078431373,0.7745098039215685,0.013513773286362994,44,0.7813267813267813,0.7727272727272727,0.7592137592137592,0.773955773955774,0.7641277641277642,0.7702702702702704,0.007769723980757686,0.8144329896907216,0.8157894736842105,0.8210526315789474,0.8494623655913979,0.8534031413612565,0.8308281203813067,0.01701404157136968,26,0.8217054263565892,0.8265440210249672,0.8328840970350404,0.8256880733944955,0.820580474934037,0.8254804185490258,0.00434163193670257,0.793969849246231,0.7868020304568527,0.7918781725888325,0.8102564102564103,0.8253164556962026,0.8016445836489059,0.014206384495332793,32,0.8010075566750631,0.7987301587301587,0.7943444730077119,0.798985415345593,0.7913486005089059,0.7968832408534865,0.003519028563485661,0.5323961667791005,0.5233976130049054,0.5348212928460823,0.5831463004655328,0.6084748286953701,0.5564472403581983,0.033341035896002916,32,0.5490659858002178,0.5495532985862815,0.5484020656993971,0.5492461977800683,0.5342965983927607,0.5461128292517451,0.005920133045836617,0.8540124659135176,0.8388520971302429,0.8524866900402546,0.8719646799116998,0.8824178678093754,0.8599467601610181,0.01539632668452099,31,0.8571399515108125,0.8589704996989764,0.8561331500073222,0.8517154270465529,0.8506537090974176,0.8549225474722164,0.0032024040623688126,-406.0,-399.0,-388.0,-326.0,-321.0,-368.0,36.81847362398393,26,-1558.0,-1505.0,-1436.0,-1514.0,-1552.0,-1513.0,43.68065933568311
7,0.0811044692993164,0.0017805332566438235,0.03547649383544922,0.005791598359599391,1,2,1,poly,"{'C': 1, 'degree': 2, 'gamma': 1, 'kernel': 'poly'}",0.8422535211267606,0.8112676056338028,0.828169014084507,0.8535211267605634,0.856338028169014,0.8383098591549295,0.01676943782099966,12,0.8624823695345557,0.8547249647390691,0.8561354019746121,0.8540197461212976,0.8554301833568406,0.856558533145275,0.003044715535250052,0.8627450980392157,0.8382352941176471,0.8235294117647058,0.8823529411764706,0.8823529411764706,0.8578431372549019,0.023610969762337834,24,0.8857493857493858,0.8624078624078624,0.8525798525798526,0.8673218673218673,0.8587223587223587,0.8653562653562652,0.011275473125880864,0.8627450980392157,0.8341463414634146,0.8704663212435233,0.8653846153846154,0.8695652173913043,0.8604615187044147,0.01345298162010499,13,0.8760631834750912,0.8819095477386935,0.8920308483290489,0.8770186335403727,0.8859315589353612,0.8825907544037135,0.0059058971190188115,0.8627450980392157,0.8361858190709046,0.8463476070528967,0.8737864077669903,0.8759124087591241,0.8589954681378262,0.015487175210962675,12,0.8808796579108125,0.8720496894409937,0.8718592964824122,0.872143298332304,0.8721147847785402,0.8738093453890127,0.0035365420231402195,0.6773146344630567,0.6136078002117767,0.6530872067264714,0.6995160674223349,0.7054713873415066,0.6697994192330292,0.03361203071338225,12,0.7183164891750298,0.7043076614942363,0.7090047217397913,0.7021240702377152,0.706400962279873,0.7080307809853291,0.005624082381517281,0.9055966757563952,0.8994935722633424,0.9137125048694974,0.9226074535774574,0.9260161018049604,0.9134852616543305,0.009982836664243619,13,0.9239590282636642,0.9264689132238801,0.9234281692890964,0.9217074539922222,0.922030850838798,0.9235188831215322,0.0016970651086666367,-308.0,-373.0,-286.0,-304.0,-294.0,-313.0,30.97095413447897,15,-1113.0,-1052.0,-960.0,-1098.0,-1015.0,-1047.6,55.80895985413095
8,0.10313119888305664,0.003563859559011202,0.05646252632141113,0.0015318518055511322,1,3,0.001,poly,"{'C': 1, 'degree': 3, 'gamma': 0.001, 'kernel': 'poly'}",0.5746478873239437,0.5746478873239437,0.5746478873239437,0.5746478873239437,0.5746478873239437,0.5746478873239437,0.0,37,0.5740479548660085,0.5740479548660085,0.5740479548660085,0.5740479548660085,0.5740479548660085,0.5740479548660085,0.0,1.0,1.0,1.0,1.0,1.0,1.0,0.0,1,1.0,1.0,1.0,1.0,1.0,1.0,0.0,0.5746478873239437,0.5746478873239437,0.5746478873239437,0.5746478873239437,0.5746478873239437,0.5746478873239437,0.0,37,0.5740479548660085,0.5740479548660085,0.5740479548660085,0.5740479548660085,0.5740479548660085,0.5740479548660085,0.0,0.7298747763864043,0.7298747763864043,0.7298747763864043,0.7298747763864043,0.7298747763864043,0.7298747763864043,0.0,37,0.7293906810035842,0.7293906810035842,0.7293906810035842,0.7293906810035842,0.7293906810035842,0.7293906810035842,0.0,0.0,0.0,0.0,0.0,0.0,0.0,0.0,37,0.0,0.0,0.0,0.0,0.0,0.0,0.0,0.8517724970783015,0.830606414751331,0.8383651473834567,0.8597260096091417,0.8660888196338138,0.849311777691209,0.013158265998934536,45,0.8374615584880486,0.8386636184649431,0.8358811852189336,0.8310180288657109,0.8301332639080983,0.834631530989147,0.00343861091371381,-1510.0,-1510.0,-1510.0,-1510.0,-1510.0,-1510.0,0.0,37,-6040.0,-6040.0,-6040.0,-6040.0,-6040.0,-6040.0,0.0
9,0.10399332046508789,0.0026535583100569487,0.05595064163208008,0.0004054165311591105,1,3,0.01,poly,"{'C': 1, 'degree': 3, 'gamma': 0.01, 'kernel': 'poly'}",0.5746478873239437,0.5746478873239437,0.5746478873239437,0.5746478873239437,0.5746478873239437,0.5746478873239437,0.0,37,0.5740479548660085,0.5740479548660085,0.5740479548660085,0.5740479548660085,0.5740479548660085,0.5740479548660085,0.0,1.0,1.0,1.0,1.0,1.0,1.0,0.0,1,1.0,1.0,1.0,1.0,1.0,1.0,0.0,0.5746478873239437,0.5746478873239437,0.5746478873239437,0.5746478873239437,0.5746478873239437,0.5746478873239437,0.0,37,0.5740479548660085,0.5740479548660085,0.5740479548660085,0.5740479548660085,0.5740479548660085,0.5740479548660085,0.0,0.7298747763864043,0.7298747763864043,0.7298747763864043,0.7298747763864043,0.7298747763864043,0.7298747763864043,0.0,37,0.7293906810035842,0.7293906810035842,0.7293906810035842,0.7293906810035842,0.7293906810035842,0.7293906810035842,0.0,0.0,0.0,0.0,0.0,0.0,0.0,0.0,37,0.0,0.0,0.0,0.0,0.0,0.0,0.0,0.8525191533567069,0.8308011946500453,0.837910660953123,0.8597909362420466,0.8661537462667186,0.849435138293728,0.01323860254180693,43,0.8376222399401207,0.8388893860748166,0.8356696552060789,0.8310220967505736,0.8301413996778234,0.8346689555298827,0.0035023895723932624,-1510.0,-1510.0,-1510.0,-1510.0,-1510.0,-1510.0,0.0,37,-6040.0,-6040.0,-6040.0,-6040.0,-6040.0,-6040.0,0.0
10,0.10707178115844726,0.007508308876515859,0.06031351089477539,0.004825552245680874,1,3,0.1,poly,"{'C': 1, 'degree': 3, 'gamma': 0.1, 'kernel': 'poly'}",0.7436619718309859,0.7577464788732394,0.7211267605633803,0.7633802816901408,0.7492957746478873,0.7470422535211267,0.014626202800841861,35,0.7383638928067701,0.7306064880112835,0.7418899858956276,0.731311706629055,0.732722143864598,0.7349788434414668,0.004401829769908945,0.6666666666666666,0.7156862745098039,0.6421568627450981,0.7107843137254902,0.6666666666666666,0.6803921568627451,0.0283128021141052,47,0.6744471744471745,0.6609336609336609,0.6769041769041769,0.6547911547911548,0.6621621621621622,0.665847665847666,0.008440080608018529,0.8553459119496856,0.8390804597701149,0.8343949044585988,0.8529411764705882,0.8662420382165605,0.8496008981731096,0.01151513832639755,17,0.8381679389312977,0.8354037267080745,0.8425076452599388,0.8420221169036335,0.838258164852255,0.83927191853104,0.0026549159689105233,0.7493112947658401,0.7724867724867724,0.7257617728531857,0.7754010695187166,0.7534626038781163,0.7552847027005262,0.017950957925072775,35,0.7474472430224643,0.737997256515775,0.7506811989100818,0.736696613683483,0.7398764584763212,0.7425397541216251,0.00551790338677017,0.5113693316540303,0.5244149720650233,0.46783487749061015,0.5395927749668257,0.5251953048958622,0.5136814522144704,0.024602553583415857,35,0.4948860392341974,0.482114405173305,0.5023042340575055,0.48663742706693064,0.48668705004969787,0.4905258311163273,0.007188187576847449,0.8523243734579925,0.8317750941436177,0.8394364368263862,0.8623555382417868,0.867939228671601,0.8507661342682769,0.013569666277106837,42,0.8384175114307564,0.840022292009047,0.838122589778219,0.8335462193078087,0.8328994256146575,0.8366016076280977,0.00284089860445483,-298.0,-338.0,-333.0,-309.0,-278.0,-311.2,22.247696509976038,13,-1325.0,-1336.0,-1293.0,-1281.0,-1315.0,-1310.0,20.27806696901852
11,0.18097968101501466,0.05220123264461795,0.06632533073425292,0.0269988945895753,1,3,1,poly,"{'C': 1, 'degree': 3, 'gamma': 1, 'kernel': 'poly'}",0.856338028169014,0.8619718309859155,0.8788732394366198,0.8901408450704226,0.9098591549295775,0.8794366197183099,0.019385521728546785,10,0.9019746121297603,0.8991537376586742,0.8991537376586742,0.8949224259520452,0.8935119887165022,0.8977433004231312,0.0030901131594085487,0.8676470588235294,0.9019607843137255,0.8970588235294118,0.946078431372549,0.9411764705882353,0.9107843137254902,0.02931356154456087,22,0.9299754299754299,0.9127764127764127,0.9213759213759214,0.9262899262899262,0.9201474201474201,0.922113022113022,0.00584539422770039,0.8805970149253731,0.863849765258216,0.8926829268292683,0.8733031674208145,0.9056603773584906,0.8832186503584325,0.014652966417193535,5,0.902264600715137,0.9116564417177914,0.9047044632086851,0.8944246737841044,0.8970059880239521,0.902011233489934,0.006049067587196363,0.874074074074074,0.8824940047961631,0.8948655256723717,0.908235294117647,0.923076923076923,0.8965491643474358,0.017582943122309003,10,0.9159104658197216,0.9122160834868017,0.9129640900791235,0.9100784550392275,0.908429351121892,0.9119196891093534,0.002556463335640275,0.7069874151831382,0.7164263223273912,0.7520229036749576,0.7757802707474777,0.8152092308487074,0.7532852285563345,0.03960875897759638,10,0.799001989343179,0.7937414548177698,0.7933087643984861,0.7844881239789695,0.7816289041983137,0.7904338473473436,0.006410883288924337,0.9327035449941566,0.9308855992728218,0.9428645630437604,0.9462732112712635,0.9531878976756265,0.9411829632515257,0.008376074166146835,9,0.9579645117724588,0.957897391672226,0.9588899555786973,0.9545861333940805,0.954972582456026,0.9568621149746978,0.0017406687996178304,-267.0,-310.0,-241.0,-291.0,-212.0,-264.2,34.89068643635433,5,-877.0,-791.0,-854.0,-950.0,-925.0,-879.4,55.730063699945646
12,0.09758758544921875,0.011943585792929293,0.0552274227142334,0.0063391577221596235,100,1,0.001,poly,"{'C': 100, 'degree': 1, 'gamma': 0.001, 'kernel': 'poly'}",0.7887323943661971,0.7633802816901408,0.7746478873239436,0.8169014084507042,0.8028169014084507,0.7892957746478875,0.0191383523960147,30,0.7856135401974612,0.7954866008462623,0.7905500705218618,0.7813822284908322,0.7813822284908322,0.78688293370945,0.00546987854151348,0.8186274509803921,0.803921568627451,0.803921568627451,0.8382352941176471,0.8578431372549019,0.8245098039215687,0.02088948603202205,28,0.8304668304668305,0.8255528255528255,0.828009828009828,0.8157248157248157,0.816953316953317,0.8233415233415233,0.005937614729039102,0.8146341463414634,0.7884615384615384,0.803921568627451,0.8423645320197044,0.8101851851851852,0.8119133941270684,0.01761544666869652,35,0.8028503562945368,0.8195121951219512,0.8110709987966306,0.8058252427184466,0.8050847457627118,0.8088687077388554,0.005965492624284423,0.8166259168704156,0.7961165048543688,0.8039215686274509,0.8402948402948404,0.8333333333333334,0.8180584327960817,0.01679959307288547,23,0.8164251207729468,0.8225214198286412,0.819452887537994,0.8107448107448108,0.8109756097560976,0.8160239697280982,0.00463660900431711,0.5674694323907166,0.514438218393135,0.5390209063757954,0.6257867940551163,0.5938871924749456,0.5681205087379417,0.03928949352637075,30,0.5594366846036971,0.5812863508427065,0.5703186734434412,0.5520606839061027,0.5518942546336391,0.5629993294859174,0.011345986420091608,0.8520646669263732,0.8382028308011947,0.8510907674328009,0.8688482015322684,0.8818335281132321,0.8584079989611739,0.015230113622005576,33,0.8585657451551489,0.8611346144458727,0.8587711733407097,0.8538286932326667,0.8513859283726832,0.8567372309094162,0.0035752873558380803,-417.0,-480.0,-440.0,-353.0,-439.0,-425.8,41.69124608356052,35,-1798.0,-1622.0,-1710.0,-1750.0,-1759.0,-1727.8,59.8411229841152
13,0.11981229782104492,0.01735762501581594,0.061917781829833984,0.004709026650618233,100,1,0.01,poly,"{'C': 100, 'degree': 1, 'gamma': 0.01, 'kernel': 'poly'}",0.7943661971830986,0.7633802816901408,0.7859154929577464,0.8112676056338028,0.8,0.7909859154929577,0.016073625484717892,27,0.7863187588152327,0.7856135401974612,0.7919605077574048,0.7820874471086037,0.7813822284908322,0.7854724964739069,0.003768798086286986,0.8137254901960784,0.7843137254901961,0.7892156862745098,0.8088235294117647,0.803921568627451,0.8,0.01134885970861788,40,0.8058968058968059,0.800982800982801,0.7960687960687961,0.7911547911547911,0.785012285012285,0.7958230958230958,0.007305193487625791,0.8258706467661692,0.8,0.8298969072164949,0.8549222797927462,0.841025641025641,0.8303430949602102,0.018216247723323104,32,0.818976279650437,0.8211586901763224,0.833976833976834,0.822477650063857,0.8255813953488372,0.8244341698432575,0.005229223024111271,0.8197530864197531,0.792079207920792,0.8090452261306532,0.8312342569269522,0.8220551378446116,0.8148333830485525,0.013391050248738504,28,0.8123839009287926,0.8109452736318409,0.8145820238843494,0.8065122103944896,0.8047858942065491,0.8098418606092043,0.0036550787673345388,0.5805256930316035,0.5177684440669447,0.5667307869571157,0.6187701613759833,0.5948124667094175,0.575721510428213,0.03370496147408525,27,0.5643626281192933,0.5637092073994784,0.5787374517717848,0.5578829439300949,0.5576591557249971,0.5644702773891297,0.0076671692453430355,0.8585573302168551,0.8460264900662252,0.8599532528243086,0.8753408648227502,0.8841059602649006,0.864796779639008,0.01340698654096284,29,0.8654486063426461,0.8680357811152514,0.8646390972549913,0.8612993637828076,0.8591962673088501,0.8637238231609092,0.0031235348680907745,-388.0,-444.0,-373.0,-319.0,-350.0,-374.8,41.700839320090424,29,-1608.0,-1582.0,-1456.0,-1560.0,-1525.0,-1546.2,52.68168562223498
14,0.11680445671081544,0.007282166424564677,0.03909773826599121,0.006915025092572564,100,1,0.1,poly,"{'C': 100, 'degree': 1, 'gamma': 0.1, 'kernel': 'poly'}",0.7971830985915493,0.7661971830985915,0.7887323943661971,0.8112676056338028,0.8056338028169014,0.7938028169014084,0.015774647887323967,24,0.7912552891396333,0.7891396332863188,0.7891396332863188,0.7877291960507757,0.7905500705218618,0.7895627644569816,0.0012295906751877762,0.8088235294117647,0.7941176470588235,0.7892156862745098,0.8235294117647058,0.8137254901960784,0.8058823529411765,0.012631469339926598,33,0.8058968058968059,0.7936117936117936,0.7960687960687961,0.7960687960687961,0.7899262899262899,0.7963144963144964,0.005292545264997071,0.8333333333333334,0.7980295566502463,0.8341968911917098,0.8442211055276382,0.8426395939086294,0.8304840961223114,0.016802747906762568,29,0.8261964735516373,0.8314028314028314,0.8297055057618438,0.8275862068965517,0.8361508452535761,0.830208372573288,0.0034630528461943077,0.8208955223880597,0.796068796068796,0.8110831234256927,0.8337468982630273,0.827930174563591,0.8179449029418333,0.01329483306142986,25,0.8159203980099502,0.8120678818353236,0.812539184952978,0.8115216030056356,0.8123815540113708,0.8128861243630517,0.0015564841231023134,0.5875969867660265,0.5221539320323051,0.5730141009086659,0.6158369999085841,0.6052721892564851,0.5807748417744134,0.03278004510902094,24,0.5752014028720176,0.5730063775809208,0.572479558672378,0.5693549087561526,0.5769765875974492,0.5734037670957837,0.0025846421110836534,0.8639462407479548,0.8518049603947538,0.8660238930009089,0.8782625633034671,0.8858265160368785,0.8691728346967927,0.011822389303365386,26,0.8690974990643866,0.8739484517630214,0.8693293685015538,0.8639211155767448,0.8634024602567649,0.8679397790324943,0.003901598138981222,-369.0,-452.0,-363.0,-346.0,-348.0,-375.6,39.184690888151714,32,-1538.0,-1478.0,-1496.0,-1516.0,-1431.0,-1491.8,36.4
15,0.2626171588897705,0.026166723492842568,0.04728002548217773,0.007402483794071262,100,1,1,poly,"{'C': 100, 'degree': 1, 'gamma': 1, 'kernel': 'poly'}",0.7887323943661971,0.7859154929577464,0.7915492957746478,0.8169014084507042,0.819718309859155,0.8005633802816903,0.014626202800841915,19,0.7961918194640338,0.7968970380818053,0.7933709449929478,0.7947813822284908,0.7940761636107193,0.7950634696755994,0.0013079856834267546,0.7941176470588235,0.8137254901960784,0.7794117647058824,0.8284313725490197,0.8235294117647058,0.807843137254902,0.0184459683551243,30,0.8206388206388207,0.812039312039312,0.7997542997542998,0.8144963144963145,0.7936117936117936,0.8081081081081081,0.00993188350437728,0.8307692307692308,0.8137254901960784,0.8457446808510638,0.8492462311557789,0.8571428571428571,0.8393256980230017,0.01539906003582199,23,0.8236744759556104,0.8304020100502513,0.8335467349551856,0.825653798256538,0.8389610389610389,0.8304476116357249,0.005494380826497889,0.8120300751879699,0.8137254901960784,0.8112244897959183,0.8387096774193549,0.84,0.8231379465198643,0.013271904471171702,19,0.8221538461538461,0.8211180124223603,0.8163009404388716,0.8200371057513914,0.8156565656565655,0.819053294084607,0.0026060539115327973,0.5719102513426232,0.5620698610570056,0.5817948406712149,0.6273168431645989,0.6344026497722557,0.5954988892015397,0.029622996086782337,19,0.5835154572018942,0.5864717434761182,0.5810810069208585,0.5814153547139305,0.5839919053391862,0.5832950935303975,0.0019524758259657367,0.8681664718867679,0.8596935462926892,0.8715751201142709,0.8842358135307102,0.8913777431502402,0.8750097389949356,0.011368770222229246,21,0.8723802821484941,0.8793770441121433,0.8755878093626439,0.8669740631661161,0.8665347316009567,0.872170786078071,0.0049481538108087295,-372.0,-418.0,-335.0,-335.0,-316.0,-355.2,36.2734062365254,23,-1576.0,-1503.0,-1463.0,-1551.0,-1408.0,-1500.2,60.36356516972801
16,0.13583106994628907,0.02376698047886723,0.08729238510131836,0.0129860539304546,100,2,0.001,poly,"{'C': 100, 'degree': 2, 'gamma': 0.001, 'kernel': 'poly'}",0.5746478873239437,0.5746478873239437,0.5746478873239437,0.5746478873239437,0.5746478873239437,0.5746478873239437,0.0,37,0.5740479548660085,0.5740479548660085,0.5740479548660085,0.5740479548660085,0.5740479548660085,0.5740479548660085,0.0,1.0,1.0,1.0,1.0,1.0,1.0,0.0,1,1.0,1.0,1.0,1.0,1.0,1.0,0.0,0.5746478873239437,0.5746478873239437,0.5746478873239437,0.5746478873239437,0.5746478873239437,0.5746478873239437,0.0,37,0.5740479548660085,0.5740479548660085,0.5740479548660085,0.5740479548660085,0.5740479548660085,0.5740479548660085,0.0,0.7298747763864043,0.7298747763864043,0.7298747763864043,0.7298747763864043,0.7298747763864043,0.7298747763864043,0.0,37,0.7293906810035842,0.7293906810035842,0.7293906810035842,0.7293906810035842,0.7293906810035842,0.7293906810035842,0.0,0.0,0.0,0.0,0.0,0.0,0.0,0.0,37,0.0,0.0,0.0,0.0,0.0,0.0,0.0,0.8514478639137775,0.8311907544474743,0.8410271393325542,0.8642384105960267,0.869367614595507,0.851454356577068,0.01416797319929892,36,0.842989814016304,0.8449769757716776,0.8429979497860293,0.8375002033942431,0.8365930650698863,0.841011601607628,0.0033297590972594707,-1510.0,-1510.0,-1510.0,-1510.0,-1510.0,-1510.0,0.0,37,-6040.0,-6040.0,-6040.0,-6040.0,-6040.0,-6040.0,0.0
17,0.13123011589050293,0.022225490153726296,0.06509380340576172,0.009742158107197871,100,2,0.01,poly,"{'C': 100, 'degree': 2, 'gamma': 0.01, 'kernel': 'poly'}",0.7690140845070422,0.7633802816901408,0.7690140845070422,0.7915492957746478,0.8056338028169014,0.7797183098591549,0.016172056444402633,32,0.7771509167842031,0.7764456981664316,0.7743300423131171,0.7764456981664316,0.768688293370945,0.7746121297602256,0.0031093663871718715,0.7745098039215687,0.7598039215686274,0.7647058823529411,0.7745098039215687,0.7990196078431373,0.7745098039215685,0.013513773286362994,44,0.7813267813267813,0.7727272727272727,0.7592137592137592,0.773955773955774,0.7641277641277642,0.7702702702702704,0.007769723980757686,0.8144329896907216,0.8157894736842105,0.8210526315789474,0.8494623655913979,0.8534031413612565,0.8308281203813067,0.01701404157136968,26,0.8217054263565892,0.8265440210249672,0.8328840970350404,0.8256880733944955,0.820580474934037,0.8254804185490258,0.00434163193670257,0.793969849246231,0.7868020304568527,0.7918781725888325,0.8102564102564103,0.8253164556962026,0.8016445836489059,0.014206384495332793,32,0.8010075566750631,0.7987301587301587,0.7943444730077119,0.798985415345593,0.7913486005089059,0.7968832408534865,0.003519028563485661,0.5323961667791005,0.5233976130049054,0.5348212928460823,0.5831463004655328,0.6084748286953701,0.5564472403581983,0.033341035896002916,32,0.5490659858002178,0.5495532985862815,0.5484020656993971,0.5492461977800683,0.5342965983927607,0.5461128292517451,0.005920133045836617,0.8540124659135176,0.8388520971302429,0.8524866900402546,0.8719646799116998,0.8824178678093754,0.8599467601610181,0.01539632668452099,31,0.8571399515108125,0.8589704996989764,0.8561331500073222,0.8517154270465529,0.8506537090974176,0.8549225474722164,0.0032024040623688126,-406.0,-399.0,-388.0,-326.0,-321.0,-368.0,36.81847362398393,26,-1558.0,-1505.0,-1436.0,-1514.0,-1552.0,-1513.0,43.68065933568311
18,0.07209081649780273,0.006906981096868212,0.04361538887023926,0.0057332088687229825,100,2,0.1,poly,"{'C': 100, 'degree': 2, 'gamma': 0.1, 'kernel': 'poly'}",0.8422535211267606,0.8112676056338028,0.828169014084507,0.8535211267605634,0.856338028169014,0.8383098591549295,0.01676943782099966,12,0.8624823695345557,0.8547249647390691,0.8561354019746121,0.8540197461212976,0.8554301833568406,0.856558533145275,0.003044715535250052,0.8627450980392157,0.8382352941176471,0.8235294117647058,0.8823529411764706,0.8823529411764706,0.8578431372549019,0.023610969762337834,24,0.8857493857493858,0.8624078624078624,0.8525798525798526,0.8673218673218673,0.8587223587223587,0.8653562653562652,0.011275473125880864,0.8627450980392157,0.8341463414634146,0.8704663212435233,0.8653846153846154,0.8695652173913043,0.8604615187044147,0.01345298162010499,13,0.8760631834750912,0.8819095477386935,0.8920308483290489,0.8770186335403727,0.8859315589353612,0.8825907544037135,0.0059058971190188115,0.8627450980392157,0.8361858190709046,0.8463476070528967,0.8737864077669903,0.8759124087591241,0.8589954681378262,0.015487175210962675,12,0.8808796579108125,0.8720496894409937,0.8718592964824122,0.872143298332304,0.8721147847785402,0.8738093453890127,0.0035365420231402195,0.6773146344630567,0.6136078002117767,0.6530872067264714,0.6995160674223349,0.7054713873415066,0.6697994192330292,0.03361203071338225,12,0.7183164891750298,0.7043076614942363,0.7090047217397913,0.7021240702377152,0.706400962279873,0.7080307809853291,0.005624082381517281,0.9055966757563952,0.8994286456304376,0.9136475782365926,0.9225749902610051,0.9260161018049604,0.9134527983378782,0.009994843069045212,14,0.9239569943212327,0.9264567095692924,0.9234139316920774,0.9217013521649283,0.9220308508387979,0.9235119677172656,0.0016941782787887986,-308.0,-373.0,-286.0,-304.0,-294.0,-313.0,30.97095413447897,15,-1113.0,-1052.0,-960.0,-1098.0,-1015.0,-1047.6,55.80895985413095
19,0.5305983543395996,0.07851692420740976,0.02743215560913086,0.004663566660458664,100,2,1,poly,"{'C': 100, 'degree': 2, 'gamma': 1, 'kernel': 'poly'}",0.8704225352112676,0.8929577464788733,0.9070422535211268,0.9211267605633803,0.9154929577464789,0.9014084507042254,0.018168468165179846,7,0.9351198871650211,0.9379407616361072,0.9358251057827927,0.922425952045134,0.9330042313117066,0.9328631875881523,0.005451663777175645,0.9215686274509803,0.9509803921568627,0.9509803921568627,0.9803921568627451,0.9754901960784313,0.9558823529411764,0.021027069205418848,19,0.9766584766584766,0.9717444717444718,0.9791154791154791,0.9742014742014742,0.9778869778869779,0.9759213759213757,0.0026462726324985248,0.8623853211009175,0.8738738738738738,0.8940092165898618,0.8928571428571429,0.8883928571428571,0.8823036823129305,0.012274167148670318,7,0.9158986175115207,0.9240654205607477,0.9150401836969001,0.8990929705215419,0.9117983963344788,0.9131791177250378,0.008120305039442692,0.8909952606635071,0.9107981220657277,0.9216152019002375,0.9345794392523364,0.9299065420560747,0.9175789131875767,0.01555602556136092,7,0.9453032104637336,0.9473053892215569,0.9459940652818991,0.9351415094339621,0.943687018375815,0.9434862385553935,0.00433246604748572,0.7341573057380303,0.7819424126664439,0.8100231793450934,0.8416392187386436,0.8298315234077781,0.7995187279791979,0.03843016311277253,7,0.868481362561029,0.8735826491485632,0.8701727020137281,0.843220133539066,0.8644708534538718,0.8639855401432517,0.010789212510003886,0.9277041942604857,0.9231593299571484,0.9486105700558369,0.9513050253213868,0.9556551097260096,0.9412868458641734,0.013217738986849786,7,0.9717831166506663,0.970540377825146,0.9676481116878469,0.9645768586165936,0.9684210098117383,0.9685938949183981,0.002490819415097989,-316.0,-290.0,-240.0,-244.0,-255.0,-269.0,29.366647748764244,7,-749.0,-673.0,-757.0,-911.0,-788.0,-775.6,77.54637322273686
20,0.09182066917419433,0.01220276978305572,0.0490574836730957,0.005282108167341315,100,3,0.001,poly,"{'C': 100, 'degree': 3, 'gamma': 0.001, 'kernel': 'poly'}",0.5746478873239437,0.5746478873239437,0.5746478873239437,0.5746478873239437,0.5746478873239437,0.5746478873239437,0.0,37,0.5740479548660085,0.5740479548660085,0.5740479548660085,0.5740479548660085,0.5740479548660085,0.5740479548660085,0.0,1.0,1.0,1.0,1.0,1.0,1.0,0.0,1,1.0,1.0,1.0,1.0,1.0,1.0,0.0,0.5746478873239437,0.5746478873239437,0.5746478873239437,0.5746478873239437,0.5746478873239437,0.5746478873239437,0.0,37,0.5740479548660085,0.5740479548660085,0.5740479548660085,0.5740479548660085,0.5740479548660085,0.5740479548660085,0.0,0.7298747763864043,0.7298747763864043,0.7298747763864043,0.7298747763864043,0.7298747763864043,0.7298747763864043,0.0,37,0.7293906810035842,0.7293906810035842,0.7293906810035842,0.7293906810035842,0.7293906810035842,0.7293906810035842,0.0,0.0,0.0,0.0,0.0,0.0,0.0,0.0,37,0.0,0.0,0.0,0.0,0.0,0.0,0.0,0.8517724970783015,0.830606414751331,0.8383651473834567,0.8597260096091417,0.8660888196338138,0.849311777691209,0.013158265998934536,45,0.8374615584880486,0.8386636184649431,0.8358811852189336,0.8310180288657109,0.8301332639080983,0.834631530989147,0.00343861091371381,-1510.0,-1510.0,-1510.0,-1510.0,-1510.0,-1510.0,0.0,37,-6040.0,-6040.0,-6040.0,-6040.0,-6040.0,-6040.0,0.0
21,0.10585579872131348,0.00833804105957714,0.04919490814208984,0.004690344138450709,100,3,0.01,poly,"{'C': 100, 'degree': 3, 'gamma': 0.01, 'kernel': 'poly'}",0.5746478873239437,0.5746478873239437,0.5746478873239437,0.5746478873239437,0.5746478873239437,0.5746478873239437,0.0,37,0.5740479548660085,0.5740479548660085,0.5740479548660085,0.5740479548660085,0.5740479548660085,0.5740479548660085,0.0,1.0,1.0,1.0,1.0,1.0,1.0,0.0,1,1.0,1.0,1.0,1.0,1.0,1.0,0.0,0.5746478873239437,0.5746478873239437,0.5746478873239437,0.5746478873239437,0.5746478873239437,0.5746478873239437,0.0,37,0.5740479548660085,0.5740479548660085,0.5740479548660085,0.5740479548660085,0.5740479548660085,0.5740479548660085,0.0,0.7298747763864043,0.7298747763864043,0.7298747763864043,0.7298747763864043,0.7298747763864043,0.7298747763864043,0.0,37,0.7293906810035842,0.7293906810035842,0.7293906810035842,0.7293906810035842,0.7293906810035842,0.7293906810035842,0.0,0.0,0.0,0.0,0.0,0.0,0.0,0.0,37,0.0,0.0,0.0,0.0,0.0,0.0,0.0,0.8521295935592781,0.8297948318400208,0.8358979353330737,0.8609271523178808,0.864757823659265,0.8487014673419037,0.013714352325839846,48,0.8363144149567991,0.8376324096522771,0.8342784385830744,0.8312885432090731,0.8295271490635729,0.8338081910929593,0.003026644500539026,-1510.0,-1510.0,-1510.0,-1510.0,-1510.0,-1510.0,0.0,37,-6040.0,-6040.0,-6040.0,-6040.0,-6040.0,-6040.0,0.0
22,0.07226672172546386,0.015471207556806463,0.040964937210083006,0.007254386723252471,100,3,0.1,poly,"{'C': 100, 'degree': 3, 'gamma': 0.1, 'kernel': 'poly'}",0.8366197183098592,0.8084507042253521,0.8140845070422535,0.856338028169014,0.8591549295774648,0.8349295774647887,0.02089829520111705,15,0.847672778561354,0.844851904090268,0.844851904090268,0.8399153737658674,0.8370944992947814,0.8428772919605076,0.0038212178234538915,0.8284313725490197,0.8235294117647058,0.7990196078431373,0.8725490196078431,0.8578431372549019,0.8362745098039216,0.026049667167816495,27,0.8488943488943489,0.8316953316953317,0.8316953316953317,0.8304668304668305,0.8230958230958231,0.8331695331695332,0.00849000124971548,0.8802083333333334,0.84,0.8670212765957447,0.8768472906403941,0.8928571428571429,0.871386808685323,0.01773584528361102,12,0.8813775510204082,0.8907894736842106,0.8907894736842106,0.8836601307189542,0.8850726552179656,0.8863378568651499,0.0038212398826277484,0.8535353535353536,0.8316831683168315,0.8316326530612246,0.8746928746928747,0.8749999999999999,0.8533088099212568,0.019315079219209906,15,0.8648310387984982,0.8602287166454892,0.8602287166454892,0.8562381253958201,0.852959898154042,0.8588972991278677,0.004026873401349253,0.6707778962466046,0.6096723428888273,0.6274560728468146,0.7063901311839694,0.7146066884720956,0.6657806263276623,0.041653330733107674,15,0.6911357320231398,0.6884056139064226,0.6884056139064226,0.6777003618166938,0.6731124903470227,0.6837519623999403,0.0070378012719885565,0.9010842747695106,0.8981301129723414,0.9103038566419944,0.9219906505648618,0.9233216465394105,0.9109661082976238,0.010363897380520237,15,0.9195209658785818,0.9222871275851409,0.9185406056266983,0.9176497388417918,0.9175948223961469,0.9191186520656718,0.0017329162777328239,-265.0,-356.0,-291.0,-276.0,-239.0,-285.4,39.174481489867865,12,-1053.0,-967.0,-967.0,-1028.0,-1014.0,-1005.8,34.055249228276104
23,0.6832406520843506,0.11754671222308342,0.022182989120483398,0.00536674418009184,100,3,1,poly,"{'C': 100, 'degree': 3, 'gamma': 1, 'kernel': 'poly'}",0.9126760563380282,0.9267605633802817,0.9352112676056338,0.9464788732394366,0.9464788732394366,0.9335211267605633,0.012797539934197782,3,0.9901269393511989,0.9908321579689704,0.9887165021156559,0.9894217207334274,0.9894217207334274,0.9897038081805359,0.0007191846986731702,0.9852941176470589,0.9950980392156863,0.9852941176470589,0.9901960784313726,0.9950980392156863,0.9901960784313726,0.004384447014705454,13,0.9987714987714987,1.0,0.9987714987714987,0.9987714987714987,1.0,0.9992628992628994,0.000601840231642077,0.8777292576419214,0.8903508771929824,0.9095022624434389,0.9223744292237442,0.918552036199095,0.9037017725402364,0.0170626027216919,3,0.9842615012106537,0.9842805320435308,0.9818840579710145,0.9830713422007256,0.9819059107358263,0.9830806688323502,0.0010626436802679377,0.9284064665127021,0.9398148148148148,0.9458823529411765,0.9550827423167849,0.9552941176470588,0.9448960988465075,0.010105311664874396,3,0.9914634146341464,0.992078001218769,0.9902557856272838,0.9908592321755028,0.9908703590992087,0.9911053585509821,0.0006183550768955138,0.8264498524329421,0.8555966069594376,0.8698102297301432,0.8925144177990995,0.8933177194758096,0.8675377652794865,0.02499764448198752,3,0.9799067002351188,0.9813743863353969,0.977058101421566,0.9784817151874579,0.9785299332014299,0.9790701672761939,0.00146258337087465,0.964257888585898,0.9554603298272951,0.9705557719776652,0.9842228282041293,0.9649071549149462,0.9678807947019867,0.009491612006641007,3,0.9961273736108174,0.9961578827472867,0.9969307808711783,0.9959544885041574,0.9972806189693606,0.99649022894056,0.0005192182968466506,-283.0,-251.0,-203.0,-172.0,-181.0,-218.0,42.48293775152561,3,-131.0,-130.0,-151.0,-141.0,-150.0,-140.6,8.957678270623477
24,0.08991694450378418,0.005324755310383459,0.042635440826416016,0.007337967285753186,1000,1,0.001,poly,"{'C': 1000, 'degree': 1, 'gamma': 0.001, 'kernel': 'poly'}",0.7943661971830986,0.7633802816901408,0.7859154929577464,0.8112676056338028,0.8,0.7909859154929577,0.016073625484717892,27,0.7863187588152327,0.7856135401974612,0.7919605077574048,0.7820874471086037,0.7813822284908322,0.7854724964739069,0.003768798086286986,0.8137254901960784,0.7843137254901961,0.7892156862745098,0.8088235294117647,0.803921568627451,0.8,0.01134885970861788,40,0.8058968058968059,0.800982800982801,0.7960687960687961,0.7911547911547911,0.785012285012285,0.7958230958230958,0.007305193487625791,0.8258706467661692,0.8,0.8298969072164949,0.8549222797927462,0.841025641025641,0.8303430949602102,0.018216247723323104,32,0.818976279650437,0.8211586901763224,0.833976833976834,0.822477650063857,0.8255813953488372,0.8244341698432575,0.005229223024111271,0.8197530864197531,0.792079207920792,0.8090452261306532,0.8312342569269522,0.8220551378446116,0.8148333830485525,0.013391050248738504,28,0.8123839009287926,0.8109452736318409,0.8145820238843494,0.8065122103944896,0.8047858942065491,0.8098418606092043,0.0036550787673345388,0.5805256930316035,0.5177684440669447,0.5667307869571157,0.6187701613759833,0.5948124667094175,0.575721510428213,0.03370496147408525,27,0.5643626281192933,0.5637092073994784,0.5787374517717848,0.5578829439300949,0.5576591557249971,0.5644702773891297,0.0076671692453430355,0.8586222568497598,0.8460589533826776,0.8598883261914037,0.8753408648227502,0.884138423581353,0.8648097649655888,0.01340596777107569,27,0.8654404705729208,0.8680479847698391,0.8646309614852661,0.8613034316676702,0.8591921994239875,0.8637230095839368,0.0031260856437681033,-388.0,-444.0,-373.0,-319.0,-350.0,-374.8,41.700839320090424,29,-1608.0,-1582.0,-1456.0,-1560.0,-1525.0,-1546.2,52.68168562223498
25,0.09223175048828125,0.00859400346601942,0.03217754364013672,0.001953919167056813,1000,1,0.01,poly,"{'C': 1000, 'degree': 1, 'gamma': 0.01, 'kernel': 'poly'}",0.7971830985915493,0.7661971830985915,0.7887323943661971,0.8112676056338028,0.8056338028169014,0.7938028169014084,0.015774647887323967,24,0.7912552891396333,0.7891396332863188,0.7891396332863188,0.7877291960507757,0.7905500705218618,0.7895627644569816,0.0012295906751877762,0.8088235294117647,0.7941176470588235,0.7892156862745098,0.8235294117647058,0.8137254901960784,0.8058823529411765,0.012631469339926598,33,0.8058968058968059,0.7936117936117936,0.7960687960687961,0.7960687960687961,0.7899262899262899,0.7963144963144964,0.005292545264997071,0.8333333333333334,0.7980295566502463,0.8341968911917098,0.8442211055276382,0.8426395939086294,0.8304840961223114,0.016802747906762568,29,0.8261964735516373,0.8314028314028314,0.8297055057618438,0.8275862068965517,0.8361508452535761,0.830208372573288,0.0034630528461943077,0.8208955223880597,0.796068796068796,0.8110831234256927,0.8337468982630273,0.827930174563591,0.8179449029418333,0.01329483306142986,25,0.8159203980099502,0.8120678818353236,0.812539184952978,0.8115216030056356,0.8123815540113708,0.8128861243630517,0.0015564841231023134,0.5875969867660265,0.5221539320323051,0.5730141009086659,0.6158369999085841,0.6052721892564851,0.5807748417744134,0.03278004510902094,24,0.5752014028720176,0.5730063775809208,0.572479558672378,0.5693549087561526,0.5769765875974492,0.5734037670957837,0.0025846421110836534,0.8639787040644072,0.8518698870276588,0.8659914296844565,0.8783274899363719,0.8857291260875211,0.8691793273600832,0.011784825966610357,25,0.8691239403159933,0.873954553590315,0.8693334363864165,0.8639617944253704,0.8633943244870396,0.8679536098410269,0.003898886862935979,-369.0,-452.0,-363.0,-346.0,-348.0,-375.6,39.184690888151714,32,-1538.0,-1478.0,-1496.0,-1516.0,-1431.0,-1491.8,36.4
26,0.21637554168701173,0.007724722263740442,0.0331174373626709,0.008649185485263916,1000,1,0.1,poly,"{'C': 1000, 'degree': 1, 'gamma': 0.1, 'kernel': 'poly'}",0.7915492957746478,0.7859154929577464,0.7915492957746478,0.8169014084507042,0.819718309859155,0.8011267605633803,0.014207910099063125,17,0.7976022566995769,0.7968970380818053,0.7947813822284908,0.7947813822284908,0.7940761636107193,0.7956276445698167,0.00136746963537837,0.7941176470588235,0.8137254901960784,0.7794117647058824,0.8284313725490197,0.8235294117647058,0.807843137254902,0.0184459683551243,30,0.8206388206388207,0.812039312039312,0.800982800982801,0.8144963144963145,0.7936117936117936,0.8083538083538084,0.009735436243812777,0.8350515463917526,0.8137254901960784,0.8457446808510638,0.8492462311557789,0.8571428571428571,0.8401821611475061,0.015013612788520462,20,0.8257107540173053,0.8304020100502513,0.8348271446862996,0.825653798256538,0.8389610389610389,0.8311109491942867,0.005193827438368268,0.8140703517587939,0.8137254901960784,0.8112244897959183,0.8387096774193549,0.84,0.823546001834029,0.012951611212413033,17,0.8231669747381392,0.8211180124223603,0.8175548589341692,0.8200371057513914,0.8156565656565655,0.819506703500525,0.0026422901865963554,0.5781756603497874,0.5620698610570056,0.5817948406712149,0.6273168431645989,0.6344026497722557,0.5967519710029725,0.028717342626340875,17,0.5865839778888476,0.5864717434761182,0.5839481563370187,0.5814153547139305,0.5839919053391862,0.5844822275510202,0.001913472499446905,0.8682638618361251,0.8594987663939747,0.8715751201142709,0.8841708868978055,0.891280353200883,0.8749577976886119,0.01137136548146668,22,0.8724046894576695,0.8793933156515938,0.8756000130172316,0.8669821989358413,0.8665530370828385,0.8721866508290349,0.004948909445241365,-362.0,-418.0,-335.0,-335.0,-316.0,-353.2,35.56065241246285,20,-1556.0,-1503.0,-1452.0,-1551.0,-1408.0,-1494.0,57.155927076725824
27,1.0331273555755616,0.2415123663803583,0.028177833557128905,0.00627875525624983,1000,1,1,poly,"{'C': 1000, 'degree': 1, 'gamma': 1, 'kernel': 'poly'}",0.7887323943661971,0.780281690140845,0.7887323943661971,0.8140845070422535,0.819718309859155,0.7983098591549297,0.01559250986264572,21,0.7947813822284908,0.7983074753173484,0.7990126939351199,0.7968970380818053,0.7926657263751763,0.7963328631875881,0.002334689048976985,0.7941176470588235,0.8186274509803921,0.7745098039215687,0.8137254901960784,0.8137254901960784,0.8029411764705883,0.01652186230034579,37,0.8181818181818182,0.816953316953317,0.8022113022113022,0.816953316953317,0.7960687960687961,0.8100737100737099,0.009147179591639455,0.8307692307692308,0.8028846153846154,0.8449197860962567,0.8556701030927835,0.8645833333333334,0.8397654137352439,0.02161749488775581,22,0.823238566131026,0.8291770573566085,0.8404118404118404,0.8271144278606966,0.8350515463917526,0.8309986876303848,0.006060666727748496,0.8120300751879699,0.8106796116504855,0.8081841432225064,0.8341708542713568,0.8383838383838385,0.8206897045432313,0.012856157859950023,21,0.8207024029574862,0.823019801980198,0.8208673790069139,0.8220024721878862,0.8150943396226416,0.8203372791510251,0.0027521458074960033,0.5719102513426232,0.5491403150861099,0.5767556409822974,0.6239551539204743,0.6364773028100734,0.5916477328283156,0.033080758577862315,22,0.5808217205774262,0.5887113223242046,0.5930651372489448,0.5856309359096837,0.5803037661804099,0.585706576448134,0.0048215103856916785,0.8698545643422931,0.8602454226723802,0.8762823009998701,0.8853395662900923,0.8948513180106479,0.8773146344630568,0.012000092919788707,17,0.8756630652326016,0.8800950257903901,0.8778190442097726,0.8674011910766877,0.8706331256000129,0.874322290381893,0.004666068816680222,-372.0,-447.0,-336.0,-318.0,-298.0,-354.2,52.4,22,-1578.0,-1519.0,-1401.0,-1539.0,-1446.0,-1496.6,64.22647429214841
28,0.11591963768005371,0.013209471096569607,0.056513404846191405,0.007920290381088962,1000,2,0.001,poly,"{'C': 1000, 'degree': 2, 'gamma': 0.001, 'kernel': 'poly'}",0.5746478873239437,0.5746478873239437,0.5746478873239437,0.5746478873239437,0.5746478873239437,0.5746478873239437,0.0,37,0.5740479548660085,0.5740479548660085,0.5740479548660085,0.5740479548660085,0.5740479548660085,0.5740479548660085,0.0,1.0,1.0,1.0,1.0,1.0,1.0,0.0,1,1.0,1.0,1.0,1.0,1.0,1.0,0.0,0.5746478873239437,0.5746478873239437,0.5746478873239437,0.5746478873239437,0.5746478873239437,0.5746478873239437,0.0,37,0.5740479548660085,0.5740479548660085,0.5740479548660085,0.5740479548660085,0.5740479548660085,0.5740479548660085,0.0,0.7298747763864043,0.7298747763864043,0.7298747763864043,0.7298747763864043,0.7298747763864043,0.7298747763864043,0.0,37,0.7293906810035842,0.7293906810035842,0.7293906810035842,0.7293906810035842,0.7293906810035842,0.7293906810035842,0.0,0.0,0.0,0.0,0.0,0.0,0.0,0.0,37,0.0,0.0,0.0,0.0,0.0,0.0,0.0,0.851090767432801,0.8312232177639268,0.8405077262693158,0.8644981171276458,0.8692377613296974,0.8513115179846773,0.014251645865767834,40,0.8428413362188197,0.8449423987503457,0.84262167043624,0.8376568169614527,0.8362228875473909,0.8408570219828497,0.0033304145276046924,-1510.0,-1510.0,-1510.0,-1510.0,-1510.0,-1510.0,0.0,37,-6040.0,-6040.0,-6040.0,-6040.0,-6040.0,-6040.0,0.0
29,0.07004923820495605,0.006818640758357362,0.042913627624511716,0.006743483413379475,1000,2,0.01,poly,"{'C': 1000, 'degree': 2, 'gamma': 0.01, 'kernel': 'poly'}",0.8084507042253521,0.7774647887323943,0.7915492957746478,0.8225352112676056,0.8225352112676056,0.8045070422535211,0.017690499682374766,16,0.8032440056417489,0.808885754583921,0.8053596614950634,0.8018335684062059,0.8011283497884344,0.8040902679830747,0.00279963797479255,0.8088235294117647,0.7892156862745098,0.7843137254901961,0.8186274509803921,0.8137254901960784,0.8029411764705883,0.013655282624690316,37,0.7985257985257985,0.7972972972972973,0.7899262899262899,0.7936117936117936,0.785012285012285,0.7928746928746928,0.004950722771402908,0.8505154639175257,0.817258883248731,0.8421052631578947,0.8652849740932642,0.8691099476439791,0.848854906412279,0.018584066478253763,19,0.8496732026143791,0.8596026490066225,0.8596256684491979,0.8511198945981555,0.8565683646112601,0.855317955855923,0.004194412061760812,0.8291457286432161,0.8029925187032418,0.8121827411167514,0.8413098236775818,0.8405063291139241,0.8252274282509431,0.015310103835226335,16,0.8233058898036731,0.8272785213511791,0.8233034571062741,0.8213604577240939,0.8192307692307693,0.822895819043198,0.0026582825601215603,0.6125102805278025,0.5479486306218537,0.5805160122107896,0.641648191609642,0.6427600883409216,0.6050766406622019,0.03655027652537229,16,0.6033074429656977,0.6162423975052175,0.610215547718126,0.6013347268096908,0.601977367944994,0.6066154965887453,0.005761589623325285,0.8684586417348397,0.8602778859888326,0.8702441241397221,0.8878067783404753,0.8972211401116738,0.8768017140631086,0.01359198392883138,19,0.8790495793807052,0.8805994435133507,0.8781770180776802,0.8752603446312055,0.8744101566949247,0.8774993084595734,0.002325049902983249,-329.0,-403.0,-344.0,-297.0,-288.0,-332.2,40.87737760669096,19,-1314.0,-1225.0,-1221.0,-1298.0,-1245.0,-1260.6,38.28628997434982
30,0.11201043128967285,0.008369371652437698,0.018758773803710938,0.0062438711199397905,1000,2,0.1,poly,"{'C': 1000, 'degree': 2, 'gamma': 0.1, 'kernel': 'poly'}",0.8647887323943662,0.8760563380281691,0.8788732394366198,0.8873239436619719,0.9014084507042254,0.8816901408450704,0.012213793458410605,9,0.9104372355430184,0.9040902679830748,0.9033850493653033,0.8991537376586742,0.8949224259520452,0.9023977433004232,0.005193780716367262,0.8921568627450981,0.9411764705882353,0.9068627450980392,0.9362745098039216,0.9362745098039216,0.9225490196078432,0.019460228667920774,21,0.9545454545454546,0.9324324324324325,0.941031941031941,0.9385749385749386,0.9299754299754299,0.9393120393120393,0.008603017886983606,0.875,0.8571428571428571,0.8851674641148325,0.8761467889908257,0.8967136150234741,0.8780341450543979,0.013030893283795255,11,0.8961937716262975,0.9035714285714286,0.895906432748538,0.8914819136522754,0.8916372202591284,0.8957581533715336,0.004393798703634517,0.883495145631068,0.897196261682243,0.8958837772397095,0.9052132701421801,0.9160671462829735,0.8995711201956349,0.010785417395050593,9,0.9244497323022011,0.9177750906892382,0.9179149191132414,0.91442250149611,0.9104028863499699,0.9169930259901522,0.004628207380826356,0.7226507985509848,0.7471776560917202,0.7514680083588514,0.7692694635703907,0.7978384044100493,0.7576808661963993,0.024991783164600996,9,0.8172064854193198,0.8033552571414219,0.8021200498623724,0.7934287346556297,0.7845291515453269,0.8001279357248141,0.010901947943137863,0.927412024412414,0.921146604337099,0.9423126866640696,0.9399104012465913,0.9521166082326971,0.9365796649785741,0.011023456279489068,11,0.9546674910913321,0.9566851619831752,0.9533840734171861,0.9514965748409456,0.9515209821501213,0.953550856696552,0.0019717516719991437,-282.0,-332.0,-259.0,-283.0,-233.0,-277.8,32.68883601476198,10,-937.0,-865.0,-938.0,-980.0,-977.0,-939.4,41.48541912527822
31,2.872998523712158,0.4835802908338759,0.02218308448791504,0.008037576025049053,1000,2,1,poly,"{'C': 1000, 'degree': 2, 'gamma': 1, 'kernel': 'poly'}",0.8845070422535212,0.9042253521126761,0.9295774647887324,0.9183098591549296,0.9098591549295775,0.9092957746478874,0.015053959679873092,5,0.9590973201692524,0.9562764456981664,0.9562764456981664,0.9541607898448519,0.9548660084626234,0.9561354019746121,0.0016925246826516192,0.946078431372549,0.9803921568627451,0.9754901960784313,0.9852941176470589,0.9803921568627451,0.9735294117647058,0.014071274602360134,17,0.984029484029484,0.984029484029484,0.9852579852579852,0.9914004914004914,0.984029484029484,0.9857493857493858,0.002865332626459608,0.8654708520179372,0.8695652173913043,0.908675799086758,0.8854625550660793,0.8771929824561403,0.8812734812036437,0.015309424325563932,9,0.9468085106382979,0.9423529411764706,0.9413145539906104,0.9329479768786128,0.9401408450704225,0.9407129655508829,0.0044906451550014515,0.9039812646370023,0.9216589861751152,0.9408983451536643,0.9327146171693735,0.9259259259259259,0.9250358278122164,0.012377990361868077,5,0.9650602409638555,0.9627403846153846,0.9627851140456182,0.9612864800476474,0.9615846338535413,0.9626913707052094,0.00132825605197979,0.764573002918089,0.809159245400461,0.8573539585642085,0.8372096875001203,0.8199369823982589,0.8176465753562276,0.031155983256904416,5,0.916774820578583,0.9111470065600864,0.911252167483044,0.9077463935353072,0.9083399919678607,0.9110520760249763,0.003196303811570107,0.9293598233995584,0.9298467731463447,0.9602324373457992,0.9622126996493963,0.9579924685105831,0.9479288404103363,0.015023004307646094,6,0.9819060481312136,0.9810700977919521,0.978428006573702,0.9755642156304408,0.9814768862782107,0.9796890508811039,0.00239262288605827,-311.0,-304.0,-205.0,-263.0,-284.0,-273.4,38.07676456843465,9,-463.0,-503.0,-512.0,-587.0,-523.0,-517.6,40.1776057026797
32,0.09662947654724122,0.011759267658849121,0.05400066375732422,0.008839052248537912,1000,3,0.001,poly,"{'C': 1000, 'degree': 3, 'gamma': 0.001, 'kernel': 'poly'}",0.5746478873239437,0.5746478873239437,0.5746478873239437,0.5746478873239437,0.5746478873239437,0.5746478873239437,0.0,37,0.5740479548660085,0.5740479548660085,0.5740479548660085,0.5740479548660085,0.5740479548660085,0.5740479548660085,0.0,1.0,1.0,1.0,1.0,1.0,1.0,0.0,1,1.0,1.0,1.0,1.0,1.0,1.0,0.0,0.5746478873239437,0.5746478873239437,0.5746478873239437,0.5746478873239437,0.5746478873239437,0.5746478873239437,0.0,37,0.5740479548660085,0.5740479548660085,0.5740479548660085,0.5740479548660085,0.5740479548660085,0.5740479548660085,0.0,0.7298747763864043,0.7298747763864043,0.7298747763864043,0.7298747763864043,0.7298747763864043,0.7298747763864043,0.0,37,0.7293906810035842,0.7293906810035842,0.7293906810035842,0.7293906810035842,0.7293906810035842,0.7293906810035842,0.0,0.0,0.0,0.0,0.0,0.0,0.0,0.0,37,0.0,0.0,0.0,0.0,0.0,0.0,0.0,0.8525191533567069,0.8308011946500453,0.837910660953123,0.8597909362420466,0.8661537462667186,0.849435138293728,0.01323860254180693,43,0.8376222399401207,0.8388893860748166,0.8356696552060789,0.8310220967505736,0.8301413996778234,0.8346689555298827,0.0035023895723932624,-1510.0,-1510.0,-1510.0,-1510.0,-1510.0,-1510.0,0.0,37,-6040.0,-6040.0,-6040.0,-6040.0,-6040.0,-6040.0,0.0
33,0.08235006332397461,0.006090348925179437,0.04842977523803711,0.0019535524267997096,1000,3,0.01,poly,"{'C': 1000, 'degree': 3, 'gamma': 0.01, 'kernel': 'poly'}",0.7436619718309859,0.7577464788732394,0.7211267605633803,0.7633802816901408,0.7492957746478873,0.7470422535211267,0.014626202800841861,35,0.7376586741889986,0.7306064880112835,0.7418899858956276,0.731311706629055,0.732722143864598,0.7348377997179125,0.004301255481516751,0.6666666666666666,0.7156862745098039,0.6421568627450981,0.7107843137254902,0.6666666666666666,0.6803921568627451,0.0283128021141052,47,0.6732186732186732,0.6609336609336609,0.6769041769041769,0.6547911547911548,0.6621621621621622,0.6656019656019657,0.00820064828908042,0.8553459119496856,0.8390804597701149,0.8343949044585988,0.8529411764705882,0.8662420382165605,0.8496008981731096,0.01151513832639755,17,0.8379204892966361,0.8354037267080745,0.8425076452599388,0.8420221169036335,0.838258164852255,0.8392224286041076,0.0026772462630283386,0.7493112947658401,0.7724867724867724,0.7257617728531857,0.7754010695187166,0.7534626038781163,0.7552847027005262,0.017950957925072775,35,0.7465940054495913,0.737997256515775,0.7506811989100818,0.736696613683483,0.7398764584763212,0.7423691066070505,0.005374833812797405,0.5113693316540303,0.5244149720650233,0.46783487749061015,0.5395927749668257,0.5251953048958622,0.5136814522144704,0.024602553583415857,35,0.4937213892390969,0.482114405173305,0.5023042340575055,0.48663742706693064,0.48668705004969787,0.49029290111730717,0.007060865360030046,0.8523243734579925,0.8317750941436177,0.8394364368263862,0.8623880015582392,0.867939228671601,0.8507726269315672,0.013575216524469578,41,0.8384032738337375,0.840022292009047,0.838122589778219,0.8335441853653774,0.8328994256146575,0.8365983533202076,0.0028395210530024594,-298.0,-338.0,-333.0,-309.0,-278.0,-311.2,22.247696509976038,13,-1326.0,-1336.0,-1293.0,-1281.0,-1315.0,-1310.2,20.42939059296679
34,0.07441511154174804,0.009849766272513239,0.0321047306060791,0.007725146619615165,1000,3,0.1,poly,"{'C': 1000, 'degree': 3, 'gamma': 0.1, 'kernel': 'poly'}",0.856338028169014,0.8619718309859155,0.8788732394366198,0.8901408450704226,0.9098591549295775,0.8794366197183099,0.019385521728546785,10,0.9019746121297603,0.8991537376586742,0.8991537376586742,0.8949224259520452,0.8935119887165022,0.8977433004231312,0.0030901131594085487,0.8676470588235294,0.9019607843137255,0.8970588235294118,0.946078431372549,0.9411764705882353,0.9107843137254902,0.02931356154456087,22,0.9299754299754299,0.9127764127764127,0.9213759213759214,0.9262899262899262,0.9201474201474201,0.922113022113022,0.00584539422770039,0.8805970149253731,0.863849765258216,0.8926829268292683,0.8733031674208145,0.9056603773584906,0.8832186503584325,0.014652966417193535,5,0.902264600715137,0.9116564417177914,0.9047044632086851,0.8944246737841044,0.8970059880239521,0.902011233489934,0.006049067587196363,0.874074074074074,0.8824940047961631,0.8948655256723717,0.908235294117647,0.923076923076923,0.8965491643474358,0.017582943122309003,10,0.9159104658197216,0.9122160834868017,0.9129640900791235,0.9100784550392275,0.908429351121892,0.9119196891093534,0.002556463335640275,0.7069874151831382,0.7164263223273912,0.7520229036749576,0.7757802707474777,0.8152092308487074,0.7532852285563345,0.03960875897759638,10,0.799001989343179,0.7937414548177698,0.7933087643984861,0.7844881239789695,0.7816289041983137,0.7904338473473436,0.006410883288924337,0.9327035449941566,0.9308531359563694,0.9428645630437604,0.9463056745877159,0.9531878976756265,0.9411829632515257,0.008388018428130627,9,0.9579624778300274,0.9578953577297947,0.9588919895211285,0.9545840994516491,0.9549705485135948,0.956860894609239,0.0017416171009816224,-267.0,-310.0,-241.0,-291.0,-212.0,-264.2,34.89068643635433,5,-877.0,-791.0,-854.0,-950.0,-925.0,-879.4,55.730063699945646
35,1.3966493606567383,0.24773124540239422,0.017132902145385744,0.0030133015950799215,1000,3,1,poly,"{'C': 1000, 'degree': 3, 'gamma': 1, 'kernel': 'poly'}",0.9323943661971831,0.9492957746478873,0.9464788732394366,0.9464788732394366,0.9380281690140845,0.9425352112676055,0.00632392797764609,1,1.0,0.9992947813822285,0.9992947813822285,0.9992947813822285,1.0,0.999576868829337,0.0003454851541302079,0.9803921568627451,0.9852941176470589,0.9803921568627451,0.9950980392156863,0.9901960784313726,0.9862745098039216,0.00571661950475032,14,1.0,1.0,1.0,1.0,1.0,1.0,0.0,0.9090909090909091,0.9305555555555556,0.9302325581395349,0.918552036199095,0.9099099099099099,0.9196681937790008,0.009364713599268144,1,1.0,0.9987730061349693,0.9987730061349693,0.9987730061349693,1.0,0.9992638036809816,0.0006011017773701016,0.9433962264150944,0.9571428571428572,0.9546539379474941,0.9552941176470588,0.9483568075117371,0.9517687893328481,0.00512589615262507,1,1.0,0.9993861264579497,0.9993861264579497,0.9993861264579497,1.0,0.99963167587477,0.00030073538892365527,0.8635577589086456,0.8973908072550657,0.8912982178797605,0.8933177194758096,0.8761123919715368,0.8843353790981636,0.012640686571092314,1,1.0,0.9985586654987743,0.9985586654987743,0.9985586654987743,1.0,0.9991351992992646,0.0007061068153343935,0.9660758343072329,0.9702311388131413,0.9750032463316453,0.977989871445267,0.9503311258278145,0.9679262433450202,0.009692113278157076,2,1.0,0.9999959321151375,0.9999979660575687,1.0,1.0,0.9999987796345412,1.627153945005233e-06,-204.0,-153.0,-154.0,-181.0,-202.0,-178.8,22.175662335091594,1,0.0,-10.0,-10.0,-10.0,0.0,-6.0,4.898979485566356
36,0.08791575431823731,0.008515557940590912,0.03137717247009277,0.002286796464548893,10000,1,0.001,poly,"{'C': 10000, 'degree': 1, 'gamma': 0.001, 'kernel': 'poly'}",0.7971830985915493,0.7661971830985915,0.7887323943661971,0.8112676056338028,0.8056338028169014,0.7938028169014084,0.015774647887323967,24,0.7912552891396333,0.7891396332863188,0.7891396332863188,0.7877291960507757,0.7905500705218618,0.7895627644569816,0.0012295906751877762,0.8088235294117647,0.7941176470588235,0.7892156862745098,0.8235294117647058,0.8137254901960784,0.8058823529411765,0.012631469339926598,33,0.8058968058968059,0.7936117936117936,0.7960687960687961,0.7960687960687961,0.7899262899262899,0.7963144963144964,0.005292545264997071,0.8333333333333334,0.7980295566502463,0.8341968911917098,0.8442211055276382,0.8426395939086294,0.8304840961223114,0.016802747906762568,29,0.8261964735516373,0.8314028314028314,0.8297055057618438,0.8275862068965517,0.8361508452535761,0.830208372573288,0.0034630528461943077,0.8208955223880597,0.796068796068796,0.8110831234256927,0.8337468982630273,0.827930174563591,0.8179449029418333,0.01329483306142986,25,0.8159203980099502,0.8120678818353236,0.812539184952978,0.8115216030056356,0.8123815540113708,0.8128861243630517,0.0015564841231023134,0.5875969867660265,0.5221539320323051,0.5730141009086659,0.6158369999085841,0.6052721892564851,0.5807748417744134,0.03278004510902094,24,0.5752014028720176,0.5730063775809208,0.572479558672378,0.5693549087561526,0.5769765875974492,0.5734037670957837,0.0025846421110836534,0.8639787040644072,0.8518374237112064,0.8659589663680042,0.8783274899363719,0.8859239059862357,0.869205298013245,0.01185095143239767,24,0.8691117366614055,0.8739423499357274,0.8693212327318287,0.8639475568283514,0.8634044941991961,0.8679454740713017,0.003894078605646514,-369.0,-452.0,-363.0,-346.0,-348.0,-375.6,39.184690888151714,32,-1538.0,-1478.0,-1496.0,-1516.0,-1431.0,-1491.8,36.4
37,0.17371516227722167,0.003712901071805521,0.03346529006958008,0.004420925365446442,10000,1,0.01,poly,"{'C': 10000, 'degree': 1, 'gamma': 0.01, 'kernel': 'poly'}",0.7915492957746478,0.7859154929577464,0.7915492957746478,0.8169014084507042,0.819718309859155,0.8011267605633803,0.014207910099063125,17,0.7968970380818053,0.7968970380818053,0.7940761636107193,0.7947813822284908,0.7947813822284908,0.7954866008462623,0.001180056454914068,0.7941176470588235,0.8137254901960784,0.7794117647058824,0.8284313725490197,0.8235294117647058,0.807843137254902,0.0184459683551243,30,0.8206388206388207,0.812039312039312,0.800982800982801,0.8144963144963145,0.7936117936117936,0.8083538083538084,0.009735436243812777,0.8350515463917526,0.8137254901960784,0.8457446808510638,0.8492462311557789,0.8571428571428571,0.8401821611475061,0.015013612788520462,20,0.8246913580246914,0.8304020100502513,0.8337595907928389,0.825653798256538,0.8400520156046815,0.8309117545458001,0.005625901175541673,0.8140703517587939,0.8137254901960784,0.8112244897959183,0.8387096774193549,0.84,0.823546001834029,0.012951611212413033,17,0.8226600985221676,0.8211180124223603,0.8170426065162908,0.8200371057513914,0.8161718256475047,0.8194059297719429,0.002448017592757303,0.5781756603497874,0.5620698610570056,0.5817948406712149,0.6273168431645989,0.6344026497722557,0.5967519710029725,0.028717342626340875,17,0.5850494259116119,0.5864717434761182,0.5823871522646943,0.5814153547139305,0.5855643752158488,0.5841776103164407,0.0019381445932235644,0.8682963251525777,0.8594663030775224,0.8715751201142709,0.8842682768471628,0.8914751330995975,0.8750162316582264,0.011448095455598611,20,0.8723965536879444,0.8793872138242999,0.875589843305075,0.8669618595115285,0.8665713425647201,0.8721813625787135,0.0049457835996887,-362.0,-418.0,-335.0,-335.0,-316.0,-353.2,35.56065241246285,20,-1566.0,-1503.0,-1462.0,-1551.0,-1398.0,-1496.0,61.211110102660285
38,0.9394324779510498,0.12871693042345725,0.02500462532043457,0.007648705577787867,10000,1,0.1,poly,"{'C': 10000, 'degree': 1, 'gamma': 0.1, 'kernel': 'poly'}",0.7887323943661971,0.780281690140845,0.7887323943661971,0.8140845070422535,0.8169014084507042,0.7977464788732395,0.014841622391345939,22,0.7947813822284908,0.7997179125528914,0.7983074753173484,0.7968970380818053,0.7919605077574048,0.7963328631875882,0.002727655797717022,0.7941176470588235,0.8186274509803921,0.7745098039215687,0.8186274509803921,0.8088235294117647,0.8029411764705883,0.016810223724982584,37,0.8181818181818182,0.8181818181818182,0.800982800982801,0.816953316953317,0.7948402948402948,0.80982800982801,0.009931883504377294,0.8307692307692308,0.8028846153846154,0.8449197860962567,0.8520408163265306,0.8638743455497382,0.8388977588252743,0.020956402965078762,25,0.823238566131026,0.830423940149626,0.8402061855670103,0.8271144278606966,0.8348387096774194,0.8311643658771557,0.005916482662482461,0.8120300751879699,0.8106796116504855,0.8081841432225064,0.8349999999999999,0.8354430379746836,0.820267373607129,0.012273009333818561,22,0.8207024029574862,0.8242574257425742,0.820125786163522,0.8220024721878862,0.814348646947766,0.820287346799847,0.0032914954441558564,0.5719102513426232,0.5491403150861099,0.5767556409822974,0.6229449299579928,0.6313316684590711,0.5904165611656189,0.03151181846565937,23,0.5808217205774262,0.5915885088571978,0.5917643614512151,0.5856309359096837,0.5790060680616156,0.5857623189714276,0.005292309568993172,0.8695948578106738,0.8600506427736657,0.8762498376834177,0.8851447863913777,0.8947863913777432,0.8771653032073756,0.01204355614079857,18,0.8756000130172316,0.8800970597328212,0.8777376865125209,0.8673523764583368,0.8705761752119368,0.8742726621865694,0.004674317727709291,-372.0,-447.0,-336.0,-327.0,-299.0,-356.2,51.04272719986658,25,-1578.0,-1508.0,-1402.0,-1539.0,-1447.0,-1494.8,63.161380605556744
39,7.372391223907471,1.5395790454187255,0.030222177505493164,0.00795103211913882,10000,1,1,poly,"{'C': 10000, 'degree': 1, 'gamma': 1, 'kernel': 'poly'}",0.7859154929577464,0.780281690140845,0.7915492957746478,0.8169014084507042,0.8225352112676056,0.7994366197183098,0.017032356572203942,20,0.7976022566995769,0.7990126939351199,0.8018335684062059,0.7976022566995769,0.7947813822284908,0.7981664315937941,0.002291689253776008,0.7892156862745098,0.8137254901960784,0.7843137254901961,0.8235294117647058,0.8186274509803921,0.8058823529411765,0.01598971218656871,33,0.8194103194103194,0.816953316953317,0.8071253071253072,0.8157248157248157,0.7985257985257985,0.8115479115479115,0.007715144210372266,0.8298969072164949,0.8058252427184466,0.8421052631578947,0.8527918781725888,0.8652849740932642,0.8391808530717377,0.020366765603002265,24,0.8265179677819083,0.8302122347066168,0.8412291933418694,0.8289637952559301,0.8365508365508365,0.8326948055274321,0.005402622894143499,0.8090452261306532,0.8097560975609757,0.8121827411167514,0.8379052369077307,0.8413098236775818,0.8220398250787386,0.01442189867034735,20,0.8229487970388648,0.823529411764706,0.8238244514106583,0.8222910216718265,0.8170961659333752,0.8219379695638862,0.002477134732236944,0.5667307869571157,0.5498073772894115,0.5805160122107896,0.6282016127103376,0.641648191609642,0.5933807961554592,0.0355432109336504,20,0.5867748939103019,0.590252459891576,0.5982839034178197,0.5873758119168779,0.5844685259626488,0.5894311190198448,0.004794862696595309,0.8700168809245552,0.8603428126217374,0.8760875211011557,0.8861511492014026,0.8944942215296714,0.8774185170757045,0.011966402943570773,16,0.8757789999511854,0.8802435035878745,0.8777417543973834,0.8677652667718894,0.8708182143612608,0.8744695478139187,0.004561582759904115,-373.0,-438.0,-344.0,-326.0,-297.0,-355.6,48.0358199680197,24,-1547.0,-1509.0,-1397.0,-1520.0,-1434.0,-1481.4,56.43615862193315
40,0.07711520195007324,0.004569315436552522,0.035210466384887694,0.006052472099796948,10000,2,0.001,poly,"{'C': 10000, 'degree': 2, 'gamma': 0.001, 'kernel': 'poly'}",0.7690140845070422,0.7633802816901408,0.7690140845070422,0.7915492957746478,0.8056338028169014,0.7797183098591549,0.016172056444402633,32,0.7771509167842031,0.7764456981664316,0.7743300423131171,0.7764456981664316,0.768688293370945,0.7746121297602256,0.0031093663871718715,0.7745098039215687,0.7598039215686274,0.7647058823529411,0.7745098039215687,0.7990196078431373,0.7745098039215685,0.013513773286362994,44,0.7813267813267813,0.7727272727272727,0.7592137592137592,0.773955773955774,0.7641277641277642,0.7702702702702704,0.007769723980757686,0.8144329896907216,0.8157894736842105,0.8210526315789474,0.8494623655913979,0.8534031413612565,0.8308281203813067,0.01701404157136968,26,0.8217054263565892,0.8265440210249672,0.8328840970350404,0.8256880733944955,0.820580474934037,0.8254804185490258,0.00434163193670257,0.793969849246231,0.7868020304568527,0.7918781725888325,0.8102564102564103,0.8253164556962026,0.8016445836489059,0.014206384495332793,32,0.8010075566750631,0.7987301587301587,0.7943444730077119,0.798985415345593,0.7913486005089059,0.7968832408534865,0.003519028563485661,0.5323961667791005,0.5233976130049054,0.5348212928460823,0.5831463004655328,0.6084748286953701,0.5564472403581983,0.033341035896002916,32,0.5490659858002178,0.5495532985862815,0.5484020656993971,0.5492461977800683,0.5342965983927607,0.5461128292517451,0.005920133045836617,0.8540124659135176,0.8388845604466953,0.8525191533567069,0.8719646799116998,0.8824503311258279,0.8599662381508895,0.01539376920837125,30,0.8571399515108125,0.8589969409505833,0.8561372178921848,0.8517154270465529,0.8506516751549864,0.8549282425110241,0.0032099469379895233,-406.0,-399.0,-388.0,-326.0,-321.0,-368.0,36.81847362398393,26,-1558.0,-1505.0,-1436.0,-1514.0,-1552.0,-1513.0,43.68065933568311
41,0.08097481727600098,0.01154371709829336,0.027889442443847657,0.006142658587145501,10000,2,0.01,poly,"{'C': 10000, 'degree': 2, 'gamma': 0.01, 'kernel': 'poly'}",0.8422535211267606,0.8112676056338028,0.828169014084507,0.8535211267605634,0.856338028169014,0.8383098591549295,0.01676943782099966,12,0.8624823695345557,0.8547249647390691,0.8561354019746121,0.8540197461212976,0.8554301833568406,0.856558533145275,0.003044715535250052,0.8627450980392157,0.8382352941176471,0.8235294117647058,0.8823529411764706,0.8823529411764706,0.8578431372549019,0.023610969762337834,24,0.8857493857493858,0.8624078624078624,0.8525798525798526,0.8673218673218673,0.8587223587223587,0.8653562653562652,0.011275473125880864,0.8627450980392157,0.8341463414634146,0.8704663212435233,0.8653846153846154,0.8695652173913043,0.8604615187044147,0.01345298162010499,13,0.8760631834750912,0.8819095477386935,0.8920308483290489,0.8770186335403727,0.8859315589353612,0.8825907544037135,0.0059058971190188115,0.8627450980392157,0.8361858190709046,0.8463476070528967,0.8737864077669903,0.8759124087591241,0.8589954681378262,0.015487175210962675,12,0.8808796579108125,0.8720496894409937,0.8718592964824122,0.872143298332304,0.8721147847785402,0.8738093453890127,0.0035365420231402195,0.6773146344630567,0.6136078002117767,0.6530872067264714,0.6995160674223349,0.7054713873415066,0.6697994192330292,0.03361203071338225,12,0.7183164891750298,0.7043076614942363,0.7090047217397913,0.7021240702377152,0.706400962279873,0.7080307809853291,0.005624082381517281,0.9055966757563952,0.8995584988962473,0.9137125048694974,0.9226399168939099,0.9259836384885081,0.9134982469809116,0.009962453922794413,12,0.9239630961485267,0.9264689132238801,0.9234281692890964,0.9216932163952032,0.9220369526660919,0.9235180695445597,0.0016992589783993977,-308.0,-373.0,-286.0,-304.0,-294.0,-313.0,30.97095413447897,15,-1113.0,-1052.0,-960.0,-1098.0,-1015.0,-1047.6,55.80895985413095
42,0.46492624282836914,0.03614914257452857,0.021855640411376952,0.007249773558942122,10000,2,0.1,poly,"{'C': 10000, 'degree': 2, 'gamma': 0.1, 'kernel': 'poly'}",0.8704225352112676,0.8929577464788733,0.9070422535211268,0.9211267605633803,0.9154929577464789,0.9014084507042254,0.018168468165179846,7,0.9351198871650211,0.9379407616361072,0.9358251057827927,0.922425952045134,0.9330042313117066,0.9328631875881523,0.005451663777175645,0.9215686274509803,0.9509803921568627,0.9509803921568627,0.9803921568627451,0.9754901960784313,0.9558823529411764,0.021027069205418848,19,0.9766584766584766,0.9717444717444718,0.9791154791154791,0.9742014742014742,0.9778869778869779,0.9759213759213757,0.0026462726324985248,0.8623853211009175,0.8738738738738738,0.8940092165898618,0.8928571428571429,0.8883928571428571,0.8823036823129305,0.012274167148670318,7,0.9158986175115207,0.9240654205607477,0.9150401836969001,0.8990929705215419,0.9117983963344788,0.9131791177250378,0.008120305039442692,0.8909952606635071,0.9107981220657277,0.9216152019002375,0.9345794392523364,0.9299065420560747,0.9175789131875767,0.01555602556136092,7,0.9453032104637336,0.9473053892215569,0.9459940652818991,0.9351415094339621,0.943687018375815,0.9434862385553935,0.00433246604748572,0.7341573057380303,0.7819424126664439,0.8100231793450934,0.8416392187386436,0.8298315234077781,0.7995187279791979,0.03843016311277253,7,0.868481362561029,0.8735826491485632,0.8701727020137281,0.843220133539066,0.8644708534538718,0.8639855401432517,0.010789212510003886,0.9276717309440332,0.9231593299571484,0.9486105700558369,0.9513050253213868,0.9556226464095572,0.9412738605375927,0.013217362649969559,8,0.9717993881901167,0.9705485135948712,0.9676521795727094,0.9645748246741623,0.9685532160697724,0.9686256244203264,0.002495279369854994,-316.0,-290.0,-240.0,-244.0,-255.0,-269.0,29.366647748764244,7,-749.0,-673.0,-757.0,-911.0,-788.0,-775.6,77.54637322273686
43,33.32885003089905,6.152018715560931,0.009684467315673828,0.007927503973413148,10000,2,1,poly,"{'C': 10000, 'degree': 2, 'gamma': 1, 'kernel': 'poly'}",0.9014084507042254,0.9154929577464789,0.9267605633802817,0.9352112676056338,0.9154929577464789,0.9188732394366197,0.01146309292922579,4,0.9746121297602257,0.9724964739069112,0.9746121297602257,0.9710860366713682,0.9682651622002821,0.9722143864598026,0.0023852658004637145,0.9558823529411765,0.9803921568627451,0.9705882352941176,0.9803921568627451,0.9754901960784313,0.972549019607843,0.009091782838721245,18,0.9864864864864865,0.9889434889434889,0.9938574938574939,0.9914004914004914,0.9914004914004914,0.9904176904176903,0.0025056606946401837,0.8823529411764706,0.8849557522123894,0.908256880733945,0.91324200913242,0.8883928571428571,0.8954400880796165,0.01274391418388921,4,0.9698067632850241,0.9640718562874252,0.9630952380952381,0.9595719381688466,0.9550295857988166,0.96231507632707,0.004907616139878272,0.9176470588235294,0.9302325581395348,0.9383886255924171,0.945626477541371,0.9299065420560747,0.9323602524305853,0.009374005071314986,4,0.9780755176613886,0.976349302607641,0.9782345828295043,0.975226586102719,0.9728752260397829,0.976152243048207,0.001983413115146564,0.7992877604931441,0.8307626121924924,0.8511978318458985,0.8690741116425055,0.8298315234077781,0.8360307679163637,0.023401431941475315,4,0.9481243740581397,0.9439429380289892,0.9484701552344935,0.9412544684126223,0.935622461147924,0.9434828793764337,0.0047619331679309455,0.9262108817036748,0.9348136605635632,0.9653616413452798,0.9634138423581353,0.9508830022075057,0.9481366056356318,0.015465294995814385,5,0.9879448232097239,0.9854756170981336,0.981478920220642,0.9814362074295848,0.9842979644304147,0.9841267064776998,0.002476952228793331,-269.0,-264.0,-206.0,-194.0,-255.0,-237.6,31.257639066314653,4,-261.0,-309.0,-315.0,-347.0,-387.0,-323.8,41.88746829303485
44,0.07383913993835449,0.008254777619623422,0.03593668937683105,0.009477502961738861,10000,3,0.001,poly,"{'C': 10000, 'degree': 3, 'gamma': 0.001, 'kernel': 'poly'}",0.5746478873239437,0.5746478873239437,0.5746478873239437,0.5746478873239437,0.5746478873239437,0.5746478873239437,0.0,37,0.5740479548660085,0.5740479548660085,0.5740479548660085,0.5740479548660085,0.5740479548660085,0.5740479548660085,0.0,1.0,1.0,1.0,1.0,1.0,1.0,0.0,1,1.0,1.0,1.0,1.0,1.0,1.0,0.0,0.5746478873239437,0.5746478873239437,0.5746478873239437,0.5746478873239437,0.5746478873239437,0.5746478873239437,0.0,37,0.5740479548660085,0.5740479548660085,0.5740479548660085,0.5740479548660085,0.5740479548660085,0.5740479548660085,0.0,0.7298747763864043,0.7298747763864043,0.7298747763864043,0.7298747763864043,0.7298747763864043,0.7298747763864043,0.0,37,0.7293906810035842,0.7293906810035842,0.7293906810035842,0.7293906810035842,0.7293906810035842,0.7293906810035842,0.0,0.0,0.0,0.0,0.0,0.0,0.0,0.0,37,0.0,0.0,0.0,0.0,0.0,0.0,0.0,0.8524866900402543,0.8298272951564732,0.8363524217634074,0.8605700558369044,0.8653746266718607,0.8489222178937801,0.013723521371253015,47,0.8366540833428251,0.8372317229933124,0.8343638641651887,0.8309122638592837,0.8300071594773581,0.8338338187675938,0.0029311908136724833,-1510.0,-1510.0,-1510.0,-1510.0,-1510.0,-1510.0,0.0,37,-6040.0,-6040.0,-6040.0,-6040.0,-6040.0,-6040.0,0.0
45,0.07783851623535157,0.005768530499563814,0.045205879211425784,0.012266273154334746,10000,3,0.01,poly,"{'C': 10000, 'degree': 3, 'gamma': 0.01, 'kernel': 'poly'}",0.7887323943661971,0.7746478873239436,0.7830985915492957,0.8140845070422535,0.819718309859155,0.7960563380281691,0.01769049968237477,23,0.7926657263751763,0.7905500705218618,0.7912552891396333,0.7954866008462623,0.7849083215796897,0.7909732016925247,0.00347208282795237,0.7794117647058824,0.7696078431372549,0.7598039215686274,0.7892156862745098,0.7892156862745098,0.7774509803921568,0.011433239009500582,43,0.7764127764127764,0.7604422604422605,0.7628992628992629,0.7641277641277642,0.742014742014742,0.7611793611793611,0.011059240722286864,0.8412698412698413,0.8263157894736842,0.8469945355191257,0.875,0.8846153846153846,0.8548391101756071,0.021690229284482405,16,0.8494623655913979,0.8585298196948682,0.8577348066298343,0.8638888888888889,0.8640915593705293,0.8587414880351038,0.005334403867480413,0.8091603053435115,0.7969543147208121,0.8010335917312662,0.8298969072164949,0.8341968911917099,0.814248402040759,0.015115709241626772,31,0.8112965340179717,0.806514657980456,0.8075422626788038,0.8109517601043025,0.7984137475214805,0.8069437924606028,0.004654334611214799,0.575436705141609,0.546244972687259,0.5682090569063343,0.6301825063284172,0.6430631075880346,0.5926272697303309,0.037409227855532086,21,0.5851790088954281,0.5851286841276906,0.5859685599884413,0.5953108754660072,0.5783396867675525,0.5859853630490239,0.005418596419341218,0.8633619010518114,0.8529087131541359,0.8629723412543826,0.8861511492014024,0.8927736657576937,0.8716335540838852,0.015177097278350848,23,0.8737694648290675,0.8745749060318597,0.8728033421742032,0.8693334363864165,0.8679401858209805,0.8716842670485054,0.00258846370240055,-345.0,-377.0,-329.0,-273.0,-253.0,-315.4,45.92864030210344,18,-1302.0,-1215.0,-1223.0,-1172.0,-1160.0,-1214.4,50.010398918624915
46,0.24269118309020996,0.029501097086763947,0.034963035583496095,0.007207297872158744,10000,3,0.1,poly,"{'C': 10000, 'degree': 3, 'gamma': 0.1, 'kernel': 'poly'}",0.8873239436619719,0.9098591549295775,0.9211267605633803,0.9014084507042254,0.9183098591549296,0.9076056338028169,0.012265656933564626,6,0.9471086036671368,0.9520451339915373,0.9506346967559943,0.9485190409026798,0.9513399153737658,0.9499294781382229,0.0018389851636678811,0.9362745098039216,0.9901960784313726,0.9803921568627451,0.9852941176470589,0.9803921568627451,0.9745098039215685,0.019460228667920798,16,0.9864864864864865,0.9901719901719902,0.9901719901719902,0.9914004914004914,0.9938574938574939,0.9904176904176906,0.002382152264086644,0.8761467889908257,0.8706896551724138,0.8928571428571429,0.8626609442060086,0.8888888888888888,0.8782486840230559,0.011235261826850548,10,0.9261822376009228,0.930715935334873,0.9285714285714286,0.9243986254295533,0.9266895761741123,0.9273115606221781,0.0021598361516740037,0.9052132701421801,0.9266055045871561,0.9345794392523364,0.9199084668192221,0.9324009324009324,0.9237415226403656,0.010570115080220203,6,0.9553837001784653,0.9595238095238096,0.9583828775267539,0.9567279193835211,0.959098992294013,0.9578234597813126,0.0015481444593162862,0.7692694635703907,0.8223737161520246,0.8416392187386436,0.8050725471703204,0.8361943502504902,0.8149098591763739,0.026088372131742116,6,0.8932800136392313,0.9034395294788786,0.9006770006551994,0.8967210875384662,0.9025847664629381,0.8993404795549427,0.003813249483661441,0.9458511881573822,0.942897026360213,0.9604272172445137,0.9656862745098039,0.96886767952214,0.9567458771588105,0.010496723098524934,4,0.9843427111639032,0.9808524659518036,0.9793066697040207,0.9792171762370437,0.9831121759929706,0.9813662398099485,0.002050948157074147,-283.0,-302.0,-244.0,-323.0,-254.0,-281.2,29.348935244740993,11,-651.0,-608.0,-628.0,-667.0,-645.0,-639.8,20.21286718899622
47,2.3025763988494874,0.5196190921806894,0.026372814178466798,0.00913937307321669,10000,3,1,poly,"{'C': 10000, 'degree': 3, 'gamma': 1, 'kernel': 'poly'}",0.923943661971831,0.9549295774647887,0.9436619718309859,0.9408450704225352,0.9436619718309859,0.9414084507042253,0.009983124026292579,2,1.0,1.0,1.0,1.0,1.0,1.0,0.0,0.9803921568627451,0.9852941176470589,0.9803921568627451,0.9852941176470589,0.9901960784313726,0.9843137254901961,0.003668291555660761,15,1.0,1.0,1.0,1.0,1.0,1.0,0.0,0.8968609865470852,0.9392523364485982,0.9259259259259259,0.9178082191780822,0.9181818181818182,0.919605857256302,0.013773278085967754,2,1.0,1.0,1.0,1.0,1.0,1.0,0.0,0.936768149882904,0.9617224880382776,0.9523809523809523,0.9503546099290779,0.9528301886792454,0.9508112777820914,0.008037566491576553,2,1.0,1.0,1.0,1.0,1.0,1.0,0.0,0.8470976049356997,0.9085400780505829,0.8857175913019841,0.8807942647208025,0.8870311895681073,0.8818361457154353,0.019814165812090067,2,1.0,1.0,1.0,1.0,1.0,1.0,0.0,0.9696143358005453,0.9712375016231658,0.9747435398000259,0.9765939488378133,0.9516945851188158,0.9687767822360731,0.008891213457504646,1,1.0,1.0,1.0,1.0,1.0,1.0,0.0,-234.0,-133.0,-164.0,-183.0,-182.0,-179.2,32.83534680797509,2,0.0,0.0,0.0,0.0,0.0,0.0,0.0
